item-id,rating
0005019281,4.494623655913978
0005119367,4.764285714285714
0307142493,4.766666666666667
0375810331,4.511111111111111
0510539610,4.333333333333333
0738920762,4.538461538461538
0764005529,4.365853658536586
0767001311,4.408045977011494
076700941X,4.631578947368421
0767015525,3.1444444444444444
0767020294,3.85
0767023765,4.5
0767087372,4.555555555555555
0767088247,4.708860759493671
076780192X,4.578378378378378
0767802799,4.298136645962733
0767803434,4.429919137466308
0767804325,4.549180327868853
0767805534,4.190697674418605
0767805712,4.135714285714286
0767808673,4.021052631578947
0767809254,4.699438202247191
0767811089,4.610778443113772
0767815335,4.197604790419161
0767815963,4.5
0767817486,4.3119266055045875
0767817648,4.264705882352941
0767817664,4.565853658536585
0767817737,4.428571428571429
0767818105,4.603448275862069
0767819454,4.010752688172043
0767819462,4.476923076923077
0767821408,3.456
0767821807,4.055555555555555
0767824555,4.659574468085107
0767824571,4.634743875278397
0767826728,3.152941176470588
0767827686,4.365079365079365
0767827759,3.388646288209607
0767830555,4.459154929577465
0767834739,3.8128598848368522
0767835069,4.306930693069307
0767836359,4.536842105263158
0767837398,4.211538461538462
0767839129,3.418831168831169
0767839277,4.578313253012048
076785344X,3.4166666666666665
0767853636,4.4393939393939394
0780020715,4.752380952380952
0780020855,4.253521126760563
0780021932,4.708860759493671
0780022319,4.313725490196078
0780022386,3.9746835443037973
078060718X,3.3972602739726026
0780615573,4.803571428571429
0780621832,4.7342342342342345
0780621956,4.336134453781512
0780622383,4.729357798165138
0780622537,4.372972972972973
0780623614,4.348623853211009
078062582X,3.949275362318841
0780626699,4.283018867924528
0780626702,4.220588235294118
0780630866,4.338461538461538
0780630874,3.7777777777777777
0780635299,4.344
0780662504,4.698630136986301
0782006752,3.96875
0782008372,4.112094395280236
0782010040,4.57258064516129
078201061X,4.464285714285714
0782010792,4.876649746192894
0783110901,4.796296296296297
0783112750,3.917864476386037
0783114222,4.75
0783114729,4.487179487179487
0783114907,4.639344262295082
0783116640,5.0
0783116926,4.63
0783211201,4.563380281690141
0783211694,4.555555555555555
0783217048,4.7368421052631575
0783218923,4.483333333333333
0783222726,4.7105263157894735
078322561X,4.083333333333333
0783225857,4.85034965034965
0783225911,4.708520179372197
0783226535,4.299065420560748
0783226608,4.402777777777778
0783226799,4.378640776699029
0783226853,4.751219512195122
078322687X,4.614224137931035
0783226896,4.746153846153846
0783226985,4.63013698630137
0783227272,4.338983050847458
0783227361,4.111627906976744
078322740X,4.557522123893805
0783227892,4.283185840707965
0783227922,3.8846153846153846
0783227930,4.447058823529412
0783228686,4.574074074074074
078322947X,4.438311688311688
0783229569,3.804979253112033
0783229747,4.487179487179487
078322995X,4.716577540106952
0783230346,4.104347826086957
0783230427,3.658536585365854
0783230486,4.326923076923077
0783231032,4.097087378640777
0783234287,4.226130653266332
0783235380,3.5443037974683542
0783235410,3.7761194029850746
0783239408,4.185497470489039
0783239955,4.590909090909091
0783240066,4.077669902912621
0783240473,4.3121693121693125
0783241313,4.0
0783241569,4.417613636363637
0783243499,3.755787037037037
0783245130,4.666666666666667
078400949X,3.935483870967742
0784010331,4.230769230769231
0784011370,4.523809523809524
0784011532,4.229357798165138
0784011648,4.630331753554502
0784011680,4.544303797468355
0784013470,4.2784313725490195
0788802194,4.7469458987783595
0788812467,4.626315789473685
0788814664,4.603125
0788815474,3.9855072463768115
0788821075,4.634191176470588
0788832182,4.59765625
0788832492,4.668674698795181
078885383X,4.358208955223881
0788857746,3.9331103678929766
078885996X,4.585635359116022
0788860119,4.660869565217391
0788861956,4.722222222222222
078887148X,4.564220183486238
0790724960,4.833333333333333
0790725657,4.565217391304348
0790729342,4.6020408163265305
0790729377,4.61437908496732
079072961X,4.702349869451697
0790729628,4.3586487907465825
0790729644,4.522462562396007
0790729687,4.386363636363637
0790729709,4.568452380952381
0790729733,4.438618925831202
0790729989,4.522682445759369
079073124X,4.388888888888889
0790731266,4.327102803738318
0790731517,4.542857142857143
0790731797,4.309523809523809
0790732149,4.314285714285714
0790732181,4.6643990929705215
0790732300,4.638888888888889
0790732521,4.344827586206897
0790732548,3.9558823529411766
0790733226,4.507128309572302
0790733919,4.717314487632509
0790733927,4.648044692737431
0790734419,4.531914893617022
079073463X,4.447916666666667
0790734966,4.054644808743169
0790736527,4.205882352941177
0790737647,4.5
0790737744,4.56043956043956
0790737868,4.236559139784946
0790740281,4.335329341317365
0790740443,4.419087136929461
0790741067,4.21978021978022
0790741296,4.079365079365079
0790741644,4.342342342342342
0790743213,4.752808988764045
0790743442,4.85929648241206
0790744236,4.654411764705882
0790744546,4.102941176470588
0790744813,4.5353535353535355
079074676X,4.794871794871795
0790747693,4.449438202247191
0790748193,4.3532934131736525
0790748266,4.0
0790750414,4.0
0790751445,4.0476190476190474
0790751569,4.35064935064935
079075181X,4.541666666666667
0790785366,4.62015503875969
079079568X,4.618518518518519
0792102320,4.606227106227106
0792110188,4.6710875331564985
0792143817,4.4575
0792145496,4.429657794676806
0792146433,4.652767318151934
0792151712,4.327348066298343
0792153189,4.163239074550129
0792153456,4.5588235294117645
0792153685,4.7073170731707314
0792157850,4.165165165165165
0792158202,4.704113924050633
0792160347,3.909090909090909
0792165039,4.060109289617486
0792166523,4.0
0792171306,4.236363636363636
0792199405,4.754098360655738
0792833201,4.590692124105012
0792834917,4.4921875
0792834976,4.6
0792836030,4.51937984496124
0792836529,4.15
0792836685,4.352941176470588
0792838653,4.310077519379845
0792838661,4.178947368421053
0792838947,4.32
0792838955,4.805251641137856
0792839072,4.507886435331231
0792839129,4.673210161662817
079283948X,3.797872340425532
0792839684,3.6621621621621623
0792840984,4.607843137254902
0792841409,4.697530864197531
0792841840,4.207207207207207
0792841905,3.761904761904762
079284209X,4.224938875305623
0792842111,4.687393526405452
0792842162,4.298507462686567
0792843800,4.688888888888889
0792843991,4.716049382716049
0792844041,4.3090909090909095
0792844645,4.638766519823789
0792844718,4.514084507042254
079284565X,4.358974358974359
0792845765,4.408
0792846133,4.715210355987055
0792899229,4.743589743589744
0793906091,4.297881010594947
079396041X,4.434782608695652
0793961009,3.456140350877193
0800112652,4.7555555555555555
0800114051,4.514814814814815
0800129784,4.565217391304348
0800141660,4.739057239057239
0800141709,4.648484848484848
0800141741,4.469026548672566
0800177029,4.386503067484663
0849922372,4.75
0874934648,4.083333333333333
093085280X,3.59375
0967418518,4.866666666666666
0967501032,3.923076923076923
1401926339,4.296296296296297
140498822X,4.907407407407407
1415723427,4.859550561797753
1421367912,4.390476190476191
1424819210,4.819923371647509
1558804641,4.225806451612903
1558908382,4.456989247311828
1559408677,4.420731707317073
1559408758,4.3826086956521735
1559409002,4.1976744186046515
1560689994,4.006329113924051
1562550888,4.668231611893583
1563311976,3.6630434782608696
1563452685,3.407874617737003
156371616X,4.681818181818182
1566053986,4.097402597402597
1568392273,4.372093023255814
1569388431,3.1604938271604937
1569388997,4.72093023255814
1571323368,4.838709677419355
1572521783,4.658823529411765
1572522232,3.925925925925926
1572522550,3.625
1572524421,3.831858407079646
1572525959,3.746268656716418
1572528338,3.5522388059701493
1573305588,4.478260869565218
1573306983,4.76595744680851
1573471917,2.8411214953271027
1573623008,4.285714285714286
157362389X,3.8260869565217392
1573623903,4.4393939393939394
1573624071,3.6202531645569622
157362408X,4.275
1573624101,4.4148148148148145
1573624160,3.0588235294117645
1573628042,3.217391304347826
1574928228,4.590909090909091
1582704708,3.608040201005025
1586171941,4.829268292682927
1586174576,4.666666666666667
1586683950,4.539568345323741
1592180418,4.475409836065574
1896306993,2.732142857142857
1897020600,4.714285714285714
1921643870,4.615384615384615
1936488191,4.6375
1936488264,4.466666666666667
3918810143,3.3529411764705883
5554452574,4.652046783625731
5554454828,4.504504504504505
5558279494,4.4375
5559203726,4.8076923076923075
6300145786,4.466666666666667
6300147355,3.6615384615384614
6300147444,3.950570342205323
6300147630,4.06140350877193
6300147789,3.28125
6300147967,4.741935483870968
630015002X,4.017857142857143
6300157601,4.384615384615385
630015761X,4.823529411764706
6300157717,4.833333333333333
6300158411,4.285714285714286
6300159140,3.6496062992125986
6300160270,4.666666666666667
6300164063,4.107142857142857
6300165086,4.611111111111111
6300180204,4.040816326530612
6300181065,4.297872340425532
6300181316,4.589041095890411
6300181375,3.6526315789473682
6300181510,3.955056179775281
6300181545,4.716535433070866
6300181847,4.366666666666666
6300181987,4.6606498194945845
6300182304,4.856060606060606
6300182738,4.618181818181818
630018286X,4.245562130177515
6300183416,4.24793388429752
6300183432,4.333333333333333
6300183459,4.390476190476191
6300183505,4.522388059701493
6300183513,4.714884696016772
6300183785,4.1395348837209305
6300184242,4.531531531531532
6300184250,4.304635761589404
6300184269,4.663333333333333
6300185117,4.634146341463414
6300185125,4.602564102564102
6300185370,4.688888888888889
6300185443,4.329268292682927
6300185788,4.028260869565218
6300185974,4.448863636363637
6300186180,4.923076923076923
630018675X,3.7183098591549295
6300198731,4.621301775147929
6300208117,3.409090909090909
6300208591,4.276041666666667
6300209296,4.46875
6300213501,4.234354082998662
6300213714,4.352094240837697
6300213730,4.607142857142857
6300213749,4.201005025125628
6300213781,4.085808580858086
6300213803,4.659188034188034
6300213900,4.502262443438914
6300213927,3.9649122807017543
6300213986,4.452504317789292
6300214028,4.284403669724771
6300214044,4.727810650887574
6300214052,4.3602484472049685
6300214087,3.7022435897435897
6300214117,4.670886075949367
6300214184,4.231372549019608
6300214192,3.8959276018099547
6300214222,4.613043478260869
6300214265,3.7739463601532566
6300214311,3.7236286919831225
6300214338,4.655927835051546
6300214346,3.3214285714285716
6300214508,4.233050847457627
6300214559,4.222222222222222
6300214567,4.643656716417911
6300214575,4.461538461538462
6300214613,4.661016949152542
6300214621,4.428571428571429
6300214648,4.6
6300214664,4.342372881355932
6300214672,3.8141025641025643
6300214680,4.4
6300214710,4.397321428571429
6300214958,4.771428571428571
6300215520,4.29646017699115
6300215555,4.623762376237623
6300215598,4.217228464419476
6300215601,4.375
6300215628,4.618181818181818
6300215695,4.860759493670886
6300215806,3.640625
6300215849,4.487179487179487
6300215857,4.768041237113402
6300215881,3.7881944444444446
6300215954,4.646302250803859
6300215962,4.6640625
6300215989,4.591240875912408
6300216047,4.014925373134329
6300216055,4.0
6300216179,4.545454545454546
6300216209,4.287581699346405
6300216225,3.8214285714285716
6300216241,4.388888888888889
6300216497,3.855421686746988
6300216527,3.618181818181818
6300216543,4.497695852534562
6300216586,4.0
6300216632,4.179577464788732
6300216721,4.117647058823529
6300216748,4.452702702702703
6300216934,4.356521739130435
6300216950,3.9210526315789473
6300216977,4.597989949748744
6300217728,4.757575757575758
6300218031,4.528662420382165
6300246787,4.363636363636363
6300246795,4.39375
6300246817,4.755720053835801
6300246868,4.403846153846154
6300246876,4.6532438478747205
6300246973,4.26595744680851
6300247031,4.533333333333333
6300247090,4.770408163265306
6300247104,4.531073446327683
6300247139,4.549295774647887
6300247163,4.27027027027027
6300247236,4.6745762711864405
6300247392,4.484848484848484
6300247406,4.171717171717172
6300247651,4.502923976608187
6300247821,4.5655430711610485
6300247945,3.6216216216216215
6300248089,4.323529411764706
6300248097,4.151832460732984
6300248100,4.532051282051282
6300248135,4.510526315789473
6300248216,3.7753623188405796
6300248291,2.795275590551181
6300248569,3.9356643356643355
6300249816,4.030927835051546
6300249824,4.16
6300249867,4.361111111111111
6300249964,4.4361702127659575
6300250164,4.207792207792208
6300250407,4.685393258426966
6300250512,4.45
6300251217,4.146551724137931
6300251330,3.768292682926829
6300252310,4.181102362204724
6300267830,4.462686567164179
6300267962,4.743362831858407
6300268012,4.133333333333334
6300268128,4.69672131147541
6300268683,4.614035087719298
6300268748,4.134382566585956
6300268799,4.452554744525547
6300268853,3.743119266055046
6300269280,4.450980392156863
6300269299,4.122641509433962
6300269450,4.277777777777778
6300269477,4.682310469314079
6300270068,4.561011904761904
6300270122,3.1739130434782608
6300270130,4.285234899328859
6300270149,4.277777777777778
6300270211,4.419847328244275
6300270270,4.518656716417911
6300270297,4.71875
6300270327,4.216216216216216
6300270424,4.326797385620915
6300270912,4.346666666666667
6300271358,4.228915662650603
630027151X,4.527777777777778
6300271668,4.116279069767442
6300271706,4.765625
6300273210,4.572649572649572
6300274195,4.68010752688172
6300274268,4.620689655172414
6300274586,4.685185185185185
6300274608,4.093023255813954
6300275116,4.816091954022989
6300275310,4.5078125
6300276740,4.373913043478261
6300276945,4.456140350877193
6300984869,4.642857142857143
6300987485,4.561643835616438
6300987531,4.204918032786885
6300987787,4.352941176470588
6300988600,4.733050847457627
6300988805,4.592105263157895
6300989003,4.627684964200477
6301005740,4.585365853658536
6301006798,4.030612244897959
6301008944,4.611336032388664
6301008960,4.452229299363057
6301017072,4.409090909090909
6301031474,3.4489795918367347
6301039459,4.129901960784314
6301050886,4.65979381443299
6301065557,4.333333333333333
6301065565,4.863636363636363
6301065573,4.637362637362638
6301066162,4.6
6301094352,3.659235668789809
6301094999,4.25
6301095294,4.080459770114942
6301103513,4.08
6301105915,4.439024390243903
6301106482,4.482014388489208
6301106490,4.472527472527473
6301115538,4.882352941176471
6301163788,4.4324324324324325
6301174240,4.692982456140351
6301175220,4.109090909090909
6301175239,4.718232044198895
6301179544,4.322033898305085
630120798X,4.512987012987013
6301216113,4.697368421052632
6301216121,4.580645161290323
6301216156,4.619834710743802
6301216210,3.6041666666666665
6301217861,4.531468531468532
6301221486,4.653631284916201
6301221923,4.614285714285714
6301239598,4.619047619047619
6301264177,4.485294117647059
6301279654,3.4262295081967213
630130053X,4.089285714285714
6301300548,4.526315789473684
6301307208,3.5
6301325540,4.563218390804598
630133275X,4.085470085470085
6301334523,4.559633027522936
6301348281,4.125
6301379616,4.589285714285714
6301390725,4.65017667844523
6301390768,4.733333333333333
6301398912,4.617886178861789
6301408977,4.4855072463768115
6301410831,4.4655172413793105
6301412761,4.46448087431694
6301415159,4.767441860465116
6301423682,3.016949152542373
6301435192,4.019230769230769
6301440056,4.616161616161616
6301442768,4.383561643835616
6301464966,3.943548387096774
6301465601,4.391304347826087
6301480473,4.375
6301491920,4.728813559322034
630150528X,4.7639593908629445
6301528565,4.224
6301528581,4.176056338028169
630156118X,4.112244897959184
6301562925,3.5546448087431695
6301570723,3.4615384615384617
6301586026,4.600536193029491
6301589068,4.578947368421052
6301589106,4.5
6301590740,4.5978260869565215
6301599225,4.625
6301608534,4.407407407407407
6301618033,4.526881720430108
6301640594,4.620689655172414
6301640659,3.7222222222222223
6301640780,4.59375
6301643410,4.30622009569378
630165191X,4.1940298507462686
6301661710,3.869565217391304
6301661737,4.60655737704918
6301661850,4.369230769230769
6301662954,4.613636363636363
6301666569,4.263843648208469
6301670124,4.576086956521739
6301691687,4.415584415584416
6301697308,4.5064935064935066
6301697723,4.125
6301697758,4.316831683168317
6301706471,4.5
6301706498,4.459677419354839
6301706811,4.081081081081081
6301708113,4.104166666666667
6301708261,4.5125
6301718275,4.494845360824742
6301736303,4.197916666666667
6301744128,3.7545454545454544
6301744136,4.373563218390805
6301748107,4.243243243243243
6301753534,4.5
6301758110,2.63
6301758641,4.504065040650406
6301759079,4.469072164948454
630176031X,4.725752508361204
6301763041,4.37962962962963
6301767918,4.762886597938144
6301773551,4.217377860235003
6301773578,4.247838616714698
6301773586,4.723404255319149
6301777387,4.250922509225092
6301777476,4.482758620689655
6301777840,4.169491525423729
6301782666,4.347222222222222
6301788494,4.566037735849057
6301788508,3.5384615384615383
6301793196,4.7272727272727275
630179513X,4.448559670781893
6301797949,4.5588235294117645
6301797965,4.71859296482412
6301797973,4.3133333333333335
630179799X,4.497109826589595
6301798058,4.523809523809524
6301798066,4.6015625
6301798201,4.681818181818182
630179849X,4.6
6301798562,4.6722222222222225
6301798643,4.451612903225806
6301798732,4.513812154696133
6301798740,4.580152671755725
6301801288,4.509433962264151
6301801709,4.238095238095238
6301801849,4.463414634146342
6301802322,4.515789473684211
6301805429,4.707602339181286
6301805615,4.253968253968254
6301810678,4.376344086021505
6301813480,4.330508474576271
6301815807,4.472972972972973
6301817761,4.496124031007752
630186316X,4.541284403669724
6301902645,4.418367346938775
6301912373,3.8852459016393444
6301914090,4.2846715328467155
6301928180,4.5
6301928555,4.0
6301928679,3.8513513513513513
6301929942,3.625
6301930789,3.693548387096774
6301931025,3.8842105263157896
6301932420,4.502008032128514
6301933532,4.436781609195402
6301942647,4.56140350877193
6301942728,4.296875
6301945301,4.491803278688525
6301954890,4.053571428571429
630195517X,4.5256410256410255
6301959728,3.8940677966101696
6301959949,4.0
6301963660,4.126801152737752
6301963717,4.194871794871795
6301963725,4.148936170212766
6301964179,4.583333333333333
6301964209,4.518518518518518
6301964217,4.518518518518518
6301964314,4.7407407407407405
6301966074,4.6911764705882355
6301966244,3.9368421052631577
6301966465,4.5327102803738315
6301966554,4.695924764890282
6301966562,4.243243243243243
6301966848,4.393939393939394
6301966899,3.556603773584906
6301967275,4.603448275862069
6301967690,4.154929577464789
630196781X,4.511627906976744
6301967852,4.506666666666667
6301968824,4.393939393939394
6301969294,4.2631578947368425
6301969316,4.701863354037267
6301969413,4.533333333333333
6301969928,4.055555555555555
6301971175,4.578947368421052
6301971191,4.5
6301971280,4.471264367816092
6301971345,4.127208480565371
6301971418,4.218390804597701
6301971531,4.636363636363637
6301971663,4.111111111111111
6301971752,3.8688524590163933
6301971809,4.633466135458168
6301971876,4.092783505154639
630197204X,4.325581395348837
6301972279,4.732456140350878
6301973232,4.406451612903226
6301973259,4.616
6301973305,4.5256410256410255
6301973461,4.601351351351352
6301975960,4.534246575342466
6301976029,4.204301075268817
6301976045,4.594827586206897
630197753X,4.427807486631016
6301977750,4.7073170731707314
6301977963,4.634146341463414
6301978315,4.790697674418604
6301978501,4.589285714285714
6301982746,3.7720588235294117
6301996100,4.242105263157895
6302000610,4.691666666666666
630200098X,3.8705583756345177
630200912X,4.568627450980392
6302010306,4.4516971279373365
630202028X,4.313688212927756
6302025303,4.540983606557377
6302030919,4.082644628099174
6302032237,4.461538461538462
6302032245,4.717391304347826
6302032253,4.019607843137255
630203535X,4.318181818181818
6302036852,3.6506024096385543
6302036941,4.241379310344827
6302038340,3.7903225806451615
6302045916,4.354166666666667
6302049148,3.814814814814815
6302069130,2.909090909090909
6302078024,4.442105263157894
6302078091,4.337078651685394
6302078164,3.759259259259259
6302088593,4.685185185185185
6302091632,4.671490593342981
6302096243,4.407079646017699
6302096316,4.263888888888889
6302098424,4.5
6302098440,4.094736842105263
6302098459,4.052631578947368
6302098505,4.478260869565218
6302098548,3.8333333333333335
6302101395,4.675
6302101743,4.216981132075472
630210176X,4.466666666666667
6302112060,3.433333333333333
6302112117,4.517241379310345
6302113156,4.241379310344827
630211702X,4.688221709006928
6302120527,4.637795275590551
6302120616,4.363636363636363
6302121582,3.602272727272727
6302136261,4.4
6302148332,4.622950819672131
6302150930,4.178082191780822
6302156815,4.685714285714286
6302158095,4.45859872611465
6302158176,3.7987012987012987
6302168465,4.745305164319249
6302181755,4.271428571428571
6302182840,4.720338983050848
6302206294,4.293150684931507
6302215730,4.587628865979381
6302224462,4.580645161290323
630222540X,4.573333333333333
630223168X,4.620253164556962
630223722X,3.807017543859649
6302238331,4.366812227074236
6302241081,4.365853658536586
6302241693,4.212264150943396
6302250161,3.6707317073170733
6302250277,4.575757575757576
6302254132,4.590425531914893
6302256615,4.464539007092198
6302259096,4.507418397626113
6302260973,4.559322033898305
6302261597,4.388888888888889
6302269431,4.544642857142857
6302271991,4.554545454545455
6302272602,3.966666666666667
6302274001,4.663366336633663
6302277760,4.551020408163265
6302281849,4.425287356321839
630228354X,4.694444444444445
6302287448,4.544117647058823
6302289009,4.205607476635514
6302289017,4.5
6302289041,4.264150943396227
630229357X,4.513513513513513
630229455X,4.364035087719298
6302299489,4.371794871794871
6302305950,4.380952380952381
6302309506,4.657754010695188
6302309514,4.573333333333333
6302309522,4.365853658536586
6302312434,4.578947368421052
6302313899,4.5227272727272725
6302320410,4.425531914893617
6302320488,4.726027397260274
630236308X,4.45945945945946
6302363098,4.604166666666667
6302365937,4.389380530973451
6302375770,4.633507853403142
6302380294,4.358744394618834
6302386608,3.4
6302404223,4.846153846153846
6302409365,4.378504672897196
6302409829,4.454545454545454
6302413419,4.7101449275362315
6302413435,4.837962962962963
6302413737,4.635714285714286
6302413850,4.56
6302418828,4.666666666666667
630242335X,4.491228070175438
6302424887,4.271428571428571
6302424909,4.348214285714286
6302426200,4.631578947368421
6302428122,4.796610169491525
6302428939,4.5
630243078X,4.384615384615385
6302439485,4.333333333333333
630244327X,4.421052631578948
6302447712,4.059523809523809
6302447739,3.611940298507463
6302450187,4.5568862275449105
630245333X,4.277777777777778
6302457254,4.444444444444445
6302458900,4.333333333333333
6302459702,4.569620253164557
6302469090,4.17
6302470021,3.8283132530120483
6302477379,4.815789473684211
6302479487,4.213483146067416
6302481791,4.73936170212766
6302482712,4.69406392694064
6302484367,4.161184210526316
6302484383,4.573770491803279
6302484391,4.604166666666667
6302484405,4.384615384615385
630248443X,4.547770700636943
6302485010,3.723684210526316
6302491940,3.959349593495935
6302502667,4.928571428571429
6302503795,4.781725888324873
6302503833,4.387096774193548
6302507596,4.293103448275862
630251004X,4.384615384615385
630251018X,4.217821782178218
6302534372,4.101694915254237
6302541743,4.835125448028674
6302544289,3.9263157894736844
6302548748,4.561643835616438
6302554713,4.325581395348837
6302561957,4.661538461538462
6302587239,4.591836734693878
6302588626,4.0
6302593220,4.121951219512195
6302595770,4.176470588235294
6302610699,4.833333333333333
6302620740,4.558139534883721
6302623294,4.017857142857143
6302637899,4.505263157894737
6302640504,4.657894736842105
630264223X,4.633663366336633
6302650046,4.428571428571429
6302655897,4.366336633663367
6302656125,4.636363636363637
6302658888,4.484375
630266232X,4.667721518987341
6302662478,4.462686567164179
6302662591,4.596899224806202
6302662745,4.1432926829268295
6302676231,2.253968253968254
6302676711,4.583333333333333
6302678846,4.536585365853658
6302681049,4.795918367346939
6302681685,4.617283950617284
6302685141,4.597222222222222
6302689724,4.3119266055045875
6302712009,4.224719101123595
6302712017,4.174664107485604
6302712920,4.583333333333333
6302717329,4.373134328358209
630271771X,4.730769230769231
6302719666,4.291666666666667
6302720419,3.609375
630272256X,4.3584905660377355
6302722764,4.357142857142857
6302725542,4.541666666666667
6302728371,4.638297872340425
6302728657,4.7073170731707314
6302734924,4.745562130177515
6302737249,4.653333333333333
6302747384,3.3043478260869565
6302749336,4.2
6302753198,4.451219512195122
6302757096,3.908256880733945
6302760089,4.5
6302760119,4.225352112676056
6302763770,4.648648648648648
6302763835,4.495145631067961
630276386X,4.537037037037037
6302763908,4.579545454545454
6302768810,4.246781115879829
6302772745,4.605263157894737
6302779448,4.604166666666667
6302783968,4.333333333333333
6302787068,4.804843304843305
6302794404,4.359375
630279482X,4.527777777777778
6302795567,3.8055555555555554
6302795575,4.545454545454546
630279742X,4.4298245614035086
6302797535,4.475982532751091
6302797675,4.5773809523809526
6302797713,4.730769230769231
6302799112,4.645161290322581
6302800404,4.326086956521739
6302800420,4.7907692307692304
6302800498,4.140625
6302800579,4.566666666666666
6302800587,4.766666666666667
6302800854,4.6923076923076925
6302800897,4.587301587301587
6302801133,4.373913043478261
6302804752,4.323076923076923
6302814146,3.5555555555555554
6302814804,4.2105263157894735
6302842263,4.305882352941176
6302859727,4.45945945945946
6302872669,4.291390728476821
6302877911,3.6808510638297873
6302921384,4.322368421052632
6302946387,4.173780487804878
6302962048,4.585365853658536
6302969271,4.555555555555555
630296931X,4.596153846153846
6302969603,4.51063829787234
6302969697,4.585365853658536
6302969700,4.675
6302969786,4.627118644067797
6302969972,4.635467980295567
6302970040,3.8627450980392157
6302986338,4.686274509803922
6302990033,3.2295081967213113
6302990114,4.5177304964539005
6302990130,4.359872611464968
6302990149,3.7362637362637363
6302993695,4.542857142857143
6302994063,4.577639751552795
6302994071,4.447761194029851
630299408X,3.975609756097561
630300203X,4.49
6303011012,4.9375
6303011594,4.543478260869565
6303011969,3.5737704918032787
6303012140,4.410526315789474
6303014887,4.794117647058823
6303017983,4.521739130434782
6303018351,4.27027027027027
6303022901,4.674418604651163
6303022928,4.683229813664596
6303023355,4.524590163934426
6303027016,4.778801843317972
6303036813,4.327868852459017
6303037453,4.329670329670329
6303039405,4.032258064516129
6303039456,4.761421319796955
6303042503,4.504496402877698
6303046436,4.475336322869955
6303047025,4.029126213592233
6303047564,4.3083941605839415
6303049001,4.373333333333333
6303049079,4.650741350906095
6303051618,3.549019607843137
6303052487,3.412280701754386
6303052630,3.3259668508287294
630305725X,4.636563876651983
6303057942,4.434782608695652
6303058957,4.619354838709677
630306020X,4.840579710144928
6303066720,4.545454545454546
6303072798,4.770642201834862
6303072828,4.431818181818182
6303073107,4.5504587155963305
6303075940,3.9
6303079709,4.342696629213483
6303082653,4.142857142857143
6303082866,4.673913043478261
6303084095,4.303030303030303
6303085547,4.518987341772152
6303091962,4.380952380952381
6303091970,4.588235294117647
6303091989,3.5609756097560976
6303092306,4.043478260869565
6303095216,4.644628099173554
6303101178,4.452702702702703
6303101224,4.4523809523809526
6303101240,4.435897435897436
6303101410,4.612903225806452
6303102425,4.59375
6303102441,4.053571428571429
630310245X,4.351351351351352
6303102492,4.428571428571429
630310374X,4.544554455445544
6303107338,4.556818181818182
6303109918,4.732758620689655
6303109926,3.4193548387096775
6303111564,4.74
6303111920,4.405275779376499
6303114946,4.613207547169812
6303115381,3.717948717948718
6303118100,4.358208955223881
6303118232,4.425531914893617
6303118240,4.674698795180723
6303118259,3.996732026143791
6303122647,4.705467372134039
6303122876,4.508802816901408
6303124798,4.751173708920188
630312898X,4.894736842105263
6303131891,4.734939759036145
6303140157,4.485148514851486
6303140165,4.111111111111111
630314179X,4.714285714285714
6303141978,3.871794871794872
6303142346,4.8158273381294965
6303148387,4.397435897435898
6303149200,4.0
6303149316,4.241935483870968
6303152759,4.4411764705882355
6303152821,4.524590163934426
6303153305,4.171428571428572
6303153348,4.482142857142857
6303153461,4.502092050209205
630315851X,4.153846153846154
6303162290,3.542936288088643
6303165680,4.224852071005917
6303167314,4.7172413793103445
6303168345,4.568181818181818
6303168957,4.25
6303170498,3.98
6303182135,4.416666666666667
6303186874,4.526881720430108
6303191398,4.0
6303192254,4.578397212543554
6303194508,4.322314049586777
6303196543,4.5227272727272725
6303201288,4.384615384615385
6303202225,4.228571428571429
6303203256,4.75
630320385X,4.0
6303205364,3.9
6303206158,4.352173913043479
6303209955,4.651162790697675
6303212220,4.359375
6303212263,4.583333333333333
6303212298,4.72972972972973
6303212379,4.656968876860622
6303212387,4.73469387755102
6303212395,4.482142857142857
630321245X,4.645161290322581
6303213650,3.992424242424242
6303224407,4.5
6303236685,4.434108527131783
6303243606,4.52
6303248209,3.6090225563909772
6303248942,3.7881944444444446
6303257267,4.537313432835821
6303257275,4.119565217391305
6303257348,4.475728155339806
6303257429,4.456834532374101
6303257720,4.489795918367347
6303257739,4.455696202531645
6303257828,4.725274725274725
6303257844,4.634556574923548
6303257852,3.5
6303265715,4.666666666666667
6303265774,4.099173553719008
6303266371,4.814814814814815
6303269826,4.275541795665634
6303269834,4.466257668711656
6303269850,4.195121951219512
6303269869,4.516666666666667
6303269966,4.511627906976744
630327417X,4.702702702702703
630327630X,3.9622641509433962
6303276881,4.311111111111111
6303284183,4.645161290322581
6303286542,4.5813953488372094
6303295614,4.3
6303305520,4.472762645914397
6303313337,4.382352941176471
6303313345,4.467924528301887
6303315305,4.634146341463414
6303317340,4.505154639175258
6303326781,4.391304347826087
6303328164,4.643939393939394
6303333079,4.271739130434782
6303338569,4.577981651376147
6303338690,4.511627906976744
6303347665,4.7594936708860756
6303354742,4.55
6303354912,4.603448275862069
6303354939,4.5625
6303355005,4.403846153846154
6303363598,4.285714285714286
6303364438,3.5544554455445545
6303364705,4.614285714285714
6303365752,4.402985074626866
6303382347,3.414110429447853
6303382940,4.5625
630338305X,4.232876712328767
6303383289,4.666666666666667
6303383327,4.512195121951219
6303386334,3.607594936708861
6303391931,4.458333333333333
6303394035,4.755102040816326
6303394043,4.298245614035087
6303394051,4.71875
630339406X,4.717607973421927
6303394345,4.576086956521739
6303394353,4.172839506172839
6303396623,4.34453781512605
6303398375,4.312903225806451
6303398480,4.351190476190476
6303407161,4.670454545454546
6303407188,4.616580310880829
6303416403,3.984375
6303418724,4.695121951219512
630341964X,4.416666666666667
6303419771,4.182926829268292
6303422020,4.095588235294118
6303422942,4.483870967741935
6303422969,3.8461538461538463
6303430562,4.462686567164179
6303430570,4.201492537313433
6303433766,4.438775510204081
6303433782,4.23463687150838
6303439136,4.5
6303442447,4.669683257918552
6303443222,3.6470588235294117
630344394X,4.6438356164383565
6303450083,4.572649572649572
6303450199,4.9
6303450202,4.909090909090909
6303450849,4.512195121951219
6303451144,3.6144578313253013
6303451489,4.518987341772152
6303451519,4.3283582089552235
6303451535,4.031531531531532
6303454038,3.649336283185841
6303454542,4.09433962264151
6303457703,4.252873563218391
6303459765,4.786666666666667
6303464831,4.096916299559472
6303467253,4.854166666666667
6303467717,4.447236180904523
6303471099,4.875
6303471102,4.641025641025641
6303471153,4.375
6303471390,4.221875
6303471404,4.134328358208955
6303471501,4.053398058252427
630347151X,4.104519774011299
6303471552,3.510989010989011
6303471587,4.256410256410256
6303471714,4.25
630347327X,4.624
6303477143,4.549019607843137
6303481345,4.6894409937888195
6303482295,4.002022244691608
6303486754,4.7611940298507465
6303486894,4.566666666666666
6303490980,4.461538461538462
6303492509,4.075268817204301
6303494080,4.020979020979021
6303501281,4.175
6303503381,4.9375
6303507565,3.923076923076923
6303507689,4.4119170984455955
6303510108,4.6521739130434785
6303514723,3.966666666666667
6303515231,4.3
6303515304,3.9166666666666665
6303515894,3.7010309278350517
6303521231,4.523809523809524
630352138X,4.554347826086956
6303521517,4.676880222841226
6303534422,4.716129032258064
630354200X,4.222222222222222
630354231X,4.830985915492958
6303542344,4.192982456140351
6303542352,4.566502463054187
6303544746,4.676470588235294
6303548970,4.057142857142857
6303560067,4.6022727272727275
630356027X,4.108558558558559
6303562248,4.472972972972973
6303562515,3.6375
6303567126,4.244186046511628
630356822X,4.436893203883495
6303574203,4.675
6303574289,4.473684210526316
6303575358,4.674556213017752
6303575617,3.6343283582089554
6303579396,3.238095238095238
6303579612,4.1875
6303581307,4.416666666666667
6303589065,4.253164556962025
6303589146,4.527272727272727
6303591922,3.8219178082191783
6303592570,4.226666666666667
6303593135,4.136363636363637
6303593666,4.352941176470588
6303597866,4.418918918918919
6303599109,4.666666666666667
6303610811,4.584269662921348
630361437X,4.421052631578948
6303617719,4.610778443113772
6303619932,4.285714285714286
630362572X,4.029850746268656
6303625738,4.619718309859155
6303625800,4.675041876046901
6303631851,4.5
630363270X,3.847826086956522
6303637574,4.72289156626506
6303646417,4.193548387096774
6303646689,4.5636363636363635
6303651453,4.508333333333334
630365147X,4.635734072022161
6303651488,4.416015625
6303651879,4.552631578947368
6303651917,4.354166666666667
6303675026,4.3283582089552235
6303675387,4.315068493150685
6303682952,3.943396226415094
6303686745,4.6572327044025155
630368680X,4.60431654676259
6303686834,3.7037037037037037
6303686850,4.465437788018433
6303686907,3.9583333333333335
630368727X,4.120689655172414
6303690653,3.3958333333333335
6303696813,4.476890756302521
6303697224,4.721649484536083
6303820905,4.776119402985074
6303823351,4.5251396648044695
6303824358,4.765700483091788
6303824382,4.449438202247191
6303832563,4.198412698412699
6303832601,4.752808988764045
6303853102,4.371980676328502
6303854311,4.5233644859813085
6303855466,4.358974358974359
6303855555,3.7260273972602738
630386001X,4.266666666666667
630387827X,4.021505376344086
6303878296,4.158536585365853
6303890423,4.4
6303890458,3.92
630390811X,4.3125
6303908306,4.490835030549898
6303909949,3.893719806763285
6303914985,3.2857142857142856
6303916228,4.268041237113402
6303917461,4.0
630391750X,3.8544303797468356
6303918522,4.3428571428571425
6303920098,3.985611510791367
6303920713,4.428571428571429
6303921248,4.776769509981851
6303929338,4.757425742574258
6303929567,4.590909090909091
6303929575,4.45945945945946
6303929583,4.663934426229508
6303934552,3.7115384615384617
6303935222,3.758426966292135
6303935419,3.609195402298851
6303935443,4.351063829787234
630393546X,3.933734939759036
6303943004,4.417721518987341
630394325X,3.8004761904761906
6303945317,4.219047619047619
6303949436,4.5772357723577235
6303949983,4.030769230769231
6303950000,4.030769230769231
630395278X,4.115942028985507
6303953344,4.778523489932886
6303954103,3.861205915813424
6303954138,4.277777777777778
6303954197,4.457446808510638
6303954227,4.417582417582418
6303954278,4.043478260869565
6303954294,4.05
6303957064,4.367647058823529
630396155X,4.72972972972973
6303961568,4.7
6303962467,4.415094339622642
6303964745,4.424390243902439
6303964788,4.424390243902439
6303965415,4.395631067961165
6303965792,4.190476190476191
6303968163,4.2792792792792795
6303968651,4.80188679245283
6303969585,4.108695652173913
6303972969,4.37921626984127
6303977898,4.423076923076923
630398021X,3.888888888888889
6303980414,4.224137931034483
6303980813,4.616822429906542
6303982662,4.373831775700935
6303984088,4.641873278236915
6303990452,3.8323353293413174
6303998046,4.584615384615384
6303998240,3.6
6303998267,4.126436781609195
6304004540,3.943548387096774
6304005490,4.589041095890411
6304006837,4.363636363636363
6304007647,4.675324675324675
6304008716,3.877049180327869
6304011431,4.453488372093023
630401323X,4.28421052631579
6304016859,4.339449541284404
6304017049,4.717391304347826
6304017081,4.301369863013699
630401743X,4.617924528301887
6304017782,4.271604938271605
6304019688,3.5434782608695654
6304022166,4.456140350877193
630402925X,4.721698113207547
6304030959,4.590389016018307
6304037279,4.05377358490566
6304039220,4.354166666666667
6304039255,4.589506172839506
6304039530,4.468
6304039549,4.634408602150538
6304041950,4.111111111111111
6304044836,4.564814814814815
6304045883,3.776470588235294
6304047916,4.738095238095238
6304053517,4.222222222222222
6304054777,4.344497607655502
6304056745,4.26530612244898
6304056869,3.875
6304056877,4.433333333333334
6304056958,4.697916666666667
6304057679,4.767441860465116
6304059647,4.744186046511628
630406182X,4.0576923076923075
6304068522,4.2005347593582885
6304071892,4.313432835820896
6304075413,4.1063829787234045
6304078102,4.634615384615385
6304078110,4.060344827586207
6304078145,3.0872093023255816
6304083149,4.25984251968504
6304083777,4.3765432098765435
6304089201,4.663043478260869
6304089627,4.647619047619048
6304094973,4.138613861386139
6304097050,2.8917525773195876
6304100507,4.565217391304348
6304101147,4.21875
6304105436,4.74468085106383
6304105967,3.257575757575758
6304106041,4.038461538461538
630410605X,4.169014084507042
6304107250,4.576363636363636
6304107641,4.667539267015707
6304108729,4.2727272727272725
6304108869,4.549019607843137
6304108877,4.3478260869565215
6304109717,4.026666666666666
6304111231,4.544303797468355
6304111258,4.836734693877551
6304111347,4.430656934306569
6304111363,4.483870967741935
6304111762,4.211538461538462
6304113404,3.83
6304118937,4.734513274336283
6304119046,4.306712962962963
630413231X,4.570588235294117
6304132336,4.625
6304132344,4.57625786163522
6304132360,4.766856600189934
6304136242,3.2111111111111112
6304137168,4.206896551724138
6304137184,3.375
6304139454,4.873015873015873
630414069X,4.467741935483871
6304140908,4.468085106382978
6304142137,4.151515151515151
6304147074,3.957627118644068
6304147139,4.445945945945946
6304151225,4.384615384615385
6304152450,4.492063492063492
6304152876,4.434782608695652
6304153791,4.770992366412214
6304155972,4.248
6304160208,4.72
6304162200,4.712328767123288
6304167660,3.525714285714286
6304167725,3.951219512195122
6304168659,4.723404255319149
6304168780,4.542857142857143
630416923X,4.7657657657657655
6304176287,4.720050441361916
6304178360,4.2
630417893X,4.717948717948718
6304179561,3.863013698630137
6304185901,3.6842105263157894
6304195281,3.618181818181818
6304196660,4.896551724137931
6304196784,4.366515837104072
6304196873,4.479166666666667
6304196911,4.421965317919075
6304198493,4.491869918699187
630420065X,4.066282420749279
6304202725,4.027777777777778
6304204906,4.355263157894737
6304209401,4.569550679205852
6304209908,4.363636363636363
6304211740,3.9239130434782608
6304216939,4.28
6304224621,4.2885906040268456
630422513X,4.460869565217391
6304230672,4.2105263157894735
6304232764,4.523809523809524
6304233639,4.359293873312565
6304233965,3.4402332361516037
6304238029,3.863013698630137
6304238096,4.164948453608248
6304238118,4.404761904761905
6304238142,4.108695652173913
6304239149,4.482014388489208
6304239181,3.1818181818181817
6304240554,4.483739837398374
6304246579,4.4324324324324325
6304258984,4.631661442006269
6304259093,3.1964285714285716
6304259158,4.25177304964539
6304263457,4.65
6304263465,4.428571428571429
630426786X,3.5950413223140494
6304267967,4.464285714285714
6304269064,3.5604395604395602
6304271506,4.1976744186046515
6304274742,4.0519480519480515
6304277385,4.123595505617978
6304278691,3.734848484848485
6304279000,4.158730158730159
6304285116,4.203703703703703
6304285388,4.736526946107785
6304285396,4.837078651685394
630428540X,4.694581280788177
6304285728,4.674418604651163
6304286325,4.574074074074074
6304286384,4.55
6304286422,4.799019607843137
6304286457,4.257142857142857
630428666X,3.891025641025641
6304286805,4.3
6304286856,4.2631578947368425
6304287305,4.350515463917525
6304288433,4.1415094339622645
630428845X,3.5407925407925407
6304288549,4.4324324324324325
6304290888,4.264150943396227
6304291353,3.3333333333333335
6304291361,3.5531914893617023
6304291701,4.686868686868687
6304293321,4.6875
6304293488,4.396551724137931
6304293941,4.37
6304296312,3.6710526315789473
6304297912,4.171122994652406
6304298285,4.627906976744186
6304308396,4.696808510638298
630430840X,4.60655737704918
6304308418,4.589743589743589
6304308434,4.758064516129032
6304308469,4.458823529411765
6304310099,4.473684210526316
6304311885,4.068181818181818
6304316267,4.488372093023256
6304326289,4.59375
6304328583,4.0873563218390805
6304329008,3.9450549450549453
6304331053,4.294871794871795
6304331851,4.432291666666667
6304337434,3.623076923076923
6304340486,4.016393442622951
6304340532,4.38135593220339
630434063X,4.266666666666667
6304341849,4.628205128205129
6304342462,4.6022727272727275
6304342470,4.415730337078652
6304343426,3.9361702127659575
6304345062,3.4714285714285715
6304346166,3.5247524752475248
6304353634,4.487031700288185
6304359659,4.714285714285714
6304359721,4.774193548387097
6304360983,4.625
6304361009,4.340277777777778
6304362498,3.959798994974874
6304366043,4.402298850574713
6304366086,4.453846153846154
6304368801,4.28125
6304375239,4.492647058823529
6304375344,4.75
6304383169,4.863636363636363
6304383193,4.642857142857143
6304383657,4.588235294117647
6304383827,4.068713450292398
6304383835,4.333333333333333
630438386X,4.659722222222222
6304384211,1.7692307692307692
630438551X,3.7890995260663507
6304386168,4.308510638297872
6304392907,4.732758620689655
6304397941,4.7
6304400225,4.610169491525424
6304400381,4.51063829787234
6304400810,4.47191011235955
6304401132,4.726430976430977
6304401892,3.9423076923076925
6304402929,4.333333333333333
6304404859,4.541935483870968
6304406096,3.938380281690141
6304410433,4.354838709677419
6304410492,4.453488372093023
6304410832,4.7375
6304411448,4.380341880341881
6304411472,4.579545454545454
630441336X,4.183673469387755
6304414145,4.466666666666667
6304415346,4.448275862068965
6304416415,4.627906976744186
6304416423,4.306451612903226
6304429703,4.532967032967033
630442972X,4.6284329563812605
6304431848,3.4375
6304432712,4.59748427672956
6304435096,3.4628099173553717
6304435878,4.379746835443038
6304437226,4.326732673267327
6304437234,4.6050955414012735
6304437544,4.445544554455446
6304437617,4.173076923076923
6304438060,4.37037037037037
6304438176,4.5
6304438273,4.223684210526316
6304441630,4.647887323943662
6304442467,4.163934426229508
630444284X,4.387096774193548
6304443307,3.8705882352941177
6304449313,4.267857142857143
630445287X,4.708955223880597
6304457278,4.672661870503597
6304457316,4.642857142857143
6304457359,4.4392523364485985
6304457375,4.201612903225806
6304457391,4.585365853658536
6304458975,4.360730593607306
6304466110,4.051546391752577
6304475055,3.713636363636364
630447587X,4.6
6304479859,4.597222222222222
6304481691,4.772321428571429
630448187X,3.8177083333333335
6304484054,3.5945945945945947
6304486529,4.290322580645161
6304490399,4.730769230769231
6304493053,4.4655172413793105
6304494378,4.097222222222222
6304496672,4.545454545454546
6304496788,4.559523809523809
6304500769,4.803921568627451
6304500831,4.802303262955854
6304501153,4.453488372093023
6304501668,4.5
6304501684,4.473684210526316
6304502362,4.4
630450392X,4.033333333333333
6304504039,4.4067357512953365
630450733X,4.528301886792453
6304507348,4.30827067669173
6304508549,4.349397590361446
6304509405,4.526315789473684
630451087X,3.868181818181818
630451493X,4.58
6304535570,4.277027027027027
6304546300,4.413043478260869
630454636X,4.647058823529412
6304561873,4.506726457399103
6304578474,4.527777777777778
6304578482,4.604790419161676
6304584954,4.531914893617022
6304595247,4.048780487804878
6304601727,3.7560975609756095
6304602898,4.47733918128655
6304602901,4.430769230769231
6304605889,3.0625
6304606206,4.566666666666666
6304612982,4.071428571428571
6304613113,4.4863387978142075
630461442X,3.338235294117647
6304618352,4.292307692307692
6304642946,3.0126582278481013
6304645635,3.991304347826087
630464972X,4.103448275862069
6304673043,4.604651162790698
630467306X,4.1521739130434785
6304674228,4.5227272727272725
6304675143,4.365079365079365
6304675348,4.26978417266187
6304679661,4.276995305164319
6304680104,3.5
6304680236,4.1953125
6304680406,4.089887640449438
6304680694,3.712
6304681372,4.081967213114754
630468150X,4.478571428571429
6304681526,3.8606965174129355
630469623X,4.618421052631579
6304697988,4.173076923076923
6304698305,4.487804878048781
6304698771,4.673684210526316
6304701527,4.343283582089552
6304707622,4.416666666666667
6304718764,4.233333333333333
6304727127,4.5
6304735677,4.566037735849057
6304744404,3.4739039665970775
6304756410,4.756410256410256
630476300X,4.63265306122449
6304766742,4.280701754385965
6304766750,4.0519480519480515
6304773285,4.606060606060606
6304773366,3.6666666666666665
6304773404,3.925925925925926
6304779607,4.016393442622951
6304795254,4.454545454545454
6304798466,4.536363636363636
6304813759,4.705426356589148
6304818254,3.8588235294117648
6304819463,3.780701754385965
6304819927,3.7627450980392156
6304821522,3.968944099378882
630482615X,4.45578231292517
6304844948,3.488721804511278
6304844964,4.045871559633028
6304846126,4.285714285714286
6304852800,4.396551724137931
6304864043,4.566929133858268
6304872402,4.483108108108108
6304891784,4.335714285714285
6304899351,3.98989898989899
6304905386,4.391304347826087
6304907729,4.358778625954199
630491010X,4.3522727272727275
6304910150,4.652777777777778
6304911696,4.118421052631579
6304923082,4.480769230769231
6304925158,4.0
6304932561,3.9722222222222223
6304946554,4.326530612244898
6304946805,4.1395348837209305
6304953747,4.440104166666667
6304960654,4.78740157480315
6304961693,4.726027397260274
6304963173,4.535714285714286
6304972857,3.9397590361445785
6304973004,4.745098039215686
630497342X,3.883211678832117
6304978286,4.095070422535211
6304981643,3.973684210526316
6304994540,4.15692007797271
6304994567,4.15692007797271
6305005893,4.222222222222222
6305006571,4.388888888888889
6305006598,4.45
6305013578,4.394736842105263
6305017271,3.8626609442060085
6305020086,4.111111111111111
6305034397,4.385964912280702
6305037728,4.104838709677419
6305046921,4.477611940298507
630505116X,4.094827586206897
630506685X,4.054054054054054
6305066906,4.43859649122807
6305074143,4.7272727272727275
6305074216,4.110236220472441
6305074305,2.8863636363636362
6305076154,4.663366336633663
6305076456,4.271186440677966
6305076731,4.04
6305077754,4.549180327868853
6305078246,4.64
6305078599,3.4615384615384617
6305080461,4.775
6305082448,4.227642276422764
6305086818,1.7833333333333334
6305090238,4.5396825396825395
6305090343,3.3098591549295775
6305099081,4.485294117647059
6305112878,4.521531100478469
6305112924,4.305882352941176
6305116318,3.9622641509433962
6305120021,3.014705882352941
6305128952,4.544483985765124
6305132143,3.787974683544304
6305132666,4.534632034632034
6305133425,4.5396825396825395
6305133514,4.496240601503759
630513720X,4.211111111111111
630514415X,4.048780487804878
6305161879,4.366515837104072
6305162026,4.288461538461538
6305162042,4.234782608695652
6305165823,3.8048780487804876
630516584X,3.601769911504425
6305165882,3.8072289156626504
6305168822,4.511737089201878
6305169187,4.118348623853211
6305171718,4.151515151515151
6305171769,3.9136546184738954
6305177473,4.625
6305180261,4.4375
6305181381,4.490909090909091
6305183023,4.5085227272727275
6305186677,4.289156626506024
6305191883,4.063559322033898
6305210101,4.568627450980392
6305210144,3.935483870967742
6305214522,4.3125
6305214646,3.8292682926829267
630522207X,4.046875
6305222711,4.71875
6305222754,4.34375
630522661X,3.8317757009345796
6305229449,4.681069958847736
6305230226,3.6324786324786325
6305238065,3.8211009174311927
6305240655,4.034722222222222
6305242143,4.357142857142857
6305248869,4.1722689075630255
6305260621,3.230769230769231
6305262128,4.5
6305262160,4.326086956521739
6305262241,4.627906976744186
6305262268,4.4772727272727275
6305262454,4.470588235294118
6305263299,4.3125
6305263590,2.2325581395348837
6305265496,4.630573248407643
630526564X,3.972972972972973
6305268827,4.5
6305268843,4.474226804123711
6305268916,4.869565217391305
6305268924,4.645161290322581
6305291403,4.423076923076923
6305295522,3.849056603773585
6305297525,4.2005347593582885
6305300550,4.373737373737374
6305300887,4.8565891472868215
630530260X,4.6923076923076925
6305305765,3.2857142857142856
6305308802,4.451612903225806
6305308845,4.0
6305310351,4.335766423357664
6305320098,4.83
6305320179,4.584415584415584
6305320950,4.540983606557377
6305324808,3.936619718309859
6305326940,4.59640522875817
630533580X,4.1381578947368425
6305342741,3.9768041237113403
6305353549,3.4788732394366195
6305358591,4.3201058201058204
6305362998,4.156626506024097
6305364206,4.171171171171171
6305365121,3.962962962962963
6305368201,4.616497829232996
6305372594,4.773584905660377
6305372837,3.8620689655172415
6305416192,4.464285714285714
6305416222,4.775132275132275
6305417830,4.094262295081967
6305426651,4.418250950570342
6305428115,4.5993265993265995
6305428220,3.904255319148936
6305428239,4.282051282051282
6305428247,4.588983050847458
6305428255,3.8763440860215055
630542828X,4.38135593220339
630542845X,4.453488372093023
6305432317,4.080508474576271
6305438137,3.9111922141119226
630543848X,4.689655172413793
6305438498,4.505263157894737
6305470146,3.2
6305470448,4.443768996960486
6305470464,4.218181818181818
6305475695,3.567741935483871
6305480869,4.087198515769944
6305487871,2.9365079365079363
6305492042,4.530434782608696
6305492247,4.280898876404494
6305499365,4.488162878787879
6305499446,4.355555555555555
6305512043,4.476923076923077
6305526079,3.8194444444444446
630553201X,4.3023255813953485
6305537798,4.564668769716088
6305537801,4.25
6305538018,3.9134615384615383
6305538328,3.6875
6305538972,3.6285714285714286
6305554420,4.3
6305568901,3.4138297872340426
6305574944,3.859154929577465
6305575762,3.847457627118644
630557605X,4.376344086021505
6305596247,4.160919540229885
6305599033,3.3684210526315788
630560097X,4.6
6305604819,3.7454545454545456
6305608253,4.27027027027027
6305608733,4.5
6305609764,4.4504716981132075
6305613524,4.925925925925926
6305616027,3.4716981132075473
6305622825,4.243386243386244
6305627401,4.362869198312236
6305650691,4.5
6305657939,4.349869451697128
6305664110,4.592039800995025
6305668353,4.375
6305668426,4.485714285714286
6305674116,4.359550561797753
6305678715,4.078651685393258
6305692688,4.40625
630570189X,3.784313725490196
630571312X,4.706896551724138
6305714886,4.0
6305718903,4.064453125
630573240X,4.526964560862866
6305733651,4.324074074074074
6305741921,3.7225806451612904
6305742030,4.236111111111111
6305748853,4.775
630574999X,4.526964560862866
6305761213,3.956043956043956
6305763305,4.525252525252525
630576333X,4.380952380952381
630576350X,4.219512195121951
6305767866,3.5634920634920637
6305770182,3.5208333333333335
6305772835,3.91025641025641
6305781052,4.043795620437956
6305784906,3.902020202020202
6305789312,4.7407407407407405
6305800073,4.290155440414508
630580706X,4.088709677419355
630580740X,4.261904761904762
6305807426,3.7384615384615385
6305808066,3.3421052631578947
6305809135,4.378378378378378
630581001X,4.2936507936507935
6305810109,4.653333333333333
6305810125,4.54054054054054
6305814627,4.691358024691358
6305814694,3.138888888888889
6305818282,4.5
6305828075,4.043424317617866
6305831661,3.717391304347826
6305832412,4.595744680851064
6305835381,2.414285714285714
6305836663,3.730458221024259
6305837325,4.5271149674620395
6305837562,4.309523809523809
6305842000,4.121212121212121
6305859620,4.222222222222222
6305865590,4.4375
6305870160,4.375
6305870187,4.333333333333333
6305873461,4.606060606060606
630587493X,4.666666666666667
6305892806,4.158808933002481
6305892946,3.8289473684210527
6305897786,3.7843373493975903
6305908419,4.561011904761904
6305918708,4.211267605633803
6305922640,3.1709844559585494
6305926794,4.352941176470588
6305940932,4.002624671916011
6305942331,4.670212765957447
6305943389,4.318840579710145
6305949638,4.355828220858895
6305949662,3.7590361445783134
6305950539,4.753623188405797
6305951446,4.6375
6305951624,3.1538461538461537
6305958041,3.599250936329588
630595805X,4.144329896907217
6305958181,4.038167938931298
6305962596,4.73841961852861
6305963088,3.8734177215189876
6305963126,4.105263157894737
6305968896,3.7555555555555555
6305971935,4.395973154362416
6305972060,3.8976377952755907
6305972079,3.8976377952755907
6305972370,4.271604938271605
6305972451,4.226415094339623
6305976384,3.88
6305989281,3.090909090909091
6306010513,3.96
6306012052,4.138888888888889
6306012400,4.632183908045977
6819903456,4.777777777777778
7502596496,4.657534246575342
753054022X,4.685714285714286
7538445226,4.059210526315789
7799120991,4.676907829534192
7799127775,4.566666666666666
7799128836,4.726461843409316
779913027X,4.620481927710843
7799133104,4.472834645669291
7799144076,4.35225048923679
7799145048,4.676470588235294
7799146915,4.061326658322904
7799146958,4.4641255605381165
7799437278,4.704379562043796
7799444371,4.681985294117647
7880862595,3.6621621621621623
7880879625,4.467819404418828
7883631101,4.331967213114754
7883639161,4.097014925373134
7883666630,4.296137339055794
7883685635,4.640809443507589
7883686887,4.555555555555555
788370091X,4.706586826347305
7883704559,4.8402417962003454
7883704591,4.7421383647798745
7883706837,4.590470446320868
7884063387,4.662576687116564
7885142523,3.668639053254438
7885142566,3.425
7885142604,4.08125
7885142612,4.271186440677966
7885142671,4.422413793103448
7885142892,4.214285714285714
7885880605,4.370967741935484
7885887049,3.652173913043478
8371341318,4.3977272727272725
8379891716,3.868217054263566
985357456X,4.494565217391305
B000001BTW,4.780952380952381
B00000214T,4.040650406504065
B0000022W1,4.697368421052632
B0000022WA,4.702702702702703
B00000289T,4.619047619047619
B0000039BK,4.2025316455696204
B0000039LU,4.228813559322034
B000003KCU,3.90990990990991
B000003KDD,4.263736263736264
B000003KE0,4.5344827586206895
B000003KHS,4.683890577507599
B000003KLO,4.604651162790698
B000003KMM,4.666666666666667
B0000040EK,4.75
B0000040H2,4.799019607843137
B0000048V8,4.7272727272727275
B0000048YO,4.5701754385964914
B000004918,4.413793103448276
B0000049FK,4.78
B000005QH3,4.459770114942529
B000005QHG,4.123376623376624
B000005QLO,4.62
B000005QSO,4.73841961852861
B000005XPV,4.625
B0000060X7,3.1774744027303754
B0000063XU,4.276515151515151
B000006561,4.444444444444445
B0000065M3,4.5
B0000065N8,3.9095238095238094
B0000066CQ,4.044117647058823
B000006934,4.625
B000006DAL,4.466346153846154
B000006FFU,4.63265306122449
B000006FKX,4.355029585798817
B000006FNL,4.462025316455696
B000006GDA,4.566037735849057
B000006GFB,4.4
B000006GTO,4.707070707070707
B000006ND5,4.545454545454546
B000009DTN,4.695652173913044
B000009E13,3.0476190476190474
B000009O12,3.8940677966101696
B000009PPZ,4.559523809523809
B000009S2E,3.4512987012987013
B00000DFR0,3.8194444444444446
B00000EZRQ,3.9894736842105263
B00000EZZ8,4.7105263157894735
B00000F06S,4.722222222222222
B00000F0YO,3.6538461538461537
B00000F2UF,3.820408163265306
B00000F2Y6,4.12987012987013
B00000F31K,3.905511811023622
B00000F39T,4.153846153846154
B00000F3GI,3.678756476683938
B00000F3JB,3.4655172413793105
B00000F3NB,4.5625
B00000F40X,2.721311475409836
B00000F4IE,3.882978723404255
B00000F4KD,4.326923076923077
B00000F4MO,4.628378378378378
B00000F4ZY,4.294117647058823
B00000F5B5,3.673469387755102
B00000F5KA,4.686440677966102
B00000F5OT,4.726027397260274
B00000F5WY,4.25
B00000F7AE,4.152380952380953
B00000F7E6,3.475609756097561
B00000F8KW,4.5
B00000FCYX,4.36144578313253
B00000FDYZ,3.607142857142857
B00000FDZU,4.955555555555556
B00000FYPB,4.311224489795919
B00000FZ5B,3.5520833333333335
B00000FZZW,4.579545454545454
B00000G02H,3.795698924731183
B00000G0CS,4.3577981651376145
B00000G3BN,4.085106382978723
B00000G3DY,2.5
B00000G3GH,4.5
B00000G3L0,4.160621761658031
B00000G3P0,4.4411764705882355
B00000G3PL,4.708683473389356
B00000G3R0,4.413333333333333
B00000I1DU,3.645669291338583
B00000I4VI,3.5
B00000IBKY,3.823529411764706
B00000IBMB,4.632352941176471
B00000IBMC,4.716216216216216
B00000IC7G,3.802325581395349
B00000IC8A,4.447368421052632
B00000IC9T,4.72972972972973
B00000ILBK,3.962962962962963
B00000ILEA,4.498452012383901
B00000ILG0,4.666666666666667
B00000INCI,4.186440677966102
B00000INEV,3.7333333333333334
B00000INEW,4.666666666666667
B00000INEX,4.0
B00000IQBP,4.649122807017544
B00000IQVM,3.48
B00000IQVS,3.613861386138614
B00000IRED,4.5085227272727275
B00000IXPF,4.616352201257862
B00000IXPN,3.923076923076923
B00000J2JB,4.366666666666666
B00000JDIL,4.433333333333334
B00000JGOJ,4.218181818181818
B00000JKSG,4.840909090909091
B00000JLWQ,4.532374100719425
B00000JLWR,4.1923076923076925
B00000JMOI,4.05
B00000JMQ5,4.625
B00000JNBC,4.491803278688525
B00000JNCG,4.526315789473684
B00000JNCI,4.011363636363637
B00000JNTP,3.8125
B00000JPH0,4.488888888888889
B00000JQTW,4.6117647058823525
B00000JQU8,4.419847328244275
B00000JQUA,4.540909090909091
B00000JQUG,4.25
B00000JQVY,3.1884057971014492
B00000JSJ5,4.862068965517241
B00000JWVS,4.5
B00000JZIJ,3.8732394366197185
B00000K2X9,4.009433962264151
B00000K32I,4.565217391304348
B00000K32N,4.333333333333333
B00000K3AM,4.672897196261682
B00000K3UU,4.11864406779661
B00000K501,4.555555555555555
B00001IVEC,4.510204081632653
B00001IVFF,4.009708737864078
B00001TZ6P,4.811320754716981
B00001U0DT,4.488888888888889
B00001U0G5,3.58
B00001U0GS,3.9384615384615387
B00001WY7P,4.830985915492958
B00001ZWTS,3.5202020202020203
B0000203Y5,4.529411764705882
B000021Y6L,4.793103448275862
B000021Y7C,4.306666666666667
B000022TS5,4.455645161290323
B000022TSH,4.622754491017964
B000028U3R,4.793956043956044
B00002AFWT,4.416666666666667
B00002E23E,4.326797385620915
B00002E23H,3.9364548494983276
B00002E24S,4.2439024390243905
B00002EQ0O,4.422535211267606
B00002ND79,3.9761904761904763
B00002RASO,3.5692307692307694
B000031EGT,4.78
B000035P6F,4.0
B000035P86,3.8268292682926828
B000035P8B,4.378378378378378
B000035P9O,4.855421686746988
B000035Z1M,4.50531914893617
B000035Z1R,4.748945147679325
B000035Z46,4.390243902439025
B0000372I2,4.54
B000038I0Y,4.380952380952381
B0000399W9,3.89922480620155
B00003BDZW,4.226315789473684
B00003BDZY,4.226315789473684
B00003CWLI,4.489795918367347
B00003CWOT,4.71830985915493
B00003CWPL,3.920138888888889
B00003CWQL,4.485294117647059
B00003CWS2,4.0
B00003CWT6,4.59854394175767
B00003CX44,3.7845528455284554
B00003CX73,4.167567567567567
B00003CX8I,4.311764705882353
B00003CX9I,3.978723404255319
B00003CXBK,4.705
B00003CXC6,4.5504587155963305
B00003CXD7,3.9166666666666665
B00003CXDJ,4.207142857142857
B00003CXDR,3.9695121951219514
B00003CXE6,4.411384976525822
B00003CXEJ,3.12
B00003CXFU,4.541795665634675
B00003CXH1,3.8095238095238093
B00003CXHG,4.233009708737864
B00003CXHJ,4.137809187279152
B00003CXI6,4.081818181818182
B00003CXIF,4.580246913580247
B00003CXIS,3.6166666666666667
B00003CXIU,2.5513513513513515
B00003CXIY,4.121212121212121
B00003CXJ1,4.196850393700787
B00003CXJ4,4.546341463414634
B00003CXJY,3.808219178082192
B00003CXKA,3.097142857142857
B00003CXKD,3.830769230769231
B00003CXKJ,4.064516129032258
B00003CXKS,4.091836734693878
B00003CXKT,3.6795865633074936
B00003CXL6,3.7941176470588234
B00003CXLS,4.300561797752809
B00003CXMG,4.5855614973262036
B00003CXMO,4.192771084337349
B00003CXMY,4.573913043478261
B00003CXN4,4.11326860841424
B00003CXND,3.4838709677419355
B00003CXO1,3.917004048582996
B00003CXO3,3.8933333333333335
B00003CXP0,4.1778741865509765
B00003CXP1,4.1778741865509765
B00003CXP9,3.9574468085106385
B00003CXPD,4.635467980295567
B00003CXPO,4.526315789473684
B00003CXPV,3.976
B00003CXQ0,4.725
B00003CXQ6,4.114754098360656
B00003CXQA,3.9749430523917995
B00003CXQM,2.3707865168539324
B00003CXQS,3.881516587677725
B00003CXR1,4.474654377880184
B00003CXRA,4.2195845697329375
B00003CXRM,4.530645161290322
B00003CXRO,4.3887015177065765
B00003CXRY,3.5727272727272728
B00003CXS4,4.177545691906006
B00003CXS7,3.5
B00003CXS9,3.6931818181818183
B00003CXSA,3.6931818181818183
B00003CXSH,3.6262626262626263
B00003CXSO,3.636828644501279
B00003CXT7,4.201612903225806
B00003CXT9,4.049180327868853
B00003CXTC,2.4029850746268657
B00003CXTL,3.3627450980392157
B00003CXUM,4.4423076923076925
B00003CXUP,3.1904761904761907
B00003CXVP,3.945736434108527
B00003CXWJ,4.0576923076923075
B00003CXWM,3.892682926829268
B00003CXXG,3.6923076923076925
B00003CXXI,4.607859531772576
B00003CXXP,3.9272349272349274
B00003CXXR,3.8665254237288136
B00003CXXY,4.336842105263158
B00003CXZ1,3.8454790823211877
B00003CXZ3,4.37772397094431
B00003CY1G,3.215686274509804
B00003CY27,4.228915662650603
B00003CY51,4.12987012987013
B00003CY57,3.525
B00003CY5A,4.126315789473685
B00003CY5C,3.88265306122449
B00003CY5F,3.2587412587412588
B00003CY5H,4.140562248995984
B00003CY5P,4.194444444444445
B00003CY5S,3.635135135135135
B00003CY5U,4.437262357414449
B00003CY67,3.772727272727273
B00003CY6C,4.1678832116788325
B00003CY6O,3.099290780141844
B00003CYJ4,4.093333333333334
B00003CYLJ,4.253472222222222
B00003ETJZ,4.3
B00003G4IR,4.7
B00003GPEZ,3.909952606635071
B00003JRAJ,4.769230769230769
B00003JRAV,3.3859649122807016
B00003O02T,4.342105263157895
B00003OSSN,3.7777777777777777
B00003OSTA,4.765395894428153
B00003Q42P,4.490196078431373
B00003RQND,4.648692810457517
B00004CR9T,4.73469387755102
B00004CT8J,4.647619047619048
B00004CWTY,4.75
B00004CX4O,4.268656716417911
B00004CY5S,4.72093023255814
B00004CYNF,3.977272727272727
B00004CYR8,4.465346534653466
B00004D2X8,4.144005847953216
B00004R8UQ,4.229166666666667
B00004R99N,4.506849315068493
B00004RCKI,4.5675675675675675
B00004RERO,4.373831775700935
B00004REV2,2.509433962264151
B00004RFHO,4.549019607843137
B00004RJG3,3.8043478260869565
B00004RM2X,4.557971014492753
B00004RYKP,4.685245901639345
B00004RYSN,4.634556574923548
B00004S8JT,3.4523809523809526
B00004SPFR,3.723684210526316
B00004ST9P,4.735849056603773
B00004T2SI,3.984848484848485
B00004T3AL,4.516129032258065
B00004T6FM,4.324561403508772
B00004T8WW,4.428571428571429
B00004TBUH,4.434210526315789
B00004TJFJ,4.590909090909091
B00004TJMR,4.5625
B00004TLL3,4.5396825396825395
B00004TQF7,4.4375
B00004TRD2,4.785714285714286
B00004TS0J,4.1477272727272725
B00004TX2C,4.632911392405063
B00004TX5O,4.121951219512195
B00004TY4Q,2.875
B00004U104,4.352941176470588
B00004U28P,3.903225806451613
B00004U8GU,4.549019607843137
B00004U8H5,3.7142857142857144
B00004UD5I,4.533333333333333
B00004UEDO,3.356589147286822
B00004UEDQ,4.178807947019868
B00004UEDZ,4.395833333333333
B00004UFSN,4.732394366197183
B00004UGAU,4.444444444444445
B00004VVMZ,3.8842105263157896
B00004VVN5,4.660377358490566
B00004VVOV,4.526315789473684
B00004VVOY,4.653846153846154
B00004VVP2,4.408450704225352
B00004W20Z,4.681818181818182
B00004W3HE,4.483333333333333
B00004W46E,3.9714285714285715
B00004W46G,4.730769230769231
B00004W46I,4.589225589225589
B00004W48W,4.421052631578948
B00004W5TJ,4.4625
B00004W5XJ,4.855421686746988
B00004W5Y0,4.830985915492958
B00004WC7H,4.352
B00004WG2B,3.727272727272727
B00004WG4H,4.507462686567164
B00004WG4J,4.460869565217391
B00004WIBZ,4.84
B00004WMDT,4.21875
B00004X07E,4.477611940298507
B00004X13Q,4.223684210526316
B00004X13T,3.5176470588235293
B00004XPOK,4.588235294117647
B00004XPPD,4.328767123287672
B00004XPPF,4.05
B00004XPPK,4.5701754385964914
B00004Y2QO,4.680851063829787
B00004Y2R4,3.8676470588235294
B00004Y3WH,4.222222222222222
B00004Y56D,4.176589303733603
B00004Y631,2.7794117647058822
B00004Y6AE,2.5
B00004YA66,4.63914373088685
B00004YKPY,3.9583333333333335
B00004YKQR,4.588235294117647
B00004YKS9,3.782608695652174
B00004YNUM,4.481481481481482
B00004YS97,2.63265306122449
B00004YWJE,4.478947368421053
B00004Z1FX,3.8839285714285716
B00004Z4SE,4.531914893617022
B00004Z4U9,4.723214285714286
B00004Z4WQ,3.6584362139917697
B00004Z4WR,4.155963302752293
B00004ZB6M,4.588235294117647
B00004ZDFL,3.694915254237288
B00004ZESV,3.9069767441860463
B00004ZEU5,4.570921985815603
B0000507PF,3.9375
B00005094P,4.447368421052632
B000050IL8,3.8892857142857142
B000050NS2,4.23758865248227
B000051SHA,4.549295774647887
B000051SHB,3.125
B0000524D0,4.377049180327869
B0000524E5,4.213656387665198
B0000524ET,4.815789473684211
B000053GYD,4.4655172413793105
B000053V7A,3.830188679245283
B000053V8F,3.9662576687116564
B000053VEG,4.260869565217392
B000053W55,4.106870229007634
B0000541W8,3.59375
B000055WFX,3.2253521126760565
B000055XAA,4.5
B000055YVT,2.9523809523809526
B000055Z8E,4.236111111111111
B000055ZF1,3.668269230769231
B000055ZGP,4.5
B000055ZK9,4.62962962962963
B000056BSJ,4.361702127659575
B000056HEC,4.838095238095238
B000056HEG,4.680851063829787
B000056KQN,4.432038834951456
B000056MMR,3.6666666666666665
B000056MOF,4.361111111111111
B000056OCJ,3.8193832599118944
B000056PMV,3.7233009708737863
B000056PNR,3.856115107913669
B000056T5K,4.688679245283019
B000056VP3,4.745614035087719
B000056WK2,4.56
B000057II5,4.590909090909091
B000057X1N,4.035714285714286
B000057X1R,4.360927152317881
B0000584ZH,3.8313253012048194
B000058CB6,4.123076923076923
B00005957B,4.6923076923076925
B000059H6T,4.601092896174864
B000059H79,3.4
B000059HAU,3.8313253012048194
B000059HCH,3.9235294117647057
B000059PQH,2.357894736842105
B000059PR3,3.753086419753086
B000059PSE,3.4342105263157894
B000059TQ9,4.796178343949045
B000059XVO,3.5692307692307694
B00005A1ST,4.052631578947368
B00005A1SW,4.757575757575758
B00005A8S3,4.0
B00005A8S9,4.0
B00005AA9G,3.5481927710843375
B00005ABUB,4.698412698412699
B00005ALS0,4.175074183976261
B00005ALS2,4.431893687707642
B00005AQ65,4.213438735177865
B00005ASOO,4.625
B00005ATQJ,4.423913043478261
B00005B1VQ,4.026315789473684
B00005B1Y1,4.712328767123288
B00005B1YH,4.0
B00005B21A,4.7
B00005B6L0,3.953846153846154
B00005BCKF,4.0344827586206895
B00005BCPC,4.158808933002481
B00005BIG4,4.090909090909091
B00005BJCB,4.535714285714286
B00005BKZD,3.3620689655172415
B00005BKZE,3.3620689655172415
B00005IBCP,4.257142857142857
B00005IC52,4.358910891089109
B00005IC54,3.9441624365482233
B00005J6V1,4.5
B00005JCCB,3.953125
B00005JHAA,4.528301886792453
B00005JK8N,3.8135593220338984
B00005JKDR,4.790909090909091
B00005JKIO,3.4655172413793105
B00005JKIS,4.429530201342282
B00005JKJA,3.9031413612565444
B00005JKJJ,4.081081081081081
B00005JKJM,4.023489932885906
B00005JKJS,4.411111111111111
B00005JKJY,4.085365853658536
B00005JKKY,4.056179775280899
B00005JKL8,4.150735294117647
B00005JKLQ,4.0636363636363635
B00005JKLW,3.4705882352941178
B00005JKM2,4.2368421052631575
B00005JKMG,4.103759398496241
B00005JKMQ,3.492248062015504
B00005JKMW,3.54014598540146
B00005JKMY,3.4353312302839116
B00005JKTE,3.857142857142857
B00005JKTI,3.8468085106382977
B00005JKU7,4.634920634920635
B00005JKWG,4.0
B00005JKWI,4.180412371134021
B00005JKWX,4.14935064935065
B00005JKX3,4.263888888888889
B00005JKXE,4.062015503875969
B00005JKYX,3.683720930232558
B00005JKZU,4.640269151138717
B00005JKZY,4.669117647058823
B00005JL1P,4.609929078014185
B00005JL29,3.8257575757575757
B00005JL3T,3.9116693679092385
B00005JL57,4.005988023952096
B00005JL6V,4.59375
B00005JL6X,4.11875
B00005JL7Q,4.29608938547486
B00005JL8Z,3.8383838383838382
B00005JL9A,4.0
B00005JLBE,3.664438502673797
B00005JLD4,4.377049180327869
B00005JLEW,4.464864864864865
B00005JLEX,4.479591836734694
B00005JLEY,4.566265060240964
B00005JLF1,4.52
B00005JLF2,4.573283858998145
B00005JLF3,4.703488372093023
B00005JLFT,4.654320987654321
B00005JLFV,4.630434782608695
B00005JLGP,3.9096045197740112
B00005JLH0,4.020833333333333
B00005JLH2,4.4
B00005JLIC,4.665048543689321
B00005JLJE,4.8191780821917805
B00005JLJK,4.588235294117647
B00005JLKB,4.467065868263473
B00005JLNZ,3.8433734939759034
B00005JLOT,4.513761467889908
B00005JLPK,4.172086720867209
B00005JLQ8,4.4340909090909095
B00005JLQE,4.024528301886792
B00005JLQT,4.268656716417911
B00005JLQW,4.472527472527473
B00005JLR1,4.480861244019139
B00005JLR8,4.564814814814815
B00005JLRT,3.643533123028391
B00005JLSB,4.409190371991247
B00005JLSE,4.288220551378446
B00005JLT5,4.6120401337792645
B00005JLTN,3.575
B00005JLWN,3.611587982832618
B00005JLX2,3.9327731092436973
B00005JLYP,4.5425101214574894
B00005JLYW,3.123529411764706
B00005JLZ2,3.759493670886076
B00005JLZK,3.8343949044585988
B00005JLZW,3.6837606837606836
B00005JM0B,3.940851735015773
B00005JM1F,4.027906976744186
B00005JM20,3.8632478632478633
B00005JM23,3.8607594936708862
B00005JM2Y,4.5
B00005JM39,4.393203883495145
B00005JM3A,4.626373626373627
B00005JM3C,4.605911330049261
B00005JM3G,4.7
B00005JM4Q,3.5280898876404496
B00005JM4W,3.978494623655914
B00005JM55,3.1666666666666665
B00005JM5B,3.7642857142857142
B00005JM5E,4.505747126436781
B00005JM5Z,4.734375
B00005JM7T,3.517730496453901
B00005JM9Q,3.9791666666666665
B00005JM9Z,2.9508196721311477
B00005JMA8,3.8210412147505424
B00005JMAH,4.346853146853147
B00005JMCT,3.7302631578947367
B00005JMCW,4.476683937823834
B00005JMET,3.4722222222222223
B00005JMFQ,4.212809917355372
B00005JMH8,3.9846153846153847
B00005JMHI,4.554347826086956
B00005JMIJ,3.7637362637362637
B00005JMJ4,3.65327868852459
B00005JMJG,4.065075921908893
B00005JMMW,4.688888888888889
B00005JMN7,4.7
B00005JMPT,4.044843049327354
B00005JMQW,4.376838235294118
B00005JMQZ,4.352564102564102
B00005JMSD,4.628571428571429
B00005JMUK,4.256830601092896
B00005JMXO,3.673469387755102
B00005JMXX,3.875207986688852
B00005JMYF,4.030837004405286
B00005JMYI,3.543529411764706
B00005JMZK,3.5370786516853934
B00005JN0A,4.139705882352941
B00005JN0T,4.1301775147929
B00005JN2Z,4.240184757505774
B00005JN3W,3.9158878504672896
B00005JN4H,4.026315789473684
B00005JN55,4.198630136986301
B00005JN5E,4.342019543973941
B00005JN5T,3.5714285714285716
B00005JN80,4.636363636363637
B00005JN8Q,4.538461538461538
B00005JN8S,4.654205607476635
B00005JNBN,2.588235294117647
B00005JNBQ,3.9484126984126986
B00005JNC2,3.816666666666667
B00005JND2,3.3069306930693068
B00005JND5,4.53757225433526
B00005JNDZ,3.5913461538461537
B00005JNEI,3.7434052757793763
B00005JNEQ,4.793103448275862
B00005JNEW,4.335
B00005JNF1,4.671875
B00005JNF7,3.824675324675325
B00005JNHT,4.4222222222222225
B00005JNJR,3.8125
B00005JNJV,4.528769841269841
B00005JNLQ,3.804428044280443
B00005JNNT,3.1241830065359477
B00005JNOG,4.671388101983003
B00005JNP4,3.9525862068965516
B00005JNQA,3.60752688172043
B00005JNQG,4.338181818181818
B00005JNS4,5.0
B00005JNS8,4.379032258064516
B00005JNT2,4.346534653465347
B00005JNTU,3.753226711560045
B00005JNU5,4.392156862745098
B00005JNX0,4.263250883392226
B00005JO16,3.522727272727273
B00005JO1R,4.409663865546219
B00005JO20,4.107487922705314
B00005JO28,3.8045454545454547
B00005JO2C,4.708333333333333
B00005JO2V,4.745098039215686
B00005JO4D,4.742857142857143
B00005JO4F,4.470588235294118
B00005JO9J,4.578571428571428
B00005JO9K,5.0
B00005JOA4,4.595238095238095
B00005JOAP,4.62962962962963
B00005JOHC,4.696078431372549
B00005JOIH,3.986254295532646
B00005JOJR,4.75531914893617
B00005JONU,5.0
B00005JOQB,3.3345195729537367
B00005JOSO,4.344594594594595
B00005JOTJ,4.269230769230769
B00005JOU0,2.989795918367347
B00005JOUX,4.136363636363637
B00005JOWN,3.909090909090909
B00005JOWT,4.21301775147929
B00005JOX2,3.998500749625187
B00005JOXC,4.673469387755102
B00005JOXZ,4.793103448275862
B00005JOYL,3.6791044776119404
B00005JOZ0,4.339622641509434
B00005JOZI,4.595652173913043
B00005JP00,3.0789473684210527
B00005JP03,4.215962441314554
B00005JP0C,4.205821205821206
B00005JP0X,4.604651162790698
B00005JP3K,5.0
B00005JP3M,4.570093457943925
B00005JP60,4.333333333333333
B00005JP63,4.206896551724138
B00005JP86,4.09915611814346
B00005JP96,2.4948979591836733
B00005JP97,4.259433962264151
B00005JPA0,3.78125
B00005JPA6,4.364747756112658
B00005JPAM,4.494962216624685
B00005JPAS,3.474264705882353
B00005JPB0,4.237037037037037
B00005JPBL,3.847682119205298
B00005JPD0,4.370270270270271
B00005JPE3,4.143478260869565
B00005JPFH,3.7671840354767183
B00005JPFT,4.050980392156863
B00005JPH2,4.389496717724289
B00005JPI2,4.453760162601625
B00005JPI6,4.485714285714286
B00005JPJ8,3.653295128939828
B00005JPJK,4.36
B00005JPK3,4.076190476190476
B00005JPK8,4.372881355932203
B00005JPKE,4.421052631578948
B00005JPKW,3.8585209003215435
B00005JPL5,4.26953125
B00005JPLQ,3.1782178217821784
B00005JPN8,4.462686567164179
B00005JPNO,4.170914542728636
B00005JPNV,4.691011235955056
B00005JPNY,3.760135135135135
B00005JPOE,4.587360594795539
B00005JPON,4.55
B00005JPP2,3.5106382978723403
B00005JPQE,3.7777777777777777
B00005JPTK,3.891167192429022
B00005JPTT,4.0
B00005JPUN,3.4487951807228914
B00005JPUW,4.012121212121212
B00005JPX8,4.359477124183006
B00005JPXA,4.09433962264151
B00005JPXP,4.227180527383367
B00005JPXS,4.361963190184049
B00005JPXY,3.4769687964338782
B00005JPY0,4.380072137060415
B00005JXI9,4.682539682539683
B00005JY1C,4.0344827586206895
B00005K3FL,3.7169811320754715
B00005K3NW,4.3478260869565215
B00005K3OI,3.873767258382643
B00005K9OE,4.326086956521739
B00005KA7F,4.0
B00005KA9Z,3.945736434108527
B00005KB4D,4.217391304347826
B00005KHJJ,4.2110091743119265
B00005KK3M,4.671875
B00005LB8B,4.114285714285714
B00005LC1F,4.84
B00005LC4N,4.377659574468085
B00005LC5R,4.6976744186046515
B00005LDDB,3.559322033898305
B00005LKIA,3.8518518518518516
B00005LKLF,4.0
B00005LQ1L,4.166666666666667
B00005M20M,4.644628099173554
B00005MEV2,3.935483870967742
B00005MEVO,3.8513513513513513
B00005MKKV,4.638888888888889
B00005MKOL,4.759541984732825
B00005MKXB,4.005376344086022
B00005MM8N,4.65
B00005N5SI,4.354166666666667
B00005N5UF,4.533333333333333
B00005N7Z0,4.735955056179775
B00005N8A9,4.329411764705882
B00005N8AL,4.1875
B00005N8AN,4.882352941176471
B00005N90Y,3.96875
B00005NB93,4.606310013717421
B00005NBDH,4.387096774193548
B00005NFL9,4.337606837606837
B00005NFYY,4.266666666666667
B00005NG05,4.055555555555555
B00005NI7G,3.755
B00005NKSD,4.137755102040816
B00005NKVF,3.6296296296296298
B00005NQGO,4.127659574468085
B00005NQGR,4.461538461538462
B00005NSY6,4.095238095238095
B00005NSY7,4.095238095238095
B00005NTOH,2.89247311827957
B00005O06W,4.47191011235955
B00005O0SO,4.392523364485982
B00005O5CM,4.252840909090909
B00005O5DJ,3.8865248226950353
B00005OCR8,4.534883720930233
B00005OSOZ,3.5254237288135593
B00005PJ8O,4.755720053835801
B00005PJ8W,4.3428571428571425
B00005QAPH,4.406976744186046
B00005QAQD,4.246153846153846
B00005QATG,4.338461538461538
B00005QBZD,4.60377358490566
B00005QCW4,4.636363636363637
B00005QFE5,4.592592592592593
B00005QJIG,3.5892857142857144
B00005QT9O,4.252873563218391
B00005QTAU,4.5
B00005QVVD,4.723809523809524
B00005QW5X,4.295238095238095
B00005QW5Y,4.137931034482759
B00005QW9I,3.816326530612245
B00005QW9L,4.116279069767442
B00005QWAI,3.8380281690140845
B00005R273,4.583333333333333
B00005R2D4,4.2631578947368425
B00005R874,4.003846153846154
B00005R87L,4.530120481927711
B00005RDST,4.514705882352941
B00005RDWC,4.514705882352941
B00005RHGK,3.7439759036144578
B00005RIY5,4.666666666666667
B00005RRG7,4.821100917431193
B00005T30I,4.51063829787234
B00005T33H,4.526315789473684
B00005T33K,4.642361111111112
B00005T33W,4.086363636363636
B00005T5YG,5.0
B00005T7H7,3.8448275862068964
B00005TNEQ,4.638888888888889
B00005TNER,2.909090909090909
B00005TNFH,1.864516129032258
B00005TPKX,4.523809523809524
B00005U0JX,4.423728813559322
B00005U2K8,4.75
B00005U2KN,4.319444444444445
B00005U2KS,4.651162790697675
B00005U8EL,3.5873015873015874
B00005U8F0,4.806451612903226
B00005U8F4,4.715447154471545
B00005UKKF,3.619047619047619
B00005UQ9F,3.949275362318841
B00005UQ9V,4.177631578947368
B00005UQ9W,3.6493506493506493
B00005UV33,4.066666666666666
B00005UV34,4.319444444444445
B00005V1YG,3.766990291262136
B00005V3Z4,4.270238095238096
B00005V4XW,3.9655172413793105
B00005V4YF,3.773913043478261
B00005V7CT,4.033596837944664
B00005Y6YJ,4.162241887905605
B00005Y7GQ,4.260869565217392
B00005YU1M,3.9338842975206614
B00005YU82,4.572649572649572
B00005YUO1,4.3249475890985325
B00005YUPN,4.466666666666667
B00005YUSL,4.467741935483871
B000060MVK,4.7727272727272725
B000060OFU,4.711340206185567
B000062TXS,4.380281690140845
B000062XDX,4.513513513513513
B000062XEM,5.0
B000062XFG,4.519188596491228
B000062Y3Z,3.851063829787234
B0000633LO,3.9947916666666665
B0000633R4,4.4
B0000634AQ,4.363636363636363
B0000639EL,4.285714285714286
B0000639HO,3.236641221374046
B0000639KS,3.5873015873015874
B000063BJ1,4.75
B000063EME,4.759124087591241
B000063J8R,4.666666666666667
B000063K17,4.488372093023256
B000063RQO,4.3478260869565215
B000063TQS,4.639344262295082
B000063V8R,4.715302491103203
B000063V8T,4.735772357723577
B000063V8U,4.821739130434783
B0000640RV,4.0875
B0000640VJ,3.819548872180451
B0000640VK,3.921409214092141
B0000640VN,4.1702970297029704
B0000640VO,4.531021897810219
B0000640VR,3.760869565217391
B00006420D,4.302521008403361
B00006422R,4.729166666666667
B00006472N,4.4655172413793105
B000065OZ2,4.8090909090909095
B000065R11,4.377358490566038
B000065U38,4.579710144927536
B000065U3P,3.4285714285714284
B000065U63,3.7474747474747474
B000065UH7,4.012987012987013
B000065V3K,4.6204081632653065
B000065V3X,4.456310679611651
B00006681E,3.9043478260869566
B000066C73,2.5384615384615383
B000066HAS,4.433673469387755
B000066IXU,3.4782608695652173
B000067DNC,4.7793696275071635
B000067FPE,4.5
B000067IVT,4.298245614035087
B000067J0M,3.8854166666666665
B000067J3S,3.964467005076142
B000067S1H,4.760683760683761
B0000687FU,4.558139534883721
B000068CNX,4.719101123595506
B000068DBD,4.45
B000068DBE,4.654822335025381
B000068MBI,4.220430107526882
B000068QQ2,4.2
B000068TSI,4.539499036608863
B000068UE9,4.784313725490196
B000068V9R,4.375
B000068WS6,4.421875
B00006950U,4.336363636363636
B00006951A,3.0849056603773586
B00006953K,3.964467005076142
B000069BJH,4.354838709677419
B000069CFH,4.241758241758242
B000069HPZ,4.6
B000069HXC,4.672
B000069HYD,3.5225225225225225
B000069I5V,3.5843137254901962
B00006A8T3,4.466346153846154
B00006ADDE,3.595890410958904
B00006ADFI,3.0
B00006ADFN,4.211764705882353
B00006ADFO,3.112676056338028
B00006ADFT,3.8823529411764706
B00006AGHD,4.176136363636363
B00006AUHB,4.861702127659575
B00006AUHZ,4.295566502463054
B00006AUJR,4.204918032786885
B00006AUMZ,4.204918032786885
B00006AVRK,4.626506024096385
B00006AW5T,4.529411764705882
B00006AW63,4.0
B00006CXHZ,3.9166666666666665
B00006CXSS,4.871130030959752
B00006D28S,3.746268656716418
B00006D28U,4.097222222222222
B00006FD8X,4.87012987012987
B00006FDCF,4.544303797468355
B00006FDCP,4.66289592760181
B00006FDCR,4.571428571428571
B00006FHZE,4.379746835443038
B00006FI0S,3.4166666666666665
B00006G8J7,4.6461538461538465
B00006G8J8,4.8061224489795915
B00006G8JD,4.065789473684211
B00006HAWN,4.1938775510204085
B00006HAWV,3.480769230769231
B00006HAX7,4.204081632653061
B00006HBUA,3.548780487804878
B00006HMPC,4.117647058823529
B00006IRH9,4.82051282051282
B00006IUFQ,4.03125
B00006IUH2,4.485549132947977
B00006JDQF,5.0
B00006JDSI,4.4508670520231215
B00006JDVX,3.8195876288659796
B00006JE59,4.451720310765816
B00006JMRD,4.562091503267974
B00006JXWB,4.0
B00006JZI2,4.594202898550725
B00006L91N,3.239130434782609
B00006LA87,4.162544169611308
B00006LPHA,2.8542600896860986
B00006LPHB,3.909090909090909
B00006LPJ0,4.830508474576271
B00006LSJI,4.716981132075472
B00006NT1R,4.3797856049004595
B00006RCMW,4.157894736842105
B00006RCNF,4.181818181818182
B00006RCNX,4.701923076923077
B00006RJCM,4.75
B00006RVJR,4.272
B00006SFKN,3.8688524590163933
B00006SFL7,4.23404255319149
B00006SFOB,3.8688524590163933
B00006WUWP,3.588709677419355
B00006WUWQ,4.578947368421052
B00006ZXSK,4.63258785942492
B00006ZZ05,4.64
B00007149J,4.6891891891891895
B00007149K,3.8292682926829267
B0000714BS,4.565217391304348
B0000714BZ,4.711340206185567
B0000764FF,4.517857142857143
B000077VQ6,4.396396396396397
B000077VRT,3.762237762237762
B000078UJW,4.777777777777778
B0000797E5,4.712328767123288
B0000797IO,3.6794871794871793
B0000798EY,4.785714285714286
B00007AJFV,3.671232876712329
B00007AJKI,4.015873015873016
B00007AJKK,4.6521739130434785
B00007AP31,3.9672131147540983
B00007CVWY,4.681818181818182
B00007D00L,4.25
B00007D00N,3.2857142857142856
B00007DWRG,4.422680412371134
B00007ELCZ,4.836956521739131
B00007ELDF,4.193548387096774
B00007ELF1,4.5
B00007G1YH,4.311111111111111
B00007G1YQ,3.8617021276595747
B00007G1ZB,2.2195121951219514
B00007G78A,4.1923076923076925
B00007GZPE,3.6666666666666665
B00007I6FP,4.705314009661835
B00007JGFY,4.840909090909091
B00007JMD8,4.6722222222222225
B00007JME6,4.214285714285714
B00007JMEA,3.388059701492537
B00007JXWX,3.746031746031746
B00007JZU4,4.461538461538462
B00007K07R,4.232142857142857
B00007L4KG,3.203125
B00007L4OE,2.6666666666666665
B00007L4OF,4.605442176870748
B00007L4OM,4.184210526315789
B00007LB4B,3.981132075471698
B00007LLIV,4.714285714285714
B00007M55V,4.491228070175438
B00007M5IP,4.16546762589928
B00007M5J1,4.637755102040816
B000083C59,4.181818181818182
B000083C6V,4.346726190476191
B000083C6W,4.720430107526882
B00008438W,4.5423728813559325
B0000844JY,4.0
B0000844LU,3.0185185185185186
B0000844MI,4.822784810126582
B000085EEI,4.6716417910447765
B000087F0V,4.346938775510204
B000087F7O,3.6835443037974684
B000087LIM,4.6521739130434785
B00008972B,3.9684684684684686
B00008972D,4.9714285714285715
B00008972L,3.9684684684684686
B00008972O,3.4078947368421053
B0000897EG,3.8
B000089RT0,4.572815533980583
B00008AORL,4.9245283018867925
B00008AOVL,4.192592592592592
B00008AOWC,4.0
B00008AOX3,4.32
B00008DDJD,4.428571428571429
B00008DDSC,3.6297117516629713
B00008DDUY,4.357142857142857
B00008DDVT,4.6
B00008DDVU,3.7241379310344827
B00008DDWU,4.75
B00008DDWV,4.5285714285714285
B00008DDXJ,4.25
B00008DP4B,4.90625
B00008EY60,4.527272727272727
B00008EY6N,4.666666666666667
B00008EY6Q,4.612903225806452
B00008EY9G,4.089201877934272
B00008G629,3.755
B00008G640,2.0652173913043477
B00008G8A7,4.0688524590163935
B00008G8P2,3.8548387096774195
B00008G91Q,4.521739130434782
B00008H2G4,4.735849056603773
B00008J2I7,4.181818181818182
B00008J2PG,4.6645569620253164
B00008K76X,4.585714285714285
B00008K7AM,4.017699115044247
B00008KDGZ,4.20703125
B00008L3S9,4.68
B00008LDPV,4.1313131313131315
B00008MOUP,4.3297297297297295
B00008MTW7,4.50314465408805
B00008MTWI,4.032258064516129
B00008MTXJ,3.902439024390244
B00008MTXY,3.0130718954248366
B00008MTYC,4.5
B00008NRI7,3.951020408163265
B00008NV4G,4.729166666666667
B00008O32J,4.591549295774648
B00008OTTG,4.51304347826087
B00008PW1F,4.709756097560976
B00008PW2D,4.177083333333333
B00008S7KC,4.237288135593221
B00008V5RO,4.645833333333333
B00008W41B,4.488636363636363
B00008W64E,4.3951890034364265
B00008WJD6,3.712871287128713
B00008WJE5,4.623376623376624
B00008XERA,3.565934065934066
B00008Y1AI,5.0
B00008Y47T,4.074074074074074
B00008YGRQ,4.557522123893805
B00008YGRR,4.770161290322581
B00008YGRT,4.523809523809524
B00008YGRU,4.643601190476191
B00008YGRX,4.271186440677966
B00008YGRY,4.526455026455026
B00008YLUY,3.9770992366412212
B00008YLVB,4.578947368421052
B00008YNI2,3.307017543859649
B00008YOD2,3.792682926829268
B00008YRTD,3.7183098591549295
B000090W7H,4.777777777777778
B000092T3Y,4.403846153846154
B000093NOL,4.51304347826087
B000093NTL,4.628571428571429
B000093W4U,3.4489795918367347
B000094FFC,4.531645569620253
B000095J2Y,3.8703703703703702
B000096I9G,4.739130434782608
B000096IBH,4.644736842105263
B000096IBI,4.89873417721519
B000096IBT,4.116591928251121
B0000996IS,4.706666666666667
B00009ATIX,3.3443708609271523
B00009ATJZ,4.916666666666667
B00009IB3B,4.020833333333333
B00009L502,4.234375
B00009MEC4,3.944055944055944
B00009MECJ,3.210526315789474
B00009MEK2,4.222222222222222
B00009MEKL,3.3896103896103895
B00009N1WI,4.440860215053763
B00009NHAR,3.8507462686567164
B00009OOFB,3.7854938271604937
B00009PY4G,4.371794871794871
B00009PY4I,4.1568627450980395
B00009QG5T,4.631578947368421
B00009QG6G,3.9444444444444446
B00009RDG6,4.818181818181818
B00009RDG9,3.9765625
B00009RG46,4.211827956989247
B00009UW0U,4.825396825396825
B00009V7Q4,4.0
B00009V7QE,4.5
B00009VRF0,4.716216216216216
B00009W2GQ,3.6025
B00009WHRN,4.7368421052631575
B00009WNWH,3.0784313725490198
B00009WVSM,4.290322580645161
B00009XITR,4.411764705882353
B00009XN37,4.5
B00009Y3P8,4.396396396396397
B00009Y3RE,4.182795698924731
B00009Y3RW,4.510204081632653
B00009YXEW,3.975
B00009ZPUC,4.136363636363637
B00009ZY9E,4.254237288135593
B0000A02U0,3.9846153846153847
B0000A1HPU,4.069767441860465
B0000A1HW7,4.414634146341464
B0000A2ZNL,4.869047619047619
B0000A2ZNX,4.762162162162162
B0000A2ZR7,4.5
B0000A5A11,4.548387096774194
B0000A5BSU,3.7191489361702126
B0000A7W10,3.175
B0000A9D4A,3.7868852459016393
B0000A9GHP,3.8793103448275863
B0000ACOXL,3.9323308270676693
B0000AGQ6R,4.140350877192983
B0000AGWSC,4.691056910569106
B0000AISI4,4.029850746268656
B0000AKCJP,4.575
B0000AKCKI,4.166666666666667
B0000AQS18,4.60655737704918
B0000AVHAO,3.986842105263158
B0000AZKJ8,4.446153846153846
B0000C2IQB,4.5127478753541075
B0000C2IQQ,4.283783783783784
B0000C2IV1,4.285714285714286
B0000CABBW,4.466216216216216
B0000CABE6,3.88412017167382
B0000CABL2,4.7384615384615385
B0000CE684,4.3304347826086955
B0000CGDQQ,4.56
B0000CGNEH,4.508620689655173
B0000CNY5G,3.7881944444444446
B0000D9PNX,4.419213973799127
B0000DBJ9P,4.151515151515151
B0000DBK9X,4.535714285714286
B0000DC13R,4.706896551724138
B0000DGBEY,4.787037037037037
B0000DI88C,4.52
B0000DKDUT,1.9493670886075949
B0000DKMK0,4.145058248778654
B0000DZ3EG,4.850340136054422
B0000DZ3IE,2.56
B0000DZ6N3,3.934306569343066
B0000DZTIN,4.615384615384615
B0000DZTIP,4.5
B0000E2PVR,3.9506726457399104
B0000E32UZ,4.280487804878049
B0000E32WJ,4.120967741935484
B0000E32X2,4.625
B0000E32X3,4.765486725663717
B0000E5NPY,4.53125
B0000EYV7E,4.862068965517241
B0000INU6I,4.794117647058823
B0000SVUZ6,4.2105263157894735
B0000SWN4I,4.607142857142857
B0000SX9MS,3.708502024291498
B0000TAZW4,4.580645161290323
B0000TG8UM,4.59748427672956
B0000TGADW,4.766666666666667
B0000TPA0G,3.1379310344827585
B0000TPA6K,4.1863636363636365
B0000TSQJS,2.737704918032787
B0000UI2NM,3.858510638297872
B0000UQQTE,4.4
B0000V46CW,4.555555555555555
B0000V46D6,4.555555555555555
B0000V4906,4.680412371134021
B0000VCZK2,4.7463126843657815
B0000VCZLG,4.025
B0000VCZNE,3.189655172413793
B0000VD02E,4.286764705882353
B0000VD0RO,4.215686274509804
B0000VD11E,4.527027027027027
B0000VD12I,4.469879518072289
B0000VJG72,3.9029535864978904
B0000VV4I6,3.1702127659574466
B0000VV4MW,3.6486486486486487
B0000VV4OK,4.19811320754717
B0000W3QS6,3.5047619047619047
B0000WN1PO,4.0
B0000WST6A,3.1016949152542375
B0000X2ECE,4.4935064935064934
B0000YED1S,3.652173913043478
B0000YEE6C,2.1794871794871793
B0000YTOKI,3.6493506493506493
B0000YTP02,4.814077025232404
B0000ZMGWK,3.1796875
B0000ZMGZW,4.536585365853658
B00011V8HW,3.9118773946360155
B000127LW2,4.363481756338899
B00012QLB4,4.131782945736434
B00013F32G,4.7073170731707314
B00013RC2K,4.0
B00013RC34,3.590909090909091
B00014K58W,3.7387387387387387
B00014NF02,3.834862385321101
B00015GA8A,4.585585585585585
B00015HVI8,4.797609561752989
B00015HVM4,4.341463414634147
B00015HX5E,3.769230769230769
B00015YVI6,3.4313725490196076
B00016113I,4.85
B00016JE5U,4.8125
B00016MSVM,4.244604316546763
B000171RAE,4.56140350877193
B00017LVNC,4.661538461538462
B00018D3LE,4.352941176470588
B00018D3YG,4.27906976744186
B00018D4XQ,4.142857142857143
B00018U9FW,4.295880149812734
B00018YCIM,4.309859154929577
B00018YCJ6,4.659574468085107
B0001906VI,4.035714285714286
B0001906X6,4.776470588235294
B0001907AI,4.447916666666667
B0001907BW,4.4375
B00019330O,4.82
B000197134,4.357142857142857
B00019HOR2,3.189655172413793
B0001A79G2,4.009803921568627
B0001ADAVK,3.7784431137724552
B0001ADB5U,4.544642857142857
B0001AVZ9E,4.642857142857143
B0001AVZM6,4.662790697674419
B0001AVZNU,4.703125
B0001AW02A,3.873015873015873
B0001AW066,4.63013698630137
B0001AW0HU,3.572192513368984
B0001CCXZW,4.731958762886598
B0001CJ8XM,3.1914893617021276
B0001CLEFM,3.4655172413793105
B0001CNPLI,4.405405405405405
B0001CNQUS,4.788235294117647
B0001CNQVM,4.811881188118812
B0001CNRLG,4.363636363636363
B0001CNRLQ,4.494949494949495
B0001CNRRU,3.980392156862745
B0001CNRS4,3.892857142857143
B0001DA0B0,4.779816513761468
B0001DA4RK,4.278688524590164
B0001DCXTM,4.2
B0001DMUF4,4.590909090909091
B0001DMVVC,4.121951219512195
B0001DMXEC,4.764227642276423
B0001DYG1U,4.584415584415584
B0001E5GQI,4.620689655172414
B0001EFTVA,4.62
B0001EFUFK,3.343283582089552
B0001F0WM0,4.5625
B0001FGBZM,4.538461538461538
B0001FT50A,4.697986577181208
B0001FVDG4,4.653465346534653
B0001GF2F6,4.349253731343284
B0001GOH84,4.230769230769231
B0001HAGQK,4.735042735042735
B0001HAGTM,4.214285714285714
B0001HAGTW,4.172839506172839
B0001HAHNM,4.058333333333334
B0001HAI0E,4.785714285714286
B0001I2BUI,4.416666666666667
B0001I551K,4.087431693989071
B0001I55ZQ,4.196428571428571
B0001JXOVC,4.265442404006678
B0001JXP2A,4.342105263157895
B0001JXP8Y,4.7
B0001JXPPC,4.769230769230769
B0001K2L4W,4.295774647887324
B0001K5GOO,4.709090909090909
B0001KL5DA,4.51951951951952
B0001KL5HQ,4.6
B0001KL5IU,4.634328358208955
B0001KL60C,4.417153996101365
B0001KNHAE,4.078947368421052
B0001KNHSQ,4.203389830508475
B0001L3LUE,4.496402877697841
B0001LJBTE,4.722222222222222
B0001LQJQW,3.4833333333333334
B0001M3MXY,4.634615384615385
B0001MDP36,4.093258426966292
B0001MIQBC,4.434782608695652
B0001MIQMG,4.674418604651163
B0001MMGC2,2.880952380952381
B0001MXPF4,4.090909090909091
B0001MZ7IC,4.69620253164557
B0001NBLVI,4.589473684210526
B0001NBLYA,4.681818181818182
B0001NBMAS,4.622222222222222
B0001NBMFI,4.36
B0001NBMHQ,4.21875
B0001NBNF2,3.503086419753086
B0001NBNFW,4.574000480905852
B0001NBNIY,4.85
B0001NBNJ8,4.85929648241206
B0001O3YLM,4.550724637681159
B0001OGVQ2,4.269230769230769
B0001PKFLS,4.358208955223881
B0001Q4BOE,4.0285714285714285
B0001US67I,4.640449438202247
B0001US8EE,4.6173913043478265
B0001UZZTK,3.9814814814814814
B0001VL0KC,4.177083333333334
B0001WNL26,4.730769230769231
B0001WNL2G,4.824324324324325
B0001WTV7K,3.314814814814815
B0001WTWDI,3.9700374531835205
B0001WTWXI,4.630434782608695
B0001X1WK8,3.4805194805194803
B0001XAPX8,3.705357142857143
B0001Z3I12,4.217391304347826
B0001Z3I1C,4.75
B0001Z3IPS,4.87890625
B0001Z3TS4,4.220708446866485
B0001Z51LC,4.589285714285714
B0001ZDKXI,4.317073170731708
B0001ZJ1HW,4.845070422535211
B0001ZJQ6I,4.631578947368421
B0001ZMWXW,4.5661764705882355
B0001ZMWYG,4.710280373831775
B0001ZX0EW,4.805555555555555
B0001ZX0OM,4.125284738041002
B0001ZZ4PA,4.48314606741573
B00020BVYW,4.315789473684211
B00020BW4G,4.43
B00020H9NO,4.230769230769231
B00020HAWY,3.875
B00020HAY2,3.933333333333333
B00020HCB8,4.826086956521739
B00020HCC2,4.56
B00020SK1Y,4.707865168539326
B00020X83Y,4.806451612903226
B00021R7BM,4.029850746268656
B0002234R2,4.2727272727272725
B0002234Y0,4.589743589743589
B0002235P8,3.5308641975308643
B000227EMI,3.75
B00022FWTA,3.4827586206896552
B00022LILQ,2.911111111111111
B00022XE4A,4.76595744680851
B00023BKNQ,4.382352941176471
B00023BLXK,4.129310344827586
B00023E894,4.775862068965517
B00023ELYG,4.642384105960265
B00023GFUY,4.688888888888889
B00023GG94,4.909090909090909
B00023P4B0,4.454545454545454
B00023P4HY,3.9148936170212765
B00023P4JM,4.826530612244898
B00023P4OC,4.643939393939394
B000243E2K,3.906779661016949
B00024426W,4.5588235294117645
B000244E2O,4.7254901960784315
B000244FFU,4.159090909090909
B00024JC3U,3.587719298245614
B000255LG6,4.636363636363637
B00026L7RM,4.857142857142857
B00026L8NK,4.92
B00026L9CU,4.507246376811594
B000274T94,4.175531914893617
B00027SIUK,4.020689655172414
B000286S2E,4.411764705882353
B00028G6F8,4.214285714285714
B00028G6FI,3.7142857142857144
B00028G748,4.87280701754386
B00028G7LG,4.797872340425532
B000291Q3O,4.627906976744186
B00029J2U8,3.5217391304347827
B00029LNZA,3.459016393442623
B00029LO0Y,3.968421052631579
B00029LO5O,4.0
B00029NLGY,4.001272264631043
B00029RT2Q,4.746031746031746
B0002B15J2,4.754098360655738
B0002B15UQ,4.7
B0002B15ZG,4.475609756097561
B0002B55DO,4.222222222222222
B0002B95XU,4.1679389312977095
B0002COTDA,4.718181818181818
B0002CX1LG,4.726315789473684
B0002CX1M0,4.2727272727272725
B0002DB0FO,4.603174603174603
B0002DB52M,3.097674418604651
B0002DB5B8,4.017543859649122
B0002DB5N6,4.092105263157895
B0002DRDCS,4.116666666666666
B0002DRDIW,4.6
B0002E34C0,4.7073170731707314
B0002ERWV4,4.333333333333333
B0002ERWVE,4.631578947368421
B0002ERXC2,4.1697019867549665
B0002F6BTC,4.815
B0002F6BTM,4.883435582822086
B0002FZ78I,4.701492537313433
B0002J58HY,4.285714285714286
B0002JL9N6,4.352941176470588
B0002KPHWE,3.757142857142857
B0002KPHZ6,4.369230769230769
B0002KQOH6,4.060344827586207
B0002KVUKW,3.7607655502392343
B0002KVUS4,4.821428571428571
B0002LE8WS,4.516129032258065
B0002LE9QS,4.297101449275362
B0002M5U6A,4.188679245283019
B0002MFGDW,4.769230769230769
B0002MHDYW,4.606299212598425
B0002MJT0I,4.439476885644769
B0002MPK0Q,3.3529411764705883
B0002MPQRS,3.7777777777777777
B0002MQFGY,2.8
B0002NY8PI,4.859884836852207
B0002OXRSG,3.8892405063291138
B0002OXVA0,4.56043956043956
B0002OXVDW,4.520833333333333
B0002OXVG4,3.4186046511627906
B0002PYFZ4,4.545454545454546
B0002PYS5G,4.582872928176796
B0002PYS74,4.659574468085107
B0002PYS7Y,4.6521739130434785
B0002PYST2,3.648936170212766
B0002RQ2S0,4.758620689655173
B0002S64LO,4.611940298507463
B0002S94G6,3.9047619047619047
B0002SDY1W,4.8125
B0002T2QGA,4.785714285714286
B0002T7YEY,3.946360153256705
B0002TSY9I,4.6875
B0002TT0MS,4.584158415841584
B0002UE1WQ,4.6891891891891895
B0002V0E08,4.461538461538462
B0002V7OEM,4.185185185185185
B0002V7T5Q,4.637362637362638
B0002V7THY,4.6923076923076925
B0002V7TII,4.72
B0002V7TNI,4.447368421052632
B0002V7TZQ,4.257142857142857
B0002V7U00,4.722972972972973
B0002V7U14,4.8
B0002VETFO,4.670212765957447
B0002VEUTY,4.091836734693878
B0002VEWW4,3.6206896551724137
B0002VEWY2,4.708860759493671
B0002VEX5K,3.4754098360655736
B0002VEZ3U,3.5588235294117645
B0002VGSBM,4.691489361702128
B0002VKZRU,3.4054054054054053
B0002VNYI2,4.424242424242424
B0002W12IU,4.837209302325581
B0002W4SWW,4.857142857142857
B0002W4SY0,4.886363636363637
B0002WYTWG,4.550481988838153
B0002WYU02,4.0
B0002WZN9Y,4.788235294117647
B0002WZTCA,4.668533805031446
B0002WZTLQ,4.802547770700637
B0002WZTQQ,4.117647058823529
B0002XKOWO,4.75
B0002XVKMC,4.382716049382716
B0002XVQNK,4.204081632653061
B0002XVQSU,4.630909090909091
B0002XVQT4,4.625
B0002XZVEK,4.288343558282208
B0002Y4PPK,4.116883116883117
B0002Y4T92,4.783783783783784
B0002Y4TOM,4.818181818181818
B0002Y4TWE,3.4482758620689653
B0002Y69LI,4.211827956989247
B0002YCUR0,4.291666666666667
B0002YCVY2,4.857142857142857
B0002YLC1U,4.182108626198083
B0002YLC24,4.075
B0002YLCFQ,3.8674418604651164
B0002Z16HY,4.6858108108108105
B0002Z7RNG,3.607843137254902
B0002ZMHWM,4.877777777777778
B0002ZMHX6,4.5
B0002ZMIV2,3.948905109489051
B0003035CW,3.9696969696969697
B00030A5J8,4.653846153846154
B00030DD1K,5.0
B00049QLWS,2.3846153846153846
B00049QPII,4.454545454545454
B00061Q6VU,3.8962264150943398
B00061QJSK,4.1
B0006210ZG,3.720812182741117
B000621452,3.230769230769231
B00062DKMM,4.4
B00062DKO0,4.411764705882353
B00062IDCO,4.615537848605578
B00062IDEW,4.412698412698413
B00062IDLA,4.668367346938775
B00062IE9Q,4.157303370786517
B00062IVMG,4.313432835820896
B00062IVNA,3.1951219512195124
B00062IVOY,4.470588235294118
B00062IZLI,3.7232142857142856
B00062WUVY,4.696428571428571
B000638PIU,3.5416666666666665
B00063MAXQ,4.2025316455696204
B00063UEFM,4.523809523809524
B00064AFF0,3.53125
B00064AM62,4.4
B00064AMEE,4.666666666666667
B00064LJVO,3.336099585062241
B00064MW74,4.8076923076923075
B00064VR0W,4.666666666666667
B00065EAZU,4.8
B00065QKPS,4.611111111111111
B00066FPCG,4.509814049586777
B00067BBMS,3.3986013986013988
B00067BCB8,4.673076923076923
B00067BCBI,4.748251748251748
B00067WTGA,4.833333333333333
B00067Z2R8,3.7222222222222223
B00068NVG6,4.241379310344827
B00068NVMK,4.726166328600406
B00068RELO,3.9152542372881354
B0006A9FJ6,4.048192771084337
B0006A9FKA,4.439476885644769
B0006B3UE6,4.5625
B0006D3HDS,4.7592592592592595
B0006FFRB6,4.409090909090909
B0006FFRHA,3.282608695652174
B0006FO95G,3.811111111111111
B0006GAODG,4.3515625
B0006H328E,3.925
B0006IUDB2,4.53125
B0006N2EZA,4.769230769230769
B0006OBPTA,4.614457831325301
B0006OBPTU,4.406779661016949
B0006PTYP6,4.796875
B0006Q4AVI,4.352941176470588
B0006Q93AQ,4.838383838383838
B0006Q93BK,4.875
B0006SH25C,4.415094339622642
B0006SSNXW,4.333333333333333
B0006SSOUO,4.65
B0006SSP9O,4.29375
B0006TPE4M,3.3781512605042017
B0006U5UT0,4.68
B0006U5V58,4.55
B0006VL1J2,4.578947368421052
B0006Z2L4W,4.546875
B0006ZM8M2,4.689655172413793
B0006ZW7DW,3.0939597315436242
B00070DW1C,4.5625
B00070FX5U,4.5
B00070HK24,4.5964912280701755
B00070HK2Y,4.672727272727273
B00073K7JY,4.872727272727273
B0007514BM,4.75
B0007514CG,4.7272727272727275
B000766XNK,4.0588235294117645
B000767QTA,4.2
B00076ONUU,3.7
B00076SCPW,4.247838616714698
B000777IJ2,4.777777777777778
B000784WKO,4.545454545454546
B00078808O,4.48
B00078GL0S,4.158536585365853
B00078RPGW,4.606060606060606
B0007939Q6,4.327868852459017
B00079FUI6,4.598039215686274
B00079HZOS,3.7891156462585034
B00079HZUM,4.373493975903615
B00079ZACW,3.8941176470588235
B0007A0F4E,3.795275590551181
B0007A0F4O,3.515151515151515
B0007CEXTK,4.612903225806452
B0007CEXUY,4.156976744186046
B0007CNXUK,4.4584942084942085
B0007CNY54,4.630434782608695
B0007DA3VG,4.5
B0007GP79G,4.452830188679245
B0007GP7FK,1.98
B0007ICRF6,2.642857142857143
B0007IF19K,4.53757225433526
B0007IO6PA,4.585034013605442
B0007IO6V4,4.415841584158416
B0007KI9LU,3.803738317757009
B0007KIFI2,3.681592039800995
B0007KIFIC,3.681592039800995
B0007KIFUA,4.229166666666667
B0007L6NQM,4.735915492957746
B0007LBM22,4.769230769230769
B0007LPLMY,4.072948328267477
B0007LXP7W,4.472727272727273
B0007LXP86,4.754385964912281
B0007LYDO6,4.851851851851852
B0007N19XM,4.136986301369863
B0007N1BBC,4.74468085106383
B0007N1JC8,3.455223880597015
B0007NBJ14,4.218181818181818
B0007OCG56,3.720779220779221
B0007OY2MG,4.754098360655738
B0007OY31G,4.197368421052632
B0007P0XBO,3.103448275862069
B0007P0Y2W,3.2857142857142856
B0007P0Y7W,3.9008620689655173
B0007P14OE,4.664658634538153
B0007PALP2,4.3478260869565215
B0007PALUC,3.142857142857143
B0007PAM06,4.760869565217392
B0007PID84,4.055555555555555
B0007PIDCK,4.8
B0007Q6VXC,4.172897196261682
B0007QS22K,4.779816513761468
B0007QS324,3.760869565217391
B0007R083A,4.636363636363637
B0007R4SWM,4.520325203252033
B0007R4SYU,4.722222222222222
B0007R4T3K,3.4819277108433737
B0007R4T3U,4.726351351351352
B0007R6Y06,4.067474048442906
B0007RUSGW,3.8293413173652695
B0007TKH66,4.433333333333334
B0007TKHF2,4.929577464788732
B0007TZHWA,3.119047619047619
B0007UDCX0,4.304347826086956
B0007V6ITE,3.5539906103286385
B0007V6IWQ,4.440677966101695
B0007WFXL2,4.796296296296297
B0007WQGRC,4.161290322580645
B0007WRT4Q,4.072164948453608
B0007XBM5W,1.9484536082474226
B0007XBMA2,4.43859649122807
B0007XG266,4.037735849056604
B0007XG59U,4.634146341463414
B0007Y08JW,4.662162162162162
B0007Y08LA,4.434782608695652
B0007Y08LK,4.689655172413793
B0007Y08MY,4.735849056603773
B0007Y08P6,4.904
B0007Y3XRG,4.291139240506329
B0007YMV9W,4.6875
B0007YMWFK,4.483870967741935
B0007YMWGY,4.658227848101266
B0007YXPRE,4.8977272727272725
B0007Z0NYQ,4.382978723404255
B0007Z2556,2.3659420289855073
B0007Z2KF6,4.485714285714286
B0007Z9R66,4.64
B000803BQM,3.6666666666666665
B00080Z53O,4.671428571428572
B00080ZFZC,4.5327102803738315
B00080ZG2E,4.52112676056338
B00080ZG2O,4.596774193548387
B0008ENHUS,4.448
B0008ENI0W,3.442622950819672
B0008FXTB4,3.1823899371069184
B0008JHD2G,4.7368421052631575
B0008KLVB4,4.64
B0009298MU,4.175438596491228
B00092ZSQK,4.019230769230769
B00094AQZG,4.781609195402299
B00094ARGY,4.570135746606335
B00094AS9A,4.325678496868476
B00094AS9U,4.228915662650603
B00095NX9G,4.857142857142857
B00096S46C,4.616438356164384
B00096S480,4.873239436619718
B000977JBW,4.487179487179487
B00097DXFS,4.62719298245614
B00097DY3Y,4.583333333333333
B000980GR0,4.509803921568627
B00099415C,3.289473684210526
B0009A40NO,5.0
B0009AK57Y,4.522314049586777
B0009B0GYA,3.6542168674698794
B0009B16TO,4.776978417266187
B0009CTT6U,4.565217391304348
B0009CTVLS,3.8484848484848486
B0009DWL96,4.338181818181818
B0009E322K,4.585106382978723
B0009ESTDW,4.054054054054054
B0009ETCVA,3.1553398058252426
B0009F43D6,5.0
B0009FVS8Y,4.415094339622642
B0009GV9E6,4.715686274509804
B0009H97HG,4.666666666666667
B0009HLDAA,4.115384615384615
B0009I7NGW,4.638647342995169
B0009IOR5M,4.5125
B0009IW894,4.794520547945205
B0009J2HV2,4.103658536585366
B0009JE57Q,4.271186440677966
B0009JE6FM,4.078125
B0009JE6G6,4.023255813953488
B0009JE7NI,3.7874015748031495
B0009JQN6M,4.844827586206897
B0009K75M2,4.599447513812155
B0009K7QZ8,4.5
B0009KA7BS,4.090121317157712
B0009KA7C2,3.7874015748031495
B0009KQPAK,4.596153846153846
B0009LS9Y4,4.666666666666667
B0009MAO3W,4.160714285714286
B0009ML2KQ,4.496969696969697
B0009ML2UG,3.834710743801653
B0009MUBEY,4.866666666666666
B0009NJFPO,4.244604316546763
B0009NSCRQ,4.367697594501718
B0009NSCTY,4.588235294117647
B0009NZ2KG,4.525862068965517
B0009NZ2RY,4.422680412371134
B0009NZ2W4,4.454545454545454
B0009NZ36O,4.595238095238095
B0009OUB06,4.783783783783784
B0009P42S2,4.0989010989010985
B0009P42SC,4.0989010989010985
B0009P7EI2,4.75
B0009PBLRM,4.228915662650603
B0009PLLN6,3.0996835443037973
B0009PUAFG,4.888888888888889
B0009PVZBO,4.586206896551724
B0009PVZM8,4.197368421052632
B0009PW4D2,2.448529411764706
B0009PZ89E,4.8
B0009RQRR4,5.0
B0009RQSSW,4.792207792207792
B0009S2SOY,4.923913043478261
B0009S2SV2,3.929411764705882
B0009S2T0W,4.209302325581396
B0009S4IGA,4.8133333333333335
B0009S4IHO,4.696969696969697
B0009S4IHY,4.6673728813559325
B0009S4IM4,4.785714285714286
B0009S4J2I,4.455555555555556
B0009TIAI6,4.381188118811881
B0009UC7HA,4.062283737024221
B0009UC7MK,4.903614457831325
B0009UC7OI,4.741379310344827
B0009UC7RK,4.583333333333333
B0009UC80G,4.702127659574468
B0009UC80Q,4.481927710843373
B0009ULBGS,4.555555555555555
B0009UVCOY,4.254901960784314
B0009UZGIM,4.097222222222222
B0009UZGM8,4.59375
B0009VBTQY,3.7483870967741937
B0009VDJQ2,4.901639344262295
B0009VRHLK,2.767123287671233
B0009VY0OM,3.4857142857142858
B0009W5IMO,3.9855072463768115
B0009W5KJU,4.372881355932203
B0009WFEEG,4.636363636363637
B0009WIE34,4.629032258064516
B0009WIE5C,4.461538461538462
B0009WIY4S,4.6875
B0009WK5CW,4.252873563218391
B0009WPKYA,4.714285714285714
B0009X768M,4.375
B0009X76ZA,4.5
B0009X770E,4.514285714285714
B0009X770O,4.373493975903615
B0009X775Y,4.4375
B0009X7BD2,3.7704280155642023
B0009XRZ9M,4.498102466793169
B0009XRZOW,2.979591836734694
B0009XRZS8,4.540983606557377
B0009XT8A6,4.238095238095238
B0009XT8C4,4.705882352941177
B0009Y2726,4.433333333333334
B0009YA3OA,3.878260869565217
B0009YVBGO,4.284090909090909
B0009YX9SM,1.8433734939759037
B0009YYV20,3.280701754385965
B0009ZE9QM,4.45
B000A0GOGE,3.730769230769231
B000A0GOQ4,4.696428571428571
B000A0GOQY,4.808641975308642
B000A0GP4K,4.6
B000A0GPKE,2.701492537313433
B000A0GXRO,4.0852713178294575
B000A0GYC8,4.666666666666667
B000A0GYUU,4.7073170731707314
B000A0P6A4,4.846153846153846
B000A1IMFY,3.0825688073394497
B000A1INJE,4.6
B000A2IPQY,4.1937984496124034
B000A2RRF4,4.4605263157894735
B000A2WAEM,4.0
B000A2WP7O,4.634703196347032
B000A2X0LE,4.511111111111111
B000A343RI,3.8193069306930694
B000A345C6,4.492753623188406
B000A3DGGC,3.8529411764705883
B000A3I3HE,4.230769230769231
B000A3OREM,4.509803921568627
B000A3WH9Y,4.416666666666667
B000A3XY5A,3.8945686900958467
B000A3XY82,3.772727272727273
B000A4T80O,4.3
B000A50442,4.470588235294118
B000A5046K,4.891666666666667
B000A59PLU,4.151515151515151
B000A59PMO,4.549920760697306
B000A5SR46,4.829113924050633
B000A6CLKQ,4.631578947368421
B000A6CLL0,4.5731292517006805
B000A6T1J0,4.931034482758621
B000A6T1LS,4.428571428571429
B000A6T1X6,4.271685761047463
B000A6T2BM,3.984
B000A6T2BW,4.36734693877551
B000A7DW7Q,4.7317073170731705
B000A7LR8M,3.420289855072464
B000A7PKGW,4.7101449275362315
B000A7Q2I2,4.610169491525424
B000A85TSK,4.808080808080808
B000A8AXXG,3.869565217391304
B000A8NZ0O,4.050125313283208
B000A9QK9Q,4.257142857142857
B000A9QKRI,4.833333333333333
B000A9QKSM,4.636363636363637
B000AA4JKW,3.4293478260869565
B000AA4KQ0,4.8478260869565215
B000ABKHZC,4.620689655172414
B000AC5B7A,3.657142857142857
B000ACQXHW,4.214285714285714
B000AD1QGE,4.429447852760736
B000ADS62Q,4.609756097560975
B000ADWCYY,4.6938775510204085
B000ADWDEI,3.7532467532467533
B000AE4QD8,4.702875399361022
B000AKB1GW,3.165562913907285
B000AL733G,4.24468085106383
B000ALM4IA,4.425
B000ANDBTY,4.698412698412699
B000ASATZ8,4.614130434782608
B000ASDFHM,4.136986301369863
B000ASDFJU,4.259740259740259
B000ATQYQU,4.205128205128205
B000ATQYVK,4.2075471698113205
B000ATQYX8,4.6911764705882355
B000ATQYXI,4.328125
B000ATUU4M,3.926829268292683
B000AXW0WS,5.0
B000AXWGRC,4.622641509433962
B000AXWGRM,4.71875
B000AXWHK8,4.746376811594203
B000AY6JVK,4.478260869565218
B000AYEIIQ,4.836734693877551
B000AYEL10,2.7142857142857144
B000AYELAQ,4.838709677419355
B000AYNG1G,4.037974683544304
B000AYQOA6,4.533333333333333
B000B1DLDQ,4.640625
B000B41HCK,1.5897435897435896
B000B5871I,4.545454545454546
B000B5XOTS,4.688888888888889
B000B5XOUC,4.7875
B000B5XPFG,4.8
B000B5Y0CS,3.5714285714285716
B000B62N44,4.611111111111111
B000B6H1YG,3.88
B000B6TTBE,4.809523809523809
B000B7HZUK,4.470588235294118
B000B7QCGI,4.7924528301886795
B000B7QCGS,4.550387596899225
B000B7QCHC,4.574850299401198
B000B837XS,4.721311475409836
B000B837Z6,4.733333333333333
B000B8384G,4.8
B000B8IA3U,4.830188679245283
B000B8QFXM,4.526315789473684
B000B91N3S,4.428571428571429
B000BB1MIC,4.569444444444445
B000BB1MJ6,4.547169811320755
B000BBOUDG,3.682926829268293
B000BBOUEU,4.712121212121212
B000BBOUUE,3.54320987654321
B000BBYDU6,4.708333333333333
B000BC8SXI,4.6461538461538465
B000BC8T1E,4.742857142857143
B000BCCAEQ,4.419354838709677
B000BD68AM,4.571428571428571
B000BDGVT0,4.097560975609756
B000BDH6DU,4.516483516483516
B000BF0C7A,4.630952380952381
B000BF0C8E,4.661538461538462
B000BF0D9W,3.108108108108108
B000BGH254,4.3076923076923075
B000BGQSEA,4.288343558282208
B000BITUES,4.574468085106383
B000BITUF2,4.490566037735849
B000BITUI4,4.8108108108108105
B000BITUWU,4.328
B000BITUYI,4.277777777777778
B000BITV1A,4.884615384615385
B000BJS4UI,4.473684210526316
B000BKDNTY,3.8947368421052633
B000BKDNVM,4.686567164179104
B000BKDNX0,4.256756756756757
B000BKVKSA,4.627450980392157
B000BMSUBI,4.7208053691275165
B000BMY2M4,3.971014492753623
B000BMY2NS,3.7099697885196377
B000BN6M12,4.423611111111111
B000BNI90Y,4.350515463917525
B000BNTM46,4.776119402985074
B000BNV8NY,4.178571428571429
B000BNX4MW,3.8309859154929575
B000BO0LPO,4.822222222222222
B000BO7DWI,4.4375
B000BOH8Y6,4.391566265060241
B000BOH8YG,4.481012658227848
B000BOH8YQ,4.721311475409836
B000BOH8Z0,4.454545454545454
B000BOH98G,4.779710144927536
B000BPGIYQ,4.166666666666667
B000BPK2IY,3.757575757575758
B000BPK2KC,3.627906976744186
B000BPK2NE,4.638297872340425
B000BPL2EM,4.48062015503876
B000BPL2H4,4.666666666666667
B000BQ5IXW,4.3023255813953485
B000BQ7J6Q,3.8653846153846154
B000BQ7J70,4.16
B000BQ7J9I,4.52
B000BQTC98,4.246153846153846
B000BQYWZW,3.6842105263157894
B000BR4UQC,4.636363636363637
B000BR9SA0,4.633802816901408
B000BRBXXK,4.326530612244898
B000BRM992,4.166666666666667
B000BT96EG,4.764705882352941
B000BTH4K4,4.037974683544304
B000BTITFI,4.45
B000BU76YC,3.7635135135135136
B000BVM1SC,3.7151394422310755
B000BVM1TG,4.811594202898551
B000BWFWFK,4.732142857142857
B000BWFWG4,4.608108108108108
B000BX5X5I,4.932773109243698
B000BX8R10,3.2773722627737225
B000BXJ1XS,3.980392156862745
B000BY99B6,4.318181818181818
B000BYA4I8,4.829787234042553
B000BYA4JW,4.72
B000BYA5GE,4.078838174273859
B000BYA5HS,3.7586206896551726
B000BYMI5A,4.83030303030303
B000BYRCQU,3.9367088607594938
B000BYRCR4,3.815992292870906
B000BZISRG,4.808219178082192
B000BZIT5M,4.523809523809524
B000C05Y22,4.2
B000C1VB8M,4.555555555555555
B000C1VBAA,4.980952380952381
B000C20VIW,4.595238095238095
B000C65Z20,3.6954545454545453
B000C6NPHC,4.583333333333333
B000C8STW6,3.2857142857142856
B000C8STWQ,4.150943396226415
B000CAPZBC,2.8793103448275863
B000CBWPXC,4.521739130434782
B000CCBC9O,2.645390070921986
B000CCBCI0,4.548387096774194
B000CCBCIA,4.6440677966101696
B000CCBCK8,4.875
B000CCD01C,4.6440677966101696
B000CCRMNE,4.706467661691542
B000CCW2VQ,4.758620689655173
B000CDGVOO,4.633928571428571
B000CDGVQW,4.193548387096774
B000CDSS0Y,3.5304347826086957
B000CELOV8,4.794520547945205
B000CEVC9W,4.175572519083969
B000CEXEWU,4.397142857142857
B000CEXF8I,4.545454545454546
B000CEXFZG,4.695121951219512
B000CFYAMC,3.5655737704918034
B000CIF3U2,4.625
B000CMNJF4,4.926829268292683
B000CMNJPE,4.708333333333333
B000CNE0RO,3.8529411764705883
B000CNESV2,4.534246575342466
B000CNFC44,4.36986301369863
B000CPH9Q6,4.027624309392265
B000CPWDHQ,3.9291338582677167
B000CQLZ74,4.226415094339623
B000CQM4YM,4.8
B000CQO6IY,4.321782178217822
B000CR7RCK,4.211678832116788
B000CRR3CE,4.673076923076923
B000CRR3SI,4.754385964912281
B000CSTK3S,4.608695652173913
B000CSTK42,4.735294117647059
B000CSTKJ2,4.818181818181818
B000DBHX4M,4.128712871287129
B000DBHXG0,4.45945945945946
B000DWMZLW,3.488372093023256
B000DZIGEY,4.588235294117647
B000E0LLKY,3.5531914893617023
B000E0OBEC,4.688888888888889
B000E0OE3K,4.363636363636363
B000E0OE44,4.426356589147287
B000E0RN8S,4.803030303030303
B000E0WJH8,4.666666666666667
B000E112BG,4.5344827586206895
B000E1BXFG,4.3125
B000E1E2N6,4.35
B000E1E7UE,4.626696832579186
B000E1MTYU,3.9406645569620253
B000E1MTZE,4.7745098039215685
B000E1MXTG,4.618421052631579
B000E1MXVO,4.615384615384615
B000E1OI6W,3.9857142857142858
B000E1YW04,4.2727272727272725
B000E1ZB6I,3.0
B000E1ZK5A,4.134751773049645
B000E33VZE,4.697368421052632
B000E372ZY,3.807202216066482
B000E3L7DM,4.833333333333333
B000E3L7FA,4.846153846153846
B000E3L7FK,4.782051282051282
B000E3LIO0,4.495145631067961
B000E5KJDE,4.450074515648286
B000E5KUKG,4.437037037037037
B000E5LEXS,4.752808988764045
B000E5N6A2,3.7142857142857144
B000E5N6B6,4.072916666666667
B000E5N6M0,4.803030303030303
B000E6EK3S,4.386018237082067
B000E6EK42,4.617647058823529
B000E6ES9E,4.325581395348837
B000E6ESBW,4.951219512195122
B000E6ESEO,4.493670886075949
B000E6ESIK,4.719827586206897
B000E6ESJ4,3.8205128205128207
B000E6TVSC,4.388888888888889
B000E6UZZK,4.828125
B000E8NRBM,4.703703703703703
B000E97HXK,4.109090909090909
B000E991HA,3.6689895470383274
B000E9UAMK,4.682926829268292
B000EBCJN6,4.774617067833698
B000EBD9VW,4.418032786885246
B000EBD9W6,4.787878787878788
B000EBGE82,4.3628318584070795
B000EBGFQI,4.944444444444445
B000ECX0R4,3.0232558139534884
B000EDWKXI,4.117977528089888
B000EDWLTG,4.316326530612245
B000EGEJI4,4.654320987654321
B000EHPXP6,4.821428571428571
B000EHQ7UG,4.4
B000EHQTRW,4.3559322033898304
B000EHQU1W,5.0
B000EHSVBE,4.7682926829268295
B000EHSVC8,4.837209302325581
B000EHSVDC,4.75
B000EHSVE6,4.647058823529412
B000EHSVG4,4.662878787878788
B000ELIZZM,4.653846153846154
B000EMG91S,4.595744680851064
B000EMGCV0,4.833333333333333
B000EMGIDC,4.738095238095238
B000EN4R3E,3.7058823529411766
B000ENUKY4,4.693181818181818
B000ENUYG8,4.755102040816326
B000ENUYGI,4.617647058823529
B000EOTTS6,4.790697674418604
B000EOTTUY,4.327868852459017
B000EOTV98,3.7142857142857144
B000EPFDGC,4.880597014925373
B000EQ45BU,4.7592592592592595
B000EQ46H8,4.761904761904762
B000EQ5PK0,4.694444444444445
B000EQ5PU0,4.704697986577181
B000EQ5PUU,4.4
B000EQ5PZK,4.7894736842105265
B000EQ5UHS,4.08
B000EQ5V40,3.981132075471698
B000EQ5V86,2.6403508771929824
B000EQHXN2,4.447058823529412
B000EQHXNW,3.8722222222222222
B000ER31LE,4.388888888888889
B000ERVJKE,4.472477064220183
B000ERVJKO,4.671052631578948
B000ERVJMM,4.708333333333333
B000ERVJMW,4.704697986577181
B000ERVJNG,4.568181818181818
B000ERVKMG,4.025
B000ESST38,3.9814814814814814
B000ETRA46,3.7954545454545454
B000EU1Q2M,3.984375
B000EU1Q2W,4.542857142857143
B000EU1Q3Q,4.775
B000EULJZ6,4.752336448598131
B000EULSR0,4.457777777777777
B000EWBJH2,4.434782608695652
B000EWBKI0,4.204301075268817
B000EWD7TU,5.0
B000EXDRZI,4.666666666666667
B000EXDS02,4.913043478260869
B000EXDS0C,4.8277777777777775
B000EXDS2A,4.654545454545454
B000EXDS4I,4.275862068965517
B000EXDS52,4.5
B000EXDS7K,4.79047619047619
B000EXDSAW,4.7073170731707314
B000EXDSCA,4.47
B000EY15NI,4.291666666666667
B000EYK4H6,4.94
B000F0UUTG,4.802197802197802
B000F1IQI2,4.6902654867256635
B000F2BNW2,4.183908045977011
B000F3T8YQ,3.857142857142857
B000F4PD7G,3.6702127659574466
B000F4RH8E,4.56
B000F5GJVE,4.6
B000F6IODE,3.8780487804878048
B000F6ZIFQ,4.822222222222222
B000F7CMQS,4.836734693877551
B000F7CMSG,4.6
B000F8O2RY,4.595238095238095
B000F9RLL2,2.3058823529411763
B000F9SO0O,4.565714285714286
B000F9T700,3.5555555555555554
B000F9T70K,4.833333333333333
B000F9WF86,3.8214285714285716
B000FA4TLQ,4.688311688311688
B000FA57H6,4.5636363636363635
B000FA57IU,4.584615384615384
B000FA57JE,4.777777777777778
B000FAOC2M,3.8847926267281108
B000FBFUEK,4.529411764705882
B000FBFYKU,4.681818181818182
B000FBUFUY,3.889908256880734
B000FC2EXE,4.8125
B000FC2FX8,4.215686274509804
B000FEBWTE,4.351351351351352
B000FFJ8BM,4.625
B000FFJYCA,4.684210526315789
B000FFJYE8,4.3478260869565215
B000FFL35Q,4.321428571428571
B000FFL702,4.7214285714285715
B000FGGE7C,3.4291044776119404
B000FH8H7Q,4.4576271186440675
B000FI9OD6,4.8125
B000FI9ODQ,3.825
B000FI9OEU,4.714285714285714
B000FIHN52,4.666666666666667
B000FIHN8O,4.298245614035087
B000FIHNA2,4.06
B000FII2Z2,3.8472222222222223
B000FIMG68,4.6036866359447
B000FJTVC4,3.488372093023256
B000FKO3WG,4.56
B000FKP4BU,3.637037037037037
B000FL7C82,4.396984924623116
B000FL7C8W,4.631578947368421
B000FL7CAU,4.6
B000FL7CB4,3.1068702290076335
B000FML8TK,3.5402298850574714
B000FO0AHO,4.317016317016317
B000FO0AME,4.852112676056338
B000FOPPBA,4.229007633587786
B000FOPPC4,4.644444444444445
B000FOPPCE,4.5
B000FP2IZU,4.790697674418604
B000FP2YYA,4.079365079365079
B000FQIRWC,4.7317073170731705
B000FQJPRI,5.0
B000FS2W6M,4.571428571428571
B000FS9MUQ,4.576923076923077
B000FSME1K,4.950819672131147
B000FSME1U,4.833333333333333
B000FTC1GC,4.816901408450704
B000FTC1GW,4.753623188405797
B000FTCF3Q,4.297297297297297
B000FTCLSU,4.694656488549619
B000FUTV64,4.190789473684211
B000FUTVLO,4.309523809523809
B000FUTVUA,3.7454545454545456
B000FVQLIO,4.819047619047619
B000FVQM4W,4.705882352941177
B000FWHW86,4.43859649122807
B000FZETHU,4.638297872340425
B000FZETI4,4.844444444444444
B000FZETRU,4.75
B000G0O5F0,4.188679245283019
B000G1R39E,3.5096153846153846
B000G1R4RK,4.708333333333333
B000G1R4SO,4.543532338308458
B000G1R4SY,4.6231884057971016
B000G1TETG,5.0
B000G28NPQ,4.305882352941176
B000G6BL42,4.653846153846154
B000G6BLWE,4.764705882352941
B000G75AZC,3.887323943661972
B000G8NXAA,4.8023255813953485
B000GAKBLW,4.395061728395062
B000GAKFIG,4.512345679012346
B000GB5M4M,4.368421052631579
B000GDH8HE,4.535714285714286
B000GEAMD0,3.3733333333333335
B000GEIRAK,4.333333333333333
B000GEIRAU,4.2272727272727275
B000GEIRB4,4.5
B000GEIRBO,4.470588235294118
B000GFLEAO,4.52808988764045
B000GFLEFO,4.5
B000GFRI68,4.926829268292683
B000GG4Y5K,4.617486338797814
B000GG4Y64,4.410958904109589
B000GG4Y6O,4.761904761904762
B000GGSLSG,4.666666666666667
B000GH3CWK,4.253393665158371
B000GHIVNU,5.0
B000GI3RZ6,4.545454545454546
B000GIXIN2,4.6521739130434785
B000GLL1AQ,4.7272727272727275
B000GLL1U6,3.7553956834532376
B000GPPNO2,4.508771929824562
B000GRU09I,4.622950819672131
B000GRUMQY,4.788235294117647
B000GRUN40,4.541666666666667
B000GRUQJC,4.416666666666667
B000GRUR4G,4.352941176470588
B000GTJSFS,4.363636363636363
B000GTJSO4,4.172413793103448
B000GTJSQM,4.523809523809524
B000GTJSVM,4.6923076923076925
B000GTJT0C,3.840785907859079
B000GW8OA0,4.521739130434782
B000GY728I,4.714285714285714
B000GY75JE,4.655367231638418
B000GYI32M,4.170731707317073
B000GYI33Q,4.707070707070707
B000GYI340,4.266666666666667
B000GYI3PY,4.4727891156462585
B000H0UPKI,4.208333333333333
B000H4JH4Y,4.82051282051282
B000H4JH80,4.661016949152542
B000H5U5MQ,4.60377358490566
B000H5U5V2,4.111111111111111
B000H5V8CM,4.666666666666667
B000H5V8D6,4.479166666666667
B000H5V8DG,4.375
B000H6SY6E,4.085470085470085
B000H6SY8C,4.463414634146342
B000H7J9JE,4.111111111111111
B000H7JCG4,4.202898550724638
B000H7JCGE,4.384615384615385
B000H7JCJQ,4.646341463414634
B000H8RVSO,4.423076923076923
B000HC2LGM,4.459016393442623
B000HC2LH6,4.37037037037037
B000HC2LHQ,4.616438356164384
B000HC2LRQ,4.857142857142857
B000HEVTOU,3.645669291338583
B000HEVZ9E,4.656716417910448
B000HEVZA8,3.550724637681159
B000HEWEFS,4.357142857142857
B000HEZ7MK,4.0
B000HIUWZS,4.388888888888889
B000HIVIOM,4.753623188405797
B000HKKZQ2,3.58
B000HLDFA4,4.7368421052631575
B000HOJR8A,3.912280701754386
B000HRJLM4,4.4
B000HT3P56,4.7164179104477615
B000HT3P6U,4.520833333333333
B000HT3P7E,4.4033613445378155
B000HT3PEM,4.769230769230769
B000HT3PGK,4.682352941176471
B000HT3Q1Y,4.818181818181818
B000HT3Q2I,4.6976744186046515
B000HWZ4E8,4.717948717948718
B000HWZ4HU,4.504
B000HWZ4IE,4.525
B000HWZ4IO,4.489583333333333
B000HWZ4IY,4.642857142857143
B000HWZ4MA,4.722222222222222
B000HWZ4R0,4.775862068965517
B000HWZ4RA,4.894736842105263
B000HWZ4RK,4.818181818181818
B000HXDM1E,4.645833333333333
B000I0QLFK,4.647058823529412
B000I0RNVQ,3.9585492227979273
B000I0RNXY,4.086206896551724
B000I2IWU0,4.507936507936508
B000I2J5TW,3.3793103448275863
B000I2J6K0,3.8333333333333335
B000I2J6VE,4.956989247311828
B000I2J6W8,4.933333333333334
B000I8OM94,4.446153846153846
B000I8OOK6,4.146341463414634
B000ICL3M4,4.5
B000ICLRKW,4.5
B000IHY9UC,3.590909090909091
B000IHY9UM,4.4
B000IHYBT6,4.295566502463054
B000IHYXIK,4.912280701754386
B000IHYXJO,4.813725490196078
B000IJ6VAQ,4.571428571428571
B000ILYYUS,4.25
B000IOM9VQ,4.381538461538462
B000ION23A,4.358974358974359
B000ION27Q,4.7560975609756095
B000IONJHE,4.472
B000IU37SO,3.8395061728395063
B000IU4DMI,4.490909090909091
B000IV9CDM,4.625
B000J10ERE,4.240963855421687
B000J10F14,4.634146341463414
B000J10GJ0,3.3076923076923075
B000J10KN2,4.3076923076923075
B000J4QWIG,3.8181818181818183
B000JBWWOC,4.8625
B000JBWWP6,4.7214285714285715
B000JBWWRO,4.264150943396227
B000JBXXYK,3.576642335766423
B000JBXY44,4.5524475524475525
B000JCEB0E,3.361111111111111
B000JJ3Y78,4.75
B000JJ4DDW,4.857142857142857
B000JJ4DF0,3.52
B000JJ4FB2,2.8596491228070176
B000JJSJO6,4.266666666666667
B000JJSJPA,4.121621621621622
B000JJSKZY,4.807228915662651
B000JLQPTK,4.771428571428571
B000JLQQ58,4.217391304347826
B000JLTE4S,4.395348837209302
B000JLTR86,4.403846153846154
B000JLTRFE,4.686274509803922
B000JLTRHW,3.4105263157894736
B000JLTRIG,4.716216216216216
B000JLTRMC,4.840909090909091
B000JLTS8A,4.178571428571429
B000JMK6OE,2.5428571428571427
B000JMKKI6,4.6
B000JRYOPG,4.428571428571429
B000JVSUK2,4.771428571428571
B000JVT07E,4.75
B000JYW5B4,4.734939759036145
B000JYW5BE,4.810344827586207
B000K144OM,4.743589743589744
B000K15G7G,3.9836065573770494
B000K2UGXO,3.317073170731707
B000K52BL6,4.647058823529412
B000K5FPNW,3.9134615384615383
B000K7JY7S,4.428571428571429
B000K7UBTI,3.5
B000K7UBUM,3.5964912280701755
B000K7UBWK,3.709090909090909
B000K7UC2Y,4.430769230769231
B000K7VHNW,4.145833333333333
B000K7VHOQ,4.103448275862069
B000KB4898,3.642857142857143
B000KDZTIK,3.5408163265306123
B000KF0DFM,3.7058823529411766
B000KGGIL4,4.963855421686747
B000KGGOY0,4.555555555555555
B000KGGZZ8,4.537037037037037
B000KGH00C,4.924242424242424
B000KJOQJC,4.733333333333333
B000KJTFDE,4.066666666666666
B000KJU13C,4.660714285714286
B000KJU1FK,4.704545454545454
B000KJU1FU,4.52
B000KLNLCI,4.722222222222222
B000KLQUM6,4.1875
B000KLQUMG,4.517241379310345
B000KLQUT4,4.736111111111111
B000KLQUUS,4.389830508474576
B000KLQUV2,4.073943661971831
B000KWZ1U2,4.044897959183674
B000KWZ1UM,3.566666666666667
B000KX0ING,4.403846153846154
B000KX0IO0,4.1125
B000L43PG6,4.584905660377358
B000L43PGQ,4.4411764705882355
B000L43PHK,4.8
B000L99JDO,4.606060606060606
B000LAZDQA,3.75
B000LAZQGW,4.0
B000LC3IE2,3.3
B000LC4C60,4.666666666666667
B000LC4CVA,4.7701149425287355
B000LC4ZI0,4.743006993006993
B000LC52DC,3.3043478260869565
B000LC5B7O,3.789473684210526
B000LE16VC,4.758620689655173
B000LE16W6,4.67741935483871
B000LE17A2,4.62962962962963
B000LE1DVK,4.09915611814346
B000LE1E50,3.8833333333333333
B000LMPDXQ,4.095744680851064
B000LP5FWC,4.238095238095238
B000LPS2VI,4.8
B000LSAIZI,4.833333333333333
B000LSAJ5M,4.5606060606060606
B000LSBXF2,4.0
B000LV6VZ6,4.526315789473684
B000LW7LX6,4.4
B000LW7N6G,4.497695852534562
B000LXGXY8,4.7936507936507935
B000LXH0AY,3.9854368932038833
B000LXH3SI,4.857142857142857
B000LXHFN6,4.666666666666667
B000M2E340,4.513888888888889
B000M2E354,4.553846153846154
B000M341Q4,3.2941176470588234
B000M341QE,4.282018111254851
B000M341QY,4.590361445783133
B000M341S2,4.580645161290323
B000M343AI,3.9285714285714284
B000M343BC,4.516304347826087
B000M4RG0Q,4.432950191570881
B000M4RG4C,4.097744360902255
B000M7XRC4,4.9393939393939394
B000M7XRYM,4.370860927152318
B000M93DBW,4.718181818181818
B000M9BPG2,4.25
B000MDFTHE,4.362745098039215
B000MEYKBY,3.1940298507462686
B000MEYKDC,3.2771084337349397
B000MEYKDM,3.0675675675675675
B000MEYKDW,3.7027027027027026
B000MG2LP4,4.166666666666667
B000MGAW8W,3.967479674796748
B000MGB6N2,4.687393526405452
B000MGBLFK,4.74
B000MGBLY6,3.8181818181818183
B000MGBM1S,4.420382165605096
B000MGBM5O,4.0
B000MGBSHQ,4.444444444444445
B000MGTQ6G,4.52112676056338
B000MKXEZG,3.0285714285714285
B000MLWQ6S,4.818181818181818
B000MMMTD2,4.465753424657534
B000MNOX9E,4.525
B000MNOXX0,3.1566265060240966
B000MQ58WM,4.88135593220339
B000MQCBSQ,4.85531914893617
B000MQCFLO,4.671428571428572
B000MR9CXC,4.409090909090909
B000MR9D5E,4.66903073286052
B000MR9EQM,4.777777777777778
B000MRA58S,4.362934362934363
B000MRA592,4.138888888888889
B000MRA59M,4.441077441077441
B000MRA5EM,4.507462686567164
B000MTEFUK,4.794871794871795
B000MTOM8A,4.737037037037037
B000MTPA5Y,4.705882352941177
B000MV8AE0,4.0
B000MVZYBM,3.7037037037037037
B000MX7V5W,4.781512605042017
B000MXPE7Y,3.6240601503759398
B000N3AVLW,4.5
B000N3AW6G,3.3734939759036147
B000N3AXPG,3.7553956834532376
B000N3SOSE,4.288888888888889
B000N3SSBW,4.724489795918367
B000N3T0EG,4.657534246575342
B000N3T0GO,4.112903225806452
B000N3TWRG,4.441860465116279
B000N4SA8M,4.880434782608695
B000N4SHNU,4.604651162790698
B000N6SE4U,4.637008381689233
B000N6TYLW,4.552631578947368
B000N6TYQC,4.518518518518518
B000N6U0VU,3.9012345679012346
B000N6UF0G,4.767716535433071
B000N6UF10,4.621212121212121
B000N8UXT2,4.90625
B000N8UXTW,4.9491525423728815
B000NA1PUG,4.62962962962963
B000NA1VI2,4.695238095238095
B000NA1WDQ,4.872340425531915
B000NA1WE0,4.764705882352941
B000NA1WGS,4.287671232876712
B000ND91OA,4.8936170212765955
B000ND91X6,4.409090909090909
B000NDEXFC,4.840909090909091
B000NDI4WA,4.5
B000NDJGTK,2.9107981220657275
B000NE4SMO,3.6118951612903225
B000NEZ7BA,4.803030303030303
B000NHG7C0,4.918918918918919
B000NJMJGQ,4.673913043478261
B000NJVY3U,4.875
B000NJXG6I,4.410714285714286
B000NJXG6S,4.947368421052632
B000NOIVT0,3.942857142857143
B000NOIVV8,4.644444444444445
B000NOIX48,4.411609498680739
B000NOIX66,4.708074534161491
B000NOIX7K,4.813559322033898
B000NOKFGW,4.574468085106383
B000NOKP12,4.508196721311475
B000NPO3D2,4.191489361702128
B000NQQ4DI,4.020979020979021
B000NQRE9Q,4.77760736196319
B000NTPDSW,4.713701431492843
B000NTPG84,4.64
B000NVI0DU,4.205882352941177
B000NVI2GU,4.486413043478261
B000NVKZW4,4.153846153846154
B000NVKZWY,4.333333333333333
B000NY1EC6,4.7368421052631575
B000O179DG,3.254385964912281
B000O179GI,4.708333333333333
B000O179IG,4.75
B000O59A52,4.955555555555556
B000O5B4BU,4.338709677419355
B000O5GRXU,4.9423076923076925
B000O76PXK,4.0625
B000O76ZNU,4.746031746031746
B000O77SO0,4.512820512820513
B000O77SOK,4.54054054054054
B000O77V4W,4.421052631578948
B000OCXLPU,3.8
B000OCY7JE,4.514285714285714
B000OCY7KI,4.235294117647059
B000OCZ9WS,3.4358974358974357
B000OHZKZ4,4.694117647058824
B000OHZKZE,4.696
B000OI1G2E,4.637931034482759
B000OIOOUU,4.592592592592593
B000OIOOVO,4.780821917808219
B000OIOPHC,4.714285714285714
B000OONQ9Y,4.725
B000OOOKZS,4.125
B000OPO61U,3.9722222222222223
B000OPPTN4,3.78125
B000ORDM7C,4.617647058823529
B000OU081M,4.1891891891891895
B000OU082G,3.6666666666666665
B000OVLBFS,4.767068273092369
B000OVLBG2,4.728395061728395
B000OVLMHU,4.64
B000OY8NBK,3.2
B000OY8NCE,4.424581005586592
B000OY8NFG,2.9358974358974357
B000OY8NII,4.392
B000OY9V7A,4.507462686567164
B000OYCMLM,3.8072289156626504
B000OYCMMQ,4.696969696969697
B000OZ2CQQ,4.813953488372093
B000P0I4O4,3.8488372093023258
B000P296AS,4.878787878787879
B000P2A6C0,4.345588235294118
B000P2A6CA,4.4
B000P4ZL5K,4.666666666666667
B000P5FH2Q,4.043478260869565
B000P5FH4E,4.75
B000P5FH4O,4.793103448275862
B000P5FH4Y,3.9615384615384617
B000P6R6Y2,3.6605504587155964
B000P6YNSE,4.73936170212766
B000P6YNSO,4.344086021505376
B000P6YNTI,4.627450980392157
B000PAU2ZS,4.25
B000PC1PAW,4.693548387096774
B000PC6YUI,4.8
B000PDZ9SU,4.0
B000PE0G0A,3.682242990654206
B000PFSYO4,4.1610738255033555
B000PFUA9Q,4.8088235294117645
B000PGTPC8,4.743589743589744
B000PGTPGO,4.6938775510204085
B000PGTPH8,4.386759581881533
B000PHX5KU,4.775280898876405
B000PHX8RA,3.873015873015873
B000PISZ86,4.82258064516129
B000PKG8TM,3.8333333333333335
B000PKG8TW,3.6809815950920246
B000PKG8W4,3.576923076923077
B000PMFO3Q,4.892215568862276
B000PMFO40,4.870588235294117
B000PMFS0A,4.918918918918919
B000PMGNK4,4.6521739130434785
B000PMLJMG,3.769230769230769
B000PPRCT2,4.137931034482759
B000PQIBYQ,4.419354838709677
B000Q5L9N6,4.2
B000Q66FB6,4.296774193548387
B000Q66ISG,3.2884615384615383
B000Q66PX4,4.73469387755102
B000Q66PXE,4.611111111111111
B000Q66Q8I,4.481927710843373
B000Q6774K,4.672413793103448
B000Q6775E,4.8
B000Q6GUKW,4.529411764705882
B000Q6GUS4,4.882352941176471
B000Q6GUSE,4.913043478260869
B000Q7S54K,3.8255813953488373
B000Q7ZKY8,4.9
B000Q7ZLQU,4.723404255319149
B000Q7ZLU6,4.068493150684931
B000Q7ZLUG,4.787234042553192
B000Q7ZLV0,4.744186046511628
B000QCU9JO,4.725
B000QDLSR0,4.452
B000QFAFNQ,4.591666666666667
B000QGDJG0,4.7272727272727275
B000QGDY06,3.36875
B000QQA5VC,4.318181818181818
B000QQFKYE,3.8
B000QRI1GM,4.569767441860465
B000QUEQ4U,4.345659163987138
B000QUEQ72,4.7368421052631575
B000QUEQ86,4.9465648854961835
B000QUTTQ0,4.216216216216216
B000QUU4NM,4.724137931034483
B000QX0LE6,5.0
B000QXDEGS,4.466666666666667
B000QXDEH2,4.473684210526316
B000QXDEHC,3.7096774193548385
B000QXDG4S,4.468468468468468
B000QXDG84,4.766666666666667
B000QXDJLI,4.689453125
B000R20164,4.328125
B000R343N0,4.0
B000R349GQ,4.805555555555555
B000R349HU,4.7611940298507465
B000R349IO,4.509803921568627
B000R349JI,4.614906832298137
B000R5OFOA,4.038759689922481
B000R5OFPO,4.619047619047619
B000R7G6JA,4.726027397260274
B000R7HY0K,3.6456953642384105
B000R7I43Q,4.6571428571428575
B000R7I44K,4.6835443037974684
B000R8YC22,4.6923076923076925
B000R9YLIQ,4.6
B000R9YLKY,4.744897959183674
B000RBA6BU,4.121621621621622
B000RE94M4,4.233333333333333
B000RF1QE2,4.674698795180723
B000RF7XYY,4.5
B000RF7Y0C,4.785714285714286
B000RGN2IY,3.7045454545454546
B000RIWARG,4.5
B000RL21OA,4.523809523809524
B000RL6G8C,2.4545454545454546
B000RL6G8M,4.771428571428571
B000RN87CS,3.9855072463768115
B000RO6JZ4,4.55663430420712
B000RO6JZE,4.7592592592592595
B000RO6JZO,4.1
B000RPCJB6,4.965811965811966
B000RPCJBG,4.518518518518518
B000RTBDV4,4.451219512195122
B000RTCSIQ,3.896551724137931
B000RXX5XE,4.432038834951456
B000RXZIHU,4.5
B000RXZIJS,4.65625
B000RXZL18,4.458333333333333
B000RZIGVI,4.780701754385965
B000RZP472,4.333333333333333
B000S0GYJI,4.584415584415584
B000S0GYPW,4.545454545454546
B000S2O15A,4.611111111111111
B000S399GU,3.6931818181818183
B000S6LS66,4.756345177664975
B000S6TNLI,5.0
B000S88JT8,4.554216867469879
B000S8CLR4,4.5
B000SFJ3KU,3.7311827956989245
B000SFJ4K4,4.5
B000SINSVC,4.802197802197802
B000SINSX0,4.8311688311688314
B000SINT4S,4.767123287671233
B000SK5ZKW,4.431372549019608
B000SM6FJA,4.411764705882353
B000SM6FKY,4.153846153846154
B000SM7QTI,4.1923076923076925
B000SMNK16,4.684210526315789
B000SMNL92,4.233644859813084
B000SQFC1S,4.733333333333333
B000SQFC40,4.807142857142857
B000SSQ7JW,4.8316831683168315
B000STC178,3.4642857142857144
B000SULWJA,4.739130434782608
B000T22PVG,4.851351351351352
B000T22Q9W,4.24
B000T28G1E,4.6
B000T28PUG,4.0
B000T2MYZ8,4.138755980861244
B000T5MP7C,4.171428571428572
B000T9OP7G,4.465185185185185
B000TBG98M,3.875
B000TEUSQ8,4.375
B000TGCR3I,4.3
B000TGGJKU,4.555555555555555
B000TGJ8B2,4.80327868852459
B000TGJ8DU,4.583333333333333
B000TGKJQA,4.5813953488372094
B000TGUUFA,4.7725
B000TGVD1U,4.833333333333333
B000TJ6OZ2,4.36
B000TJ6PBU,3.873767258382643
B000TJBN62,3.734042553191489
B000TJBN7Q,3.9034482758620688
B000TJBNHQ,4.251908396946565
B000TLMWMY,4.771428571428571
B000TM1CKQ,4.8375
B000TQLJ2I,4.540816326530612
B000TQLJ4Q,4.863874345549738
B000TQZBNQ,4.617647058823529
B000TS9G3U,4.842105263157895
B000TSTEM8,4.578947368421052
B000TUDFE4,4.6
B000TV1SSS,4.384615384615385
B000TXPXCS,4.882352941176471
B000TYV3C6,4.578723404255319
B000TZ7FTK,4.290322580645161
B000TZJBP6,3.7058823529411766
B000U0C9UE,4.333333333333333
B000U0FZ0K,3.9166666666666665
B000U1ZV4E,4.666666666666667
B000U1ZV4O,4.898989898989899
B000U1ZV58,4.5
B000U1ZV62,4.637931034482759
B000U1ZV6C,4.717948717948718
B000U1ZV6M,4.706018518518518
B000U1ZV7G,4.45
B000U3BMYU,4.756410256410256
B000U6YJMO,4.705882352941177
B000UAE7IQ,4.681034482758621
B000UAE7KO,3.9285714285714284
B000UAE7O0,4.12987012987013
B000UAE7P4,4.4035087719298245
B000UAE7VS,4.829787234042553
B000UEE6TC,3.98
B000UFIYQ2,4.6875
B000UIPJIK,4.769230769230769
B000UNYPGM,4.55
B000UO9ULQ,4.2894736842105265
B000UR9TKK,4.767441860465116
B000URDEAG,2.2
B000USU9LC,4.546875
B000UUX2P0,4.0
B000UX5GFQ,4.4375
B000UX6TJI,4.7844827586206895
B000UY6OU6,4.7444444444444445
B000UZDO3K,4.931818181818182
B000UZDO62,4.337349397590361
B000V1BN7M,4.744186046511628
B000V1Y44Q,4.862745098039215
B000V3JGIS,4.746031746031746
B000V4UH08,4.349056603773585
B000V6LST0,3.9
B000V7ZMK0,4.333333333333333
B000V86OKG,4.666666666666667
B000VAHQVU,4.904761904761905
B000VAPZM2,4.231884057971015
B000VDDDVE,4.127659574468085
B000VDDE0O,4.55
B000VDDE0Y,4.736486486486487
B000VDDE18,4.758620689655173
B000VE43BC,3.888888888888889
B000VECAE4,4.703030303030303
B000VECAEE,4.903846153846154
B000VECAEO,4.662162162162162
B000VEQU36,3.789473684210526
B000VHVT66,4.02
B000VI28Z6,4.507936507936508
B000VKL6Z2,3.569868995633188
B000VKL6ZW,4.219512195121951
B000VKN1XM,3.3333333333333335
B000VM8YCI,4.692015209125476
B000VS20M2,4.354376310272537
B000VSDNF0,2.9566473988439306
B000VSDNHS,3.830188679245283
B000VTHYAE,3.5619047619047617
B000VWE5OY,3.874774774774775
B000VXK6Z0,4.688311688311688
B000VZADR4,3.888888888888889
B000W07EKW,4.77643504531722
B000W089VA,4.519230769230769
B000W1SZ9U,2.9365079365079363
B000W2C29S,3.2033898305084745
B000W668R6,4.7215189873417724
B000W6ZUUC,4.25
B000W8KY0G,4.258823529411765
B000W9DSVW,4.613636363636363
B000WBZZ2A,4.5625
B000WC38BO,4.659090909090909
B000WC38CS,4.620689655172414
B000WC38WS,4.160493827160494
B000WC39FO,4.271604938271605
B000WCBVQS,4.295454545454546
B000WEVGH0,1.732394366197183
B000WEVGHA,4.157894736842105
B000WEVGHK,4.0344827586206895
B000WGTD82,4.735955056179775
B000WGVEAC,4.5
B000WGWQG8,4.626004382761139
B000WGYMTM,3.911764705882353
B000WGZGNS,4.238095238095238
B000WH5AWO,4.416666666666667
B000WL4AI0,4.533333333333333
B000WLYDNM,4.266304347826087
B000WMA6H8,4.717791411042945
B000WMA6R8,3.9011976047904193
B000WMA72C,4.854166666666667
B000WMA73Q,4.885714285714286
B000WMA74A,4.68
B000WMFZJW,3.037037037037037
B000WMFZMY,4.53
B000WOQKD0,4.216216216216216
B000WOSAUG,4.117647058823529
B000WOSAUQ,4.5
B000WQW988,4.862068965517241
B000WQWPRS,4.701030927835052
B000WQWPSM,4.861111111111111
B000WSVBG2,4.598726114649682
B000WTVZG2,4.576923076923077
B000WTZ6SK,4.4393939393939394
B000WXDMLE,4.133333333333334
B000X07SQ6,4.511363636363637
B000X07TLA,4.454545454545454
B000X0G92U,4.522388059701493
B000X1CMXO,4.856209150326797
B000X1CRY8,3.5918367346938775
B000X1GTCO,4.0
B000X1HA4U,3.2
B000X1Z0BU,4.285714285714286
B000X3SZLU,4.75
B000X4WKG0,4.348837209302325
B000X7SD6S,4.578947368421052
B000X843UC,4.583333333333333
B000XA5JWG,4.870967741935484
B000XA5K4I,3.9502262443438916
B000XC0E6K,3.0714285714285716
B000XCVZXG,4.205128205128205
B000XCZGW2,4.869565217391305
B000XCZGX6,4.0576923076923075
B000XCZGXG,4.434782608695652
B000XJ5TOU,3.872340425531915
B000XJ5TPE,4.756756756756757
B000XJD30M,3.406779661016949
B000XJD30W,2.7288135593220337
B000XJD35M,3.0606060606060606
B000XJD3JS,4.72463768115942
B000XJD3K2,4.721311475409836
B000XPNZTK,4.770833333333333
B000XQ4HR8,4.541666666666667
B000XSKDH4,4.803921568627451
B000XT1P20,4.423076923076923
B000XT1P48,4.7215189873417724
B000XT1P5C,4.83625730994152
B000XUF6AG,4.147540983606557
B000XUF6BU,4.806451612903226
B000XUOIQE,4.666666666666667
B000XUOIQO,4.136986301369863
B000XUOIQY,4.717142857142857
B000XXWKFW,4.744186046511628
B000Y11B7Q,4.788888888888889
B000Y11BBC,4.681818181818182
B000Y11BC6,4.640449438202247
B000Y1NNH2,4.2727272727272725
B000Y5CHIE,4.531468531468532
B000Y5JFNY,4.887700534759358
B000Y7U97I,3.789473684210526
B000Y7U996,3.032258064516129
B000Y7WGP6,4.177966101694915
B000Y7ZBZS,4.6644736842105265
B000Y9PC7S,4.788461538461538
B000YA82GA,4.75
B000YAA2SQ,4.654761904761905
B000YAA68C,4.241610738255034
B000YAA68W,4.301369863013699
B000YABIQ6,4.298245614035087
B000YABV7W,4.14367816091954
B000YABYLA,4.151862464183381
B000YAF4MA,4.481927710843373
B000YAF4Q6,4.638297872340425
B000YAGYY2,4.461538461538462
B000YDJG0I,3.6153846153846154
B000YDMIN0,3.7719298245614037
B000YDMPAQ,2.9107142857142856
B000YDMPB0,4.15625
B000YDMPBA,4.566037735849057
B000YDMPCO,4.901408450704225
B000YDOOEQ,3.152941176470588
B000YENUOK,4.644736842105263
B000YGGNGK,4.764705882352941
B000YGGNIS,4.511627906976744
B000YHQNCI,4.523809523809524
B000YIGNKY,4.527777777777778
B000YJOGDE,4.364035087719298
B000YOX3HE,4.2375
B000YPUFAQ,4.594936708860759
B000YQK14K,2.9058823529411764
B000YV1L4E,4.458333333333333
B000YV1Q2G,3.761904761904762
B000Z0UEV0,4.78
B000Z27HMW,3.175438596491228
B000Z63ZKG,4.162790697674419
B000Z6GT18,4.06
B000Z6RH7I,5.0
B000Z8H1ZE,4.666666666666667
B000ZECQ08,4.378014184397163
B000ZKQWHK,4.260869565217392
B000ZMC1EQ,4.608695652173913
B000ZMCFIS,4.324324324324325
B000ZOXDG4,4.16
B000ZS8GWQ,3.806122448979592
B0010358CG,4.32258064516129
B00104AYGU,4.095238095238095
B00104AYSI,3.6344086021505375
B00104QSOC,4.217821782178218
B00104QSOM,3.8574938574938575
B0010BTMBG,4.433333333333334
B0010IF6NW,4.6923076923076925
B0010L073I,4.614457831325301
B0010TL6RQ,4.0
B0010V4VK8,4.841085271317829
B0010V60XY,4.857142857142857
B0010VDYLK,3.5217391304347827
B0010X5X4Y,4.198529411764706
B0010X744G,4.463235294117647
B0010X8NKU,4.725
B0010X8NMS,4.858695652173913
B0010XB1WM,3.51875
B0010YSD7M,4.291666666666667
B0010YSDB8,3.4237288135593222
B0010YVCAM,2.8333333333333335
B0010YVCAW,4.26
B0010YVCB6,4.183783783783784
B00110EJA0,4.585365853658536
B00111YM56,3.925531914893617
B00111YM5G,3.7411764705882353
B001139ZP6,4.8076923076923075
B00113O7MM,4.457142857142857
B00116495O,4.25
B00116GEHU,2.8962264150943398
B00116GEJS,4.446428571428571
B00116GEK2,4.78125
B00116VG3M,4.3431372549019605
B00119UD5Q,4.849056603773585
B0011B9W38,4.873239436619718
B0011FLGU6,4.672727272727273
B0011FLM00,3.665680473372781
B0011G6FDI,3.2757201646090537
B0011HOEY4,4.362275449101796
B0011N19HI,4.454545454545454
B0011UMC72,4.424657534246576
B0011UO8ZQ,4.82089552238806
B0011UO91E,4.698630136986301
B0011V7PSC,4.212962962962963
B0011VR6QI,4.253521126760563
B0011ZJ5C2,4.574468085106383
B00123BY6S,4.621693121693122
B00123GQLG,4.421052631578948
B001240XKU,4.310344827586207
B00124ONSI,4.260869565217392
B00125WATQ,4.126050420168068
B0012680D0,4.177777777777778
B00127IU4S,4.681818181818182
B00127IU9I,3.75
B00127R2WY,4.7368421052631575
B00127RAH6,3.856807511737089
B00127RAIK,2.796875
B00127RAJ4,3.5324675324675323
B00127RAJE,2.6153846153846154
B00127RAJY,4.4817073170731705
B00128VA6C,4.337579617834395
B0012DUT3M,3.442857142857143
B0012E2F60,4.551020408163265
B0012EM5EC,4.68
B0012EM5EW,4.576388888888889
B0012GVKVE,4.608695652173913
B0012IV3PA,3.5757575757575757
B0012IWO0I,4.405063291139241
B0012KJ0CG,3.3552631578947367
B0012KJ0DK,4.1179487179487175
B0012KSUT0,4.640625
B0012M1KWC,4.825
B0012M1KXG,4.043478260869565
B0012OX7DA,4.475409836065574
B0012Q3SZ0,4.65
B0012Q732O,3.2714285714285714
B0012QCZ54,4.446280991735537
B0012QCZ5O,3.605128205128205
B0012QE4PI,4.4714285714285715
B0012QE4Q2,3.717472118959108
B0012QHUB8,4.678571428571429
B0012RCNGE,2.6486486486486487
B0012RLXAG,4.0144927536231885
B0012RWQJ8,4.6923076923076925
B0012V4WSW,4.415584415584416
B0012XSNE4,4.690140845070423
B0012YN35M,4.6875
B0012Z36EO,4.508196721311475
B0012Z36FI,4.688172043010753
B00132XZFQ,4.611111111111111
B0013527I4,4.7272727272727275
B001394S1E,3.7169811320754715
B0013D8LCW,4.554216867469879
B0013D8M3U,4.821428571428571
B0013D8M44,4.74468085106383
B0013FSL0C,3.9820971867007673
B0013FSL1Q,4.146341463414634
B0013FW05Y,3.6
B0013FZUQA,3.3266666666666667
B0013FZUQK,4.287804878048781
B0013GS3WW,4.301507537688442
B0013J30YU,3.056
B0013J55B6,3.8739495798319328
B0013JRDZM,3.6666666666666665
B0013K2ZFY,4.053571428571429
B0013K7ZUE,4.582872928176796
B0013KGWBM,4.653846153846154
B0013KU93E,4.869565217391305
B0013LL2XY,4.12
B0013LRKQC,4.8
B0013LRKRQ,4.8
B0013LRKVC,4.878787878787879
B0013LRKVM,4.791666666666667
B0013NAMLK,4.2
B0013RILOG,3.8222222222222224
B0013TMUW8,4.823529411764706
B0013XS87U,3.8133333333333335
B0013XZ6SY,4.7384615384615385
B00140PK6O,4.8076923076923075
B00141188M,4.741379310344827
B00143XE5K,4.827586206896552
B00144H00Y,4.241935483870968
B001450KCS,4.5
B001451HXO,4.296296296296297
B0014637IQ,4.764705882352941
B00147AJQ8,4.074700109051254
B00149JKDO,3.3722943722943723
B00149LMDU,4.606060606060606
B0014BQR1A,4.369426751592357
B0014BQR3I,4.633802816901408
B0014C2FX8,4.620689655172414
B0014CSNDY,4.2272727272727275
B0014DZ2WS,4.158878504672897
B0014DZ2XC,3.973333333333333
B0014E29TQ,3.9054054054054053
B0014E6438,4.458333333333333
B0014F20GM,3.8784530386740332
B0014FAIX4,3.675
B0014FAIXE,4.84375
B0014FAIYS,4.585714285714285
B0014IC320,4.4411764705882355
B0014LY9JM,4.534883720930233
B0014N0X5E,4.0
B0014QLEIQ,4.275862068965517
B0014T7ETQ,4.398601398601398
B0014VPFKY,4.698412698412699
B0014VPFM2,4.642857142857143
B0014VPFVS,3.808988764044944
B00150N8EY,3.9242424242424243
B00151QYFS,4.377777777777778
B00151QYYE,4.957746478873239
B00152R4VK,4.722222222222222
B00157WT60,4.434782608695652
B001589S0E,4.411609498680739
B00158K0V0,4.033898305084746
B00158NCX8,4.5
B0015ABRE2,4.653266331658291
B0015D20FY,4.513513513513513
B0015FJYV0,4.5
B0015FWKE8,4.234567901234568
B0015I2S74,4.6923076923076925
B0015OKWKS,3.8548387096774195
B0015OKWL2,3.179856115107914
B0015P2FNO,2.7708333333333335
B0015XHP4A,4.744604316546763
B0015XHQVC,3.1041666666666665
B0015XWU9K,4.764705882352941
B001614F0S,3.738562091503268
B00164KYTG,4.235494880546075
B00164KYV4,3.8482142857142856
B001662FIW,4.0
B00166UFSY,4.346153846153846
B00166UFT8,4.346153846153846
B001675YQ6,3.857142857142857
B00169E5JQ,4.121359223300971
B0016AKSQY,4.381818181818182
B0016GO9CC,4.819444444444445
B0016I0AGY,4.431034482758621
B0016I0AH8,4.84
B0016KCCCM,4.76
B0016KHA10,4.8354430379746836
B0016MJ6GA,4.212962962962963
B0016MJ73M,4.489795918367347
B0016MJ73W,4.647058823529412
B0016MLIKM,4.656
B0016MOV9W,3.6774193548387095
B0016OKQOO,4.428571428571429
B0016PURB0,4.809523809523809
B0016PWWRC,5.0
B0016Q2D1Q,4.815789473684211
B0016Q2D5M,4.136968085106383
B0016Q2D66,3.6635071090047395
B00170C15O,4.21
B00170LCWC,4.413461538461538
B001715A92,4.647058823529412
B00171FPOC,4.760869565217392
B00175VSBW,3.3260869565217392
B00177Y9ZC,3.80794701986755
B00177Y9ZW,3.0989583333333335
B00177YA0Q,3.272727272727273
B00177YA6U,4.0212765957446805
B00177YFYM,4.4
B0017ANAX6,3.6058823529411765
B0017ANAZO,3.7841726618705036
B0017ANB08,4.068965517241379
B0017APPSE,3.717472118959108
B0017H3UOS,4.2407407407407405
B0017HRJ04,4.627551020408164
B0017INRGI,4.642857142857143
B0017IVHHO,3.3157894736842106
B0017KXD1U,4.791666666666667
B0017LRZ04,4.162162162162162
B0017MO10U,4.3649289099526065
B0017S66JI,3.8780487804878048
B0017XOF50,3.5306122448979593
B001840TU8,3.72972972972973
B001870VOY,4.685185185185185
B00188KD1E,3.325
B00188M5TM,4.353383458646617
B00188NXN4,4.0
B00189PSQS,4.206422018348624
B0018AQ2RG,3.8828828828828827
B0018CNNV2,4.090225563909774
B0018CWEVW,4.566666666666666
B0018CWEY4,4.459770114942529
B0018CWEYO,4.608695652173913
B0018CWEZ8,4.56353591160221
B0018CWW96,4.254901960784314
B0018RKEGY,4.714285714285714
B0018RWMNM,4.774285714285714
B0018TAFQ6,3.9245283018867925
B0018Y5NVI,4.636363636363637
B00190XKN4,3.953846153846154
B001957A0S,2.973684210526316
B00195FUDC,3.5838323353293413
B00195I3OU,4.212121212121212
B00197POXG,4.694444444444445
B00198J580,4.631578947368421
B00198X0UO,4.796296296296297
B00198X0YA,4.836065573770492
B001992NXI,4.710843373493976
B001992NYC,4.73
B001992NZG,4.829268292682927
B001992O0K,4.966666666666667
B001993Y2C,4.342138364779874
B001993Y9U,4.813253012048193
B001993YCM,4.304878048780488
B00199PPP6,3.7777777777777777
B0019CB5T8,4.077981651376147
B0019D151K,4.864406779661017
B0019ESNFU,4.795454545454546
B0019ESNGE,4.7727272727272725
B0019EXZY4,4.297674418604651
B0019F02XK,4.868421052631579
B0019F030M,4.6022727272727275
B0019GJ42Y,3.682926829268293
B0019HQIFE,4.65625
B0019L0ACM,3.0
B0019L770A,4.69620253164557
B0019LY5IC,3.4315352697095434
B0019LY5IM,4.5811518324607325
B0019M5C0Q,3.684824902723735
B0019N8P2W,4.673076923076923
B0019SYV0W,3.480952380952381
B0019VM63I,4.575757575757576
B0019X3YX2,3.5106382978723403
B0019ZS0GG,3.2758620689655173
B0019ZYD0I,4.586206896551724
B001A33ZHG,4.9375
B001A7X0YA,4.47457627118644
B001ABRBHI,4.102564102564102
B001ADXWYC,4.774193548387097
B001AGNMIK,4.073684210526316
B001AI774S,4.6923076923076925
B001AI7766,4.851351351351352
B001AI776G,4.780141843971631
B001AK3S4O,4.290909090909091
B001AMHNKW,4.420289855072464
B001AMU6AG,3.6
B001ANQY7Y,3.0602409638554215
B001AOC9G8,4.846153846153846
B001AOHPXA,4.28042328042328
B001APZMJI,4.3776223776223775
B001AQBGM4,4.536585365853658
B001AQMBF0,4.594059405940594
B001AQO3SS,4.638418079096045
B001AQO3V0,4.567901234567901
B001AQO3WY,4.143540669856459
B001AQR39O,4.316831683168317
B001AQR3J4,4.459821428571429
B001AQR3LC,4.568720379146919
B001AQR3NK,4.653846153846154
B001AQT112,4.125
B001AQT158,4.9
B001AR0D40,4.771428571428571
B001ARDBXK,4.795698924731183
B001ASIHZG,4.653846153846154
B001AV3BWC,2.9
B001AV3BXG,3.712328767123288
B001AVCFGK,4.313432835820896
B001AVCFJM,4.429024812463935
B001AXU1DC,4.181818181818182
B001AXU1FK,4.675675675675675
B001AYJ2Y0,4.232142857142857
B001AYWY5O,4.833333333333333
B001AYWY68,4.4
B001AYWY6I,4.325581395348837
B001AYWY7C,4.176470588235294
B001AZI236,4.185185185185185
B001AZI23G,3.823529411764706
B001AZIRYA,4.859649122807017
B001AZIRZO,4.6
B001AZJKKK,4.151515151515151
B001B0H7DG,4.5
B001B151X8,4.714285714285714
B001B18716,4.666666666666667
B001B1876Q,4.304347826086956
B001B187CU,4.25
B001B1Q2U4,4.076923076923077
B001B2U1AA,4.697594501718213
B001B3LILA,4.761904761904762
B001B3LILU,4.815384615384615
B001B3LIOC,4.7368421052631575
B001B3XZAW,4.484210526315789
B001B43IUS,4.827586206896552
B001B48C36,4.581081081081081
B001B73PO4,4.729508196721311
B001B73PQC,4.208333333333333
B001B7CNW4,4.135135135135135
B001B7CNZQ,4.607843137254902
B001B7CO0K,4.166666666666667
B001BAJSSI,4.171717171717172
B001BAWKQU,4.596153846153846
B001BC4X0O,3.891304347826087
B001BCO8XQ,3.5729537366548043
B001BCUB46,4.65625
B001BEK856,4.62962962962963
B001BEK85Q,4.857142857142857
B001BEK86K,3.3925925925925924
B001BEK88I,4.666666666666667
B001BGS16W,4.357377049180328
B001BL96JI,3.654320987654321
B001BMGXTI,4.885167464114833
B001BMN35K,3.230769230769231
B001BN25YO,3.3225806451612905
B001BN4WHW,4.826923076923077
B001BN4WI6,4.786666666666667
B001BNFR80,3.5833333333333335
B001BP3Z9G,4.325581395348837
B001BSBBG2,3.86
B001BSBBGM,3.933734939759036
B001BTERXK,4.341463414634147
B001BTZVDA,4.25
B001BYLFDA,4.487240075614367
B001BYLFFS,3.9
B001C46P2K,4.780821917808219
B001C47ZOW,4.343283582089552
B001C4CI8A,4.032467532467533
B001C4CI8U,4.610169491525424
B001C4ZQCU,4.825757575757576
B001C4ZQEI,4.787234042553192
B001C8W7EQ,4.745454545454545
B001CC7POE,4.4222222222222225
B001CCH4RW,3.3658536585365852
B001CDFY50,3.4603174603174605
B001CDLAT4,4.483050847457627
B001CDLATY,4.658914728682171
B001CEE1VC,4.0688524590163935
B001CFEBW0,4.157407407407407
B001CHFM62,4.448717948717949
B001CIOCJE,3.75
B001CIOCNU,4.631578947368421
B001CIOCP8,4.6521739130434785
B001CK7ONS,4.878048780487805
B001CO42CA,4.314814814814815
B001CO42J8,4.868055555555555
B001CQONMC,4.533333333333333
B001CQONNQ,4.845070422535211
B001CQONOA,4.557077625570776
B001CQONOK,4.421052631578948
B001CRQ8K6,4.142857142857143
B001CTA1UM,3.824372759856631
B001CTDH58,4.351145038167939
B001CTDH76,4.647887323943662
B001CXYEVA,4.195833333333334
B001CZJP0S,4.8076923076923075
B001D261SY,4.25
B001D261TI,4.363636363636363
B001D261TS,4.714285714285714
B001D265RQ,4.684210526315789
B001D27GIS,2.832167832167832
B001D2WU8Y,4.446428571428571
B001D2WU9I,3.7888888888888888
B001D2WU9S,3.967741935483871
B001D395NG,4.605769230769231
B001D5C1FI,4.545454545454546
B001D7T6A4,4.735294117647059
B001D7T6AO,4.9
B001D7T6CM,4.006329113924051
B001D7T6N6,4.390243902439025
B001DB2HTC,4.875
B001DE647U,4.526315789473684
B001DF681G,3.901639344262295
B001DHXT48,4.150943396226415
B001DHXT4I,4.933333333333334
B001DHXT4S,4.758620689655173
B001DHXT7U,4.7936507936507935
B001DJ7PR8,3.662020905923345
B001DJ7Q0E,4.619047619047619
B001DJLD12,4.864864864864865
B001DJLD1C,4.5
B001DJLD1W,4.589473684210526
B001DJLD26,4.568181818181818
B001DJLD2G,4.520325203252033
B001DN0US0,4.523809523809524
B001DPHDCE,4.6
B001DPHDJ2,4.296037296037296
B001DRF842,4.733576642335766
B001DSNEJM,4.089743589743589
B001DSNELU,4.818181818181818
B001DSNEM4,4.341463414634147
B001DSNEME,4.622516556291391
B001DTUTU8,4.614406779661017
B001DWNUI8,4.615384615384615
B001DWNUII,4.663551401869159
B001DWNUIS,4.48
B001DXBUCA,4.144005847953216
B001DXS4DI,4.705263157894737
B001DZOC46,4.2075471698113205
B001DZOCVY,2.764705882352941
B001DZOCZU,4.791044776119403
B001E0O8DA,4.855555555555555
B001E2PQGG,3.978723404255319
B001E549KC,4.731343283582089
B001E6HUWK,4.746835443037975
B001E75QHU,4.421052631578948
B001E93EEK,4.605263157894737
B001E95ZI8,4.072727272727272
B001E95ZNS,2.9645390070921986
B001EAWMGA,4.2631578947368425
B001EBO90G,3.8404255319148937
B001ECPV8Y,4.8133333333333335
B001ED8QRQ,4.7336917562724015
B001EHDSOS,4.7317073170731705
B001EHDSR0,4.666666666666667
B001EL6EBS,4.380952380952381
B001EM1E94,4.171428571428572
B001EOQWKS,2.5
B001EWDXT8,4.5
B001EXE2Y2,4.798387096774194
B001F0TT60,3.8282208588957056
B001F12ISU,4.578125
B001F2APHU,4.277777777777778
B001F2HZHI,3.6
B001F2JVSO,3.3684210526315788
B001F2U700,4.880952380952381
B001F2U728,4.45945945945946
B001F76OKC,4.388888888888889
B001F76PD8,3.877094972067039
B001F7AQDS,4.690140845070423
B001FACH8M,3.5757575757575757
B001FB4VXU,4.866071428571429
B001FB4VYO,4.790123456790123
B001FB4VZI,4.75
B001FB4VZS,4.423652694610778
B001FB4W0M,4.846801346801347
B001FB4W0W,4.291411042944786
B001FB55H6,4.037329127234489
B001FB55I0,3.88917089678511
B001FB55JO,4.363636363636363
B001FB55KI,4.439814814814815
B001FB55LC,4.0
B001FB55LW,4.021505376344086
B001FB55M6,4.021505376344086
B001FB55N0,4.322751322751323
B001FB55OE,3.4
B001FB55XA,2.96875
B001FB55YE,4.0
B001FB5634,3.98972602739726
B001FBPSW8,4.4324324324324325
B001FBV55W,4.091854419410745
B001FCD252,4.381818181818182
B001FDEJF8,4.608695652173913
B001FFBI9G,4.642857142857143
B001FJ5D52,4.638888888888889
B001FOPOD8,3.223529411764706
B001FSKE84,4.688888888888889
B001FT4PK6,4.266666666666667
B001G0MFE2,3.933333333333333
B001G0MFIS,4.48936170212766
B001G0MFKQ,4.7819548872180455
B001G0MFL0,4.666666666666667
B001G0MFLU,4.681159420289855
B001G0MFM4,4.71830985915493
B001G0MFME,4.756
B001G0MFOM,3.72972972972973
B001G0MFPG,4.849462365591398
B001G0MFQK,4.838709677419355
B001G0MFQU,4.301369863013699
B001G0N22G,3.6204379562043796
B001G3ENM6,3.9761904761904763
B001G5RSRG,3.259259259259259
B001G619C0,4.675392670157068
B001G6UPGG,4.421052631578948
B001G7FTB6,4.235294117647059
B001G9CNI6,3.7777777777777777
B001G9CNRC,3.5588235294117645
B001GCUBS2,3.8125
B001GCUER0,4.671875
B001GCUNWQ,4.546783625730995
B001GCUNYO,4.48630831643002
B001GCUNZI,3.808080808080808
B001GCUO0W,3.8864353312302837
B001GCUO16,4.135210396039604
B001GCUO4S,3.593167701863354
B001GCUO5M,4.130252100840337
B001GCUO7K,4.461538461538462
B001GD6VT4,3.435483870967742
B001GKJ2DY,4.247863247863248
B001GLX6US,4.782178217821782
B001GLX74I,4.003472222222222
B001GMAVGE,4.078947368421052
B001GMH8WY,4.829787234042553
B001GP5TL8,4.464285714285714
B001GP5TLI,4.555555555555555
B001GP5TLS,4.404761904761905
B001GR2ZCM,4.9375
B001GRYOTY,3.8358208955223883
B001GS7AZS,4.373913043478261
B001GTOABY,4.354838709677419
B001GU04Y0,4.645161290322581
B001GUL6BK,4.521739130434782
B001GUYAZY,4.715686274509804
B001GXQSWE,3.292307692307692
B001GXR7A6,4.714285714285714
B001H5X7JS,3.9158163265306123
B001H606S2,4.052631578947368
B001H9MYPW,4.440677966101695
B001H9N870,4.492957746478873
B001HAO8NM,4.26530612244898
B001HB1K0A,4.558139534883721
B001HC7XCS,4.768156424581005
B001HN68ZU,4.617582417582417
B001HN6918,4.619952494061757
B001HN6922,4.116550116550116
B001HN6940,4.2946026986506745
B001HN697M,4.390909090909091
B001HN699A,3.291044776119403
B001HN699K,3.291044776119403
B001HN69AE,2.9759036144578315
B001HN69B8,3.7822222222222224
B001HN69CC,4.149635036496351
B001HQZJWK,3.8076923076923075
B001HUHBBS,4.510204081632653
B001HVZOA2,4.032128514056225
B001HY3B40,2.926829268292683
B001HZ4K7G,3.6666666666666665
B001HZ4K80,4.592592592592593
B001HZXYDC,4.239316239316239
B001IBCS3C,4.788461538461538
B001IBIDLI,3.0606060606060606
B001ICUVPS,5.0
B001IDW0SS,4.277777777777778
B001IF3LYS,4.433333333333334
B001IJO5BW,4.684210526315789
B001ILFUC8,4.511627906976744
B001ILHY2C,4.161616161616162
B001IUOA2U,4.3464912280701755
B001IXXYCE,4.681818181818182
B001J2SFSC,4.461538461538462
B001J4E19C,3.7596153846153846
B001J4E1D8,3.9365079365079363
B001J66JQ8,4.633333333333334
B001J710YS,2.5714285714285716
B001JA8UEI,3.480952380952381
B001JAHPR6,4.702898550724638
B001JAHQ0C,4.924242424242424
B001JAHQ0M,4.538461538461538
B001JAHQGG,4.530054644808743
B001JAHREW,4.8
B001JAHRF6,4.841059602649007
B001JAHRGK,4.7974683544303796
B001JAHS50,4.7101449275362315
B001JAHSHI,4.711538461538462
B001JAHSKU,4.622641509433962
B001JFKWE4,4.5423728813559325
B001JJMGIU,3.475
B001JNNDC4,3.6884057971014492
B001JNNDRY,4.791666666666667
B001JQ31LO,4.298429319371728
B001JQHT6M,2.028169014084507
B001JV5BC6,4.72
B001JV5BHQ,3.313131313131313
B001JXPBRE,4.507246376811594
B001JXPBS8,4.294117647058823
B001JXPC28,4.419354838709677
B001JXPCQ4,4.375
B001K2LFNI,3.8923076923076922
B001K98M4Q,4.851063829787234
B001K98M78,4.735294117647059
B001KEGR7U,3.910891089108911
B001KEGRBQ,4.14
B001KEGRCA,4.088235294117647
B001KEHAG2,4.409090909090909
B001KKU9AU,4.568965517241379
B001KKU9FA,4.611111111111111
B001KNAI2Q,4.5
B001KO1BB2,3.3384615384615386
B001KO1BCQ,4.589041095890411
B001KP2J26,4.438848920863309
B001KP2J2Q,4.438848920863309
B001KQNZXM,4.2560975609756095
B001KRCDRA,3.9411764705882355
B001KVZ6AM,4.086956521739131
B001KVZ6ES,4.59915611814346
B001KVZ6HK,4.719602977667494
B001KXZGNW,4.592592592592593
B001KXZGOG,4.65979381443299
B001KZH2I2,4.03125
B001KZIRKY,4.10757946210269
B001L0KHA6,4.380952380952381
B001L1IDJ2,4.218181818181818
B001L1RDVQ,4.513888888888889
B001L1S1PI,3.6031746031746033
B001L1S1WQ,4.719298245614035
B001L2ZSKS,4.11969111969112
B001L54TQY,4.033333333333333
B001L57ZZG,4.09622641509434
B001L67A46,3.769230769230769
B001L7XND2,4.185185185185185
B001L8YQ64,3.9056603773584904
B001L9EXSY,3.911392405063291
B001L9EXUC,3.7803738317757007
B001LF347E,4.674157303370786
B001LGFAJS,4.473684210526316
B001LK8TEM,4.304932735426009
B001LK8UP0,3.8656716417910446
B001LL9R74,4.625
B001LLH8S4,3.5376344086021505
B001LLH8SE,3.324324324324324
B001LM6VTU,3.9823321554770317
B001LM6VV8,3.7545454545454544
B001LMAKAQ,4.769230769230769
B001LMU1KU,4.531468531468532
B001LPWGBY,4.2368421052631575
B001LPWGFA,4.1891891891891895
B001LRTT30,4.767857142857143
B001LRTT9E,4.137931034482759
B001M564BQ,4.5636363636363635
B001M5UDGS,4.657303370786517
B001M6SHA6,4.841269841269841
B001M9ELQ2,4.638888888888889
B001MAA6WO,3.8726415094339623
B001MDI9I4,4.36675235646958
B001MEJYAK,4.0546875
B001MFNB4O,3.769230769230769
B001MM3AZM,4.115384615384615
B001MSC61A,4.571428571428571
B001MT7ZEW,3.730496453900709
B001MTYRKC,3.6625766871165646
B001MVWM7A,4.380952380952381
B001MVWRNO,4.651785714285714
B001MVYUQG,4.583333333333333
B001MYIXAW,4.26875
B001MYIXBQ,3.175438596491228
B001MZ7L7C,4.076923076923077
B001N26GFC,3.23728813559322
B001N26GFM,4.572469325153374
B001N26HFG,4.7272727272727275
B001N2MWGO,4.1192660550458715
B001N2WISQ,4.476190476190476
B001N4K6LU,4.277777777777778
B001N4K6M4,4.277777777777778
B001N5BDX4,3.9328358208955225
B001N6FPRI,4.5625
B001NCDFUG,4.538461538461538
B001NFNFIK,3.7942583732057416
B001NFNFMG,2.3404255319148937
B001NFNFN0,4.637254901960785
B001NGNLEW,3.9583333333333335
B001NGPLCM,4.677966101694915
B001NJ19KW,4.410526315789474
B001NP8PQM,4.770491803278689
B001NPD9JA,4.143564356435643
B001NPD9PE,3.3563218390804597
B001NPD9R2,3.707865168539326
B001NPD9RM,3.9662162162162162
B001NPDO90,4.461538461538462
B001NRY6R2,3.8863636363636362
B001NXDHOO,4.821428571428571
B001NXDIMK,4.35632183908046
B001NY6YPW,4.375
B001NZ2OPU,3.8181818181818183
B001O0QFRM,3.857142857142857
B001O0TWY0,4.777777777777778
B001O0Z82U,4.509433962264151
B001O2MWGI,4.625
B001O2UTRW,4.6923076923076925
B001O4AHJK,3.23728813559322
B001O4C6NA,4.466403162055336
B001O4KBNM,4.74
B001OMU6UM,4.531531531531532
B001OQCUYS,4.266666666666667
B001OQCUZM,3.9097744360902253
B001OQCV1K,4.090909090909091
B001OQCV2E,3.737631184407796
B001OQCV5G,4.48
B001OQCVFQ,4.282051282051282
B001OQCVH4,3.68
B001OQCVI8,3.8798076923076925
B001OXLGKA,4.859375
B001P3SA9O,3.89922480620155
B001P42YCW,3.92
B001P4Q3CY,3.5384615384615383
B001P5I5ME,4.666666666666667
B001P5YIQQ,4.545454545454546
B001P5YIR0,4.0
B001P7YD7I,4.684210526315789
B001P8OG3M,4.746666666666667
B001P9KR94,4.159154929577465
B001P9N94E,3.36734693877551
B001P9N99O,3.452830188679245
B001P9N9BW,4.130769230769231
B001PKHS90,4.585365853658536
B001PMR2KS,4.563461538461539
B001PMRK0K,4.72
B001PO53IO,4.610526315789474
B001PO54OM,4.880434782608695
B001PO54V0,4.85
B001PO550A,4.728915662650603
B001PO556E,4.671875
B001PO5N6G,4.169014084507042
B001PO6BYE,4.681818181818182
B001PO7J9A,4.714285714285714
B001PPGAIK,4.084239130434782
B001PR0XZO,4.766666666666667
B001PR0Y4O,4.312625250501002
B001PR0Y7Q,4.25668449197861
B001PR0YEE,4.100502512562814
B001PR0YGC,3.652173913043478
B001PR1ZNS,3.053763440860215
B001PUTN34,4.619047619047619
B001PUTN3Y,3.986206896551724
B001PWY4U4,4.276595744680851
B001Q94TRO,4.673913043478261
B001QB5SS6,4.53416149068323
B001QDBX6A,2.1125
B001QDF5VE,4.38
B001QIVEVE,4.674157303370786
B001QIVEVO,4.666666666666667
B001QLKI18,4.157894736842105
B001QMCJ1E,4.756756756756757
B001QOGXUA,3.9833333333333334
B001QOGY4U,3.8156028368794326
B001QOGY6I,4.299212598425197
B001QOGYAO,3.7940074906367043
B001QOGYBI,4.442095588235294
B001QOGYFY,3.50381679389313
B001QU880M,4.246153846153846
B001QUF7DS,4.594202898550725
B001QZZZPS,2.169811320754717
B001R10BD2,4.633333333333334
B001R10BIW,3.361111111111111
B001R10BJG,3.5
B001R1HEMI,4.8
B001R3YRIA,4.823529411764706
B001R60ESE,4.809523809523809
B001R67UEA,4.708860759493671
B001R7IH5A,5.0
B001R88C72,3.6831683168316833
B001R8B5TO,4.878787878787879
B001RE9HDY,4.083333333333333
B001REZM74,4.17948717948718
B001RHGRPW,4.34
B001RIZE3M,4.583916083916084
B001RP974C,3.8714285714285714
B001RP974W,2.973684210526316
B001RP975Q,2.697674418604651
B001RP976A,3.0
B001RPZE26,3.2127659574468086
B001RTCP1U,4.2594936708860756
B001RTKKRQ,4.148648648648648
B001RTP3Z0,4.888888888888889
B001RTSPVY,4.769716088328075
B001RVPOPW,3.513888888888889
B001RXB4H2,4.745901639344262
B001RXB4K4,4.833333333333333
B001RXDM1I,4.092105263157895
B001S3GDT0,4.622
B001S86IYK,4.722222222222222
B001S86IZE,4.683333333333334
B001SF8FLW,4.758620689655173
B001SLNPTI,4.72093023255814
B001SO6KNS,4.667407407407408
B001SSNN2A,4.44
B001T21R50,4.363636363636363
B001T7O25M,4.130434782608695
B001TC8PNM,3.0
B001TGU6IK,4.336363636363636
B001TH92N4,4.295774647887324
B001TK80FC,4.444444444444445
B001TKJDIU,4.829787234042553
B001TKNWVE,4.743243243243243
B001TOD6N4,4.899159663865547
B001TOPYY8,4.76056338028169
B001TRDQIQ,3.7175141242937855
B001TUZGPO,4.432835820895522
B001TWT0DQ,4.125
B001U06NBE,4.75
B001U0HBQK,3.6984126984126986
B001U1RM40,3.4705882352941178
B001U3D88M,4.253012048192771
B001U3EONK,4.2835820895522385
B001U3ZYX4,4.794117647058823
B001U7IJVO,4.345132743362832
B001UHO102,4.033898305084746
B001UHO18Y,4.6
B001UHOWX8,4.8576
B001UHOWYM,4.837209302325581
B001UJE98Y,4.392694063926941
B001UJENPS,4.321428571428571
B001UJIMIC,3.4827586206896552
B001ULCY48,4.805555555555555
B001US3XQY,4.792307692307692
B001UV4X4W,3.8656716417910446
B001UV4X8S,3.144578313253012
B001UV4XEM,4.167410714285714
B001UV4XFQ,4.305037313432836
B001UV4XHE,3.935064935064935
B001UV4XI8,4.465909090909091
B001UV4XIS,4.547261009667024
B001UV4XS8,4.168
B001UV4XUQ,4.018348623853211
B001UV4XW4,4.296296296296297
B001UV4XWY,3.089820359281437
B001UV4XY2,4.463483146067416
B001UW59JO,4.52
B001UWOLQG,4.292207792207792
B001V7P2W2,4.630769230769231
B001V7UX4E,3.9555555555555557
B001V7UX4O,4.788888888888889
B001V7YZBQ,4.357142857142857
B001VB8UGS,4.714285714285714
B001VC995S,4.2
B001VEJK6Y,3.6808510638297873
B001VFM0TW,4.841269841269841
B001VLFE76,4.589147286821706
B001VPJYZK,4.446808510638298
B001W2HZ0S,4.4375
B001W79MBI,4.8
B001W8JY7Y,4.157894736842105
B001WAKFP2,4.326923076923077
B001WAKOW6,4.054945054945055
B001WAKOX0,4.445378151260504
B001XRLWLU,4.387096774193548
B001XRLWPQ,4.802083333333333
B001XURJCS,4.769230769230769
B001Y7CVZU,4.655555555555555
B001YMDCE4,3.8947368421052633
B001YTTWP0,3.8026315789473686
B001YY6UR8,4.204545454545454
B0020TS5EM,4.581818181818182
B0020TS5EW,4.111111111111111
B0021AENJG,4.3426573426573425
B0021GYDAE,4.3
B0021L8UG2,3.616336633663366
B0021L8UHQ,4.020408163265306
B0021L8UMQ,3.918918918918919
B0021L8UO4,4.136363636363637
B0021L8UOY,4.0
B0021L8UPS,4.240677966101695
B0021L8UXK,4.082706766917293
B0021L8UZ8,3.364705882352941
B0021L8UZS,3.6296296296296298
B0021L8V0W,4.274782608695652
B0021L8V1Q,4.317102137767221
B0021L8V2K,4.1610738255033555
B0021L8V34,3.712686567164179
B0021L8V3Y,4.28193832599119
B0021NXN7G,4.6
B0023TZ3QC,4.1440677966101696
B0023UZBBI,4.7164179104477615
B00242KD1S,4.458333333333333
B0024396EM,4.695652173913044
B0024396EW,4.57
B00243HD2Y,4.263291139240506
B00246QGHE,4.371428571428571
B0024F08TW,4.916666666666667
B0024FABCG,4.894736842105263
B0024FAR4S,4.440677966101695
B0024FAR52,4.388059701492537
B0024NSFZI,4.713375796178344
B0024OW1QQ,4.788461538461538
B0025KVKDE,4.647058823529412
B0025KVKDO,4.708333333333333
B0025KVNOU,4.857142857142857
B0025KVTLW,4.666666666666667
B0025MEREQ,4.825
B0025VLEMK,4.4324324324324325
B00264GB74,4.914893617021277
B00264H48O,4.780487804878049
B00265T7O2,4.670731707317073
B00266PDZ8,4.76
B00267N3E0,4.147058823529412
B0026I0NEC,4.8
B0026IQTR2,5.0
B0026OE2O8,4.548172757475083
B0026P61FA,3.9615384615384617
B0026QDNC8,3.765957446808511
B0026RX2VE,4.8125
B0026S2TU8,4.722222222222222
B0026ZQBK0,4.640776699029126
B00274SITW,3.8333333333333335
B00275EGX8,4.056603773584905
B00275EHC8,3.585526315789474
B00275EHFU,4.147286821705427
B00275EHI2,3.9302325581395348
B00275EHJG,4.7727272727272725
B00277Q2UG,2.925373134328358
B00277Q2UQ,3.7564102564102564
B00278FS8M,4.675
B00279MJHE,4.588235294117647
B0027BOL46,2.591549295774648
B0027BOL4G,4.661710037174721
B0027CSMYA,4.619047619047619
B0027CT65E,4.462962962962963
B0027FG29Y,4.300578034682081
B0027P94CQ,4.138888888888889
B0027UY88G,4.2727272727272725
B0027VST2Q,4.907692307692308
B00280LZAE,4.5754716981132075
B0028RABS4,4.264705882352941
B0028RY4LE,4.84375
B0028S10XS,3.475
B0028S110A,4.828571428571428
B0028SVXVM,4.105263157894737
B0028Y4SPO,4.658536585365853
B00290X6NW,4.2105263157894735
B002945DU2,4.621621621621622
B00294Y722,4.458333333333333
B0029LI69A,4.380368098159509
B0029O0ANW,3.6310160427807485
B0029RVZGA,3.0842105263157893
B0029SESZY,4.909090909090909
B0029W2V9U,3.4752475247524752
B0029WLJHK,4.35632183908046
B0029Z8K60,4.518518518518518
B0029ZUQB2,4.753846153846154
B002A5EBLW,4.487179487179487
B002AK9UPO,4.711111111111111
B002AK9URM,2.953846153846154
B002AK9UUO,4.8108108108108105
B002AL2TYC,4.768867924528302
B002AL2TYM,4.708333333333333
B002AL2TYW,4.647058823529412
B002AMUDJY,4.185053380782918
B002AMUDK8,4.337777777777778
B002AMVEDI,4.46969696969697
B002AMVEF6,4.206896551724138
B002AMVEHY,4.673913043478261
B002AMW108,4.478260869565218
B002APNJCO,4.777777777777778
B002AQDDTM,3.183333333333333
B002AT4KA0,4.526690391459074
B002BDV5OE,3.8214285714285716
B002BFBAWO,3.6867469879518073
B002BFBAYW,3.615819209039548
B002BIULQC,4.16
B002BPVHYU,4.571428571428571
B002BVYBJW,4.493055555555555
B002BWP2BW,4.77319587628866
B002BWP2EY,4.533333333333333
B002BWP2IK,4.236499068901304
B002BWP2JO,4.723577235772358
B002BWP3UC,4.409836065573771
B002BWP3WA,4.425531914893617
B002BWP49C,4.508771929824562
B002BWP4A6,4.073170731707317
B002BXGIPA,4.7272727272727275
B002BYSG0Y,4.851851851851852
B002BYYA9A,4.36281179138322
B002BZTNIC,3.9363636363636365
B002C39SQU,4.01
B002C4JUWG,4.350877192982456
B002C6VMG6,4.333333333333333
B002C7ELU4,4.8
B002CAWNDS,3.558333333333333
B002CGT0TW,4.372549019607843
B002CLKP00,4.247619047619048
B002CMGO5O,4.753846153846154
B002CYIR34,4.2525
B002D1XK74,3.9017857142857144
B002D1XKB0,4.311764705882353
B002DH20PQ,4.619718309859155
B002DH20YM,4.75
B002DKGWSE,3.9491525423728815
B002DP0J24,4.236111111111111
B002DU39IU,4.451612903225806
B002DU39J4,4.173913043478261
B002DUJ9NE,4.425531914893617
B002DUJ9Q6,4.663366336633663
B002DYJTVW,4.65
B002E01LQ6,3.8607594936708862
B002E2M5IC,3.4585987261146496
B002E9HML0,4.918918918918919
B002EAKWCU,3.7551020408163267
B002EEOE34,3.9123376623376624
B002EL4RLQ,4.505376344086022
B002EOVXB0,3.6
B002EWD0BI,4.611111111111111
B002EWD0BS,4.4
B002EWD0D6,4.71830985915493
B002F6MPY6,4.829787234042553
B002FA5NNW,4.726315789473684
B002FLOTPO,4.685714285714286
B002FLZM7S,3.7
B002FLZM8M,3.803921568627451
B002FLZM9G,3.3773584905660377
B002FVPFU2,3.753846153846154
B002GSXKO2,4.62
B002GSXKP6,4.594202898550725
B002GSXKPG,4.686746987951807
B002H02V9O,4.0
B002H3EU9A,3.648854961832061
B002HEXVUI,4.40911528150134
B002HRF68A,3.5911458333333335
B002HWUU3G,4.025
B002I0DJKI,3.3846153846153846
B002I41KLE,3.3220338983050848
B002IDVUJM,4.054054054054054
B002IFUCYE,4.098039215686274
B002ITB3PM,4.7368421052631575
B002ITSAI0,4.382978723404255
B002JCSWVG,4.2956521739130435
B002JT6A7M,3.2606382978723403
B002JVWR4A,4.844444444444444
B002K52G8W,3.611111111111111
B002KD9C22,4.696428571428571
B002KGVB7S,3.988372093023256
B002KISB56,4.5754716981132075
B002KJAIG0,4.0
B002KLAL88,3.2444444444444445
B002KSA4F6,4.17037037037037
B002L5GQMI,3.627906976744186
B002L9N4N8,4.925
B002LFPAUM,4.840579710144928
B002LFPBOM,3.5019157088122603
B002LITRJ4,4.6865234375
B002LSI1GY,3.6206896551724137
B002LYD2M6,4.888888888888889
B002M0HOV4,4.027397260273973
B002M2T1UO,4.561151079136691
B002M3JJE6,4.346153846153846
B002M3JJEG,4.1
B002MUAXJY,4.632911392405063
B002MZZMRM,3.998611111111111
B002N57KGM,4.670731707317073
B002N5N4FS,4.6875
B002N5N5LG,4.7375
B002N5N5M0,4.6938775510204085
B002N5N5UM,3.3684210526315788
B002N7HXJ4,2.869718309859155
B002NWRMO0,4.842105263157895
B002O3Z4WU,4.62962962962963
B002OCX6YO,4.326923076923077
B002OEBRJ8,3.2658227848101267
B002OID512,4.865853658536586
B002OMIKHC,4.316831683168317
B002OMIKLI,4.136363636363637
B002OOWKRQ,3.923076923076923
B002OVO18A,3.450980392156863
B002P7UCJ0,3.4453781512605044
B002PCVLWW,4.333333333333333
B002PLMJ74,4.650602409638554
B002PLPQME,3.311224489795918
B002PNW79C,3.5625
B002PTTL22,4.010869565217392
B002Q8GKLM,4.962962962962963
B002Q9MZEM,4.545454545454546
B002QEHPQA,4.022556390977444
B002QH4R54,3.7714285714285714
B002QW7AJY,3.8220338983050848
B002QW7ALW,4.059322033898305
B002R0EIVI,4.586872586872587
B002R0ELCY,4.352657004830918
B002R8JG5I,3.086206896551724
B002RABPC8,3.2972972972972974
B002RBNNTA,3.5886524822695036
B002RBZ13Q,4.75
B002RD55KI,3.8421052631578947
B002RD55M6,4.0773809523809526
B002RD55NK,4.316
B002RD55PS,4.088235294117647
B002RNOS4M,4.462962962962963
B002RSDW80,4.248815165876778
B002RUNMMO,4.507246376811594
B002RVZV9U,4.313953488372093
B002S0OB8W,3.1097560975609757
B002SAJ6E6,4.423280423280423
B002SAJ6EQ,4.363934426229508
B002SAMMQK,4.7272727272727275
B002SCQKGQ,4.4
B002SJIO5O,3.9688195991091315
B002SQFZ68,4.333333333333333
B002SVP9GO,3.9411764705882355
B002SYAGN2,3.518796992481203
B002SZQC7K,4.75531914893617
B002T4GXUQ,3.8351648351648353
B002T5QM92,3.9130434782608696
B002TCRQ6S,4.343283582089552
B002TOJOY8,4.268041237113402
B002TVQ48K,3.5535714285714284
B002U0KHNS,3.019230769230769
B002U573W6,4.496124031007752
B002UNHFWG,4.362068965517241
B002UNMW7O,4.219298245614035
B002UPA4ZY,4.8125
B002USF1VS,3.6804733727810652
B002UZCJ8Y,3.860215053763441
B002VECLVY,4.178294573643411
B002VECMB8,4.009638554216868
B002VKB0LU,4.651851851851852
B002VKB0MO,4.128491620111732
B002VKE17U,3.5407407407407407
B002VKE1K2,3.5045592705167175
B002VL5BWS,4.138983050847457
B002VPE1BQ,3.7209302325581395
B002VPTJNQ,4.192
B002VPTJOK,3.4615384615384617
B002VWOMZ4,4.815359477124183
B002W1HBLQ,4.894736842105263
B002WCLG3Y,3.4838709677419355
B002WNU0QW,3.8095238095238093
B002WNUVJS,4.046875
B002WY65VA,4.034090909090909
B002XAZ87K,3.7945205479452055
B002XKKX7K,4.72
B002XTBE60,3.7142857142857144
B002XTBECY,4.739726027397261
B002XTBEDI,4.615044247787611
B002Y0KR70,4.7701149425287355
B002Y5FKRW,3.8983050847457625
B002Y5UCOS,4.120300751879699
B002Y7ZELW,4.054054054054054
B002YBUX0K,4.315789473684211
B002YE26MA,4.833333333333333
B002YGSZBY,4.883333333333334
B002YKFLBM,4.957446808510638
B002YMWQ2M,4.578947368421052
B002Z7FN7Q,4.297297297297297
B002ZCY7QY,4.674698795180723
B002ZCY7SW,4.6947368421052635
B002ZCY80O,4.476190476190476
B002ZCY82W,4.103896103896104
B002ZCY85E,4.6976744186046515
B002ZCY868,4.352941176470588
B002ZCY872,4.299768518518518
B002ZCY8CW,4.67948717948718
B002ZFEQ76,3.8433734939759034
B002ZG9724,3.242574257425743
B002ZG975Q,3.8009049773755654
B002ZG9774,4.553014553014553
B002ZG9788,3.6838407494145198
B002ZG97EC,4.775280898876405
B002ZG97M4,3.8448275862068964
B002ZG97RY,3.7235772357723578
B002ZG97WO,3.4242424242424243
B002ZG97XI,3.7315175097276265
B002ZG97Z6,4.756465517241379
B002ZG9846,4.28476821192053
B002ZG986E,4.275925925925926
B002ZG988W,4.507772020725389
B002ZG98DM,4.53932584269663
B002ZG98L4,3.855
B002ZG98LO,4.0835509138381205
B002ZG98OQ,4.544715447154472
B002ZG9904,4.517699115044247
B002ZG996I,4.242574257425742
B002ZG9990,3.8
B002ZG99HC,3.882758620689655
B002ZG99MC,4.233480176211454
B002ZG99UY,3.790960451977401
B002ZGW92Y,3.8666666666666667
B002ZTNJ2A,4.0344827586206895
B0030BOCE6,4.793103448275862
B0030BYWU0,4.714285714285714
B0030CIG74,4.76
B0030CRK4E,4.404761904761905
B0030DGHL0,3.426900584795322
B0030GCZM2,4.290556900726393
B0030HT8FS,3.701492537313433
B0030U1TFW,4.148936170212766
B0030VANJO,4.333333333333333
B0030Y0I1Y,4.046728971962617
B0030Y12A0,4.525
B0031DDG9A,4.586956521739131
B0031RAOVY,4.669381107491857
B0031REQJ0,4.382978723404255
B0031XLT3U,4.726415094339623
B0032BWL10,3.8636859323882224
B0032JTV38,4.326530612244898
B0032LV4KY,4.585365853658536
B0032LV4NG,4.800970873786408
B0033AGJ5Y,3.529209621993127
B0033AGJ68,4.019292604501608
B0033U3DNA,3.1777777777777776
B0033XUHAY,4.3
B003498RT0,3.913793103448276
B0034G4P7Q,4.084084084084084
B0034JKZ8G,4.5353075170842825
B0035JHYGQ,3.3333333333333335
B0035JHYIY,4.826923076923077
B0035JHYJI,4.67816091954023
B0035MA5HS,4.112676056338028
B0035RWG0M,4.685714285714286
B00364K7AU,4.794585987261146
B00366E1E6,4.529411764705882
B00369ERCY,3.8839285714285716
B0036EH3WU,4.360655737704918
B0036EH3X4,4.1875
B0036RPM98,3.828025477707006
B0036TGSJE,4.521367521367521
B0036TGSWG,4.288343558282208
B0036TGTEI,4.4
B00376AVIA,2.823529411764706
B0037B2WOG,4.804347826086956
B0037QGS0A,3.811688311688312
B0037TIIR8,4.684210526315789
B0037TVOD8,4.833333333333333
B00382S9MS,3.1826086956521737
B00383XZP8,4.525773195876289
B00388PK7O,4.764102564102564
B0038ASYTI,4.75
B0038JE376,4.3210227272727275
B0038M2AOQ,4.6521739130434785
B0038M2APA,4.40625
B0038M2AWI,4.162393162393163
B0038M2S2A,4.875
B0038N9X3Q,4.333723653395785
B0038Q9Q6W,4.77906976744186
B0038YX20U,3.234042553191489
B00395ATT0,4.838541666666667
B0039UAA58,2.0963855421686746
B0039USJBK,3.905263157894737
B0039UT3LK,4.056962025316456
B0039XFD20,4.66
B003A8FET6,4.278963414634147
B003AIL24C,4.102564102564102
B003AQTJG2,3.2904761904761908
B003B3V0UM,3.9637305699481864
B003BEDAVS,4.243119266055046
B003BJODJQ,4.361111111111111
B003BLPEHE,4.5
B003CI2G6S,3.693452380952381
B003CJXJ8Q,3.426829268292683
B003CPPY74,3.896713615023474
B003CT4XPO,3.953488372093023
B003CWEQ7G,4.345454545454546
B003CYLO42,4.474226804123711
B003DBLDKE,5.0
B003DQN5DW,3.361111111111111
B003DU50U4,4.212765957446808
B003DWS04U,2.52
B003DZX46G,4.380952380952381
B003E1QDAI,4.2105263157894735
B003E4B0H6,4.448275862068965
B003E51VUQ,4.666666666666667
B003E697MY,3.152941176470588
B003ELOQD4,3.861111111111111
B003ES5JDS,4.696356275303644
B003ES5JEC,4.419161676646707
B003EV6DCG,4.414893617021277
B003EYVXTQ,4.187725631768953
B003F1WA7C,4.072463768115942
B003F2LH34,4.0576923076923075
B003F3NDOO,4.5
B003F3NDP8,4.071428571428571
B003F3NE1Q,4.7894736842105265
B003FSTN70,4.804054054054054
B003FSTN84,4.781818181818182
B003FTM18C,2.885496183206107
B003FTM18W,4.039370078740157
B003FXXNH6,4.627450980392157
B003G715ZS,4.468085106382978
B003GAMN6K,4.442748091603053
B003GAMOIW,4.064676616915423
B003GAMOL4,3.4545454545454546
B003GAMOLY,4.340277777777778
B003H5WF3U,4.333333333333333
B003H6KRKC,4.783783783783784
B003H8F2WI,3.901639344262295
B003H8F3A4,4.5
B003H8F3AY,3.681159420289855
B003HC9JIW,4.714285714285714
B003HFUVQI,4.862068965517241
B003ICWTR4,4.7407407407407405
B003IHUI0O,4.378854625550661
B003IMERF6,4.310344827586207
B003INBNXY,4.6
B003IRUFBG,4.064516129032258
B003IRUFCA,4.3125
B003IY498Y,3.647887323943662
B003J27WFW,4.846153846153846
B003JHXS1E,4.28
B003JLL2RW,4.528301886792453
B003JYOFOQ,2.41025641025641
B003JZCVR8,3.9157608695652173
B003JZCVT6,3.871212121212121
B003K02EV0,4.4714285714285715
B003K2G0TA,4.431818181818182
B003K7FB7C,4.376923076923077
B003KJ7BN2,3.3529411764705883
B003KZ27N0,4.5625
B003L16FC2,4.3283582089552235
B003L1ZWG2,3.76953125
B003L20IF6,3.2263157894736842
B003L20IFQ,3.3624161073825505
B003L20IG0,4.266423357664234
B003L20IJW,4.453416149068323
B003L20ILA,4.202898550724638
B003L77FXE,4.660714285714286
B003L77FYS,4.81404958677686
B003L77G06,4.734848484848484
B003L77G1K,4.839285714285714
B003L77G2Y,4.723260073260073
B003L77G6A,4.834862385321101
B003L77G6U,4.7272727272727275
B003L77GDS,4.540229885057471
B003L77GE2,4.825396825396825
B003L77GG0,4.608247422680412
B003L77GGK,4.698492462311558
B003L77GHE,4.7979452054794525
B003L77GJM,4.444444444444445
B003L77GMO,4.564285714285714
B003L77GPG,4.179190751445087
B003L77GTM,4.417721518987341
B003L77GVK,4.484848484848484
B003L77H1E,4.893203883495145
B003LLVVX0,4.565217391304348
B003LSTWH0,4.28169014084507
B003M8NG58,4.625
B003M8OHVU,3.893939393939394
B003MRD9KQ,4.333333333333333
B003MSY968,2.6493506493506493
B003ND0ATC,4.793103448275862
B003NEVW8E,3.5652173913043477
B003NFM3JK,4.422839506172839
B003NHMYHY,3.2098765432098766
B003NKU9AK,4.686046511627907
B003NOCXB4,4.703703703703703
B003O9IY98,4.461538461538462
B003OCWF6I,4.080213903743315
B003P0W1KE,4.508108108108108
B003P3DZDI,4.222222222222222
B003P6PWAE,2.682926829268293
B003PJ1UTS,3.5535714285714284
B003PU82CU,3.376146788990826
B003Q6D27S,3.81875
B003Q6D2B4,4.5853304284676835
B003Q7B6ZC,4.7727272727272725
B003QF1N7K,4.491525423728813
B003QP4CNC,4.5227272727272725
B003QP4CZA,4.190476190476191
B003QS0E54,4.2745098039215685
B003R0MEOA,4.6521739130434785
B003R0MEW2,4.686746987951807
B003R0MEYA,4.322916666666667
B003R0MEZ4,4.821917808219178
B003R0MEZO,4.814285714285714
B003R0MF08,4.739726027397261
B003R0MF0S,4.803571428571429
B003R0MF1W,4.833333333333333
B003R0MF3K,4.630376344086021
B003R0MF5I,4.794871794871795
B003R0MF6W,4.571428571428571
B003R0MF7G,4.7317073170731705
B003R4ZMO0,4.540880503144654
B003R4ZMOK,3.8255813953488373
B003R4ZMPE,4.757042253521127
B003R4ZMQI,4.203571428571428
B003R4ZMS6,4.348484848484849
B003RACH88,4.92
B003RACHB0,3.5714285714285716
B003RHZ66Q,4.1
B003RHZ6CK,4.693661971830986
B003RRXU3C,4.4225
B003SLEDJC,4.761904761904762
B003SPDS7G,4.711111111111111
B003SPDSAI,4.675
B003SPDSBM,4.6
B003T9YANM,4.275862068965517
B003TLMPHI,4.861538461538461
B003TO541O,4.710059171597633
B003TT2X7M,3.4727272727272727
B003U0AHBO,4.175196850393701
B003U4H0CE,4.157894736842105
B003U9XZYQ,4.47457627118644
B003UCA4XI,4.473684210526316
B003UCA55K,4.428571428571429
B003UD7J62,4.65625
B003UD7J9E,4.548192771084337
B003UD7JC6,4.663716814159292
B003UD7JEE,4.402597402597403
B003UESJC4,3.6555555555555554
B003UESJF6,4.622065727699531
B003UESJHE,4.619777158774373
B003UESJHY,4.352941176470588
B003UESJII,4.44
B003UESJME,4.271698113207547
B003UH3RQO,4.357142857142857
B003ULW71Q,4.566666666666666
B003UMW69I,4.451117318435754
B003UU65QK,4.125874125874126
B003V3FSO6,4.7317073170731705
B003V924K6,3.5609756097560976
B003VB5E2E,4.527272727272727
B003VJTGNE,4.430232558139535
B003VRV9DG,3.219178082191781
B003VS0CXI,4.674712643678161
B003VWDK06,4.504531722054381
B003W5C0VW,4.423076923076923
B003WEAW18,4.754716981132075
B003WEAW2C,4.584905660377358
B003WOUP2O,4.421052631578948
B003X1VJ1M,3.5185185185185186
B003X27I8O,4.363636363636363
B003X2P90S,4.703703703703703
B003X2P98U,4.585585585585585
B003X3CF68,4.954545454545454
B003X3O2VY,1.59375
B003X4KHRG,3.918032786885246
B003XFN1Z0,3.475
B003XM707S,4.833333333333333
B003XMKN40,4.914285714285715
B003XMKU0M,4.637931034482759
B003Y5H4W0,4.150943396226415
B003Y5H4ZM,4.449612403100775
B003Y5H4ZW,3.53
B003Y5H51K,3.582608695652174
B003Y5H54W,3.8189910979228485
B003Y5H57E,4.223844282238443
B003Y5H5BA,4.06425702811245
B003Y5H5C4,3.6666666666666665
B003Y5H5FG,3.831223628691983
B003Y5H5GU,3.095419847328244
B003Y5H5HO,4.2014787430683915
B003Y5HWFO,4.71875
B003Y5HWMW,4.371428571428571
B003Y9NXDK,4.075
B003YDZV72,2.3333333333333335
B003YJEO24,4.0
B003YKDPCI,4.588235294117647
B003YKYX7O,3.405864197530864
B003YKYX9M,4.833333333333333
B003YLM77G,4.818181818181818
B003YUBZ7A,4.076923076923077
B003YVP5FM,4.739837398373984
B003YZGWOQ,3.7586206896551726
B003Z3CZGG,4.186440677966102
B003Z8ZC2A,3.823529411764706
B003Z8ZCD4,4.174242424242424
B003ZJK4HW,4.1891891891891895
B003ZMCCQA,3.847826086956522
B003ZUO6OS,4.081081081081081
B003ZVL0V4,4.714285714285714
B003ZVU1P0,4.7555555555555555
B003ZXNCH2,4.0246913580246915
B004047Y06,4.72972972972973
B00404ME0G,4.7272727272727275
B00404ME0Q,4.181818181818182
B00404ME1A,3.8473282442748094
B00406UJZG,4.842105263157895
B00406UK00,2.7058823529411766
B0040QTNSU,4.282442748091603
B0041ETK2A,4.791666666666667
B0041H55LM,4.699386503067485
B0041H55SA,4.711864406779661
B0041KKYDI,4.245098039215686
B0041KKYEM,3.6538461538461537
B0041KKYH4,3.5348837209302326
B0041KKZIW,3.703125
B0041KW8L4,4.818181818181818
B0041UUNU2,4.357142857142857
B0042AGNBE,3.905747126436782
B0042AM386,4.2631578947368425
B0042DN4XG,3.6265060240963853
B0042EJD8A,4.305084745762712
B0042FDCMM,4.565217391304348
B0042I6528,4.583333333333333
B0042JGGEO,4.333333333333333
B0042L0P1C,3.7155963302752295
B0042SSO1I,4.8
B0042U9B3Q,3.44
B0042ZTQ3G,4.708333333333333
B00432QAKK,4.646341463414634
B0043988G2,4.466666666666667
B00439GDQ4,1.9649122807017543
B0043CT8KO,4.4520547945205475
B0043LUR6E,4.554347826086956
B0043SQI9W,4.764705882352941
B0043URV1O,5.0
B0043VUHXC,4.054054054054054
B00440FO6M,4.771689497716895
B00443FMKM,4.297297297297297
B004498KPU,4.5
B00449C4BQ,4.291666666666667
B0044CM7YC,4.6
B0044WNK7U,4.391891891891892
B00450AG1Y,4.583333333333333
B0045JJ1O8,3.7714285714285714
B00461VOPO,2.647887323943662
B00465I1BA,4.679245283018868
B00466H3A4,4.6075949367088604
B00466HN86,4.856677524429967
B00466HOR6,4.7727272727272725
B0046A9RMC,4.8344370860927155
B0046GDYLQ,4.498194945848375
B0046H0HZ6,4.284697508896797
B0046HBKUC,4.197530864197531
B0046MOVD0,4.235955056179775
B0046ZE3OE,4.131578947368421
B0046ZT40W,4.772549019607843
B00471JT50,4.504504504504505
B0047BXQZY,4.766990291262136
B0047BXR44,4.6923076923076925
B0047EGK9A,4.774193548387097
B0048IW0KS,4.625
B0048LPRCS,3.5483870967741935
B0048LPRDC,4.7
B004919RHI,3.335664335664336
B00498NBE6,4.915254237288136
B0049EO108,4.324937027707809
B0049EOFCC,4.651162790697675
B0049EVR1O,4.647058823529412
B0049EVR32,3.442857142857143
B0049J515W,4.741176470588235
B0049P1ZZQ,4.663141993957704
B0049SF8W4,4.515151515151516
B0049TC8C6,4.820388349514563
B0049TC8CQ,4.572916666666667
B004A8ZWT2,3.9809782608695654
B004A8ZWUQ,4.305194805194805
B004A8ZWVA,3.630952380952381
B004A8ZWVU,4.715151515151515
B004A8ZWW4,4.617886178861789
B004A8ZWWO,3.96
B004A8ZX1O,4.073170731707317
B004A8ZX28,4.166289592760181
B004A8ZX32,3.5090909090909093
B004A8ZX3C,4.350230414746544
B004A8ZX4G,4.326923076923077
B004AC6PN0,4.388888888888889
B004AE3QY4,3.788793103448276
B004AFUJGG,4.7407407407407405
B004AGKE7Y,4.206896551724138
B004AHAEV4,4.113636363636363
B004AN1VJ2,3.375
B004AODY3C,4.259541984732825
B004AUP3EY,4.444444444444445
B004AUP3F8,4.384615384615385
B004AV5GX6,3.2867132867132867
B004AWPDZQ,3.945945945945946
B004AYMY92,4.15625
B004B3PB74,3.9510489510489513
B004B63M1S,3.9566787003610107
B004B93RC4,3.2916666666666665
B004BBDHFO,4.4
B004BDOEZO,4.072568940493468
B004BDOF1C,4.084832904884319
B004BLJQOK,4.26158940397351
B004BR7XLM,4.8088235294117645
B004BR83KC,4.368421052631579
B004BZ5AM8,3.3733333333333335
B004C03THU,4.482142857142857
B004C03TK2,4.699612403100775
B004C1W1VY,4.404255319148936
B004C45AZU,4.203438395415473
B004CCNB58,4.611111111111111
B004CFH9F8,4.459183673469388
B004CJQVI0,4.391304347826087
B004CJQVQC,4.739130434782608
B004CRR9IS,4.657894736842105
B004CSBVJ0,4.5
B004CWLRIG,3.3488372093023258
B004CYECFE,3.8714285714285714
B004CYVZ1I,3.4545454545454546
B004DCB0ZU,4.56
B004DMIIPA,4.543859649122807
B004DMIIPK,3.5344827586206895
B004DOTKDM,4.587301587301587
B004DTLK76,4.4
B004DY3N9Y,3.6738197424892705
B004EC5IWU,3.136986301369863
B004EE30C8,3.8392857142857144
B004EFCVPE,4.095238095238095
B004EI2NOK,3.893617021276596
B004EI2NPO,3.8048780487804876
B004EPYSBE,4.617021276595745
B004EPYZCQ,3.6918032786885244
B004EPYZDK,4.39622641509434
B004EPYZHQ,4.379310344827586
B004EPYZNU,3.8506787330316743
B004EPYZOE,3.8833333333333333
B004EPYZOY,4.058333333333334
B004EPYZP8,4.488524590163935
B004EPYZQ2,4.016042780748663
B004EPYZQC,4.562886597938144
B004EPYZRG,3.6955445544554455
B004EPYZSA,3.4491525423728815
B004EPYZTE,3.3625377643504533
B004EPYZU8,3.821608040201005
B004EPYZUS,4.276995305164319
B004EPYZVW,4.07037037037037
B004EPYZXK,2.9146341463414633
B004EPZ00M,4.141304347826087
B004EPZ01G,4.680851063829787
B004EPZ02A,3.717857142857143
B004EPZ03E,4.438661710037175
B004EPZ03O,4.1976284584980235
B004EPZ06Q,3.7363636363636363
B004EPZ070,4.25
B004EPZ07K,3.8944365192582024
B004EPZ08E,3.8828264758497317
B004EPZ08O,4.201030927835052
B004EPZ0AM,4.341463414634147
B004EPZ0BG,4.160535117056856
B004FGA2LM,4.375
B004FK2MWA,4.416490486257928
B004FM2EL2,4.1328671328671325
B004FOPFFC,4.6
B004FUKLIW,3.769230769230769
B004FUYSV8,4.688524590163935
B004FV4R8G,4.274193548387097
B004G5Z0DW,4.168181818181818
B004GHNG6I,3.4571428571428573
B004GIIHYI,4.866666666666666
B004GJYRF0,4.775
B004GSVXAS,4.543478260869565
B004GZZH8A,4.740963855421687
B004H4N13S,3.8541666666666665
B004H83IGY,4.661538461538462
B004HO6HWK,4.326388888888889
B004HO6HY8,4.5027027027027025
B004HO6I2O,3.5786163522012577
B004HO6I4M,4.582474226804123
B004HW7JI8,4.826923076923077
B004I11VZ0,4.471698113207547
B004I1K4MQ,4.0546875
B004I2K4E8,4.672727272727273
B004I85CY4,4.0625
B004I8WHCO,4.738095238095238
B004I8WN1E,4.648148148148148
B004I9SJFW,3.85
B004IB04NK,4.604651162790698
B004IEBRSI,4.323943661971831
B004IFYMWK,4.2773722627737225
B004IS1URC,2.2045454545454546
B004ISM6E8,4.338624338624339
B004IWR06S,3.672794117647059
B004IY1AW6,3.37007874015748
B004J35K0O,4.34453781512605
B004J713JW,4.8
B004JUJNNC,4.615702479338843
B004K4FU9S,4.5675675675675675
B004K4FUUC,4.764044943820225
B004K6FS5W,4.706896551724138
B004K8WJ4S,4.531914893617022
B004KCAYXC,4.2
B004KDYR5W,4.557377049180328
B004KPD1IO,4.635869565217392
B004KSRML8,4.916666666666667
B004KV9312,4.619047619047619
B004KX70FQ,4.37037037037037
B004KZH5JK,3.488372093023256
B004L03B3S,4.138211382113822
B004L1DB9G,4.057142857142857
B004L3AR0K,4.1
B004L5GY82,4.481481481481482
B004L9GM5S,3.8846153846153846
B004LO0AJM,4.8791208791208796
B004LROMS4,4.279661016949152
B004LROMSY,3.7891156462585034
B004LROMT8,4.6125
B004LROMWU,3.982142857142857
B004LV3VQE,4.673076923076923
B004LVOX7K,4.755905511811024
B004LWJ6RG,4.327433628318584
B004LWZVZM,4.146881287726358
B004LWZW0G,4.625
B004LWZW24,4.145374449339207
B004LWZW2E,4.094488188976378
B004LWZW2Y,4.064676616915423
B004LWZW4C,4.447953216374269
B004LWZW4M,4.382086167800454
B004LWZW5G,3.3333333333333335
B004LWZW6A,4.176
B004LWZW6U,3.1313868613138687
B004LWZW7E,3.9768637532133675
B004LWZW7Y,4.474431818181818
B004LWZW8S,3.7099056603773586
B004LWZWA6,4.382663847780127
B004LWZWBU,4.247311827956989
B004LWZWFQ,4.046979865771812
B004LWZWGK,4.180979418026969
B004LXBKEC,3.5
B004LYWFNG,2.88
B004M3M5F4,4.790697674418604
B004M7YRXS,3.44
B004M9ZI0M,4.215189873417722
B004MCGNSU,4.704225352112676
B004MFT1PO,4.2023809523809526
B004MKMQJW,4.08503937007874
B004MOFGFO,4.673469387755102
B004MPRCTG,4.176470588235294
B004MPRNAE,5.0
B004MW57BY,4.21875
B004MYH08U,3.0660377358490565
B004MYOYFC,4.834394904458598
B004N21KIC,3.7567567567567566
B004N5UTUE,4.851851851851852
B004NJC0R0,4.688524590163935
B004NMFWNQ,4.35
B004O0H6BS,4.620689655172414
B004O8OLNQ,4.162162162162162
B004OBZMBS,4.0
B004OC006Y,4.3469119579500655
B004ODLUGM,4.674157303370786
B004OSVTRW,4.426829268292683
B004OT7PMO,4.416666666666667
B004P1IXHW,3.6678445229681977
B004P1IXJ0,3.932584269662921
B004P9FAKM,4.863636363636363
B004QC6HKK,4.6521739130434785
B004QIG7CW,4.782608695652174
B004QL7JYY,3.391959798994975
B004QL7K6G,3.473333333333333
B004QL7K70,3.8857142857142857
B004QO9H28,4.1656441717791415
B004QOB8SO,4.777427821522309
B004QOB8UC,4.748466257668712
B004QSQMG8,4.61
B004QWSU46,4.038461538461538
B004QXJZXK,4.777777777777778
B004R35DLW,4.660714285714286
B004R67RC2,3.7309322033898304
B004RAIZ8I,4.962962962962963
B004RE29T0,4.67741935483871
B004RUEXVQ,4.6835443037974684
B004S6E91S,4.612903225806452
B004SGWYW4,4.5
B004SIPAFK,4.661016949152542
B004SKI7B2,4.318965517241379
B004SKQAJI,4.55
B004SO26RE,4.3
B004SUDQ4A,2.9857142857142858
B004T3BDXW,4.533333333333333
B004TFTE90,4.0
B004TJ1H1Y,4.729166666666667
B004U2RBGU,4.549019607843137
B004U33NHA,4.95
B004UA8D14,2.3214285714285716
B004UGCVX4,4.76
B004UIFZQC,4.086956521739131
B004ULEEY8,3.9662698412698414
B004ULNJF8,4.007142857142857
B004ULNJJ4,4.297872340425532
B004UMAPUO,4.071428571428571
B004UOHNAC,4.442857142857143
B004UQPM4E,4.652482269503546
B004USUPAI,4.102564102564102
B004UVYQVY,3.7948717948717947
B004UXUUJE,4.405405405405405
B004UXUWEC,3.7572815533980584
B004UXUWTW,3.8727272727272726
B004UXUX4Q,4.021052631578947
B004UXVDJA,4.830312185297079
B004UXVDOA,4.773006134969325
B004UXVEUS,4.504983388704319
B004UXVFIO,4.738738738738738
B004V2S4SS,4.6891891891891895
B004V6AISS,2.6403508771929824
B004VF63Z6,4.114285714285714
B004VLLWB0,3.9210526315789473
B004VLLWBU,3.09375
B004VM2FKG,4.461538461538462
B004VRL4BM,4.344827586206897
B004W48KHK,3.0948275862068964
B004W75BQU,4.92
B004WBC43E,3.7
B004WJT5FG,4.297872340425532
B004WJT5H4,4.837209302325581
B004WKRQTM,4.5
B004WMOSIC,4.901960784313726
B004WOAGCC,2.2653061224489797
B004WOAGGI,3.8421052631578947
B004WOAGIG,2.8666666666666667
B004WOQFOA,4.423423423423423
B004X0MHEU,4.630057803468208
B004X181TY,4.01984126984127
B004X1M4FG,4.764705882352941
B004X1STT6,4.541666666666667
B004X1Z14C,3.9391304347826086
B004X4O988,4.8125
B004X63SG0,2.744186046511628
B004X7I7A6,4.4
B004X83UHA,4.666666666666667
B004X8AIF2,4.0
B004X9YNNO,4.25
B004XAM0Q0,4.25
B004XC5LHS,4.425531914893617
B004XCM89M,3.5485714285714285
B004XCUEXY,4.916666666666667
B004XFZ47C,4.191780821917808
B004XKUFY4,4.066666666666666
B004XKVQKQ,4.622641509433962
B004XQO90E,4.261437908496732
B004XWLN20,4.414141414141414
B004YDSNMQ,4.450549450549451
B004YHRZJY,4.4035087719298245
B004YJZ5PI,4.0
B004YJZB4S,3.6440677966101696
B004YM6IZ6,4.720183486238532
B004YM6JK0,4.777777777777778
B004YM6JLO,4.7974683544303796
B004YM6JUA,4.367816091954023
B004YVO5ZM,4.5
B004YZ3M16,4.9411764705882355
B004Z29WWG,4.529411764705882
B004Z29XEI,3.563380281690141
B004Z74X0M,4.833333333333333
B004Z7AHTI,4.522123893805309
B004ZB92G8,4.625
B004ZBA9P6,4.26605504587156
B004ZBAB3Q,4.662068965517242
B004ZDY400,4.4319066147859925
B004ZENT1E,4.285714285714286
B004ZJ9VXY,4.0588235294117645
B004ZKKL32,4.793103448275862
B004ZZDYDG,4.545454545454546
B00505QA90,4.628985507246377
B0050A52BC,4.816326530612245
B0050ITR4W,3.2626262626262625
B0050JN814,4.466666666666667
B0050JN8BE,4.666666666666667
B0050MB43A,4.654545454545454
B0050MB5N4,4.345238095238095
B0050MB5NO,4.777777777777778
B0050N0UR0,4.346774193548387
B0050N0US4,4.65625
B0050O9YGW,3.9411764705882355
B0050PYNO4,4.451807228915663
B0050UEVFU,4.390243902439025
B00511N7B2,4.2444444444444445
B00518JDWW,3.94
B0051938XQ,3.1156462585034013
B00519BOV4,3.77027027027027
B00519BOY6,2.5238095238095237
B0051CSIL0,4.037037037037037
B0051GLDQI,4.53030303030303
B0051GOB2G,4.192771084337349
B0051MKMNC,4.378086419753086
B0051T480I,4.225806451612903
B00527QY88,4.571138211382114
B00527QYOW,3.55045871559633
B0052O3OAW,3.870967741935484
B0052P61WO,4.541666666666667
B0052T1EBS,4.315789473684211
B0052T1EDQ,4.622222222222222
B0052T6XLY,4.666666666666667
B0052WKZY2,4.195121951219512
B0052WNHQU,3.9482758620689653
B0052XI5HK,4.010204081632653
B0052YWHTQ,3.3
B0052ZFFT4,4.8
B0052ZFYEK,3.2564102564102564
B0053O022O,3.510204081632653
B0053O89IS,4.838775510204082
B0053O89JM,4.7165605095541405
B0053O89KG,4.866108786610878
B0053O89QU,4.833333333333333
B0053O89U6,4.742857142857143
B0053O89WY,4.853904282115869
B0053O89YM,4.645868465430017
B0053O89Z6,4.661538461538462
B0053O8A50,4.725882352941176
B0053O8A5K,4.571428571428571
B0053O8A8M,4.827586206896552
B0053O8AAK,4.159420289855072
B0053O8ACS,4.7407407407407405
B0053O8AFK,4.72972972972973
B0053O8AGY,4.945454545454545
B0053O8ALE,4.708860759493671
B0053O8AQE,4.575342465753424
B0053PTFDK,4.740259740259741
B0053WQE6O,3.5405405405405403
B0053XZ8YC,3.765432098765432
B0053XZ95U,4.568181818181818
B0053ZHZI2,4.623809523809523
B00543R3WG,4.482068141063957
B005452D24,4.516129032258065
B0054JELWU,4.375
B0054K8JSG,4.776041666666667
B0054PSXZK,4.083333333333333
B0054PSY40,2.8260869565217392
B0054PSY54,4.336956521739131
B00553K8FY,4.595238095238095
B00553K9Z8,4.317073170731708
B00553KAHA,3.418918918918919
B00553KAK2,4.6891891891891895
B00559SGCU,4.541666666666667
B0055CP9LS,2.090909090909091
B0055EAJ7A,4.4348171701112875
B0055HK6UW,4.7936507936507935
B0055HK6VG,4.739130434782608
B0055OG9PQ,4.54054054054054
B0055OTDCM,4.660377358490566
B0055Q2WMS,4.571428571428571
B0055SJX4Q,4.533333333333333
B0055SNHP2,4.568965517241379
B0055SNHQ6,4.657894736842105
B0055SNHQG,4.5606060606060606
B0055SOAAI,4.518518518518518
B0055UA1KO,4.735294117647059
B00560317S,4.808849557522124
B0056031LE,4.554794520547945
B0056031NW,4.848484848484849
B00561BNI6,3.395348837209302
B00564HZYY,3.1666666666666665
B00567TCD8,4.0578512396694215
B0056AJD9S,3.257142857142857
B0056G1AM0,4.6911764705882355
B0056IXS7S,3.9303547963206307
B0056P6SP0,2.896103896103896
B0056YMDWS,5.0
B005775M2C,3.2653061224489797
B00579YI1G,2.616822429906542
B0057ACEDO,4.4
B0057GUD7C,3.9467821782178216
B0057GUGGU,3.767123287671233
B0057J5BMG,4.870967741935484
B0057JIR0Y,3.948051948051948
B0057O6IGY,4.464285714285714
B00584A7MY,4.534653465346534
B0058GVP5U,4.542168674698795
B0058ILL2K,3.897727272727273
B0058JN4X8,4.742857142857143
B0058KGHX6,4.395348837209302
B0058M07US,4.4
B0058N2SBS,3.876943005181347
B0058O1FIY,4.82258064516129
B0058UHR6W,4.470588235294118
B0058YPG1G,4.846969696969697
B0058YPGVQ,4.745562130177515
B0058YPH5G,4.566666666666666
B0058YPI5K,4.768382352941177
B0058YPIF0,4.7727272727272725
B0058YPILY,4.780898876404494
B0058YPJ2W,4.85
B0058YPJ8G,4.752941176470588
B0058YPJOU,4.818965517241379
B0058YPK9O,4.876923076923077
B0058YPKIA,4.474409448818897
B0058YPL66,4.536206896551724
B0058YPMHO,4.258064516129032
B0058YPN0U,4.474264705882353
B0058YPPN0,4.44
B0058YPQ0C,4.394366197183099
B0058YPQFM,4.357142857142857
B0058ZPNUY,4.85
B00592CZRK,4.1638795986622075
B0059XTTW8,3.414565826330532
B0059XTTZU,4.04054054054054
B0059XTU1S,4.419798951048951
B0059XTU3G,4.4543022737405265
B0059XTU7W,4.680851063829787
B0059XTUB8,4.078048780487805
B0059XTUH2,4.37037037037037
B0059XTUR2,3.1296296296296298
B0059XTUXQ,3.4201680672268906
B0059XTV4Y,3.8043478260869565
B005A1GRO2,4.764705882352941
B005A5IAC0,3.988095238095238
B005A5YYKC,4.568862275449102
B005ARYEBY,4.661016949152542
B005AU4SBC,4.705882352941177
B005B0QYMM,3.5344827586206895
B005BPTLIQ,4.85531914893617
B005BRFN8Q,4.6909090909090905
B005BSCPY0,4.680851063829787
B005BUA1CG,4.892857142857143
B005BUA1E4,4.566666666666666
B005BUA1JY,4.849462365591398
B005BUW8JA,2.352272727272727
B005BX3K80,4.516129032258065
B005BX3NKK,4.605263157894737
B005BXY1Q0,4.5
B005BXY1QU,4.2894736842105265
B005BYBZEK,4.28125
B005BYBZKY,4.770370370370371
B005C4444C,3.75
B005C7SXMS,3.696969696969697
B005CFBZQ6,4.347222222222222
B005CHXB4I,3.3529411764705883
B005CRDG8E,4.529411764705882
B005CRMXKQ,4.622754491017964
B005D0RDKW,4.682926829268292
B005D0RDU2,4.104803493449782
B005D7E7ZY,4.948717948717949
B005DDN51A,4.801204819277109
B005DETYW8,4.5
B005DEUES6,4.253968253968254
B005DEUEV8,4.457142857142857
B005DFHQRM,4.3
B005DGKBC8,4.048780487804878
B005DJ7AYC,4.043715846994536
B005DMHHKQ,4.372093023255814
B005DVIOIG,4.6940298507462686
B005E7SEM0,3.6041666666666665
B005E7SEMU,4.605839416058394
B005E7SEOI,4.658536585365853
B005ELMC1U,4.4326923076923075
B005ELVCS4,4.6020408163265305
B005ER6S46,2.46875
B005ETQ2RM,4.425
B005EUXN6E,4.869565217391305
B005EVY8MQ,4.771428571428571
B005EVY8NA,4.621621621621622
B005EWRJGM,3.909967845659164
B005F265CU,4.811320754716981
B005F265IE,4.72
B005F3DFXG,4.477777777777778
B005F3XV4Y,4.3478260869565215
B005F3XV7Q,4.121951219512195
B005F3XV80,4.809248554913295
B005F44X36,4.616666666666666
B005F96UP0,4.2368421052631575
B005F96URI,3.9607843137254903
B005FHHD58,4.277777777777778
B005FI36OE,4.714285714285714
B005FISBV2,4.507751937984496
B005FISC3Y,4.661538461538462
B005FISC52,4.7073170731707314
B005FISCFW,3.7426900584795324
B005FITIF0,4.217821782178218
B005FITIGO,3.9500924214417745
B005FITIK0,3.2
B005FITIW8,4.052631578947368
B005FLCD1I,4.550793650793651
B005FNLVHI,4.357142857142857
B005FPT2E0,4.611111111111111
B005FQ1OQ8,3.8
B005FQ2HBO,4.383561643835616
B005FQZMK2,4.5
B005FRWTSO,4.264705882352941
B005FUTBWS,3.73
B005FWQJ8U,3.9565217391304346
B005G4FFBE,4.880952380952381
B005G4FFDW,4.658536585365853
B005G4FFG4,4.583333333333333
B005G5NPG0,4.72972972972973
B005G652GA,3.6323529411764706
B005G815S2,4.96
B005GD007O,4.6923076923076925
B005GISDXW,1.5357142857142858
B005GJCGIE,4.529411764705882
B005GLHO48,3.8380281690140845
B005GNU5N8,4.9156626506024095
B005GNZRMW,3.7787610619469025
B005GP7EUI,4.733727810650888
B005GP7EVC,4.774647887323944
B005GRTNVE,4.666666666666667
B005GT3X68,3.5929203539823007
B005GT3XFY,4.2180451127819545
B005GYJPYW,4.478311386522076
B005GYSUYI,4.730769230769231
B005HFI7IU,4.243243243243243
B005HI4LMS,4.520833333333333
B005HMHPE0,4.445945945945946
B005HQBO9I,4.093333333333334
B005HRNDH8,4.833333333333333
B005HS00U0,4.791666666666667
B005HS00WI,3.1627906976744184
B005HS4CUY,4.7103825136612025
B005HU0TBI,4.794117647058823
B005HVWW3K,4.803571428571429
B005HVWWB2,4.7407407407407405
B005HWAOHK,3.9735576923076925
B005HZCLXC,4.036697247706422
B005I0DUN6,4.882352941176471
B005IAAQKQ,3.475
B005IF7AZK,4.603448275862069
B005IU1OMA,4.733333333333333
B005IU25PA,4.545454545454546
B005IUIWB6,4.666666666666667
B005IUIXCE,3.507936507936508
B005IYF8C8,3.696969696969697
B005J4TLN4,4.037735849056604
B005J6U77Q,4.8
B005JZBPHS,5.0
B005JZBPJ6,4.938271604938271
B005K1VPY4,4.660377358490566
B005K270VK,4.060869565217391
B005K276L4,4.415094339622642
B005K8QI9E,4.346774193548387
B005K8QIS0,4.487068965517241
B005KCIQQS,4.384615384615385
B005KG4DWU,4.054794520547945
B005KG4EKQ,4.34
B005KR6NNG,4.461538461538462
B005KR6O1C,4.285714285714286
B005LAIGF0,3.732394366197183
B005LAIGJQ,3.7560975609756095
B005LAIGLO,4.0067796610169495
B005LAIGNC,4.073239436619718
B005LAIGOQ,3.7310049019607843
B005LAIGPA,3.7773972602739727
B005LAIGQE,4.459302325581396
B005LAIGSC,4.155737704918033
B005LAIGSM,4.198653198653199
B005LAIGW8,3.440318302387268
B005LAIGY6,4.083333333333333
B005LAIGYQ,4.478060046189376
B005LAIH0Y,2.86046511627907
B005LAIH1S,4.551282051282051
B005LAIH2M,3.9489164086687305
B005LAIH5O,4.041304347826087
B005LAIH86,4.3744292237442925
B005LAIH9A,4.120218579234972
B005LAIHAE,3.680327868852459
B005LAIHBS,3.6945454545454544
B005LAIHCW,3.570588235294118
B005LAIHEA,3.3661971830985915
B005LAIHHC,3.2847222222222223
B005LAIHQS,4.3093093093093096
B005LAIHRC,3.7661971830985914
B005LAIHSQ,3.9884649511978703
B005LAIHUO,4.098853868194842
B005LAIHW2,4.43559718969555
B005LAIHY0,3.7863590772316953
B005LAIHZE,3.8263305322128853
B005LAII0I,3.9711538461538463
B005LAII1C,3.754595588235294
B005LAII1W,4.306501547987616
B005LAII2Q,3.4203389830508475
B005LAII3U,3.7120291616038883
B005LAII4E,3.8761506276150626
B005LAII5I,4.350626118067979
B005LAII62,4.134020618556701
B005LAII7G,3.974088291746641
B005LAII8K,3.8776722090261284
B005LAII94,3.6875
B005LAIIAI,3.5841836734693877
B005LAIIB2,3.4535398230088497
B005LAIIFS,4.6299212598425195
B005LAIII0,4.376880443388757
B005LAIIJY,4.206201550387597
B005LAIIKS,4.218421052631579
B005LAIILM,4.111607142857143
B005LAIIMG,4.053254437869822
B005LAIIQC,4.093774019984627
B005LAIIS0,3.6566265060240966
B005LAIISU,4.48046875
B005LAIITE,4.465648854961832
B005LAJ140,4.051282051282051
B005LAJ17M,4.386666666666667
B005LAJ1H2,4.707736389684814
B005LAJ1K4,4.13939393939394
B005LAJ1LS,4.214689265536723
B005LAJ1PE,4.368378650553877
B005LAJ212,4.669902912621359
B005LAJ23A,4.7095889905548995
B005LLXB9K,4.875
B005LOBWA2,4.767123287671233
B005LW489G,4.576923076923077
B005LYLP8Q,4.4
B005LZW87M,2.5686274509803924
B005M0R524,4.880597014925373
B005M0X078,4.75
B005M1O5K8,4.714285714285714
B005MQWJPG,4.809523809523809
B005MT3830,4.555555555555555
B005MVF65G,4.2
B005MWKAS8,4.131147540983607
B005MXQCV6,3.6666666666666665
B005MYEQ4U,4.289383561643835
B005N10I30,4.0
B005N4DMMG,4.106628242074928
B005N4DNDY,4.808
B005N8KPBI,3.8850574712643677
B005N95QUM,3.9166666666666665
B005NFJAWG,4.537878787878788
B005NGKJW0,4.461538461538462
B005NKIPUO,4.514285714285714
B005NKIPWC,3.9448529411764706
B005NQ5LOQ,4.796296296296297
B005NQ5LPK,4.679245283018868
B005NVMK7W,3.480769230769231
B005NYMXIU,3.871794871794872
B005O70ZOK,4.0
B005OASMLU,4.615384615384615
B005OGYH9A,4.551020408163265
B005OK0YU2,4.493827160493828
B005OK721G,4.4375
B005OK722U,3.268292682926829
B005ONP7VU,4.392857142857143
B005OZVXCU,4.362962962962963
B005P06A1I,4.88
B005PPMHWE,4.847058823529411
B005PPMI00,4.778761061946903
B005QI4U0W,4.3533210332103325
B005QIOJ3A,4.514705882352941
B005QIOJIK,4.128205128205129
B005QIOK52,4.5
B005QODEEE,4.462616822429907
B005QUQRCE,4.714285714285714
B005QW98IW,4.484375
B005RVF5XE,4.6223776223776225
B005RYF5JA,4.788461538461538
B005S0HNU2,4.8493150684931505
B005S97UY2,4.390243902439025
B005S9EHL6,3.142857142857143
B005S9EJ14,4.529639175257732
B005S9EJGO,3.7660377358490567
B005S9EJVY,3.857142857142857
B005S9EK1S,4.398601398601398
B005S9EL3K,4.093617021276596
B005S9EL6C,4.449101796407185
B005S9ELG2,4.4375
B005S9ELM6,4.277681660899654
B005S9ELVC,3.8364197530864197
B005SDCZH0,4.45
B005SH63HO,4.377659574468085
B005SH647S,4.844444444444444
B005SH65UO,4.934426229508197
B005SHBO1Y,4.066666666666666
B005SOH84O,4.409395973154362
B005SQRYEG,4.559322033898305
B005SQRYGY,3.728395061728395
B005SSBG6Q,4.239130434782608
B005SV9X22,4.2894736842105265
B005SZ0WJG,4.791666666666667
B005TC5AEA,4.12853470437018
B005TFVM0I,4.7368421052631575
B005TK0MFE,3.6
B005TK21WQ,3.64
B005TK23PQ,3.7261146496815285
B005TMXXX0,3.8173076923076925
B005TQACLC,3.611111111111111
B005TTEG5W,4.582417582417582
B005TZFZ6U,3.3260869565217392
B005TZFZBU,4.766666666666667
B005U0ZP46,4.296296296296297
B005UKI1TW,4.909090909090909
B005UNI2U2,3.8947368421052633
B005UQQR06,4.6
B005UXJEUY,4.488095238095238
B005UXJNPU,4.82084690553746
B005V4X8PO,4.336633663366337
B005VT6IYC,3.9444444444444446
B005W2BVMM,4.7727272727272725
B005W2BWLC,4.951219512195122
B005WAP2V0,4.252427184466019
B005WC9LBK,4.029126213592233
B005WL3QBW,4.0625
B005X5XIF6,4.341414141414141
B005X5XIMO,4.754098360655738
B005X5XINI,4.907692307692308
B005X9LJBM,4.689655172413793
B005XB8SGO,4.771428571428571
B005XB8T9K,4.5
B005XO7524,4.5
B005Y423ZC,4.530434782608696
B005YFGIZM,4.659090909090909
B005Z2D88O,4.648648648648648
B005Z4ZCA4,3.767857142857143
B005Z7BNJA,4.481481481481482
B005Z9MGRG,4.333333333333333
B005Z9MHE8,3.7777777777777777
B005ZCI3N4,4.394736842105263
B005ZCSP0K,3.5674778761061945
B005ZEM932,4.27906976744186
B005ZLF2OS,4.098360655737705
B00600SPG0,2.9347826086956523
B00606FBU2,4.213483146067416
B006070RT6,4.4186046511627906
B006074Q3O,4.2727272727272725
B0060MYJRC,4.880341880341881
B0060MYJYU,4.40625
B0060MYK7G,4.678571428571429
B0060MYL3E,4.776203966005665
B0060MYLCU,4.758992805755396
B0060MYLNY,4.373333333333333
B0060MYM3S,4.718947368421053
B0060MYMFQ,4.596774193548387
B0060MYNN2,4.6421052631578945
B0060Q3IU2,4.517241379310345
B0060QC7ZY,4.961538461538462
B0060QSGJ0,4.9523809523809526
B0061PZSVY,2.5135135135135136
B00623N52E,4.75
B0062KMDGG,4.194174757281553
B0062NAX42,4.548387096774194
B0062NTKVE,4.8
B0062P332Y,4.107758620689655
B006328QWI,1.9154929577464788
B00634MLIQ,4.833333333333333
B006363QHE,4.777777777777778
B0063DOUY0,4.2592592592592595
B0063FETJE,4.897435897435898
B0063FGF14,4.52
B0063FGG9U,4.641025641025641
B0063FQREO,4.297939068100359
B00641Y2ZS,4.7272727272727275
B0064CT90U,4.588235294117647
B0064E8EQ8,4.565217391304348
B0064EEJN0,4.1875
B0064JV4RY,4.752688172043011
B0064MT1NK,4.788461538461538
B0064NU002,3.3974358974358974
B0064OUGK0,3.519083969465649
B0064SVO9I,4.583333333333333
B0064YON8G,4.265714285714286
B0064YOWCI,4.326885880077369
B006512BFU,3.755813953488372
B006512I7Q,3.6054054054054054
B006512LWI,3.606382978723404
B00652U6XI,4.386363636363637
B0065IYS3G,4.2272727272727275
B0065IZA0G,4.701754385964913
B0065N6IRK,4.0212765957446805
B0067EKY7M,4.257425742574258
B0067EKYDG,4.103960396039604
B0067EKYL8,4.076712328767123
B0067EKYS6,3.6888567293777133
B00683T51S,4.196275071633238
B00683T5CW,3.849578820697954
B00683T5L8,4.1018651362984215
B0068KTJ5S,4.34375
B0068MNNOE,4.133333333333334
B0068MNNW6,3.013888888888889
B0068MNO02,2.948717948717949
B0068MNOFC,4.16
B0068RHSCW,3.7379032258064515
B00695E1BY,4.057539682539683
B0069RX7TY,4.605263157894737
B006A04E3S,4.88
B006A8XFZS,3.1363636363636362
B006B9XBL4,3.909090909090909
B006BZ8O3I,3.827272727272727
B006C0PPO8,3.891891891891892
B006C1S1DY,4.545454545454546
B006E02GRK,4.527472527472527
B006EMSO74,4.542553191489362
B006FKNBSC,4.5
B006G18XN8,4.666666666666667
B006G6GU9M,4.225
B006GHA9VQ,3.876923076923077
B006GRBK4G,4.761904761904762
B006GRWCF2,4.294117647058823
B006H37P5C,4.734375
B006H3Q7LA,4.369047619047619
B006HFXDZG,4.1875
B006HGXGWU,3.7405857740585775
B006IRQU5S,4.410714285714286
B006IW8DTO,4.181818181818182
B006JM1ZTI,4.45903165735568
B006JN86VW,4.481481481481482
B006JN8770,4.8478260869565215
B006JN87EI,4.285714285714286
B006JN87F2,4.716666666666667
B006JN87W0,4.076923076923077
B006JTN5VM,4.0285714285714285
B006JY3OHW,4.738636363636363
B006KH6D7Q,2.9038461538461537
B006L4ZEDW,4.223433242506812
B006L61KAG,3.1176470588235294
B006LA7KTM,4.105263157894737
B006LL3WP2,3.3035714285714284
B006M3M5FM,3.7413793103448274
B006MEVCCS,4.137096774193548
B006MFQ4OS,4.412698412698413
B006MHZH5I,4.7875
B006MK6Y8Y,4.8
B006MNIYFW,4.0
B006MWA8O8,4.462686567164179
B006MWA8WA,4.469387755102041
B006MWA906,4.6875
B006N8GNUE,4.611111111111111
B006NKFAA6,4.630769230769231
B006NOC1EK,4.5285714285714285
B006NVU7OY,4.631067961165049
B006O6GUFS,4.666666666666667
B006OKEU74,4.736986301369863
B006OV7RQ4,3.6666666666666665
B006P2TA44,4.170212765957447
B006PA0WF2,4.5
B006PF64AO,4.880952380952381
B006PI3BUW,4.431818181818182
B006PTL1QM,3.6906474820143886
B006QVRUS2,3.8876404494382024
B006QWC2ZC,3.5873015873015874
B006RH3QQ0,4.052631578947368
B006T3QVBY,4.4375
B006T5JZ4M,3.6923076923076925
B006T8KT6M,4.5
B006TBYC76,4.525
B006TTC50Y,4.724137931034483
B006TTC5J0,4.821428571428571
B006TZPW2Q,4.572972972972973
B006U1J5ZY,4.731800766283525
B006U1S99M,1.6666666666666667
B006U239KU,4.527777777777778
B006VJFULS,3.4683544303797467
B006VRRGOO,4.75
B006VUQIYA,2.361904761904762
B006W7L3TC,4.3
B006W8CJ1W,4.737254901960784
B006WN5W5M,4.816753926701571
B006WNMHYQ,4.235294117647059
B006WNSHUY,4.714285714285714
B006WPDKLI,3.9545454545454546
B006WPZUJS,4.675
B006X040NY,4.264390896921017
B006X08DZ0,4.686274509803922
B006X0ZN3K,4.5
B006X0ZN7Q,4.291666666666667
B006X202AM,4.791666666666667
B006XF2VAI,4.36
B006YGCEPS,4.819672131147541
B006YTGLEU,4.159420289855072
B006YWIFH8,4.627906976744186
B006Z510Y4,3.9166666666666665
B006Z7Z3IG,4.120967741935484
B006Z7Z3KY,4.798245614035087
B006ZL2T66,4.11437908496732
B006ZL84EW,4.604081632653061
B006ZUMMKU,4.478260869565218
B006ZY0PDW,3.5454545454545454
B007146EEY,4.8604651162790695
B0071L6SUW,4.173076923076923
B0071LEOV2,4.5476190476190474
B0071LEPDE,4.7926829268292686
B00720OO0S,4.183333333333334
B0072GPQNG,4.392282958199357
B0072HTWQM,4.454545454545454
B0072OFOM6,4.530612244897959
B0072Q4SXU,3.5844155844155843
B00736ZKGS,4.615384615384615
B00744WZ8U,4.869565217391305
B0074JOCMC,3.8461538461538463
B0074JODP8,4.821428571428571
B0074JOU8I,4.863636363636363
B00753MA12,3.0105263157894737
B00753MAXA,2.625
B007549W62,3.2734375
B0076MWT7C,4.875
B0076P577S,4.529411764705882
B007726J4U,3.169230769230769
B00772M1D8,4.367521367521367
B0077ATSU4,3.876984126984127
B0077E8RFC,3.6615384615384614
B0077MFBYO,3.6216216216216215
B0077NF7GU,3.9574468085106385
B0077PBPVE,3.893805309734513
B0077PHME8,4.169811320754717
B0077T5SWC,4.032258064516129
B0078X2A7I,4.888888888888889
B00795E3ZM,3.527027027027027
B0079C8N8S,3.2439024390243905
B0079ILHRG,4.802575107296137
B0079J28NW,4.761467889908257
B0079JMM4W,4.025714285714286
B0079QDAFK,4.666666666666667
B0079ZWUNY,4.102409638554217
B007AFS0N2,4.8076923076923075
B007AIVQIA,3.8666666666666667
B007AJMBJ2,2.836734693877551
B007ATHNF4,4.481012658227848
B007AYJ3CK,4.702127659574468
B007BCO592,3.5842696629213484
B007BMIG24,4.583333333333333
B007BZ083Q,4.833333333333333
B007C3TVEY,3.4173027989821882
B007CBWWF6,4.7272727272727275
B007CEFTSA,4.371794871794871
B007CO5FFC,3.3535353535353534
B007DIZQQ0,4.65625
B007EQR970,4.179591836734694
B007FF3HQM,4.0120481927710845
B007FFUMKQ,4.739130434782608
B007FQXEQO,4.779411764705882
B007FSEAHY,2.515151515151515
B007FZ7NEE,4.419354838709677
B007G16XFM,3.127906976744186
B007G8SEF2,4.714285714285714
B007G95HDI,4.2105263157894735
B007GE98WO,4.682926829268292
B007H9COG0,4.809523809523809
B007HHWJD0,4.275933609958506
B007I1Q4MM,4.945454545454545
B007IJKQG4,4.096774193548387
B007IUEDJO,4.869565217391305
B007IVXP7O,3.108108108108108
B007J3ISIM,4.057142857142857
B007JE3JQW,2.5849056603773586
B007JG5HZ6,4.483108108108108
B007JNZYPM,4.230769230769231
B007K7IB9I,4.083333333333333
B007KAUWO2,4.387978142076503
B007KFZ7ZG,2.5344827586206895
B007L6VP46,3.425
B007L6VP8W,3.17
B007L6VPL4,3.537037037037037
B007L6VQ2W,3.6666666666666665
B007L6VQWW,3.5833333333333335
B007L6VR6M,4.131868131868132
B007L6VRHG,3.6423076923076922
B007LUI27U,2.891304347826087
B007MCUAD6,4.096774193548387
B007MDB6Y2,4.223404255319149
B007NU54H4,4.783898305084746
B007OWW6V8,3.475
B007OXB1GI,3.8275862068965516
B007OYK32K,4.875
B007P9HVJC,4.515625
B007PTCRIW,4.5
B007PVHANM,4.450980392156863
B007PXYWNQ,4.136986301369863
B007REV4LQ,3.5779967159277506
B007S0DB56,4.455696202531645
B007TZOD16,4.027027027027027
B007U4DDXK,4.413793103448276
B007UQ8IKG,3.7906976744186047
B007UW9W8W,3.7661290322580645
B007VYQ6DS,4.3580246913580245
B007WGDC7I,4.253164556962025
B007Y6CQGE,3.925925925925926
B007Y6CTSY,4.694444444444445
B007ZMHBBM,4.8
B0080JX4Y2,3.6222222222222222
B0080QOL10,4.157894736842105
B0081FSMMO,4.66530612244898
B0081HLM2E,4.340277777777778
B0081OM6UY,4.625766871165644
B008220AGC,3.9154518950437316
B008220BGQ,3.5944444444444446
B008220CQU,4.095528455284553
B0083SBMGW,4.438775510204081
B0083SF0FG,4.961538461538462
B0083TUE7E,4.487179487179487
B0083UH5U2,4.816037735849057
B0083UHIPE,4.764957264957265
B0083UHZK2,4.098101265822785
B0083XXWRE,3.257575757575758
B00843TZJ2,4.714285714285714
B00846OYHM,4.375
B0084I0LLI,4.068493150684931
B0084I9QIW,4.784313725490196
B0084IHVUC,4.757009345794392
B0084K6IF4,3.768
B0085A9INM,4.3
B0085E44W8,3.1372549019607843
B0085MEGE6,4.662790697674419
B0085X315U,3.3859649122807016
B0085Z6YYI,4.5
B0085Z6Z2O,4.574712643678161
B0087ITBT8,3.5821656050955415
B0089LX8II,3.8242343541944073
B008BJTY4K,4.625
B008BMMXF4,4.4375
B008CFZQQS,3.2402912621359223
B008CMF0P8,3.3114754098360657
B008CN091M,4.707692307692308
B008D1R52E,4.75
B008DH9O86,4.684210526315789
B008EHZWOU,4.093774019984627
B008EPKWWE,4.840909090909091
B008FCX2D2,3.9282296650717705
B008FXLZ6W,3.857142857142857
B008G4T5VM,3.683333333333333
B008GM1012,3.5052083333333335
B008GZVHNK,3.027027027027027
B008H1Q3YG,4.069230769230769
B008H5J510,4.212962962962963
B008H6GH9W,4.672413793103448
B008H6GHEM,4.701863354037267
B008H6GHG0,4.7976190476190474
B008H6GHII,4.5344827586206895
B008H6GHJM,4.752577319587629
B008H6GHKG,4.25
B008H6GHL0,3.9205298013245033
B008HUSF70,3.5517241379310347
B008HUSFTS,4.714285714285714
B008HYKH9U,4.752
B008I34YYY,3.581858407079646
B008I34Z34,4.742857142857143
B008IG0BBQ,4.324503311258278
B008IG0DJQ,4.541666666666667
B008IG0FEY,4.8
B008KXLAUS,4.591549295774648
B008KZVNFS,4.481481481481482
B008L0YMSW,4.607142857142857
B008M0PBMM,3.6964285714285716
B008MCKLAM,4.391304347826087
B008N8A3DA,4.870967741935484
B008NQO10I,3.869565217391304
B008O13TG4,4.470588235294118
B008OGIPJA,4.2497261774370205
B008OHV5R8,4.16
B008OPZD8C,4.237288135593221
B008P9M614,4.747572815533981
B008PDAFKY,4.533333333333333
B008QP3NQ4,4.65625
B008RA61TO,4.5
B008RV5K5E,4.357466063348416
B008S83IQE,4.53125
B008SBXFNM,4.395348837209302
B008U1ANHG,4.698675496688741
B008UE8ICK,4.121951219512195
B008UZA8FY,4.622641509433962
B008VBSQLA,4.069230769230769
B008VPCL6M,4.4
B008VPCL7G,3.1801075268817205
B008WAM2DI,4.478260869565218
B008WAM2E2,3.6633663366336635
B008WCP2GA,4.377777777777778
B008X7JBPM,5.0
B008X8VM1W,4.613636363636363
B008XAT0ZU,4.223529411764706
B008XRE81E,4.86
B008Y1YKTO,3.926470588235294
B008YAPRS8,4.542857142857143
B008YKV2NW,3.703125
B008YRL6LI,4.69811320754717
B008YRL7H6,4.612244897959184
B008YRL7JE,4.804597701149425
B008YV11JQ,4.408577878103838
B008YYSEN4,4.790697674418604
B008ZDC7M8,3.75
B008ZQ4WEQ,4.388888888888889
B008ZRKIQ6,4.218181818181818
B00900WLBW,4.246031746031746
B0090EDE1Y,3.9885057471264367
B0090EDEQY,3.732142857142857
B0090JB4V6,4.026209677419355
B0090JB6DC,3.779537149817296
B0090JBAPG,4.365949119373777
B0090JBD8A,3.925287356321839
B0090JBFE2,3.77524893314367
B0090JBOC0,3.6005361930294906
B0090JBTFM,3.8217054263565893
B0090O07S2,4.630434782608695
B0090SI39I,4.436260623229462
B0090SI3DY,3.5588235294117645
B0090SI3EI,4.658410732714138
B0090SI3HU,4.090909090909091
B0090SI42Y,3.188679245283019
B0090SI4BA,4.288239538239538
B0090SI4HO,4.152892561983471
B0090SI4LU,3.789617486338798
B0090SI55A,3.874233128834356
B0090XUARQ,4.461538461538462
B00911L7VA,4.183673469387755
B00915G4IC,4.620567375886525
B00915G6MG,4.872972972972973
B00915G6NK,4.8
B00915G6Q2,4.847701149425287
B00915G6R6,4.684210526315789
B00915G6SU,4.706896551724138
B00915G6TE,4.674757281553398
B00915G6WQ,4.590579710144928
B009186JNO,4.538461538461538
B0091AUVRM,4.7272727272727275
B0091JJ24Q,3.3333333333333335
B0091JJ278,4.56
B0091NWBC2,4.766233766233766
B0092QDMQ2,4.537942664418212
B0092QH902,4.456310679611651
B00930LING,4.380952380952381
B00930LIT0,3.8242677824267783
B00930LJ6C,4.205882352941177
B00938UVC2,4.662857142857143
B0093BUW2I,3.9692307692307693
B0093DFM8A,3.526315789473684
B0093DFMJ4,3.8162544169611308
B0093ICOE0,4.576923076923077
B0093OFLZ8,4.113207547169812
B00944V4KI,4.666666666666667
B009474UW4,4.619047619047619
B00947NAHU,4.205426356589148
B0094GSRXS,4.6938775510204085
B0094GWPOU,4.656565656565657
B0094J4CD4,5.0
B0095E61U0,4.080357142857143
B0095FJHXC,4.813953488372093
B0095HHLMO,4.475982532751091
B0095HHM78,3.689922480620155
B00962R0H4,4.7555555555555555
B00968THNS,4.675
B0096AYKXI,4.771084337349397
B0096EE47G,4.35
B0096MJH2K,3.7846153846153845
B0096W47NO,4.959183673469388
B0096WOKWM,4.5
B00979JV00,4.838709677419355
B0097RU2LO,3.766990291262136
B009904LQ6,4.171428571428572
B0099116AY,3.784974093264249
B0099116J0,4.285714285714286
B009934S5M,4.394566441441442
B00996RSYM,4.161290322580645
B009999YD2,4.737704918032787
B009A87WU4,4.877777777777778
B009A9BF5G,4.142857142857143
B009A9EMYM,4.721739130434782
B009AF5OY8,4.8545454545454545
B009AJB0YM,3.4361702127659575
B009AMABH6,2.6956521739130435
B009AMAH9I,4.2287234042553195
B009AMAJBO,4.003184713375796
B009AMAJVO,4.123711340206185
B009AMAK54,4.423076923076923
B009AMAKBI,3.18848167539267
B009AMAKWM,3.9555035128805622
B009AMALBM,2.9392857142857145
B009AMALLM,3.116591928251121
B009AMAM0M,3.746031746031746
B009AMAOAA,3.3513513513513513
B009AMAOTQ,4.184247538677918
B009AVCADK,3.6
B009AVCAGC,4.428571428571429
B009AVCAK8,3.4375
B009AVCALC,4.36936936936937
B009AX48NS,4.484848484848484
B009B0OG1O,4.588235294117647
B009B82F5U,3.206896551724138
B009B8YZIK,3.4695121951219514
B009B8YZR6,4.8
B009C30ROU,3.9423076923076925
B009CW565G,3.7224669603524227
B009CWQOVQ,4.168224299065421
B009D4RPIE,4.484210526315789
B009D4SQEQ,4.802491103202847
B009DE6HW4,3.4819277108433737
B009DH371K,4.633333333333334
B009DHOZ5M,4.3125
B009DJKKKE,4.847222222222222
B009DS31ZG,4.647887323943662
B009DS3VQA,4.811594202898551
B009DS5Y6A,4.5625
B009DS6YGO,4.731343283582089
B009DW5X0I,4.444444444444445
B009ERK2UI,4.1466666666666665
B009ES1M7Y,2.1904761904761907
B009EU6F1U,3.850806451612903
B009EU77NK,4.134615384615385
B009F1ZXTI,2.107142857142857
B009FFHWRU,4.105263157894737
B009G5C8Q4,3.9444444444444446
B009GG2T3A,3.2143658810325477
B009GYS70Q,4.8
B009H3LNW0,4.069387755102041
B009H3LP82,3.5338983050847457
B009HIKAN8,4.03932584269663
B009HSDC2Y,4.27906976744186
B009I23DAA,4.529411764705882
B009INAC12,4.738738738738738
B009INAK8C,4.506024096385542
B009ISQ3DI,4.638888888888889
B009JBWOU0,4.712941176470588
B009KKLQKO,4.235294117647059
B009KOR30C,3.6666666666666665
B009KQLF0E,4.351351351351352
B009KU2MAM,3.0163934426229506
B009KU2N7E,3.3943661971830985
B009LA1QZS,3.841463414634146
B009LDCX1Q,4.696078431372549
B009LDCXNY,4.741463414634146
B009LDD3WY,4.686274509803922
B009LDD54K,4.702702702702703
B009LYG5YG,2.526315789473684
B009M5014E,4.758620689655173
B009MO5960,3.916967509025271
B009MO5E10,3.9171270718232045
B009NI2XVO,4.6
B009NNM70G,4.293103448275862
B009NNM9OA,4.611510791366906
B009NNMAZI,4.097812097812098
B009NRQU50,2.8958333333333335
B009OCR2U6,3.3070866141732282
B009OD8XQC,3.795698924731183
B009OE2O1Q,4.606060606060606
B009OE2O70,4.658536585365853
B009RJRJ2C,3.3333333333333335
B009RX7WTI,4.7926829268292686
B009RZ890M,4.86
B009SCONXQ,4.5109717868338555
B009TE9GZI,4.261682242990654
B009TT0BSE,3.5083333333333333
B009VKL8EM,4.75
B009VL299E,4.636363636363637
B009VUCOW2,4.626865671641791
B009VXVMAO,4.708333333333333
B009WGYXIS,4.315217391304348
B009WSAVLE,3.2857142857142856
B009XICRIS,4.54054054054054
B009XTF8JM,4.016393442622951
B009YKFH6E,3.61
B009YQJ2Q4,4.6
B009YQJ368,4.684210526315789
B009YQO3MW,3.5120481927710845
B009YXCKDE,4.172413793103448
B009Z59778,4.625
B009ZBS67O,3.317073170731707
B00A0HT94G,3.2337662337662336
B00A0HT99G,4.209677419354839
B00A27OJ94,4.5058823529411764
B00A2H9QYC,3.9069767441860463
B00A2H9VBU,3.9166666666666665
B00A2H9WW8,3.676258992805755
B00A2J92KI,4.690243902439025
B00A2LFXVI,4.569696969696969
B00A2XTJI4,4.636986301369863
B00A34LX2M,3.821138211382114
B00A3MBSPQ,3.967741935483871
B00A4Y61ZU,4.460176991150442
B00A6EZEOM,4.670454545454546
B00A6HL704,4.625498007968128
B00A6SZS1W,4.6875
B00A6UHBJM,3.6105919003115265
B00A6UHC0U,4.086473131562693
B00A6Y9EZW,3.869565217391304
B00A705MFQ,3.076923076923077
B00A7E8PA6,3.6363636363636362
B00A7MSQRK,3.5970548862115126
B00A7MSQSO,4.425531914893617
B00A7ZH8GM,3.6340579710144927
B00A7ZHDOO,4.3307174887892375
B00A8KJLPM,4.565789473684211
B00A8LYYI0,3.5185185185185186
B00A8PPBM4,3.864406779661017
B00A9YBW0Y,4.416666666666667
B00AA8Q0FQ,4.738095238095238
B00AAA62TI,4.285562632696391
B00AAQHP66,4.5
B00AATGDY8,4.854838709677419
B00AAZ9FKG,4.8307692307692305
B00ADO9C9I,4.333333333333333
B00ADRYEDE,3.5689655172413794
B00AEB70V2,4.787878787878788
B00AEFXL5W,4.29608938547486
B00AEJM61I,3.066666666666667
B00AEK9BKQ,4.422641509433962
B00AENNHOE,3.9846938775510203
B00AF1H8D6,4.770491803278689
B00AF6B22E,3.9197844007609386
B00AFDN5Y0,4.192771084337349
B00AFQSZ0G,4.571428571428571
B00AGJYJZM,3.046511627906977
B00AHJI394,3.218390804597701
B00AHKLZDY,5.0
B00AHTKIVU,4.5625
B00AIA884W,4.034090909090909
B00AIANIPQ,4.672131147540983
B00AIBZFDI,4.081967213114754
B00AIBZJDY,3.6184210526315788
B00AIBZJS4,4.068181818181818
B00AIBZKFG,4.407407407407407
B00AIBZLR8,3.9894736842105263
B00AIBZMD6,4.1737891737891735
B00AIZ282U,3.5
B00AJEL71S,4.7405063291139244
B00AJER44M,4.363636363636363
B00AJLHUYO,3.856115107913669
B00AJLHVES,4.676470588235294
B00AJXO3QK,4.5
B00AK51OFK,4.65
B00AKHE40U,4.852941176470588
B00AKIPAG6,4.796875
B00AL6P4A4,4.76595744680851
B00ALTQRNO,4.850746268656716
B00ALTQRRK,4.72
B00ALX3QBQ,4.1395348837209305
B00AM2DLDO,4.615384615384615
B00AM3B8KQ,3.8
B00AMDA2O4,4.563380281690141
B00AMDA2OY,4.516949152542373
B00AMQG8NU,3.296
B00AMR5FGA,4.297560975609756
B00AMSLDW4,4.821705426356589
B00AMSNEGM,4.788461538461538
B00AMSQBNK,4.954022988505747
B00AMSS3TU,4.761904761904762
B00AMU8K8C,4.73394495412844
B00AMXSFRK,4.596153846153846
B00AN10NU8,3.2213740458015265
B00ANGICCO,4.854838709677419
B00ANGICPG,4.8283582089552235
B00ANRG432,4.438502673796791
B00ANT85VY,4.484740590030519
B00ANV82HE,4.5476190476190474
B00ANVX6DY,4.6923076923076925
B00ANVZ8JE,3.0
B00AO1RKFS,5.0
B00AO686E2,4.8108108108108105
B00APGRMX2,4.725
B00APH7PTC,4.803921568627451
B00APOQR4E,4.226053639846743
B00APQGNYQ,2.967741935483871
B00APW2U88,4.702702702702703
B00AQ4WJM2,4.444444444444445
B00AQ590IC,4.5
B00AQ5SPBU,4.923076923076923
B00AQ5U234,4.351307189542483
B00AQ8IUJ4,4.219512195121951
B00AQAZZ40,3.1484375
B00AQBDU4Q,4.372549019607843
B00AQGE5BS,4.695652173913044
B00AQN09G6,4.913043478260869
B00AQNQZFA,4.826086956521739
B00AQSN67A,3.275
B00AQVMZKQ,4.782095425479587
B00AQVMZXS,4.702702702702703
B00ARA4SLU,3.9578392621870884
B00AREP9VE,4.738317757009346
B00AS1Q8FW,4.129448519424069
B00AT6NUN4,4.8478260869565215
B00ATCDGHI,4.32
B00ATK0452,4.631578947368421
B00ATP243C,3.377049180327869
B00AW8OZ88,4.2465753424657535
B00AW9M3XQ,4.4496487119437935
B00AW9M4FS,2.9870466321243523
B00AW9M54I,4.173996175908222
B00AW9M7TG,4.145214521452146
B00AW9M8N6,4.283142389525368
B00AW9MB4W,3.924586776859504
B00AWN5ASW,4.396
B00AX5B0O2,4.357142857142857
B00AX5B0QU,4.705882352941177
B00AXFK96M,4.638888888888889
B00AXGX59E,3.9166666666666665
B00AY2DL78,4.509803921568627
B00AY5JB92,4.454545454545454
B00AYJBTS4,3.1956521739130435
B00AZI9JP4,4.636363636363637
B00AZKY0OW,3.101892285298399
B00AZMFG48,4.438356164383562
B00AZMFINM,3.3333333333333335
B00AZMFJ90,4.196969696969697
B00AZMFKNK,4.448979591836735
B00AZMFM3I,4.22
B00AZMFO0E,4.472222222222222
B00AZMFONG,3.761006289308176
B00AZNEVNE,4.054945054945055
B00B00HUC0,4.645161290322581
B00B04NIZO,4.3580246913580245
B00B04NJLW,2.8115942028985508
B00B18FA50,4.440528634361233
B00B1DC1CA,4.4
B00B1E6EAY,4.507462686567164
B00B1E6FT4,4.352941176470588
B00B1LM730,4.7924528301886795
B00B1RB8ZC,4.857142857142857
B00B209RHY,4.684210526315789
B00B2TU1R0,4.439024390243903
B00B2Y7AL0,4.384615384615385
B00B2YH7BS,4.791666666666667
B00B4EPDF8,3.902173913043478
B00B4GLJWM,2.4857142857142858
B00B4J2L4E,3.961038961038961
B00B4JYJM6,3.2298850574712645
B00B52F278,4.6
B00B58FUBA,4.797297297297297
B00B58FURY,4.823529411764706
B00B58FWYA,4.297029702970297
B00B5A9FOG,4.7926829268292686
B00B5AAWD4,4.785714285714286
B00B5AP7NY,4.515151515151516
B00B6S56X6,4.583333333333333
B00B74MJOS,4.42578125
B00B7EQPNE,4.67741935483871
B00B7K0K98,3.492063492063492
B00B846BX2,4.785714285714286
B00B8L3S5O,4.75
B00B96TGQS,3.684848484848485
B00BACT1I4,3.1551724137931036
B00BAQZDU0,3.736654804270463
B00BARKZ1G,4.495145631067961
B00BAXTY6W,4.872
B00BAXTY7G,4.406779661016949
B00BAXTYI0,4.730769230769231
B00BB22FYU,2.763157894736842
B00BBAQD8G,4.14375
B00BBI7EZY,4.3584905660377355
B00BBTNOE8,3.7694369973190347
B00BBUNUOG,4.671875
B00BC0JH24,4.020408163265306
B00BC36UBM,3.9591836734693877
B00BC36XFK,4.438775510204081
B00BC36YWC,4.188053097345133
B00BC75HTE,2.962962962962963
B00BCMT0AQ,4.208333333333333
B00BCMT2CC,4.186046511627907
B00BCPOEI6,4.863636363636363
B00BCRRA8U,4.733333333333333
B00BCV3HL0,4.1923076923076925
B00BD5GGI6,4.72
B00BD6KETC,4.474025974025974
B00BDSRM4K,4.4520547945205475
B00BEEKN26,4.601769911504425
B00BEHOEX2,4.239130434782608
B00BEIYG98,3.8028169014084505
B00BEIYGT8,3.5476190476190474
B00BEIYGXE,3.763157894736842
B00BEIYHT2,4.263565891472868
B00BEIYIUA,3.789473684210526
B00BEIYKDU,4.594488188976378
B00BEIYKX0,3.85625
B00BEIYLAW,3.8222222222222224
B00BEIYNDW,4.09549795361528
B00BEIYNIW,3.826241134751773
B00BEIYO5O,3.239130434782609
B00BEIYOMC,4.1571428571428575
B00BEIYP1W,4.426229508196721
B00BEIYPN0,3.3733333333333335
B00BEIYRQA,3.007042253521127
B00BEIYRYM,3.672727272727273
B00BEIYSL4,4.460405156537753
B00BEJL4XS,2.5806451612903225
B00BEJL5LE,3.9565217391304346
B00BEJL69U,3.510948905109489
B00BEJL6JK,3.7799479166666665
B00BEL4QFO,4.521978021978022
B00BEYWW4I,4.318181818181818
B00BEZECEA,4.0
B00BEZEDNU,4.92
B00BEZEFM4,4.555555555555555
B00BF0CGT2,4.5625
B00BF657ZQ,3.967741935483871
B00BF7FGNI,2.303030303030303
B00BFCMXRK,3.9488636363636362
B00BFO5PN2,4.572649572649572
B00BG3YE7K,4.777777777777778
B00BGDCX0A,4.586206896551724
B00BGI07NK,4.044554455445544
B00BH4172I,4.777777777777778
B00BHK99JU,4.394366197183099
B00BHO7M5O,3.9464285714285716
B00BHSAV6W,4.0
B00BHWG1NU,4.611111111111111
B00BIPPP6U,3.230769230769231
B00BIR2A3E,4.89247311827957
B00BIYQOXY,3.8181818181818183
B00BJ0RERM,4.6
B00BJ0RGCU,3.953777777777778
B00BJLDJ2U,4.4655172413793105
B00BJNS3VK,4.206896551724138
B00BK86S4I,3.953488372093023
B00BL0MGB4,4.473684210526316
B00BL1BH0O,4.926829268292683
B00BL1BIP8,3.838743455497382
B00BL1BJFW,4.263750828363154
B00BLN4V6E,4.494845360824742
B00BLNDRKK,4.432624113475177
B00BLOKNVK,3.876190476190476
B00BLXAJWO,3.7857142857142856
B00BMIVK4E,3.8846153846153846
B00BMRTPEM,4.440104166666667
B00BMTYW20,3.923076923076923
B00BNAE6M4,4.7398843930635834
B00BNB9AVA,4.375
B00BNESEVE,4.666666666666667
B00BNH9NCU,3.7767857142857144
B00BNH9O8I,4.018108651911469
B00BNQ7PUS,4.4
B00BNV9WCW,3.979591836734694
B00BNWWVFG,3.8230088495575223
B00BNWWW1Y,2.5925925925925926
B00BO9PJAM,4.555555555555555
B00BOTCHRU,4.309352517985611
B00BP0LZK8,4.6
B00BPEJZEM,4.564102564102564
B00BPRI6WG,3.4497991967871484
B00BQI3VSI,4.851851851851852
B00BQI3Y7Q,3.772727272727273
B00BQI43E4,4.549450549450549
B00BQI49VG,4.433333333333334
B00BQRBGYA,4.113924050632911
B00BQTLVWK,4.033333333333333
B00BQXTCVS,4.168674698795181
B00BQXTD4O,3.966666666666667
B00BRBIABM,4.696969696969697
B00BSN0VZ2,3.5167785234899327
B00BSVUED8,4.521739130434782
B00BT6VST6,2.6744186046511627
B00BT7664M,3.418918918918919
B00BTFK07I,1.7573529411764706
B00BTFK09G,2.8130841121495327
B00BTRKMNI,4.828125
B00BU5YQQS,4.260273972602739
B00BU984DK,5.0
B00BU9858Y,2.7411764705882353
B00BUAJZGY,4.733333333333333
B00BUDDMGU,4.285714285714286
B00BUEUH6C,4.453846153846154
B00BURN0GI,4.465753424657534
B00BUWD7WA,4.617021276595745
B00BUYWJEA,4.8316831683168315
B00BV2PE5W,3.8292682926829267
B00BVMXBDO,4.17948717948718
B00BW4S87A,4.9186046511627906
B00BW4S87U,4.5
B00BWU1EPW,3.6956521739130435
B00BX8PG5M,4.156521739130435
B00BX9ADE0,4.444444444444445
B00BXRVQO8,4.042553191489362
B00BXTDVEO,4.462686567164179
B00BXTH49M,4.702127659574468
B00BY0EBDC,4.945945945945946
B00BY0EBK0,4.364864864864865
B00BY6XM5E,4.688888888888889
B00BYEWR2K,4.592920353982301
B00C0YUY4Q,4.725
B00C12ZIN4,4.3930817610062896
B00C1LIZMQ,4.328125
B00C2535TE,3.956989247311828
B00C27E7S0,1.9457831325301205
B00C2A4SYA,3.8430232558139537
B00C2UN5UI,4.56
B00C391Y3I,4.631578947368421
B00C3JUKHE,3.18
B00C4BDG7M,4.612903225806452
B00C6ACVD6,4.679012345679013
B00C6WHPF8,4.777777777777778
B00C7AOAEI,4.2064516129032254
B00C7BZZ32,3.877906976744186
B00C7BZZRI,3.66412213740458
B00C7C014Y,4.127118644067797
B00C7C025M,4.061224489795919
B00C7C1J68,4.25
B00C7E3E7S,4.694444444444445
B00C7FKQWS,4.675675675675675
B00C7PSGBQ,4.777777777777778
B00C888NFQ,4.730916030534351
B00C888OQ4,4.777777777777778
B00C8CQRQ4,4.788503253796096
B00C9G22R2,3.971631205673759
B00C9VZ73S,4.392156862745098
B00C9WH2R6,4.869565217391305
B00CA5MAOM,4.035714285714286
B00CAATSME,3.185483870967742
B00CAWF150,4.857142857142857
B00CAYSLDW,4.2592592592592595
B00CAYSMLI,1.5833333333333333
B00CB7SRG4,4.7894736842105265
B00CBG9SQS,3.88
B00CBIZGIU,2.857142857142857
B00CBJ53HS,4.555555555555555
B00CBMWLU2,4.6938775510204085
B00CBVWXCO,4.0588235294117645
B00CC34978,3.221590909090909
B00CC6Z0ZK,4.521367521367521
B00CD45IYO,4.72
B00CDH9VEE,4.219512195121951
B00CDV4NN4,4.9772727272727275
B00CDWQNZ4,4.4772727272727275
B00CEAXE7U,3.6462264150943398
B00CEFVWW4,2.725
B00CENSU1W,4.449275362318841
B00CENWUZE,4.745098039215686
B00CERJINC,3.738095238095238
B00CFB6OPM,3.872093023255814
B00CGMUOYC,3.857142857142857
B00CHYSQQC,4.75
B00CI622PA,4.428571428571429
B00CJ318SE,4.661016949152542
B00CJ5BG8Y,3.1074380165289255
B00CJ7Y0US,4.28125
B00CKWI13O,3.9615384615384617
B00CL0MCN0,4.836956521739131
B00CL1516E,4.849462365591398
B00CMHL3GY,4.44297520661157
B00CMQID9K,4.5625
B00CMQX84A,4.67741935483871
B00CPEK3NI,4.846153846153846
B00CPKZLRK,2.6363636363636362
B00CPN933U,2.9239130434782608
B00CPN934Y,4.785714285714286
B00CPTUMO8,4.5
B00CPTUN5G,4.753086419753086
B00CPTUOBO,4.354166666666667
B00CQ8792G,4.711111111111111
B00CRFQUDW,4.536585365853658
B00CRRCF20,4.435897435897436
B00CRVL5ZE,4.7976190476190474
B00CS1N1XC,4.523809523809524
B00CS7GYF8,4.627118644067797
B00CT1HP2Y,4.790322580645161
B00CT1JQG2,4.606060606060606
B00CTMQ7WM,4.005681818181818
B00CTQWIYO,4.6
B00CTWSGA8,4.321428571428571
B00CU6WBB8,4.769230769230769
B00CU6WBFE,4.552631578947368
B00CU6WBOU,4.775510204081633
B00CV922RM,4.204545454545454
B00CVB6UXW,4.641025641025641
B00CVVH2JI,2.5384615384615383
B00CWBPQ22,4.542857142857143
B00CWM7EPS,4.408320493066256
B00CWZUOV6,4.563520871143376
B00CX7OVJO,4.3882352941176475
B00CX7TOOG,3.47741935483871
B00CYMMSH0,3.5161290322580645
B00CYMMU3W,4.6976744186046515
B00CYQXATG,4.842105263157895
B00CYQXBSQ,4.771428571428571
B00CYQXCDK,4.397435897435898
B00CYQXD2K,4.286885245901639
B00CYQXDNE,4.846153846153846
B00CYQXE10,4.854497354497354
B00CYQXFP0,4.654320987654321
B00CYQXGAY,4.791666666666667
B00CYQXGMW,4.587878787878788
B00CZ7AL32,4.8076923076923075
B00CZB9BE8,3.8635477582846005
B00CZP9YWS,3.759259259259259
B00D0Z2JT2,4.258620689655173
B00D1VVT28,5.0
B00D2D1WVI,4.680555555555555
B00D2UMHC4,3.8823529411764706
B00D2UMHD8,4.36734693877551
B00D2UMHVA,4.636363636363637
B00D2UMHWO,4.642857142857143
B00D2YCLF8,3.72
B00D2ZF24O,3.404166666666667
B00D3LA6BQ,4.119047619047619
B00D3LA6M0,3.7945205479452055
B00D3PYS6Q,4.857142857142857
B00D3UOE7O,4.851851851851852
B00D49YDR0,4.638888888888889
B00D49YEHO,4.592592592592593
B00D4QPL1A,4.818181818181818
B00D6I7EUM,2.0714285714285716
B00D6I7HH2,4.27027027027027
B00D78DBPS,4.815789473684211
B00D7AM2GA,4.666666666666667
B00D7AM2PQ,4.895833333333333
B00D7AM2WO,3.8676470588235294
B00D7AM2YW,4.551724137931035
B00D8MWW26,3.1025641025641026
B00D90UW42,4.387096774193548
B00D91GRA4,4.112008072653885
B00D954AGS,3.510204081632653
B00D9EJFS2,4.6571428571428575
B00D9EJFT6,4.074074074074074
B00D9EJFYQ,4.623376623376624
B00D9EJFZA,4.352
B00D9SRBZC,4.444444444444445
B00DB43PLI,3.1333333333333333
B00DBGGKRM,4.2105263157894735
B00DBVHHDS,4.852941176470588
B00DBVY8YE,4.161290322580645
B00DC5K2J4,4.54954954954955
B00DCLT8RA,3.3753943217665614
B00DCRE590,3.8271604938271606
B00DCS9TP4,4.421686746987952
B00DDT0JB0,4.757281553398058
B00DEKKEPO,3.4692307692307693
B00DEKKFBW,4.602564102564102
B00DENJIDU,3.5454545454545454
B00DEQQK8S,3.6710526315789473
B00DFBVIVG,3.8461538461538463
B00DGCIYZC,4.405228758169935
B00DGCIZD8,3.656716417910448
B00DGWZKHM,4.508474576271187
B00DHB3U4W,4.748858447488584
B00DHB3V14,4.3088235294117645
B00DHB419U,4.202995008319467
B00DHJSXLY,4.4872521246458925
B00DHJT200,4.1299363057324845
B00DHJT4DU,3.963373083475298
B00DHJT5Q6,4.6302270011947435
B00DHRLK84,4.021024967148489
B00DI0135K,3.3716814159292037
B00DIR2PIW,3.0388349514563107
B00DJUQIHM,5.0
B00DJYJOPG,3.9047619047619047
B00DJYJPLO,3.765957446808511
B00DJYJQ6I,4.588235294117647
B00DJYJT5Q,4.266666666666667
B00DJYJWVW,3.8026941362916005
B00DJYK1XU,4.945205479452055
B00DL47424,4.2727272727272725
B00DL477I0,3.380952380952381
B00DL479DS,3.046153846153846
B00DL47KWI,3.296747967479675
B00DL47RQ2,3.8333333333333335
B00DL47V1S,3.742081447963801
B00DL47XES,4.0701754385964914
B00DL47YY2,3.938053097345133
B00DLX761E,3.9375
B00DLX76BY,4.555555555555555
B00DLX76GY,3.8
B00DMEC0WW,3.458064516129032
B00DMK6WN4,4.584615384615384
B00DMUFYZQ,3.8424657534246576
B00DNF1RM4,4.646017699115045
B00DNF1S28,4.6066666666666665
B00DNJ95DS,3.125
B00DNJ99F2,4.173913043478261
B00DNLZNYG,4.8545454545454545
B00DNLZOCC,4.666666666666667
B00DNLZRLU,4.626760563380282
B00DOBD482,4.03030303030303
B00DOZNH58,4.857142857142857
B00DOZRT0W,4.545454545454546
B00DP4AH5Q,4.954545454545454
B00DP9MDE4,4.671974522292993
B00DPCR4S6,4.604166666666667
B00DPDMWW8,4.383333333333334
B00DPKQVVE,4.384615384615385
B00DPL32ME,3.9622458857696032
B00DPUB59W,4.29
B00DPUB5LK,3.9210526315789473
B00DPYH3BM,4.095890410958904
B00DQN6IOK,4.6347826086956525
B00DQVST76,3.935483870967742
B00DRDBTT8,4.6375838926174495
B00DRQETEW,2.9130434782608696
B00DS79H1U,3.625
B00DS79HBU,4.611111111111111
B00DS79HL0,4.368421052631579
B00DSAUH0W,3.696261682242991
B00DT55OJA,3.760869565217391
B00DT55P9Y,3.5245901639344264
B00DTPRYY8,4.786666666666667
B00DTPRZ10,3.9289940828402368
B00DUD7VDI,3.7788461538461537
B00DUGC202,4.366666666666666
B00DUX291C,4.709677419354839
B00DV1XYTO,3.7337662337662336
B00DV3A82I,2.625
B00DVD5STQ,3.970873786407767
B00DW13IQC,2.5833333333333335
B00DW5IKN4,4.195530726256983
B00DW5IKNO,4.648648648648648
B00DW7IV5O,4.397260273972603
B00DW8E6K2,4.738636363636363
B00DWFVCLQ,4.833333333333333
B00DWGO02I,3.672268907563025
B00DXLO086,4.647887323943662
B00DXOIEFI,4.408163265306122
B00DXP7L88,4.167785234899329
B00DY1KPLG,4.7894736842105265
B00DY64A3U,3.81872852233677
B00DY64BLG,4.5602409638554215
B00DY64C8S,4.778366914103923
B00DY64CR4,4.8076923076923075
B00DYAE2IY,4.7631578947368425
B00DYQ1G78,4.792079207920792
B00DZ2ZP4Q,2.5555555555555554
B00DZH7QV6,3.117391304347826
B00DZSPP2C,4.695652173913044
B00DZUD40K,4.521739130434782
B00DZUV0M4,4.762711864406779
B00E00ORZK,4.518413597733711
B00E0FW054,4.788461538461538
B00E0KWBE4,4.795918367346939
B00E1LQRWY,4.2555555555555555
B00E1LRCY6,4.462686567164179
B00E1LSX44,4.046979865771812
B00E3HDW3I,4.615384615384615
B00E3UN6N6,4.886699507389163
B00E3V9UKI,4.795454545454546
B00E44EZT0,4.285714285714286
B00E44EZUE,4.549295774647887
B00E4Q6TYM,4.473684210526316
B00E58EAJ0,2.673469387755102
B00E5G03AM,4.25
B00E5N8DGG,4.6875
B00E688AZE,4.59433962264151
B00E688U9K,3.8688524590163933
B00E6D4HHO,4.7578125
B00E8A0P80,4.5
B00E8A0PNK,4.5394736842105265
B00E8AVN9U,4.893805309734513
B00E8G5H0K,4.926829268292683
B00E8G5HQE,4.587155963302752
B00E8N314C,4.318181818181818
B00E8RKHWW,4.249211356466877
B00E8UKY3Q,4.398843930635838
B00E9FIFVS,3.543766578249337
B00EAHX876,4.666666666666667
B00EAPC860,4.782608695652174
B00EC9UHZI,4.8076923076923075
B00ECFEL2C,3.558252427184466
B00ECGEGGM,4.870588235294117
B00ECGIL9K,3.869565217391304
B00ECJGB44,4.944444444444445
B00ECVPOZO,4.2976190476190474
B00EDM2RN4,3.3636363636363638
B00EDQCIGG,4.897435897435898
B00EDR5N3A,4.571428571428571
B00EE6C4CI,3.702127659574468
B00EE6C4NW,4.38131122833459
B00EECWCCE,3.2794117647058822
B00EEE999G,3.369565217391304
B00EF1PLV8,4.88
B00EF4U7AK,4.625
B00EF4U7JQ,4.857142857142857
B00EFJFUVG,3.5
B00EHJC9AE,3.8
B00EHK2S04,3.5349753694581283
B00EIJTLK4,4.787234042553192
B00EIPEQLW,3.4885057471264367
B00EIXWMII,4.894736842105263
B00EJFEN50,4.355691056910569
B00EK52XQK,4.406593406593407
B00EK6RM92,4.813008130081301
B00EK9O9FO,4.222222222222222
B00EKFI1HA,4.7
B00EKR61BQ,3.8974358974358974
B00ELKDD9U,4.319148936170213
B00EMLRKLA,4.481481481481482
B00EMN0COA,4.774193548387097
B00ENO1LSY,4.75
B00ENO3RXG,4.623762376237623
B00ENP6I9U,4.591549295774648
B00EOBB6DQ,4.809523809523809
B00EOHGQPI,3.713709677419355
B00EOMJ9O8,4.9
B00EPA3UVW,4.044444444444444
B00EPH8S8U,4.311475409836065
B00EPOHRDU,4.7272727272727275
B00EPV4G9Q,4.583333333333333
B00EQIYZTO,4.8
B00ERH1718,4.705882352941177
B00ESFCETS,4.631578947368421
B00ESZZOM2,4.863636363636363
B00ET6LPRI,4.777777777777778
B00ET9X5ZU,3.9411764705882355
B00ETHN9L2,4.794871794871795
B00EU8RB14,4.3584905660377355
B00EUI4XHE,4.423076923076923
B00EV1D4IY,4.842105263157895
B00EV1YZD2,4.8
B00EV1YZRI,4.589285714285714
B00EV4F5TC,4.201799485861183
B00EVU3RWS,3.0405405405405403
B00EX465U8,3.8392857142857144
B00EXPOCBG,4.246666666666667
B00EXPOCXY,3.6500974658869394
B00EXPOEGO,4.539568345323741
B00EYA6VGY,4.3023255813953485
B00EYPJHDI,3.0384615384615383
B00EZ4DXBU,3.52
B00EZB5RTE,4.764705882352941
B00EZC8042,3.4583333333333335
B00EZCVFGC,3.9464285714285716
B00EZDHVU0,3.9864864864864864
B00EZPCYFU,4.923076923076923
B00EZQOLKA,3.5621890547263684
B00F031XPS,4.5
B00F0JG7E4,4.536585365853658
B00F1BG22S,4.785714285714286
B00F1W1SS0,4.411764705882353
B00F37VHPM,4.737467018469657
B00F3KJSEG,5.0
B00F3M3ZC0,4.88
B00F3OLV9M,3.8863636363636362
B00F3TDA2I,4.191489361702128
B00F40UBM8,4.631578947368421
B00F5CQ78C,4.766666666666667
B00F5GIQFK,4.2
B00F5ZHI14,4.714285714285714
B00F6SAMTA,4.6923076923076925
B00F77MAC2,4.193548387096774
B00F77MARM,4.888888888888889
B00F878KAC,4.490566037735849
B00F878KFM,4.313725490196078
B00F8M1DAQ,5.0
B00F98FNRS,4.526315789473684
B00F98FOPE,4.068493150684931
B00F9IB1M4,4.578947368421052
B00FAPPQ54,4.666666666666667
B00FB1E9XC,3.411764705882353
B00FC1ZC9Q,4.728813559322034
B00FDJGL6A,4.580275229357798
B00FDZ7VZE,4.290322580645161
B00FE5MX74,4.782608695652174
B00FE5N09Y,4.275862068965517
B00FEHCQYW,3.6772151898734178
B00FEHCR1E,4.478260869565218
B00FEOYY8G,4.142857142857143
B00FEP9PQG,4.699523052464229
B00FEZXIW8,2.473684210526316
B00FF9SKP8,4.407407407407407
B00FF9SKSK,4.598599766627771
B00FFARI7I,4.9375
B00FFB1KTE,4.725388601036269
B00FFSTP94,4.742857142857143
B00FGEO9NE,4.649425287356322
B00FGVRZR4,4.260273972602739
B00FGWTNL4,3.2222222222222223
B00FH6V722,4.508196721311475
B00FJ4NNDS,3.5
B00FJWM04S,4.653846153846154
B00FK2KP3U,3.1176470588235294
B00FK9KTRU,4.183333333333334
B00FKIB3XA,4.666666666666667
B00FKPHNF0,4.557894736842106
B00FKPJ3VM,3.124031007751938
B00FKT9DYK,3.9381107491856677
B00FKTB1H2,4.0588235294117645
B00FKTCXGA,3.8
B00FL2F2UK,4.382113821138211
B00FL31UF0,4.390049373338397
B00FLDG52I,4.529411764705882
B00FLT6YWI,3.5434782608695654
B00FM4S8H6,4.7105263157894735
B00FMGPVCO,4.966666666666667
B00FMR66J0,4.46875
B00FNLUO6G,4.714285714285714
B00FNPQW2W,4.897435897435898
B00FNRA0KA,4.232558139534884
B00FOGH2RY,4.8125
B00FPP99MK,4.082191780821918
B00FPPQYXM,4.715962441314554
B00FPVGWY2,3.78
B00FQLK2TM,4.019230769230769
B00FQY4C86,4.3619281045751634
B00FR23GPW,4.681159420289855
B00FR23O4U,4.797297297297297
B00FR23QNE,4.875647668393782
B00FR23S3W,4.571428571428571
B00FR83S18,4.044444444444444
B00FRE6OB8,4.612903225806452
B00FRE6OFO,4.4375
B00FRE6PUS,3.5714285714285716
B00FRILRL6,3.6925064599483206
B00FRKKVL6,4.784313725490196
B00FRQ0HOQ,4.556701030927835
B00FSKOFKS,4.892857142857143
B00FTGYNUS,4.7272727272727275
B00FTGYPK6,4.75
B00FV6XK2I,3.0
B00FV91IK6,3.2209302325581395
B00FW6B4EI,2.95
B00FW6BBM8,3.4461538461538463
B00FWMVVLS,4.161016949152542
B00FWUX94M,4.413793103448276
B00FWVXRLG,4.6521739130434785
B00FXB8RRO,4.675324675324675
B00FXCITZI,4.636363636363637
B00FXSI9IY,3.7045454545454546
B00FXSI9UW,2.8095238095238093
B00FXWAZX2,3.421828908554572
B00FYL08RK,3.185185185185185
B00FYPEEFS,4.338095238095238
B00FYYS9D2,3.3
B00FZ4KT84,4.070680628272251
B00G0LGW50,4.25
B00G0PXU1A,4.477707006369426
B00G251WYK,4.145299145299146
B00G2IREUI,4.24
B00G2O43B0,4.0
B00G2PA0ES,3.1820728291316525
B00G3BVTKA,3.9831460674157304
B00G3D732Q,4.541694915254237
B00G3HOLV8,4.138461538461539
B00G3L0NB6,4.304347826086956
B00G3XHH40,2.260869565217391
B00G4Q3KOC,4.298534798534798
B00G575PM0,4.4324324324324325
B00G6SO7A4,3.5194805194805197
B00G7A5VYC,2.775
B00G7M190U,4.49448123620309
B00G7QQ00A,3.1639344262295084
B00G7QQ1Y0,3.6939890710382515
B00GAHG7PE,4.836363636363636
B00GAJFIXO,3.8877551020408165
B00GAXASK8,4.869565217391305
B00GB0OSP6,4.804878048780488
B00GBZVOEY,4.1267056530214425
B00GD9GNEY,4.112956810631229
B00GDEZP52,3.478723404255319
B00GDEZPGG,3.1911764705882355
B00GDM4O3I,4.446808510638298
B00GEKO51U,3.9433333333333334
B00GHH9IIA,4.644444444444445
B00GHH9IRG,4.701612903225806
B00GHJX8W0,4.536585365853658
B00GHP8SH4,4.066037735849057
B00GHP8SS8,4.515151515151516
B00GHP8T1Y,4.682926829268292
B00GHU35HM,4.75
B00GHYIQ18,4.310344827586207
B00GJFX8TA,4.085137085137085
B00GJNQ3S0,4.525
B00GJOXW1A,4.561224489795919
B00GLPCKX8,4.4359122401847575
B00GLT2SOA,4.898876404494382
B00GLT2TR6,4.912280701754386
B00GM7STPI,3.442105263157895
B00GMM19QE,4.051282051282051
B00GMM19VY,4.7
B00GMV89QI,2.5609756097560976
B00GMV8CQU,4.0576923076923075
B00GMV8IVE,3.4011627906976742
B00GMV8JVI,3.8358208955223883
B00GMV8KGW,3.361111111111111
B00GMV8M2Y,3.772885283893395
B00GO55Q72,3.46
B00GOFVED2,4.625
B00GOHZV6Q,4.01123595505618
B00GOT10SM,4.45
B00GOT15N2,5.0
B00GOVRVTM,3.634259259259259
B00GPOYX76,4.517241379310345
B00GPWERCO,4.781818181818182
B00GPWP214,4.7073170731707314
B00GQQ77IU,4.2094175960346965
B00GRZPQX8,4.196808510638298
B00GRZPR96,2.80327868852459
B00GS08Y3Q,4.329670329670329
B00GS19OOS,4.84375
B00GS4B7GS,4.764705882352941
B00GS8GM0K,4.666666666666667
B00GSA3K6C,3.3333333333333335
B00GSA4FDO,2.534090909090909
B00GSBQ2HU,4.574074074074074
B00GSBXU34,4.619047619047619
B00GSDSRQW,4.296296296296297
B00GSMZ3I8,4.384615384615385
B00GSSD73K,4.90625
B00GST8RJ8,4.448979591836735
B00GST8UH2,4.601036269430052
B00GSTHC7G,4.783783783783784
B00GSTHCHQ,4.7254901960784315
B00GSTHCTE,4.404761904761905
B00GSTHD02,4.348484848484849
B00GSXE0B8,3.53125
B00GTF526M,4.313953488372093
B00GTKYI1C,4.675675675675675
B00GTZWXYQ,4.5174825174825175
B00GTZWZH6,4.6273764258555135
B00GUFCPPC,4.534090909090909
B00GUO3C3W,4.356741573033708
B00GV8AZI2,3.058333333333333
B00GVHA04C,5.0
B00GWJIDFW,4.818181818181818
B00GWJIDM0,4.625
B00GWWV1XU,3.8703703703703702
B00GWXI1AK,4.885057471264368
B00GWXI1F0,4.85
B00GWXI20E,4.883561643835616
B00GWXI2EU,4.758620689655173
B00GWXI2X6,4.675925925925926
B00GX00CI6,5.0
B00GX7D5JW,4.838709677419355
B00GX7WNOA,3.675675675675676
B00GXXTTJQ,4.888888888888889
B00GZ0ML2Y,4.166666666666667
B00H0EN8UI,4.5344827586206895
B00H0EN98E,3.3768115942028984
B00H0EN9D4,3.6842105263157894
B00H2FPY20,3.8953953953953953
B00H3DW7P8,4.5625
B00H3WCT4I,3.0
B00H47IWXY,2.80327868852459
B00H47IXF6,4.574468085106383
B00H4BHIF8,3.8533333333333335
B00H4IGZJG,4.461538461538462
B00H4IR3FG,1.8974358974358974
B00H4ZEFTQ,4.470588235294118
B00H5NY7DQ,4.795180722891566
B00H5NY7O0,4.805555555555555
B00H5RYN5Y,4.68
B00H6YAB16,4.571428571428571
B00H7BJ1B4,4.909090909090909
B00H7BJ1GY,4.363636363636363
B00H7E3T5K,4.734939759036145
B00H7E8KVI,4.04093567251462
B00H7KJTMG,4.061728395061729
B00H7LJ2UO,3.6487394957983192
B00H7YYMOM,4.275
B00H8KC1N4,4.266666666666667
B00H8KC1OS,4.584905660377358
B00H8KRWKG,4.105691056910569
B00H8N5IQS,4.419354838709677
B00H91LVTM,4.714285714285714
B00H9BFV98,4.606060606060606
B00H9HZITU,3.514792899408284
B00H9L28OO,4.064615384615385
B00H9LHVHI,4.1017191977077365
B00H9LKHGA,4.324074074074074
B00HA0FOEU,4.876923076923077
B00HDAG7FW,4.509090909090909
B00HDEEU48,4.266187050359712
B00HDXPIV8,4.8
B00HE1EEQ4,4.427007299270073
B00HEEAM94,4.8
B00HEPCRLE,4.217948717948718
B00HEQO9DM,4.050761421319797
B00HEQOD56,4.366812227074236
B00HF5J9XW,4.681818181818182
B00HF95PA4,4.7407407407407405
B00HF98SYO,4.712328767123288
B00HFWETZ8,4.526785714285714
B00HGJB3MC,3.6566265060240966
B00HHAX9BI,4.254491017964072
B00HHIPPW6,4.892857142857143
B00HHITD60,5.0
B00HHYF59S,4.13871635610766
B00HHYF5EI,4.298387096774194
B00HIMHXG2,3.111111111111111
B00HJQMA1U,4.628571428571429
B00HLSW674,4.2682926829268295
B00HLSW6YC,3.1941747572815533
B00HLTD5EG,3.1604938271604937
B00HLTD6E0,3.674193548387097
B00HLTD8RA,4.496204933586338
B00HLTDAGO,3.791044776119403
B00HLTDARS,4.281767955801105
B00HLTDCLM,4.292436974789916
B00HMOW9WE,4.117647058823529
B00HNFSD5Y,3.235294117647059
B00HNGC56G,4.84375
B00HNGZK6I,4.437961099932931
B00HNH3HIU,4.6801152737752165
B00HNTIXK0,3.118279569892473
B00HNTOVWE,2.901639344262295
B00HNTOYQC,3.411764705882353
B00HNX29S8,4.594890510948905
B00HP4W1M4,3.1773049645390072
B00HPT4BK4,4.686746987951807
B00HPX33MM,4.404761904761905
B00HQF9TFO,2.7121771217712176
B00HQI811Y,3.7738095238095237
B00HQOD0SM,3.9375
B00HQOFIA0,3.706896551724138
B00HR35ZEY,4.596153846153846
B00HR7OOME,4.5
B00HRK4P5M,3.480769230769231
B00HRUQ8HK,4.566666666666666
B00HRYH6GI,4.545454545454546
B00HS2OWNO,4.024271844660194
B00HSJ2CVQ,3.6492622020431327
B00HSKI8GS,4.3977272727272725
B00HSS7N2U,4.702702702702703
B00HSSZKAW,4.732394366197183
B00HUAGZ34,3.869047619047619
B00HUAGZKW,4.571428571428571
B00HUAH1H8,4.785714285714286
B00HUCF420,4.462437395659433
B00HUCF7AO,4.63129973474801
B00HUQC442,4.368421052631579
B00HUTPK4U,4.409836065573771
B00HVBB140,4.791044776119403
B00HVFA36I,4.84375
B00HVFA39A,4.625
B00HW2PS3S,4.625
B00HW3EI3I,4.443181818181818
B00HW3EXCE,4.213592233009709
B00HW3EY46,4.028985507246377
B00HW3EZXQ,2.98
B00HW3EZZE,3.8424396442185516
B00HW3L2J6,4.829268292682927
B00HW4O1VG,3.607843137254902
B00HX0KIAM,3.8933189655172415
B00HX3ZKS4,4.161764705882353
B00HXH00YE,4.0886075949367084
B00HXJIK4E,4.5
B00HXXG48E,3.382978723404255
B00HYZ0ZLS,4.014925373134329
B00HYZ10RQ,4.966101694915254
B00HZ7S508,3.5106382978723403
B00HZVX14O,4.72
B00I099JO6,4.51063829787234
B00I099K4U,4.7
B00I0CAVV8,2.6363636363636362
B00I0VTPYI,4.818181818181818
B00I211L48,2.425925925925926
B00I2UULIG,3.8130841121495327
B00I30MQ4W,3.275
B00I4581F4,4.8545454545454545
B00I458456,4.887323943661972
B00I462XF2,4.473684210526316
B00I480QBI,4.375886524822695
B00I4DSDE0,3.7549668874172184
B00I5NKPWC,4.304347826086956
B00I6JOD8M,3.989873417721519
B00I83WKTA,3.9478260869565216
B00I86MQF0,3.942857142857143
B00I8SBYUQ,4.882352941176471
B00I8WB3AI,2.5806451612903225
B00I9KV1TM,4.761904761904762
B00I9TDMLS,4.515625
B00IAR2CHY,4.645161290322581
B00IB3QYDA,3.103448275862069
B00IBIIQTU,3.608108108108108
B00ICN1Y5W,2.642857142857143
B00ICR6SBI,3.9444444444444446
B00ICWO144,4.341642228739003
B00ICXM1UE,4.608695652173913
B00ID8HATK,4.564516129032258
B00ID9PZD2,4.045454545454546
B00IDRQ3PI,4.954545454545454
B00IE419W2,3.533333333333333
B00IE41AA8,4.159090909090909
B00IE4ER12,4.813953488372093
B00IEBAN6S,4.933333333333334
B00IEXX4KS,4.883116883116883
B00IEXX4XA,4.490566037735849
B00IF0KAYS,4.75
B00IF8PTVO,2.7610619469026547
B00IF8Q7EC,4.0
B00IGVJH0E,4.8
B00II4DYHG,4.771929824561403
B00II6C66E,4.363636363636363
B00II7H5SM,4.032258064516129
B00IICFEX0,4.070422535211268
B00IJG5502,3.5197368421052633
B00IJLM0V4,4.0
B00IJS2NZU,2.6566265060240966
B00IJS2OHM,3.879120879120879
B00IJYQV7A,3.7058823529411766
B00IK43YOM,4.684931506849315
B00IK481FO,4.851063829787234
B00IKM5L6I,3.5
B00IKM5LT0,3.5242165242165244
B00IKM5LXG,3.7656108597285067
B00IKM5MIA,2.6827458256029684
B00IKM5MQC,4.6
B00IKM5OTW,3.3916083916083917
B00IKM5OYW,3.3933333333333335
B00ILAWJLO,4.466666666666667
B00IMOM4EQ,5.0
B00INCEO3Q,3.9583333333333335
B00INLE6HG,3.85
B00IO03I6Q,3.753968253968254
B00IO8UO74,4.7
B00IORPROU,2.537037037037037
B00IQ8TT0K,3.6008583690987126
B00IRD8JJ6,2.8656126482213438
B00IRIMGTA,4.707692307692308
B00IRLISLM,4.548387096774194
B00ISZNBCI,4.320754716981132
B00IT3KQWM,4.570247933884297
B00IT70F3S,4.508258258258258
B00ITAQ2T6,4.914893617021277
B00ITPE2QQ,4.847222222222222
B00IUSP7OI,4.47945205479452
B00IV3FLO8,4.609756097560975
B00IVC030G,4.15
B00IVLRC88,4.333333333333333
B00IWULSTC,4.6875
B00IXGU2TM,4.481651376146789
B00IXPQUR6,4.555555555555555
B00IY1JCTW,3.2708333333333335
B00IZE00MQ,3.830508474576271
B00IZEATRM,3.1953125
B00IZZDVTO,3.7302631578947367
B00J0461UU,4.208955223880597
B00J0IPLBQ,3.9107142857142856
B00J0IQISG,3.7532467532467533
B00J22YU62,2.6741363211951445
B00J2FGZI0,4.696850393700787
B00J2FH0PM,4.375
B00J2MQ06U,3.940677966101695
B00J2PQY5E,4.185185185185185
B00J2PQYWC,3.7306843267108167
B00J2PQYYK,4.771428571428571
B00J2T176Q,4.846153846153846
B00J2T18XS,3.8194444444444446
B00J3GJL52,4.45945945945946
B00J3M54AW,4.166666666666667
B00J49R1BY,4.604651162790698
B00J49R1M8,4.708333333333333
B00J5JSV3A,3.710144927536232
B00J5LXMTG,4.162790697674419
B00J5LXPPM,3.96875
B00J5LXS4U,4.378378378378378
B00J5LXT44,4.745583038869258
B00J5LXU02,3.2790697674418605
B00J5SKAOO,4.645833333333333
B00J8LXD56,4.384615384615385
B00J925RX0,4.0
B00J9BZ4KC,4.574074074074074
B00J9BZOXY,4.198250728862973
B00J9BZVQE,4.75
B00J9C01W2,4.603174603174603
B00J9C07GC,3.7150735294117645
B00J9C0DRU,4.517985611510792
B00J9PVE2A,3.639412997903564
B00JA3RPAG,3.79800853485064
B00JA3RSR6,4.7894736842105265
B00JAFDFBM,4.333333333333333
B00JBBJJ4C,3.488709677419355
B00JC4XHYQ,3.8679245283018866
B00JC5ED7A,3.923076923076923
B00JCCHM30,3.5555555555555554
B00JCCHMU8,3.672727272727273
B00JEEZT68,3.175
B00JESQRS8,3.554054054054054
B00JH4U9GK,3.9722222222222223
B00JHH1VUU,4.769230769230769
B00JHH20VY,4.162790697674419
B00JHH21AE,4.666666666666667
B00JJ3EH6C,3.1707920792079207
B00JJJ3REO,4.811188811188811
B00JJRLFTU,4.8320610687022905
B00JJRLG58,4.520833333333333
B00JJRLG7G,4.2754820936639115
B00JJSDPBA,5.0
B00JK7QTZE,3.7432432432432434
B00JK7QU6W,4.545454545454546
B00JKE4SVE,3.4155555555555557
B00JKE4VBQ,4.046116504854369
B00JKJ13EY,4.853211009174312
B00JKT890A,4.790697674418604
B00JKTFQJM,4.213114754098361
B00JLC57OW,4.566003616636528
B00JLDT9MC,4.5
B00JLDTBCU,4.087591240875913
B00JLJ0AUQ,3.8181818181818183
B00JLV09S2,4.674418604651163
B00JO9O1WG,4.0495049504950495
B00JOWHSIW,4.246376811594203
B00JPFTPDY,3.526854219948849
B00JPFTS2M,4.52542372881356
B00JPFTSWM,4.114285714285714
B00JPFTW1E,4.117117117117117
B00JPXAO36,4.642857142857143
B00JRB00RG,4.046153846153846
B00JS223GU,4.173913043478261
B00JSR5BJ6,4.857142857142857
B00JU3S6IQ,4.794117647058823
B00JU3S7Z8,4.895833333333333
B00JU94ZPS,3.93859649122807
B00JV0543I,3.5522388059701493
B00JV0547O,3.6995515695067263
B00JVSF0T8,4.045992115637319
B00JWS9FYS,2.0240963855421685
B00JXFHPSS,4.2405063291139244
B00JXFHSEE,3.7205882352941178
B00K0HD7TO,4.766666666666667
B00K0TWVFI,4.368421052631579
B00K1MPGBK,4.333333333333333
B00K2CI0HG,4.534653465346534
B00K2CI184,4.6
B00K3245AQ,3.757575757575758
B00K6D1HUI,4.0
B00K7P63PE,3.707692307692308
B00K80QGCS,4.162601626016261
B00K87YGI2,4.153846153846154
B00K87YLSM,4.5
B00K8835WE,3.5234375
B00K8GXBMK,4.6909203980099505
B00KACCIQM,4.417525773195877
B00KAEIFCQ,3.25
B00KASQQTQ,4.754098360655738
B00KAVPEWI,4.571428571428571
B00KB01MO2,3.841666666666667
B00KB01QEI,3.95
B00KB8JB9M,4.0
B00KBROZX0,2.8545454545454545
B00KC8V8NI,4.375
B00KCA32XK,4.4125
B00KD5HFJG,4.448920863309352
B00KD64ID6,2.6785714285714284
B00KDF2NL6,2.014218009478673
B00KDU8HQQ,4.63448275862069
B00KE7PBCQ,3.4725274725274726
B00KE7PC66,4.033333333333333
B00KE7PC6Q,3.9043478260869566
B00KFNF17E,3.9390243902439024
B00KFNF2DM,4.208955223880597
B00KFRBJVM,4.571428571428571
B00KGA8EHU,3.8383838383838382
B00KGJOA5Q,4.659574468085107
B00KGJOBFA,4.541666666666667
B00KGVV37M,2.578125
B00KH0XX1Q,5.0
B00KH7D0R6,2.734513274336283
B00KH8KWDA,3.408450704225352
B00KHA5SL4,4.903846153846154
B00KHA5TJ0,4.811023622047244
B00KHA8992,4.431137724550898
B00KHA99BY,4.621621621621622
B00KINIOVG,2.641638225255973
B00KJ1DD4U,4.774193548387097
B00KMJBDFA,3.5
B00KMJBGV6,3.3275862068965516
B00KMULA6Q,4.607407407407408
B00KN2KY4W,4.618181818181818
B00KNVF2SG,3.8333333333333335
B00KO10QH2,4.522033898305085
B00KO10QIQ,4.184210526315789
B00KOBUO42,3.0140845070422535
B00KPI12JU,2.8679245283018866
B00KPI19N4,1.7073170731707317
B00KPUSDFE,3.8181818181818183
B00KPYT3LS,3.665991902834008
B00KQTGWPC,4.296195652173913
B00KRAXFWI,5.0
B00KS47SNU,4.923076923076923
B00KT5PAWE,4.653846153846154
B00KTFJ6DS,4.714285714285714
B00KTOPHSC,3.4153846153846152
B00KTZAKLU,4.117647058823529
B00KTZAL2S,2.75
B00KTZAL78,2.831858407079646
B00KU3Y2VK,4.66
B00KU3Y5CG,4.5423728813559325
B00KUWUKPI,4.75
B00KVFHBLK,2.212307692307692
B00KVS6YZQ,4.756756756756757
B00KVVP4EA,4.151515151515151
B00KW85NXO,4.761904761904762
B00KWTZ1RG,4.882352941176471
B00KX44QNK,4.612903225806452
B00KXQL6IQ,4.277777777777778
B00KYLJLRS,4.9245283018867925
B00KYVZ03W,3.8727272727272726
B00KZJX8O6,2.74468085106383
B00L0MICXE,4.555555555555555
B00L16P106,3.2195121951219514
B00L16P1QU,4.134375
B00L1TML1U,4.262734584450402
B00L2YXY6U,2.92
B00L2YY0EA,4.042735042735043
B00L37J2FS,4.03921568627451
B00L47DY7O,4.3125
B00L47E39W,4.36
B00L4IDS4W,4.583333333333333
B00L4K3MLE,4.179640718562874
B00L4KRP12,4.23841059602649
B00L5QX0S2,4.467532467532467
B00L5QX14A,4.904761904761905
B00L5R5GE2,4.72093023255814
B00L5Y8GJC,4.848484848484849
B00L6AW2MC,4.295454545454546
B00L6AW2W2,3.5952380952380953
B00L83F0RQ,4.555555555555555
B00L89VL96,4.571428571428571
B00L8LD93K,4.76
B00L8QOYG6,4.822784810126582
B00L8QP082,4.311475409836065
B00L8QP0AA,4.702702702702703
B00L8QP0C8,4.625
B00L8QP0U0,4.676470588235294
B00L8YJIDW,4.3375
B00L9CDUAK,4.766666666666667
B00L9FLO5K,3.1798245614035086
B00L9FLXXI,4.853658536585366
B00L9OPDA8,4.638888888888889
B00LAYEN4Y,4.714285714285714
B00LBHOCHS,4.770833333333333
B00LDCGBNE,4.722222222222222
B00LDCJ19A,2.5833333333333335
B00LE36FZ6,4.584615384615384
B00LERXH9Y,4.793814432989691
B00LEW3IZW,3.2941176470588234
B00LG7VWIA,4.534065934065934
B00LGQVBXC,3.8823529411764706
B00LH5IT3C,3.966666666666667
B00LH98QTK,3.7099236641221376
B00LHK2398,4.703703703703703
B00LJD5642,2.9313725490196076
B00LKCQONE,4.075117370892019
B00LKCQOP2,4.617647058823529
B00LM4A21A,3.9301075268817205
B00LMBUR6S,4.327956989247312
B00LMJUOWC,3.1783216783216783
B00LN2WKGQ,4.739130434782608
B00LN7V4KO,4.597402597402597
B00LN8786M,4.829787234042553
B00LO1T0FU,2.5757575757575757
B00LO1T0KK,2.841463414634146
B00LO1T45Q,2.3260869565217392
B00LO1T5GE,3.673575129533679
B00LOCL89A,4.76
B00LOCL8P4,3.7564102564102564
B00LOCLBVU,4.685459940652819
B00LOCLBWO,4.730337078651686
B00LOCLCPU,4.829268292682927
B00LOCLDSG,4.030534351145038
B00LPD0ELG,2.3333333333333335
B00LPD0EVG,4.647058823529412
B00LPPIDSA,4.368253968253968
B00LSW76MO,4.234250221827861
B00LT1JHLW,4.428571428571429
B00LT1JKN2,4.585034013605442
B00LTO33JQ,4.487179487179487
B00LTO342M,4.695652173913044
B00LU4RL1G,3.590909090909091
B00LU7K55M,3.388333333333333
B00LWB95RU,4.045454545454546
B00LWLZVT6,4.666666666666667
B00LX7VSP0,2.8
B00LXGZCBC,4.5
B00LXH2BL0,4.345454545454546
B00LY1YLKE,3.330749354005168
B00LY1YOGA,4.437772925764192
B00LYD887Y,2.466666666666667
B00LYHXHUI,2.725806451612903
B00LYHXI4I,3.402439024390244
B00LYHXI84,4.1
B00LZ2LYQ6,2.85
B00M0DTYUW,4.205128205128205
B00M0GM2NA,3.5845410628019323
B00M0GM4DS,4.533366783743101
B00M0GM4V0,4.2588805166846075
B00M0GM72Q,4.184848484848485
B00M0GMBMC,4.456937799043062
B00M0GMC26,4.564612326043737
B00M0JTXRU,4.2
B00M0JTYJC,4.75
B00M0JU1XU,4.331378299120234
B00M0JU3XI,4.802631578947368
B00M1CFRDA,3.9285714285714284
B00M1CFX4S,3.2098765432098766
B00M1YSS7K,4.329670329670329
B00M24YBXE,4.483870967741935
B00M25EALG,3.8676595744680853
B00M2D7I7G,4.056603773584905
B00M2MTCAS,4.697916666666667
B00M482XH4,3.7735849056603774
B00M4A93NY,3.6282894736842106
B00M4DUT5C,4.47887323943662
B00M4KXLCI,4.552631578947368
B00M4LP84Q,3.560687432867884
B00M6X9ZOQ,3.328
B00M6X9ZS2,4.52054794520548
B00M7D805A,3.5833333333333335
B00M7D81SQ,4.252688172043011
B00M8BC570,3.533333333333333
B00M8HWGU0,3.6
B00M9HHGVI,4.787878787878788
B00M9W8HRA,4.055555555555555
B00MAMZ17S,4.6524590163934425
B00MARZSW6,4.625
B00MBI0B0I,3.85
B00MBNRPT8,4.282051282051282
B00MEEVVV2,3.2463235294117645
B00MEEVVYO,3.3426294820717133
B00MEUZIJC,4.666666666666667
B00MEXP52Y,4.2727272727272725
B00MFCPURE,4.592760180995475
B00MGBS5PS,4.470588235294118
B00MGLMY7I,3.2388059701492535
B00MHIKJUY,4.535087719298246
B00MHIKRXS,4.716666666666667
B00MI56U6S,4.57760532150776
B00MJDV0LY,3.8955223880597014
B00MK1RA4G,4.833534378769602
B00MK1RCBC,4.466666666666667
B00MLSJTCE,3.8548387096774195
B00MMPB66I,4.714285714285714
B00MNBTNZC,3.913793103448276
B00MO21W2W,2.4684684684684686
B00MO21WAY,4.86322188449848
B00MOUF4G4,4.619047619047619
B00MP2FHNG,4.23943661971831
B00MP2FKLU,4.553398058252427
B00MP2FM4U,3.7037037037037037
B00MP2G2R6,4.763636363636364
B00MQI46RW,4.904761904761905
B00MRNSZZA,4.956521739130435
B00MU1YEJK,4.165413533834586
B00MU1YEWW,4.916666666666667
B00MU1YEY0,4.404761904761905
B00MUDYJ4I,3.5384615384615383
B00MV55HNC,4.96875
B00MWP70SG,4.7368421052631575
B00MWP723Y,4.337931034482758
B00MX3B0CE,4.390804597701149
B00MXYG3M0,4.705882352941177
B00MY498QW,4.576923076923077
B00N176XGE,4.55
B00N1JPZM0,4.827160493827161
B00N1JQ0N8,3.3074935400516794
B00N1JQ18W,3.875
B00N1JQ1IM,4.045197740112994
B00N1JQ39O,4.315436241610739
B00N3FMXEA,4.551724137931035
B00N46CU2I,4.864864864864865
B00N4W4YNA,4.221311475409836
B00N5AICVQ,3.6359447004608296
B00N5B5B3M,3.8
B00N83X2JC,4.705128205128205
B00N8JIGT2,4.324561403508772
B00N8JIHC8,4.644736842105263
B00N9QM6N6,4.666666666666667
B00NALHK8Q,4.676470588235294
B00NAQ3EOK,3.4107883817427385
B00NARLV8K,4.767241379310345
B00NB0OTWQ,4.676056338028169
B00NC61CSS,3.3293413173652695
B00NCDVVLY,3.3850325379609543
B00NF6P80I,4.67741935483871
B00NFJZXFK,3.9
B00NG3YQXU,3.807017543859649
B00NGAJ980,4.375
B00NGAJCVO,4.885714285714286
B00NGAJHF0,4.5964912280701755
B00NGL7J68,3.850220264317181
B00NGL7JK4,3.2196969696969697
B00NH0MC4W,4.628571428571429
B00NI4DOW6,4.723404255319149
B00NIPQURG,3.8666666666666667
B00NIRGIPS,3.25
B00NJ1Z26O,3.9615384615384617
B00NJ4QG4I,4.68
B00NJ4RGFG,4.82089552238806
B00NJ4S3EY,4.7924528301886795
B00NJ4U5U4,4.697368421052632
B00NJ4UZI6,4.870588235294117
B00NJ4VMDS,4.888888888888889
B00NJADEAG,3.1
B00NKHC5RQ,3.86144578313253
B00NLZAAAQ,4.555555555555555
B00NLZAC5O,2.435483870967742
B00NMF8SEK,4.3920539730134935
B00NMJQKEG,4.666666666666667
B00NO834N0,3.607142857142857
B00NP06DJE,4.648148148148148
B00NPHD5KC,4.347560975609756
B00NPHDBUQ,4.177664974619289
B00NQE6X3A,4.011824324324325
B00NT6NGT4,4.137404580152672
B00NT71BNQ,4.035714285714286
B00NTNY7SQ,3.4819277108433737
B00NV6K02S,4.876190476190477
B00NVDYMBG,4.857142857142857
B00NW6KRMA,3.6625
B00NW6KRZM,3.95985401459854
B00NWKWA58,4.664516129032258
B00NYC4PNO,4.363636363636363
B00NYC65M8,4.230623100303951
B00NYC7PG8,4.537109375
B00O0292FI,3.686868686868687
B00O1D37NO,3.9642857142857144
B00O1D3BL2,4.456521739130435
B00O1D3C02,4.642857142857143
B00O1D3C2K,4.806451612903226
B00O1D3C3E,4.740112994350283
B00O1D3C66,4.681159420289855
B00O1D3C6Q,4.7272727272727275
B00O20UHDO,3.6666666666666665
B00O2IZPD8,4.615199034981906
B00O3QAW50,3.1527777777777777
B00O3UBDQ8,4.03030303030303
B00O4CTSD0,4.6911764705882355
B00O4CTSHG,4.663967611336032
B00O4CWP7G,4.755102040816326
B00O4UN8VU,4.270833333333333
B00O4ZC57I,4.715360501567398
B00O4ZC5A0,4.1946107784431135
B00O5A099S,3.3333333333333335
B00O5AJRAU,3.372168284789644
B00O7LYMIO,3.9456521739130435
B00O7LYUXQ,4.010273972602739
B00O8BC17M,4.7272727272727275
B00O8RSFOE,3.810810810810811
B00O9ZSK9A,4.509090909090909
B00O9ZSKIQ,4.4035087719298245
B00OBIA3KE,3.1706484641638224
B00OBIBCXQ,3.430976430976431
B00OBQ9PDC,4.633333333333334
B00OGL6S64,4.4123778501628665
B00OGQUAU4,3.9908256880733943
B00OGT2UFE,4.021739130434782
B00OGWB2UK,4.12962962962963
B00OHLR6QY,4.212121212121212
B00OI6B7LS,3.9361702127659575
B00OJ0X41E,4.322222222222222
B00OJMC8TQ,3.66260162601626
B00OKB80KW,3.4041811846689893
B00OMCCI8Y,3.171875
B00OMCLZLU,2.760869565217391
B00OOLIX7S,3.807017543859649
B00OPCF3EW,4.821428571428571
B00OPMFLT4,4.886363636363637
B00OPNQ66K,4.757142857142857
B00OQRU9FY,4.545454545454546
B00OQUZQZO,4.5353535353535355
B00OTADCSE,4.7073170731707314
B00OTR96J6,3.913978494623656
B00OU27QSS,4.916666666666667
B00OU27WIC,2.975
B00OU4MORY,4.636363636363637
B00OU4MP0K,4.758928571428571
B00OUF232O,3.4564315352697097
B00OV3VGP0,4.31951577402788
B00OY7YOZ2,4.6422018348623855
B00OYSZP5E,3.8514851485148514
B00OZJ2Y38,4.002849002849003
B00OZOIETQ,3.865168539325843
B00P1NG32A,4.6231884057971016
B00P1WGHLI,4.289733464955577
B00P2968EQ,4.1
B00P2HSBO8,4.1875
B00P2LVW9K,3.8535353535353534
B00P6TZY1K,3.106382978723404
B00P6VLL0G,4.2133891213389125
B00P7RWOF0,3.9711538461538463
B00P826P1I,3.693548387096774
B00P8KD29I,4.584269662921348
B00P93XOX8,4.653846153846154
B00P9UVC0I,4.769230769230769
B00PC1FD9U,4.48262792166772
B00PCSVODW,1.4516129032258065
B00PFRFXB4,4.976190476190476
B00PG3NWJ2,4.9
B00PGDA8P8,4.818181818181818
B00PGTNA52,4.8604651162790695
B00PH1H6TK,4.2723631508678235
B00PHD691Y,3.8205128205128207
B00PHGTRCE,4.361702127659575
B00PHK6KQG,4.611111111111111
B00PHL8VQW,3.707865168539326
B00PHSDS0E,4.533333333333333
B00PK7HXDU,3.8023529411764705
B00PKPGLOY,4.4491525423728815
B00PLEF4XS,3.50974025974026
B00PLYU410,3.5135135135135136
B00PMCYZ1G,3.1132075471698113
B00PMDSVTM,3.1492537313432836
B00PR2IC8I,4.7272727272727275
B00PRABXFO,4.434782608695652
B00PSLIQ9I,3.6451612903225805
B00PV09C3U,3.0412371134020617
B00PV09C7G,4.056603773584905
B00PY4Q9OS,4.611773117254528
B00PY6PELK,3.6885245901639343
B00PZX2CT4,3.74
B00Q0G2VXM,4.611495349391843
B00Q2WGOAA,3.36
B00Q5995LU,4.36
B00Q5998BM,4.888888888888889
B00Q5NNMEW,4.18200408997955
B00Q7DWUDY,3.8181818181818183
B00Q7LS3C8,4.298969072164948
B00Q7WBGHG,3.4588888888888887
B00Q8KCS60,3.8376068376068377
B00QFUFZZO,4.305084745762712
B00QFUG0YO,4.907407407407407
B00QG6IDJC,4.698795180722891
B00QGQFOHG,4.479041916167665
B00QHCKHHQ,2.9615384615384617
B00QHIRRSC,3.8988095238095237
B00QJ64AZK,2.4814814814814814
B00QJ9C7B6,3.6216216216216215
B00QJ9N1N4,4.739130434782608
B00QJAZ4MY,3.40625
B00QJAZ514,3.293103448275862
B00QJN33II,4.595238095238095
B00QK4ANEI,3.673992673992674
B00QKS2DP6,3.7563025210084033
B00QMV2TBO,4.223214285714286
B00QRPZEVW,4.519230769230769
B00QSHWZNE,3.3443708609271523
B00QT4VBNG,4.928571428571429
B00QT4VBTU,4.821428571428571
B00QT4VDC0,4.842105263157895
B00QT4VDSO,4.480769230769231
B00QTG2KY8,4.409090909090909
B00QTKCP58,4.571428571428571
B00QTKCPOE,4.567901234567901
B00QU6GRRS,1.85
B00QUFHTMQ,3.782800441014333
B00QUFHWMS,3.1341176470588237
B00QX0ISV4,4.1
B00QXIIZ3W,2.9828660436137073
B00QXXKW6K,2.519230769230769
B00QYR398S,4.758620689655173
B00QYZJAAG,3.8260869565217392
B00QYZJDLC,4.866666666666666
B00R041BAW,4.135135135135135
B00R041BVQ,3.922848664688427
B00R041CT2,3.2476190476190476
B00R041DXW,4.0
B00R041FXA,4.388349514563107
B00R3LIB0A,4.76
B00R4JLJ4G,4.4
B00R5YGP08,4.85
B00R6HLE1O,4.725856697819315
B00R8GR8M2,5.0
B00R8GUXPG,4.611587982832618
B00R8HWMEU,4.117647058823529
B00R8KIJ3U,4.572446555819478
B00R8N1BTG,4.206185567010309
B00R8N1DGM,4.074074074074074
B00RC16SYW,4.0588235294117645
B00RC9FJIU,2.5384615384615383
B00RCPFF06,4.7615384615384615
B00RD6DZL0,4.098850574712643
B00RDCKLHA,3.7955801104972378
B00RDEIRB0,3.77
B00RDZMVOS,4.6571428571428575
B00REG9FDQ,4.75
B00REG9GEE,3.7941176470588234
B00RFG788E,4.315384615384615
B00RFSC9TA,2.9863945578231292
B00RI4VBUO,3.274390243902439
B00RJXKUOM,4.870967741935484
B00RNELG5E,3.4278959810874703
B00RQZB78Q,3.588235294117647
B00RTKEFSC,4.15242494226328
B00RUT3DWG,4.794871794871795
B00RVZJ3U0,3.5813953488372094
B00RYZFNZG,3.1864406779661016
B00RZXWUP8,2.578125
B00S16H0DA,4.587301587301587
B00S1ITA2W,3.946270543615676
B00S2LSA5G,3.9070945945945947
B00S4YGWAQ,4.870229007633588
B00S6MBGY8,3.782560706401766
B00S7L1GKM,3.581081081081081
B00S80X0C4,4.266666666666667
B00S89IJX0,4.413793103448276
B00S89IOPS,4.6923076923076925
B00S89IVTM,4.72
B00S8ONLYM,4.8125
B00S9S12R0,4.783783783783784
B00S9U3TU6,4.384615384615385
B00S9XHJ86,3.4208333333333334
B00SADQOEU,3.956140350877193
B00SB9SL3A,4.401639344262295
B00SB9Y6KW,4.590372817366682
B00SBYJTYU,2.9705882352941178
B00SFRHKAI,3.5
B00SG16TIC,4.75
B00SHJLVWM,4.226530612244898
B00SJC9WV4,4.433628318584071
B00SJFG6L0,4.575
B00SLXRAGA,3.6666666666666665
B00SNPXCYK,4.782608695652174
B00STKR50Q,4.777777777777778
B00SU1DDVY,4.448979591836735
B00SU2UXUW,3.141025641025641
B00SV06VLS,3.948717948717949
B00SVTE0NA,3.7083333333333335
B00SWFMBNE,2.169811320754717
B00SYCFLJG,4.555555555555555
B00SYNSNHW,4.2
B00SYX6J2I,4.4363636363636365
B00SZLEL2Y,4.593220338983051
B00SZTD3RU,2.4
B00T3IKKR8,4.73015873015873
B00T3IKQM2,4.724137931034483
B00T5D4LB2,4.444444444444445
B00T5D4M2U,4.76
B00T6KIL2E,4.822222222222222
B00T6KINS6,4.583333333333333
B00T6KIPO8,4.802816901408451
B00T6QIZ7O,3.9072164948453607
B00T9G67TO,3.3815789473684212
B00T9QDT68,4.083333333333333
B00TB6JUCI,3.043103448275862
B00TB9ZXNA,2.5
B00TEBVLM2,4.506329113924051
B00TEC7H9M,4.8
B00TEC7J22,4.395348837209302
B00TEC7K62,4.275862068965517
B00TFGRY4U,3.888888888888889
B00TFOKI7M,4.515151515151516
B00TFOKJ8A,4.162162162162162
B00TGCIH0I,4.578947368421052
B00TGF9GGO,4.190283400809717
B00TGJ1AJG,4.016949152542373
B00TGNLUSI,4.462962962962963
B00TGNLUYW,4.75
B00TI5RQL4,2.954285714285714
B00TJ14IBI,4.6
B00TJ30A04,4.685185185185185
B00TJFXH02,4.0
B00TKIJGDA,3.7534883720930234
B00TL6QUV2,4.833333333333333
B00TLXIQPI,3.2808988764044944
B00TPL8DF4,4.6
B00TPL8DWW,4.444444444444445
B00TPL8DXQ,4.731343283582089
B00TPN7EES,3.057142857142857
B00TQ4PBBO,3.755
B00TQ8FSWC,4.5
B00TQGGH10,3.6206896551724137
B00TQGGJTK,4.794117647058823
B00TQGGLIE,4.0
B00TRAO8VQ,4.0886075949367084
B00TRK0ODC,3.787313432835821
B00TSI10YA,4.689655172413793
B00TV6BA9E,2.92
B00TYJDQ54,4.046972860125261
B00TZF2JTG,4.742424242424242
B00U2MTL60,3.1578947368421053
B00U2YNO7U,2.064516129032258
B00U2YNO8O,3.25
B00U3UKXSG,4.66
B00U7DLSVK,4.889763779527559
B00U7M7UPY,3.3174603174603177
B00U8BDQPC,4.717391304347826
B00UA00E0Q,4.575757575757576
B00UA86G5U,3.7872340425531914
B00UAJ6X6G,3.779220779220779
B00UARSZXC,3.8831417624521074
B00UB7Z6MO,4.880952380952381
B00UCADTZ6,4.6923076923076925
B00UEM9N98,4.392857142857143
B00UEM9TY2,4.315789473684211
B00UGPEWFI,4.566037735849057
B00UGPKYMS,4.745098039215686
B00UGPQXFA,4.068493150684931
B00UHAJ1AI,4.231884057971015
B00UHAJ24S,4.427374301675978
B00UHJ7J8U,4.791666666666667
B00UI5CU6Y,4.704273504273504
B00UIDS0W4,3.4347826086956523
B00UITXKTG,4.648
B00UJZQF5A,4.047021943573668
B00UKSXN60,4.291954022988506
B00UL9050A,3.8344155844155843
B00UMDEVIC,4.771428571428571
B00UMDF01Y,4.561032863849765
B00UMDF6J0,4.559139784946237
B00UNEJ2LQ,3.985294117647059
B00UNONQSQ,3.9932432432432434
B00UOB45DI,4.239583333333333
B00UOB45SS,3.784
B00UOW1XQ4,3.7
B00UOW29C6,4.306569343065694
B00URJFYEG,4.5024390243902435
B00UVCHWDK,4.488888888888889
B00UZ2O4D2,3.6424870466321244
B00UZJO7UA,4.045
B00V5JEJ1Q,4.5625
B00V950K3C,3.8689919183326245
B00V9LTX1G,3.142857142857143
B00VAVNN5W,3.3266129032258065
B00VBPX4V0,4.770833333333333
B00VC1YFFM,4.842696629213483
B00VE6OXSY,4.528301886792453
B00VFVIJFG,4.611111111111111
B00VG3O31M,3.88
B00VGQJLDO,4.8076923076923075
B00VGXABLI,4.54
B00VHAG0NI,4.242424242424242
B00VJIIOSC,4.67741935483871
B00VK09FMI,4.150812064965197
B00VKEWZQ2,4.762962962962963
B00VKX6V9U,4.233644859813084
B00VKX6VWC,4.612244897959184
B00VKYKY7E,4.696969696969697
B00VM5HXLG,3.051948051948052
B00VMIWA3O,4.605815831987076
B00VNQWT0Y,4.132075471698113
B00VNQWUB2,4.088235294117647
B00VNX5S96,4.321428571428571
B00VSE0IMM,4.445783132530121
B00VSG3MSC,4.70979020979021
B00VU4YPR4,4.64635761589404
B00VUK505O,3.2581818181818183
B00VX21ZWG,4.451612903225806
B00VXV65RW,4.275862068965517
B00W1LATOS,4.181818181818182
B00W1XYVWW,4.689895470383275
B00W3JQXUM,2.95
B00W3W2TC0,3.2253521126760565
B00W3XNNE2,3.310344827586207
B00W605FDO,4.628023352793995
B00W7AG7JE,4.625
B00W85TAHE,4.673076923076923
B00W9JQ5B8,3.230769230769231
B00WAJ8PA6,4.5476190476190474
B00WAJ8RBI,3.838397790055249
B00WAZHS0I,3.1228070175438596
B00WDQNYUM,4.0886075949367084
B00WFN4MJK,4.547169811320755
B00WHZZAP6,4.2631578947368425
B00WKMLNWK,4.318181818181818
B00WNBABVC,4.640993265993266
B00WQT2R0Y,4.8125
B00WQT3UMI,3.4215686274509802
B00WR531SY,4.552631578947368
B00WRNGTRG,4.517350157728707
B00WS8R2M6,4.875
B00WSJL4JC,4.343558282208589
B00WSSC6E0,3.4923076923076923
B00WU5B494,4.447619047619048
B00WV7TNEE,4.1911764705882355
B00WYMNLA8,2.925925925925926
B00X3DC6Y4,4.751336898395722
B00X3DC80G,4.827586206896552
B00X4TV9RC,4.913793103448276
B00X5ZSONM,4.594117647058823
B00X6IQYPI,4.164179104477612
B00X797NJW,4.358649789029536
B00X797NTW,4.6875
B00X7HEIB0,4.846153846153846
B00X7SIALI,4.538200339558574
B00XDBMB4Q,4.644736842105263
B00XIF8GF0,3.823529411764706
B00XIXGQ6S,4.086956521739131
B00XJ8HAHG,4.462585034013605
B00XK9B070,3.8214285714285716
B00XLX0Z62,4.029725182277061
B00XQ142MW,3.8239299610894943
B00XQ2CC6O,4.619718309859155
B00XQ2EQH2,3.8062317429406036
B00XRZU2E4,4.474583698510079
B00XUQAFVK,4.456521739130435
B00XVHKVMQ,3.4074074074074074
B00XVHKYVE,3.0268456375838926
B00XVJ3MW0,4.7272727272727275
B00XWV8W6I,4.163793103448276
B00XX3VR0S,4.197860962566845
B00XZCIENK,4.2125
B00XZZMTOM,4.2894736842105265
B00Y11WX90,4.364240457425436
B00Y1UZBDQ,3.6486486486486487
B00Y7R9EYK,4.245283018867925
B00Y7R9FWQ,4.228464419475656
B00Y8BNPRW,4.142857142857143
B00YAZNBTI,4.383333333333334
B00YAZND1O,3.3626373626373627
B00YCY46VO,4.577981651376147
B00YHR5UW0,3.4677002583979326
B00YI71PN2,4.139204545454546
B00YIZWFQ0,4.733333333333333
B00YIZWIRQ,4.545454545454546
B00YOJIF3M,2.9642857142857144
B00YQJRYGY,3.8264462809917354
B00YRV20HY,4.145217391304348
B00YS4V5BC,4.408496732026144
B00YS8CBS4,4.490566037735849
B00YSBFD5O,4.766233766233766
B00YSBFG2E,4.846153846153846
B00YSBFH8C,4.773809523809524
B00YSBFHMI,4.631578947368421
B00YSBFPSY,4.612244897959184
B00YSG2ZPA,4.870874904067536
B00YT8SFR4,4.007067137809187
B00YZBF1YU,3.8452380952380953
B00Z0GES3E,4.782608695652174
B00Z710V6K,3.8862745098039215
B00Z7EMJ4E,4.435897435897436
B00Z9HS8E4,4.573529411764706
B00Z9HSFY2,3.8333333333333335
B00Z9YZRVE,4.659465020576132
B00ZASTW92,4.826666666666667
B00ZAZB4T6,4.776315789473684
B00ZCHTR6O,4.761904761904762
B00ZCOFBEE,4.8
B00ZE1JYRU,4.773584905660377
B00ZE1K2ZI,4.72
B00ZE500TM,4.9714285714285715
B00ZE5013W,4.0285714285714285
B00ZGDIGZ2,4.441788743253662
B00ZGRMTLA,4.388059701492537
B00ZGTJN3K,4.071428571428571
B00ZL4Q7NE,2.035
B00ZPH4RRA,4.172131147540983
B00ZPH4SAQ,4.486404833836858
B00ZQ36R4Y,4.63973063973064
B00ZR3W3WI,4.611111111111111
B00ZR3W40E,4.090287277701778
B00ZR3W45O,4.578947368421052
B00ZRBQVVO,3.7442622950819673
B00ZS21J6E,3.9223803363518757
B00ZT7TJHE,2.227272727272727
B00ZUL9LGS,4.777777777777778
B00ZWC16CC,4.901960784313726
B00ZX1Y7KU,4.703703703703703
B00ZYBI84U,4.8076923076923075
B01011KJKI,3.7478991596638656
B01013C5IU,3.9371221281741233
B0106O4QYU,2.88
B0106RTAPM,3.683673469387755
B0107GC2AM,3.238532110091743
B0107GC96Y,4.1454545454545455
B0108N9AAY,3.164383561643836
B0108N9J2I,4.1875
B010CHR1ES,4.745762711864407
B010E1H2CS,3.543956043956044
B010H6NMKQ,4.416666666666667
B010LY9JUQ,4.826086956521739
B010MJ851Y,4.26984126984127
B010NDZJ9A,4.0964285714285715
B010OR9A9K,4.708333333333333
B010R3ILY6,3.6923076923076925
B010TIZC2S,3.517857142857143
B01127XNEE,4.001107419712071
B0112HPUW2,3.3137254901960786
B0112HPVEY,4.6454545454545455
B0112HPWQG,4.59375
B0112HPWWK,2.26
B0112HPX1K,4.69
B0113FXB9W,4.438679245283019
B0113NVV1Y,3.0
B0115NB7N4,4.381578947368421
B01169SSOI,3.9767441860465116
B0117Q3S3G,4.345238095238095
B0117UHFU4,4.5234375
B0118S73VG,3.0067567567567566
B0119OFSGQ,4.472727272727273
B0119RZ67O,4.857142857142857
B011CZOKCU,4.463414634146342
B011D5G982,4.608695652173913
B011KG2G5O,4.739130434782608
B011KME78M,4.252427184466019
B011LW42W2,4.285714285714286
B011MUA592,4.407407407407407
B011MUA8B2,4.729166666666667
B011OCMQHW,2.761467889908257
B011PS4YGQ,4.7272727272727275
B011Q0FSC2,4.748322147651007
B011Q0KET4,4.243243243243243
B011T0C71E,4.735632183908046
B011T0C73W,4.745614035087719
B0125PSL1W,4.25
B01275D16A,4.175
B0128P0WKW,4.409090909090909
B0128QAXLO,4.910714285714286
B0128QB16A,4.586206896551724
B012BPM40U,4.1265822784810124
B012BYDKJU,4.5588235294117645
B012C86TMU,4.455128205128205
B012DCNERI,4.679245283018868
B012DW8N0G,3.4968944099378882
B012DWS874,4.0108191653786704
B012G7INVC,3.7457627118644066
B012G7IWYA,4.1
B012HTAGBY,3.335664335664336
B012O29DR2,4.069767441860465
B012O29ISG,4.527777777777778
B012P5MHO4,2.507042253521127
B012PU762W,4.7407407407407405
B012RC89Z6,3.211764705882353
B012WBL3I2,4.84
B012WGY5C8,3.871794871794872
B012X1YCL6,2.693877551020408
B0130CD3W6,4.373134328358209
B013323CM4,4.675675675675675
B013539XIS,4.78
B0139TET14,4.5673076923076925
B013BPR7QU,3.789473684210526
B013C6OW1Q,3.96927374301676
B013F4VQSM,4.134146341463414
B013FCN628,4.849056603773585
B013GCK51M,3.763888888888889
B013HC8KO0,3.3492063492063493
B013HOZJCY,4.605263157894737
B013HOZKQE,4.090909090909091
B013HY6KVS,4.833333333333333
B013JA9QDO,3.7681159420289854
B013JA9TIG,4.099099099099099
B013JBH0CC,4.642857142857143
B013JBJ8T0,4.791666666666667
B013JZW73K,3.5454545454545454
B013JZW8E8,4.2
B013P0WZ86,4.194805194805195
B013P0X1HK,4.409756097560976
B013RHZXNG,4.846153846153846
B013RO1HM0,4.878787878787879
B013TFJ4SQ,3.8945147679324896
B013W7LTL6,4.051282051282051
B013W7LXQ2,3.84375
B013XD39BC,3.649085037674919
B01423S8A4,2.6288659793814433
B0142G2NM0,4.804878048780488
B0142WELF6,4.049065420560748
B0145CBN68,4.65625
B0145NSN92,4.694444444444445
B0145NSQGW,4.59375
B014604U5K,4.421487603305785
B0146T50XM,4.121212121212121
B014AGF6RG,4.8
B014DEGQZ6,4.407692307692308
B014DEGSBS,4.666666666666667
B014DEGTEO,3.113110539845758
B014DEGUIE,3.5272727272727273
B014DMSGVU,4.875
B014E1TJUW,4.914893617021277
B014FP2SAA,4.25
B014GDAVLE,4.142465753424657
B014GJBTWI,4.724489795918367
B014GQ8118,3.5732142857142857
B014HDTT84,3.3093525179856114
B014HWWP36,4.074074074074074
B014I4IUXC,4.625
B014I67SGU,3.692857142857143
B014LIIYPY,4.775438596491228
B014Q67LDM,4.068965517241379
B014RDXD18,4.695652173913044
B014TC60LC,4.6571428571428575
B014VVNY7E,4.5
B0152197H8,5.0
B0152AVXFI,4.631578947368421
B0152AVXUI,3.203473945409429
B0152AW01Y,3.0344827586206895
B0152AW1A4,4.811965811965812
B0152AW2CQ,4.903225806451613
B0154XVK6K,3.142857142857143
B0157757NK,2.5604395604395602
B01578E31Q,4.333333333333333
B0158W4NT8,4.166666666666667
B0158ZX4UE,4.8
B01595QPQ8,4.072463768115942
B0159OSR24,4.455555555555556
B0159OSRNI,4.213592233009709
B015DFI986,4.104477611940299
B015DG7V9S,3.533333333333333
B015EVT7FI,3.1132686084142396
B015FR7JEC,4.9375
B015GR8N9Q,4.375
B015H66J56,3.7426470588235294
B015HM3E8K,4.5842894969108565
B015JLUO5A,4.55327868852459
B015N12RW4,3.1839080459770117
B015N8JCK2,3.4578313253012047
B015N8JH84,3.538961038961039
B015NLGXA6,4.125
B015Q04ETQ,4.079268292682927
B015RD3AHO,4.385714285714286
B015S4DRYI,3.9271402550091077
B015S4DRZW,4.014778325123153
B015S4DS1K,4.608823529411764
B015WLJUYS,4.594594594594595
B015WVHV4E,4.737864077669903
B015XC8BT6,3.883720930232558
B01603ANBQ,4.333333333333333
B01608JL64,3.382716049382716
B01619206U,4.95
B0161H1ORS,4.71875
B01648ETWQ,4.4222222222222225
B0164CMT8I,4.434782608695652
B0167IE0KY,4.437
B01690GTK4,4.694444444444445
B01690GTKY,4.451612903225806
B0169PXG8W,4.457446808510638
B0169PXGFU,4.336842105263158
B0169PXGUA,3.8471337579617835
B016BSPP4K,3.3277027027027026
B016BSPTZA,4.185328185328185
B016E66ZHU,3.1864406779661016
B016F7J9SU,3.75
B016HHKX7O,4.23015873015873
B016HHR8G8,3.6095444685466376
B016JB0JWC,3.7927927927927927
B016JB0KN0,3.35
B016JB0L84,3.7222222222222223
B016KAMQTG,4.465116279069767
B016LGTB1A,4.369337979094077
B016LR93JY,2.9871794871794872
B016NVSE16,4.647058823529412
B016P01W4G,4.445578231292517
B016PIL680,3.5
B016PUXLM2,4.5
B016S5ZFAK,4.448979591836735
B016UTP1MQ,4.038461538461538
B016WU7GOO,4.80327868852459
B016YPHWOG,3.875
B016ZGYFE4,4.258064516129032
B0170FTFOY,2.5799086757990866
B0170K341O,3.375
B0170K36TY,2.6
B0170Y5M6U,3.392857142857143
B01723F80E,4.036992840095466
B0176IELOY,4.625
B0176IENI8,4.188888888888889
B0176IENR4,4.0394736842105265
B0176IEODW,2.945945945945946
B0176SAQIY,3.4285714285714284
B017757OCW,4.233009708737864
B0177ZM3JQ,3.7706766917293235
B0177ZM3MI,4.2974860335195535
B0177ZTCWM,4.68
B017AD7CDM,4.6
B017AJ0LPC,4.229508196721311
B017BTMXCU,3.135135135135135
B017DSRZL8,3.3461538461538463
B017DYVF40,4.4858757062146895
B017E5806O,4.530785562632697
B017GZFDXK,3.5398230088495577
B017HP18H4,4.72972972972973
B017HP18WO,3.7872340425531914
B017JOME6M,4.770491803278689
B017JQO6BG,2.91044776119403
B017NNN31Y,3.9502923976608186
B017O74PPM,4.024793388429752
B017RR4YG4,3.585526315789474
B017RR4ZIQ,3.578125
B017RR5C7O,4.387096774193548
B017RR5HW4,3.4307692307692306
B017RR6JYE,3.975806451612903
B017RR6YJE,4.838095238095238
B017RR6ZG6,3.764705882352941
B017RR79FM,3.5135135135135136
B017S3OP7A,4.473287916816063
B017SQVOSA,4.681102362204724
B017SWJZXU,4.34
B017TB63TY,3.9210526315789473
B017TQW3NE,4.290322580645161
B017W1P79I,2.8349514563106797
B017WLX1Q4,4.428571428571429
B017XZUT3C,3.425
B017Y01GOM,4.110294117647059
B017Y0HMKO,4.71830985915493
B017Y394CA,4.26530612244898
B0182W7JE2,2.5833333333333335
B0182W7JSS,4.0
B0182W7KBY,3.924731182795699
B01851XUV6,4.682352941176471
B0185P7LO4,3.9855072463768115
B0187Z2IR2,4.809523809523809
B0189HKF14,4.700598802395209
B0189HP0DC,4.3
B0189Y6HHI,3.9347826086956523
B018AXRKFG,2.758454106280193
B018ELUD4O,2.3181818181818183
B018FK66TU,4.505899705014749
B018I8RG5C,4.9
B018IDVB3U,4.6761565836298935
B018IDVB6W,2.897338403041825
B018IDVBFS,2.8404255319148937
B018IDVBH6,4.765625
B018JLPUIS,4.894736842105263
B018LBR12Y,4.083333333333333
B018TNBX50,4.88
B018TNKDOW,4.722222222222222
B018V1ZTGO,4.585365853658536
B018V2009O,4.931818181818182
B018V20152,4.698924731182796
B018WEX7PA,4.25
B018Y6BV04,4.375
B018YGWQH6,3.396449704142012
B0192PEOGY,4.205882352941177
B0192PESFG,3.6
B01936Q064,4.777777777777778
B01953CL7W,4.283018867924528
B0195QXI76,4.4375
B0195XEGJS,4.389763779527559
B0197KENHE,4.266666666666667
B0197U4ZWM,2.6621621621621623
B0199VU6KY,3.955223880597015
B019A3QMJA,4.690302398331595
B019C6X02M,3.611111111111111
B019EC9QK4,3.8309859154929575
B019EC9QKE,2.7804878048780486
B019EC9R08,3.36734693877551
B019EC9R4E,4.061162079510703
B019EC9RBM,3.591463414634146
B019FIFS9A,3.7344398340248963
B019GE15PY,4.733333333333333
B019GY79LS,4.75
B019JNOEQO,2.033707865168539
B019NB5EVG,4.639080459770115
B019OI2HDQ,4.606060606060606
B019PKH8I2,4.53125
B019PQ0NZG,4.4368070953436805
B019RGCZ3M,4.34375
B019RR2IXS,4.761904761904762
B019RVUEHQ,2.316666666666667
B019T8QBR4,4.497572815533981
B019WMTVLA,4.428030303030303
B019WMTX72,4.496389891696751
B019WMTZPM,4.7936507936507935
B019WMTZSY,4.826923076923077
B01A19LUSA,3.2666666666666666
B01A5NZ2MC,4.5327102803738315
B01A71FC90,4.119484046164291
B01A7ZI6CQ,4.8
B01A9IV54W,4.258741258741258
B01A9LM9B2,4.040178571428571
B01A9R6C1O,4.8316831683168315
B01A9X9M6A,3.1052631578947367
B01AAZVX96,4.523809523809524
B01ACAEQMU,3.046153846153846
B01ACE4UPY,4.436241610738255
B01ACSKAR2,3.2857142857142856
B01AEOM79I,4.184210526315789
B01AFGSSWU,4.2
B01AH3QQ1Q,4.1192660550458715
B01AHHRTEU,4.586206896551724
B01AHK50AC,3.1636363636363636
B01AHWLX2O,4.116766467065868
B01AJ7ELT4,4.046052631578948
B01AJV0CSE,3.946372239747634
B01AKEGU1S,3.7120622568093387
B01AKUNOES,4.637931034482759
B01AOELOF6,4.592592592592593
B01APDWK0Y,3.2666666666666666
B01ATCA3RS,3.767908309455587
B01ATCA5CG,4.0
B01AU6P8XW,4.401408450704225
B01AUH49W2,4.658713692946058
B01AYDOI1O,3.737704918032787
B01AYMA95Y,4.555555555555555
B01B1LE39A,3.4361702127659575
B01B2CX0LU,4.576168929110105
B01B67YA10,4.717948717948718
B01B6MMESG,3.4375
B01B800I1G,4.72093023255814
B01B8836R6,3.013029315960912
B01BDUS0NY,4.3961474036850925
B01BGYDT5G,4.202702702702703
B01BHGK7RQ,2.3055555555555554
B01BHTSIOC,4.329054842473746
B01BIC00KS,3.2663316582914574
B01BKI6IF6,4.679245283018868
B01BKL9EXG,4.431818181818182
B01BKM0ZRE,3.8702290076335877
B01BKTG026,4.708333333333333
B01BL87PBG,4.107954545454546
B01BLH8R50,3.93768115942029
B01BLX0UBS,4.814814814814815
B01BLX0UFY,4.266666666666667
B01BP47HLY,4.37037037037037
B01BPQG3C6,3.7142857142857144
B01BSW1NW2,3.7590361445783134
B01BT1VYSK,4.473684210526316
B01BT1W024,4.7105263157894735
B01BTDOSSG,4.038314176245211
B01BTDOSTK,4.518918918918919
B01BU3PWC6,4.214285714285714
B01BX2B01Q,4.6923076923076925
B01BX2B1WY,4.607843137254902
B01BX2B3XQ,4.107142857142857
B01BX2B4JE,4.768115942028985
B01BYO09DI,2.8461538461538463
B01BZBLP9C,4.729166666666667
B01BZE7MNW,4.745454545454545
B01C4PR4UC,3.6153846153846154
B01C7RBFNE,2.107142857142857
B01CDT609K,4.327557755775578
B01CDT60CC,3.2131147540983607
B01CE00Q5C,3.8313953488372094
B01CIUITJS,4.0
B01CIXVWZ8,3.9838709677419355
B01CJMBBTK,4.75
B01CJW33B4,3.193548387096774
B01COPZYOK,4.212121212121212
B01CP0Q8S0,4.059748427672956
B01CPU8ON2,4.564705882352941
B01CQ8RR7C,4.576923076923077
B01CRIWR0S,2.4761904761904763
B01CT4CDS6,4.742424242424242
B01CT4CETE,4.5875
B01CU6SSQ4,4.888888888888889
B01CUMHBJS,4.37012987012987
B01CUMITSA,4.29559748427673
B01CUS6508,4.024320457796852
B01CVS1QB0,3.7169811320754715
B01CZ3K23E,4.615853658536586
B01CZAFLOC,4.2439024390243905
B01CZT1CRI,4.276595744680851
B01D01K5AU,2.107142857142857
B01D3RPL0U,3.130434782608696
B01D41B21M,4.3076923076923075
B01D52PV12,3.933333333333333
B01D55N0B2,4.260869565217392
B01D64VSYI,3.7622041420118344
B01D7AA21G,4.543859649122807
B01D9EUNB4,4.3538461538461535
B01D9EUNBY,4.538860103626943
B01D9TA4TK,4.5
B01DALQ1EO,2.6363636363636362
B01DBCMSFI,4.8
B01DD4KNQK,3.875886524822695
B01DDEEWSU,4.785714285714286
B01DEBC8DS,4.555555555555555
B01DGN1HY0,4.826086956521739
B01DGN6PI8,4.742424242424242
B01DJ63U12,4.068376068376068
B01DKLQMM0,4.456599286563614
B01DL2EX6A,3.6099290780141846
B01DLHR2MM,2.5441176470588234
B01DLVAHQG,4.456521739130435
B01DOQAKUQ,3.6082251082251084
B01DPPMPSG,4.634615384615385
B01DPW1A0I,4.6571428571428575
B01DR3ZQ3C,4.037037037037037
B01DRWEO6S,4.630769230769231
B01DSXJTDE,3.75
B01DT59KFI,4.681818181818182
B01DTNVGYI,4.212962962962963
B01DVALT2I,4.76
B01DWXO08E,4.1
B01DX0NCXU,4.5
B01DX0NCZS,4.481481481481482
B01DYX9W0I,3.587962962962963
B01DZQ10M2,4.108173076923077
B01E0833YC,3.530821917808219
B01E606F7Q,4.477611940298507
B01E698FFC,4.595959595959596
B01E6CE17U,4.82258064516129
B01E7N9Q50,3.9473684210526314
B01E7N9R36,3.5869565217391304
B01E7XTFN8,4.554347826086956
B01E7XUONI,4.410256410256411
B01E8CKGUE,4.821428571428571
B01E9J2XR0,2.7721518987341773
B01E9O0Q0Q,4.375
B01EFSORXS,4.523809523809524
B01EIS46CM,4.880597014925373
B01EK44KXE,4.211180124223603
B01ELI9E9O,4.718446601941747
B01EN7KSRU,3.4827586206896552
B01ENSOKJQ,4.6909090909090905
B01ERZG5UW,3.236842105263158
B01ETYJ4IG,4.763333333333334
B01EVZK2WA,4.256410256410256
B01EYBIBL0,4.822222222222222
B01F2R9WVS,3.572992700729927
B01F48PJIA,3.7
B01F4O91WY,4.828571428571428
B01F5KLOZY,4.7272727272727275
B01F5ZY3JI,4.186528497409326
B01F5ZY4YC,3.647948164146868
B01FKPW1UQ,3.066666666666667
B01FMEYIY2,3.6931818181818183
B01FMROEJ8,3.227722772277228
B01FR35F6I,3.0238095238095237
B01FZ8I7R4,4.50561797752809
B01G06T00S,4.55
B01G2J0U9I,2.95
B01G43HHNO,4.811188811188811
B01G4N5Q0A,4.287974683544304
B01G71NN3Q,2.498480243161094
B01GF9N7FE,3.595505617977528
B01GGE7BTQ,2.9661016949152543
B01GJQCZ7Y,4.186180422264875
B01GJQM5JM,4.304347826086956
B01GKKI38Y,4.777777777777778
B01GKKXXG6,4.2105263157894735
B01GP4HSH2,3.4439461883408073
B01GQ10L32,4.291666666666667
B01GRU5CQS,4.258426966292135
B01GU82O9U,4.657894736842105
B01GWBZ3K2,4.748201438848921
B01GWC3G1O,4.769230769230769
B01GWCB40Y,4.428418230563002
B01GWCDFT2,4.44
B01GWDFSO6,4.714285714285714
B01H1VTEMK,3.6261682242990654
B01H1WK2D4,3.3333333333333335
B01H2JPTDO,4.738888888888889
B01H2OWNH4,4.859649122807017
B01H2OWOVE,2.372093023255814
B01H2OWOXW,4.611111111111111
B01H2OZEDY,4.142857142857143
B01H4FJP7C,4.3076923076923075
B01H4FJR5W,4.253393665158371
B01H7QA5XG,4.425
B01H9HCOP0,3.923076923076923
B01HC3880G,3.4901456726649527
B01HD9N75K,4.882352941176471
B01HDHAA9S,2.2777777777777777
B01HH7KC60,4.086956521739131
B01HHGAIHE,4.884615384615385
B01HHGAKEU,4.867647058823529
