item-id,rating
0005019281,G10
0005119367,G10
0307142493,G10
0375810331,G10
0510539610,G10
0738920762,G10
0764005529,G10
0767001311,G10
076700941X,G10
0767015525,G8
0767020294,G10
0767023765,G10
0767087372,G10
0767088247,G10
076780192X,G10
0767802799,G10
0767803434,G10
0767804325,G10
0767805534,G10
0767805712,G10
0767808673,G10
0767809254,G10
0767811089,G10
0767815335,G10
0767815963,G10
0767817486,G10
0767817648,G10
0767817664,G10
0767817737,G10
0767818105,G10
0767819454,G10
0767819462,G10
0767821408,G9
0767821807,G10
0767824555,G10
0767824571,G10
0767826728,G8
0767827686,G10
0767827759,G8
0767830555,G10
0767834739,G10
0767835069,G10
0767836359,G10
0767837398,G10
0767839129,G9
0767839277,G10
076785344X,G9
0767853636,G10
0780020715,G10
0780020855,G10
0780021932,G10
0780022319,G10
0780022386,G10
078060718X,G8
0780615573,G10
0780621832,G10
0780621956,G10
0780622383,G10
0780622537,G10
0780623614,G10
078062582X,G10
0780626699,G10
0780626702,G10
0780630866,G10
0780630874,G9
0780635299,G10
0780662504,G10
0782006752,G10
0782008372,G10
0782010040,G10
078201061X,G10
0782010792,G10
0783110901,G10
0783112750,G10
0783114222,G10
0783114729,G10
0783114907,G10
0783116640,G10
0783116926,G10
0783211201,G10
0783211694,G10
0783217048,G10
0783218923,G10
0783222726,G10
078322561X,G10
0783225857,G10
0783225911,G10
0783226535,G10
0783226608,G10
0783226799,G10
0783226853,G10
078322687X,G10
0783226896,G10
0783226985,G10
0783227272,G10
0783227361,G10
078322740X,G10
0783227892,G10
0783227922,G10
0783227930,G10
0783228686,G10
078322947X,G10
0783229569,G10
0783229747,G10
078322995X,G10
0783230346,G10
0783230427,G9
0783230486,G10
0783231032,G10
0783234287,G10
0783235380,G9
0783235410,G9
0783239408,G10
0783239955,G10
0783240066,G10
0783240473,G10
0783241313,G10
0783241569,G10
0783243499,G9
0783245130,G10
078400949X,G10
0784010331,G10
0784011370,G10
0784011532,G10
0784011648,G10
0784011680,G10
0784013470,G10
0788802194,G10
0788812467,G10
0788814664,G10
0788815474,G10
0788821075,G10
0788832182,G10
0788832492,G10
078885383X,G10
0788857746,G10
078885996X,G10
0788860119,G10
0788861956,G10
078887148X,G10
0790724960,G10
0790725657,G10
0790729342,G10
0790729377,G10
079072961X,G10
0790729628,G10
0790729644,G10
0790729687,G10
0790729709,G10
0790729733,G10
0790729989,G10
079073124X,G10
0790731266,G10
0790731517,G10
0790731797,G10
0790732149,G10
0790732181,G10
0790732300,G10
0790732521,G10
0790732548,G10
0790733226,G10
0790733919,G10
0790733927,G10
0790734419,G10
079073463X,G10
0790734966,G10
0790736527,G10
0790737647,G10
0790737744,G10
0790737868,G10
0790740281,G10
0790740443,G10
0790741067,G10
0790741296,G10
0790741644,G10
0790743213,G10
0790743442,G10
0790744236,G10
0790744546,G10
0790744813,G10
079074676X,G10
0790747693,G10
0790748193,G10
0790748266,G10
0790750414,G10
0790751445,G10
0790751569,G10
079075181X,G10
0790785366,G10
079079568X,G10
0792102320,G10
0792110188,G10
0792143817,G10
0792145496,G10
0792146433,G10
0792151712,G10
0792153189,G10
0792153456,G10
0792153685,G10
0792157850,G10
0792158202,G10
0792160347,G10
0792165039,G10
0792166523,G10
0792171306,G10
0792199405,G10
0792833201,G10
0792834917,G10
0792834976,G10
0792836030,G10
0792836529,G10
0792836685,G10
0792838653,G10
0792838661,G10
0792838947,G10
0792838955,G10
0792839072,G10
0792839129,G10
079283948X,G9
0792839684,G9
0792840984,G10
0792841409,G10
0792841840,G10
0792841905,G9
079284209X,G10
0792842111,G10
0792842162,G10
0792843800,G10
0792843991,G10
0792844041,G10
0792844645,G10
0792844718,G10
079284565X,G10
0792845765,G10
0792846133,G10
0792899229,G10
0793906091,G10
079396041X,G10
0793961009,G9
0800112652,G10
0800114051,G10
0800129784,G10
0800141660,G10
0800141709,G10
0800141741,G10
0800177029,G10
0849922372,G10
0874934648,G10
093085280X,G9
0967418518,G10
0967501032,G10
1401926339,G10
140498822X,G10
1415723427,G10
1421367912,G10
1424819210,G10
1558804641,G10
1558908382,G10
1559408677,G10
1559408758,G10
1559409002,G10
1560689994,G10
1562550888,G10
1563311976,G9
1563452685,G9
156371616X,G10
1566053986,G10
1568392273,G10
1569388431,G8
1569388997,G10
1571323368,G10
1572521783,G10
1572522232,G10
1572522550,G9
1572524421,G10
1572525959,G9
1572528338,G9
1573305588,G10
1573306983,G10
1573471917,G7
1573623008,G10
157362389X,G10
1573623903,G10
1573624071,G9
157362408X,G10
1573624101,G10
1573624160,G8
1573628042,G8
1574928228,G10
1582704708,G9
1586171941,G10
1586174576,G10
1586683950,G10
1592180418,G10
1896306993,G7
1897020600,G10
1921643870,G10
1936488191,G10
1936488264,G10
3918810143,G8
5554452574,G10
5554454828,G10
5558279494,G10
5559203726,G10
6300145786,G10
6300147355,G9
6300147444,G10
6300147630,G10
6300147789,G8
6300147967,G10
630015002X,G10
6300157601,G10
630015761X,G10
6300157717,G10
6300158411,G10
6300159140,G9
6300160270,G10
6300164063,G10
6300165086,G10
6300180204,G10
6300181065,G10
6300181316,G10
6300181375,G9
6300181510,G10
6300181545,G10
6300181847,G10
6300181987,G10
6300182304,G10
6300182738,G10
630018286X,G10
6300183416,G10
6300183432,G10
6300183459,G10
6300183505,G10
6300183513,G10
6300183785,G10
6300184242,G10
6300184250,G10
6300184269,G10
6300185117,G10
6300185125,G10
6300185370,G10
6300185443,G10
6300185788,G10
6300185974,G10
6300186180,G10
630018675X,G9
6300198731,G10
6300208117,G9
6300208591,G10
6300209296,G10
6300213501,G10
6300213714,G10
6300213730,G10
6300213749,G10
6300213781,G10
6300213803,G10
6300213900,G10
6300213927,G10
6300213986,G10
6300214028,G10
6300214044,G10
6300214052,G10
6300214087,G9
6300214117,G10
6300214184,G10
6300214192,G10
6300214222,G10
6300214265,G9
6300214311,G9
6300214338,G10
6300214346,G8
6300214508,G10
6300214559,G10
6300214567,G10
6300214575,G10
6300214613,G10
6300214621,G10
6300214648,G10
6300214664,G10
6300214672,G10
6300214680,G10
6300214710,G10
6300214958,G10
6300215520,G10
6300215555,G10
6300215598,G10
6300215601,G10
6300215628,G10
6300215695,G10
6300215806,G9
6300215849,G10
6300215857,G10
6300215881,G9
6300215954,G10
6300215962,G10
6300215989,G10
6300216047,G10
6300216055,G10
6300216179,G10
6300216209,G10
6300216225,G10
6300216241,G10
6300216497,G10
6300216527,G9
6300216543,G10
6300216586,G10
6300216632,G10
6300216721,G10
6300216748,G10
6300216934,G10
6300216950,G10
6300216977,G10
6300217728,G10
6300218031,G10
6300246787,G10
6300246795,G10
6300246817,G10
6300246868,G10
6300246876,G10
6300246973,G10
6300247031,G10
6300247090,G10
6300247104,G10
6300247139,G10
6300247163,G10
6300247236,G10
6300247392,G10
6300247406,G10
6300247651,G10
6300247821,G10
6300247945,G9
6300248089,G10
6300248097,G10
6300248100,G10
6300248135,G10
6300248216,G9
6300248291,G7
6300248569,G10
6300249816,G10
6300249824,G10
6300249867,G10
6300249964,G10
6300250164,G10
6300250407,G10
6300250512,G10
6300251217,G10
6300251330,G9
6300252310,G10
6300267830,G10
6300267962,G10
6300268012,G10
6300268128,G10
6300268683,G10
6300268748,G10
6300268799,G10
6300268853,G9
6300269280,G10
6300269299,G10
6300269450,G10
6300269477,G10
6300270068,G10
6300270122,G8
6300270130,G10
6300270149,G10
6300270211,G10
6300270270,G10
6300270297,G10
6300270327,G10
6300270424,G10
6300270912,G10
6300271358,G10
630027151X,G10
6300271668,G10
6300271706,G10
6300273210,G10
6300274195,G10
6300274268,G10
6300274586,G10
6300274608,G10
6300275116,G10
6300275310,G10
6300276740,G10
6300276945,G10
6300984869,G10
6300987485,G10
6300987531,G10
6300987787,G10
6300988600,G10
6300988805,G10
6300989003,G10
6301005740,G10
6301006798,G10
6301008944,G10
6301008960,G10
6301017072,G10
6301031474,G9
6301039459,G10
6301050886,G10
6301065557,G10
6301065565,G10
6301065573,G10
6301066162,G10
6301094352,G9
6301094999,G10
6301095294,G10
6301103513,G10
6301105915,G10
6301106482,G10
6301106490,G10
6301115538,G10
6301163788,G10
6301174240,G10
6301175220,G10
6301175239,G10
6301179544,G10
630120798X,G10
6301216113,G10
6301216121,G10
6301216156,G10
6301216210,G9
6301217861,G10
6301221486,G10
6301221923,G10
6301239598,G10
6301264177,G10
6301279654,G9
630130053X,G10
6301300548,G10
6301307208,G9
6301325540,G10
630133275X,G10
6301334523,G10
6301348281,G10
6301379616,G10
6301390725,G10
6301390768,G10
6301398912,G10
6301408977,G10
6301410831,G10
6301412761,G10
6301415159,G10
6301423682,G8
6301435192,G10
6301440056,G10
6301442768,G10
6301464966,G10
6301465601,G10
6301480473,G10
6301491920,G10
630150528X,G10
6301528565,G10
6301528581,G10
630156118X,G10
6301562925,G9
6301570723,G9
6301586026,G10
6301589068,G10
6301589106,G10
6301590740,G10
6301599225,G10
6301608534,G10
6301618033,G10
6301640594,G10
6301640659,G9
6301640780,G10
6301643410,G10
630165191X,G10
6301661710,G10
6301661737,G10
6301661850,G10
6301662954,G10
6301666569,G10
6301670124,G10
6301691687,G10
6301697308,G10
6301697723,G10
6301697758,G10
6301706471,G10
6301706498,G10
6301706811,G10
6301708113,G10
6301708261,G10
6301718275,G10
6301736303,G10
6301744128,G9
6301744136,G10
6301748107,G10
6301753534,G10
6301758110,G7
6301758641,G10
6301759079,G10
630176031X,G10
6301763041,G10
6301767918,G10
6301773551,G10
6301773578,G10
6301773586,G10
6301777387,G10
6301777476,G10
6301777840,G10
6301782666,G10
6301788494,G10
6301788508,G9
6301793196,G10
630179513X,G10
6301797949,G10
6301797965,G10
6301797973,G10
630179799X,G10
6301798058,G10
6301798066,G10
6301798201,G10
630179849X,G10
6301798562,G10
6301798643,G10
6301798732,G10
6301798740,G10
6301801288,G10
6301801709,G10
6301801849,G10
6301802322,G10
6301805429,G10
6301805615,G10
6301810678,G10
6301813480,G10
6301815807,G10
6301817761,G10
630186316X,G10
6301902645,G10
6301912373,G10
6301914090,G10
6301928180,G10
6301928555,G10
6301928679,G10
6301929942,G9
6301930789,G9
6301931025,G10
6301932420,G10
6301933532,G10
6301942647,G10
6301942728,G10
6301945301,G10
6301954890,G10
630195517X,G10
6301959728,G10
6301959949,G10
6301963660,G10
6301963717,G10
6301963725,G10
6301964179,G10
6301964209,G10
6301964217,G10
6301964314,G10
6301966074,G10
6301966244,G10
6301966465,G10
6301966554,G10
6301966562,G10
6301966848,G10
6301966899,G9
6301967275,G10
6301967690,G10
630196781X,G10
6301967852,G10
6301968824,G10
6301969294,G10
6301969316,G10
6301969413,G10
6301969928,G10
6301971175,G10
6301971191,G10
6301971280,G10
6301971345,G10
6301971418,G10
6301971531,G10
6301971663,G10
6301971752,G10
6301971809,G10
6301971876,G10
630197204X,G10
6301972279,G10
6301973232,G10
6301973259,G10
6301973305,G10
6301973461,G10
6301975960,G10
6301976029,G10
6301976045,G10
630197753X,G10
6301977750,G10
6301977963,G10
6301978315,G10
6301978501,G10
6301982746,G9
6301996100,G10
6302000610,G10
630200098X,G10
630200912X,G10
6302010306,G10
630202028X,G10
6302025303,G10
6302030919,G10
6302032237,G10
6302032245,G10
6302032253,G10
630203535X,G10
6302036852,G9
6302036941,G10
6302038340,G9
6302045916,G10
6302049148,G10
6302069130,G7
6302078024,G10
6302078091,G10
6302078164,G9
6302088593,G10
6302091632,G10
6302096243,G10
6302096316,G10
6302098424,G10
6302098440,G10
6302098459,G10
6302098505,G10
6302098548,G10
6302101395,G10
6302101743,G10
630210176X,G10
6302112060,G9
6302112117,G10
6302113156,G10
630211702X,G10
6302120527,G10
6302120616,G10
6302121582,G9
6302136261,G10
6302148332,G10
6302150930,G10
6302156815,G10
6302158095,G10
6302158176,G9
6302168465,G10
6302181755,G10
6302182840,G10
6302206294,G10
6302215730,G10
6302224462,G10
630222540X,G10
630223168X,G10
630223722X,G10
6302238331,G10
6302241081,G10
6302241693,G10
6302250161,G9
6302250277,G10
6302254132,G10
6302256615,G10
6302259096,G10
6302260973,G10
6302261597,G10
6302269431,G10
6302271991,G10
6302272602,G10
6302274001,G10
6302277760,G10
6302281849,G10
630228354X,G10
6302287448,G10
6302289009,G10
6302289017,G10
6302289041,G10
630229357X,G10
630229455X,G10
6302299489,G10
6302305950,G10
6302309506,G10
6302309514,G10
6302309522,G10
6302312434,G10
6302313899,G10
6302320410,G10
6302320488,G10
630236308X,G10
6302363098,G10
6302365937,G10
6302375770,G10
6302380294,G10
6302386608,G8
6302404223,G10
6302409365,G10
6302409829,G10
6302413419,G10
6302413435,G10
6302413737,G10
6302413850,G10
6302418828,G10
630242335X,G10
6302424887,G10
6302424909,G10
6302426200,G10
6302428122,G10
6302428939,G10
630243078X,G10
6302439485,G10
630244327X,G10
6302447712,G10
6302447739,G9
6302450187,G10
630245333X,G10
6302457254,G10
6302458900,G10
6302459702,G10
6302469090,G10
6302470021,G10
6302477379,G10
6302479487,G10
6302481791,G10
6302482712,G10
6302484367,G10
6302484383,G10
6302484391,G10
6302484405,G10
630248443X,G10
6302485010,G9
6302491940,G10
6302502667,G10
6302503795,G10
6302503833,G10
6302507596,G10
630251004X,G10
630251018X,G10
6302534372,G10
6302541743,G10
6302544289,G10
6302548748,G10
6302554713,G10
6302561957,G10
6302587239,G10
6302588626,G10
6302593220,G10
6302595770,G10
6302610699,G10
6302620740,G10
6302623294,G10
6302637899,G10
6302640504,G10
630264223X,G10
6302650046,G10
6302655897,G10
6302656125,G10
6302658888,G10
630266232X,G10
6302662478,G10
6302662591,G10
6302662745,G10
6302676231,G6
6302676711,G10
6302678846,G10
6302681049,G10
6302681685,G10
6302685141,G10
6302689724,G10
6302712009,G10
6302712017,G10
6302712920,G10
6302717329,G10
630271771X,G10
6302719666,G10
6302720419,G9
630272256X,G10
6302722764,G10
6302725542,G10
6302728371,G10
6302728657,G10
6302734924,G10
6302737249,G10
6302747384,G8
6302749336,G10
6302753198,G10
6302757096,G10
6302760089,G10
6302760119,G10
6302763770,G10
6302763835,G10
630276386X,G10
6302763908,G10
6302768810,G10
6302772745,G10
6302779448,G10
6302783968,G10
6302787068,G10
6302794404,G10
630279482X,G10
6302795567,G10
6302795575,G10
630279742X,G10
6302797535,G10
6302797675,G10
6302797713,G10
6302799112,G10
6302800404,G10
6302800420,G10
6302800498,G10
6302800579,G10
6302800587,G10
6302800854,G10
6302800897,G10
6302801133,G10
6302804752,G10
6302814146,G9
6302814804,G10
6302842263,G10
6302859727,G10
6302872669,G10
6302877911,G9
6302921384,G10
6302946387,G10
6302962048,G10
6302969271,G10
630296931X,G10
6302969603,G10
6302969697,G10
6302969700,G10
6302969786,G10
6302969972,G10
6302970040,G10
6302986338,G10
6302990033,G8
6302990114,G10
6302990130,G10
6302990149,G9
6302993695,G10
6302994063,G10
6302994071,G10
630299408X,G10
630300203X,G10
6303011012,G10
6303011594,G10
6303011969,G9
6303012140,G10
6303014887,G10
6303017983,G10
6303018351,G10
6303022901,G10
6303022928,G10
6303023355,G10
6303027016,G10
6303036813,G10
6303037453,G10
6303039405,G10
6303039456,G10
6303042503,G10
6303046436,G10
6303047025,G10
6303047564,G10
6303049001,G10
6303049079,G10
6303051618,G9
6303052487,G9
6303052630,G8
630305725X,G10
6303057942,G10
6303058957,G10
630306020X,G10
6303066720,G10
6303072798,G10
6303072828,G10
6303073107,G10
6303075940,G10
6303079709,G10
6303082653,G10
6303082866,G10
6303084095,G10
6303085547,G10
6303091962,G10
6303091970,G10
6303091989,G9
6303092306,G10
6303095216,G10
6303101178,G10
6303101224,G10
6303101240,G10
6303101410,G10
6303102425,G10
6303102441,G10
630310245X,G10
6303102492,G10
630310374X,G10
6303107338,G10
6303109918,G10
6303109926,G9
6303111564,G10
6303111920,G10
6303114946,G10
6303115381,G9
6303118100,G10
6303118232,G10
6303118240,G10
6303118259,G10
6303122647,G10
6303122876,G10
6303124798,G10
630312898X,G10
6303131891,G10
6303140157,G10
6303140165,G10
630314179X,G10
6303141978,G10
6303142346,G10
6303148387,G10
6303149200,G10
6303149316,G10
6303152759,G10
6303152821,G10
6303153305,G10
6303153348,G10
6303153461,G10
630315851X,G10
6303162290,G9
6303165680,G10
6303167314,G10
6303168345,G10
6303168957,G10
6303170498,G10
6303182135,G10
6303186874,G10
6303191398,G10
6303192254,G10
6303194508,G10
6303196543,G10
6303201288,G10
6303202225,G10
6303203256,G10
630320385X,G10
6303205364,G10
6303206158,G10
6303209955,G10
6303212220,G10
6303212263,G10
6303212298,G10
6303212379,G10
6303212387,G10
6303212395,G10
630321245X,G10
6303213650,G10
6303224407,G10
6303236685,G10
6303243606,G10
6303248209,G9
6303248942,G9
6303257267,G10
6303257275,G10
6303257348,G10
6303257429,G10
6303257720,G10
6303257739,G10
6303257828,G10
6303257844,G10
6303257852,G9
6303265715,G10
6303265774,G10
6303266371,G10
6303269826,G10
6303269834,G10
6303269850,G10
6303269869,G10
6303269966,G10
630327417X,G10
630327630X,G10
6303276881,G10
6303284183,G10
6303286542,G10
6303295614,G10
6303305520,G10
6303313337,G10
6303313345,G10
6303315305,G10
6303317340,G10
6303326781,G10
6303328164,G10
6303333079,G10
6303338569,G10
6303338690,G10
6303347665,G10
6303354742,G10
6303354912,G10
6303354939,G10
6303355005,G10
6303363598,G10
6303364438,G9
6303364705,G10
6303365752,G10
6303382347,G9
6303382940,G10
630338305X,G10
6303383289,G10
6303383327,G10
6303386334,G9
6303391931,G10
6303394035,G10
6303394043,G10
6303394051,G10
630339406X,G10
6303394345,G10
6303394353,G10
6303396623,G10
6303398375,G10
6303398480,G10
6303407161,G10
6303407188,G10
6303416403,G10
6303418724,G10
630341964X,G10
6303419771,G10
6303422020,G10
6303422942,G10
6303422969,G10
6303430562,G10
6303430570,G10
6303433766,G10
6303433782,G10
6303439136,G10
6303442447,G10
6303443222,G9
630344394X,G10
6303450083,G10
6303450199,G10
6303450202,G10
6303450849,G10
6303451144,G9
6303451489,G10
6303451519,G10
6303451535,G10
6303454038,G9
6303454542,G10
6303457703,G10
6303459765,G10
6303464831,G10
6303467253,G10
6303467717,G10
6303471099,G10
6303471102,G10
6303471153,G10
6303471390,G10
6303471404,G10
6303471501,G10
630347151X,G10
6303471552,G9
6303471587,G10
6303471714,G10
630347327X,G10
6303477143,G10
6303481345,G10
6303482295,G10
6303486754,G10
6303486894,G10
6303490980,G10
6303492509,G10
6303494080,G10
6303501281,G10
6303503381,G10
6303507565,G10
6303507689,G10
6303510108,G10
6303514723,G10
6303515231,G10
6303515304,G10
6303515894,G9
6303521231,G10
630352138X,G10
6303521517,G10
6303534422,G10
630354200X,G10
630354231X,G10
6303542344,G10
6303542352,G10
6303544746,G10
6303548970,G10
6303560067,G10
630356027X,G10
6303562248,G10
6303562515,G9
6303567126,G10
630356822X,G10
6303574203,G10
6303574289,G10
6303575358,G10
6303575617,G9
6303579396,G8
6303579612,G10
6303581307,G10
6303589065,G10
6303589146,G10
6303591922,G10
6303592570,G10
6303593135,G10
6303593666,G10
6303597866,G10
6303599109,G10
6303610811,G10
630361437X,G10
6303617719,G10
6303619932,G10
630362572X,G10
6303625738,G10
6303625800,G10
6303631851,G10
630363270X,G10
6303637574,G10
6303646417,G10
6303646689,G10
6303651453,G10
630365147X,G10
6303651488,G10
6303651879,G10
6303651917,G10
6303675026,G10
6303675387,G10
6303682952,G10
6303686745,G10
630368680X,G10
6303686834,G9
6303686850,G10
6303686907,G10
630368727X,G10
6303690653,G8
6303696813,G10
6303697224,G10
6303820905,G10
6303823351,G10
6303824358,G10
6303824382,G10
6303832563,G10
6303832601,G10
6303853102,G10
6303854311,G10
6303855466,G10
6303855555,G9
630386001X,G10
630387827X,G10
6303878296,G10
6303890423,G10
6303890458,G10
630390811X,G10
6303908306,G10
6303909949,G10
6303914985,G8
6303916228,G10
6303917461,G10
630391750X,G10
6303918522,G10
6303920098,G10
6303920713,G10
6303921248,G10
6303929338,G10
6303929567,G10
6303929575,G10
6303929583,G10
6303934552,G9
6303935222,G9
6303935419,G9
6303935443,G10
630393546X,G10
6303943004,G10
630394325X,G10
6303945317,G10
6303949436,G10
6303949983,G10
6303950000,G10
630395278X,G10
6303953344,G10
6303954103,G10
6303954138,G10
6303954197,G10
6303954227,G10
6303954278,G10
6303954294,G10
6303957064,G10
630396155X,G10
6303961568,G10
6303962467,G10
6303964745,G10
6303964788,G10
6303965415,G10
6303965792,G10
6303968163,G10
6303968651,G10
6303969585,G10
6303972969,G10
6303977898,G10
630398021X,G10
6303980414,G10
6303980813,G10
6303982662,G10
6303984088,G10
6303990452,G10
6303998046,G10
6303998240,G9
6303998267,G10
6304004540,G10
6304005490,G10
6304006837,G10
6304007647,G10
6304008716,G10
6304011431,G10
630401323X,G10
6304016859,G10
6304017049,G10
6304017081,G10
630401743X,G10
6304017782,G10
6304019688,G9
6304022166,G10
630402925X,G10
6304030959,G10
6304037279,G10
6304039220,G10
6304039255,G10
6304039530,G10
6304039549,G10
6304041950,G10
6304044836,G10
6304045883,G9
6304047916,G10
6304053517,G10
6304054777,G10
6304056745,G10
6304056869,G10
6304056877,G10
6304056958,G10
6304057679,G10
6304059647,G10
630406182X,G10
6304068522,G10
6304071892,G10
6304075413,G10
6304078102,G10
6304078110,G10
6304078145,G8
6304083149,G10
6304083777,G10
6304089201,G10
6304089627,G10
6304094973,G10
6304097050,G7
6304100507,G10
6304101147,G10
6304105436,G10
6304105967,G8
6304106041,G10
630410605X,G10
6304107250,G10
6304107641,G10
6304108729,G10
6304108869,G10
6304108877,G10
6304109717,G10
6304111231,G10
6304111258,G10
6304111347,G10
6304111363,G10
6304111762,G10
6304113404,G10
6304118937,G10
6304119046,G10
630413231X,G10
6304132336,G10
6304132344,G10
6304132360,G10
6304136242,G8
6304137168,G10
6304137184,G8
6304139454,G10
630414069X,G10
6304140908,G10
6304142137,G10
6304147074,G10
6304147139,G10
6304151225,G10
6304152450,G10
6304152876,G10
6304153791,G10
6304155972,G10
6304160208,G10
6304162200,G10
6304167660,G9
6304167725,G10
6304168659,G10
6304168780,G10
630416923X,G10
6304176287,G10
6304178360,G10
630417893X,G10
6304179561,G10
6304185901,G9
6304195281,G9
6304196660,G10
6304196784,G10
6304196873,G10
6304196911,G10
6304198493,G10
630420065X,G10
6304202725,G10
6304204906,G10
6304209401,G10
6304209908,G10
6304211740,G10
6304216939,G10
6304224621,G10
630422513X,G10
6304230672,G10
6304232764,G10
6304233639,G10
6304233965,G9
6304238029,G10
6304238096,G10
6304238118,G10
6304238142,G10
6304239149,G10
6304239181,G8
6304240554,G10
6304246579,G10
6304258984,G10
6304259093,G8
6304259158,G10
6304263457,G10
6304263465,G10
630426786X,G9
6304267967,G10
6304269064,G9
6304271506,G10
6304274742,G10
6304277385,G10
6304278691,G9
6304279000,G10
6304285116,G10
6304285388,G10
6304285396,G10
630428540X,G10
6304285728,G10
6304286325,G10
6304286384,G10
6304286422,G10
6304286457,G10
630428666X,G10
6304286805,G10
6304286856,G10
6304287305,G10
6304288433,G10
630428845X,G9
6304288549,G10
6304290888,G10
6304291353,G8
6304291361,G9
6304291701,G10
6304293321,G10
6304293488,G10
6304293941,G10
6304296312,G9
6304297912,G10
6304298285,G10
6304308396,G10
630430840X,G10
6304308418,G10
6304308434,G10
6304308469,G10
6304310099,G10
6304311885,G10
6304316267,G10
6304326289,G10
6304328583,G10
6304329008,G10
6304331053,G10
6304331851,G10
6304337434,G9
6304340486,G10
6304340532,G10
630434063X,G10
6304341849,G10
6304342462,G10
6304342470,G10
6304343426,G10
6304345062,G9
6304346166,G9
6304353634,G10
6304359659,G10
6304359721,G10
6304360983,G10
6304361009,G10
6304362498,G10
6304366043,G10
6304366086,G10
6304368801,G10
6304375239,G10
6304375344,G10
6304383169,G10
6304383193,G10
6304383657,G10
6304383827,G10
6304383835,G10
630438386X,G10
6304384211,G4
630438551X,G9
6304386168,G10
6304392907,G10
6304397941,G10
6304400225,G10
6304400381,G10
6304400810,G10
6304401132,G10
6304401892,G10
6304402929,G10
6304404859,G10
6304406096,G10
6304410433,G10
6304410492,G10
6304410832,G10
6304411448,G10
6304411472,G10
630441336X,G10
6304414145,G10
6304415346,G10
6304416415,G10
6304416423,G10
6304429703,G10
630442972X,G10
6304431848,G9
6304432712,G10
6304435096,G9
6304435878,G10
6304437226,G10
6304437234,G10
6304437544,G10
6304437617,G10
6304438060,G10
6304438176,G10
6304438273,G10
6304441630,G10
6304442467,G10
630444284X,G10
6304443307,G10
6304449313,G10
630445287X,G10
6304457278,G10
6304457316,G10
6304457359,G10
6304457375,G10
6304457391,G10
6304458975,G10
6304466110,G10
6304475055,G9
630447587X,G10
6304479859,G10
6304481691,G10
630448187X,G10
6304484054,G9
6304486529,G10
6304490399,G10
6304493053,G10
6304494378,G10
6304496672,G10
6304496788,G10
6304500769,G10
6304500831,G10
6304501153,G10
6304501668,G10
6304501684,G10
6304502362,G10
630450392X,G10
6304504039,G10
630450733X,G10
6304507348,G10
6304508549,G10
6304509405,G10
630451087X,G10
630451493X,G10
6304535570,G10
6304546300,G10
630454636X,G10
6304561873,G10
6304578474,G10
6304578482,G10
6304584954,G10
6304595247,G10
6304601727,G9
6304602898,G10
6304602901,G10
6304605889,G8
6304606206,G10
6304612982,G10
6304613113,G10
630461442X,G8
6304618352,G10
6304642946,G8
6304645635,G10
630464972X,G10
6304673043,G10
630467306X,G10
6304674228,G10
6304675143,G10
6304675348,G10
6304679661,G10
6304680104,G9
6304680236,G10
6304680406,G10
6304680694,G9
6304681372,G10
630468150X,G10
6304681526,G10
630469623X,G10
6304697988,G10
6304698305,G10
6304698771,G10
6304701527,G10
6304707622,G10
6304718764,G10
6304727127,G10
6304735677,G10
6304744404,G9
6304756410,G10
630476300X,G10
6304766742,G10
6304766750,G10
6304773285,G10
6304773366,G9
6304773404,G10
6304779607,G10
6304795254,G10
6304798466,G10
6304813759,G10
6304818254,G10
6304819463,G9
6304819927,G9
6304821522,G10
630482615X,G10
6304844948,G9
6304844964,G10
6304846126,G10
6304852800,G10
6304864043,G10
6304872402,G10
6304891784,G10
6304899351,G10
6304905386,G10
6304907729,G10
630491010X,G10
6304910150,G10
6304911696,G10
6304923082,G10
6304925158,G10
6304932561,G10
6304946554,G10
6304946805,G10
6304953747,G10
6304960654,G10
6304961693,G10
6304963173,G10
6304972857,G10
6304973004,G10
630497342X,G10
6304978286,G10
6304981643,G10
6304994540,G10
6304994567,G10
6305005893,G10
6305006571,G10
6305006598,G10
6305013578,G10
6305017271,G10
6305020086,G10
6305034397,G10
6305037728,G10
6305046921,G10
630505116X,G10
630506685X,G10
6305066906,G10
6305074143,G10
6305074216,G10
6305074305,G7
6305076154,G10
6305076456,G10
6305076731,G10
6305077754,G10
6305078246,G10
6305078599,G9
6305080461,G10
6305082448,G10
6305086818,G4
6305090238,G10
6305090343,G8
6305099081,G10
6305112878,G10
6305112924,G10
6305116318,G10
6305120021,G8
6305128952,G10
6305132143,G9
6305132666,G10
6305133425,G10
6305133514,G10
630513720X,G10
630514415X,G10
6305161879,G10
6305162026,G10
6305162042,G10
6305165823,G10
630516584X,G9
6305165882,G10
6305168822,G10
6305169187,G10
6305171718,G10
6305171769,G10
6305177473,G10
6305180261,G10
6305181381,G10
6305183023,G10
6305186677,G10
6305191883,G10
6305210101,G10
6305210144,G10
6305214522,G10
6305214646,G10
630522207X,G10
6305222711,G10
6305222754,G10
630522661X,G10
6305229449,G10
6305230226,G9
6305238065,G10
6305240655,G10
6305242143,G10
6305248869,G10
6305260621,G8
6305262128,G10
6305262160,G10
6305262241,G10
6305262268,G10
6305262454,G10
6305263299,G10
6305263590,G6
6305265496,G10
630526564X,G10
6305268827,G10
6305268843,G10
6305268916,G10
6305268924,G10
6305291403,G10
6305295522,G10
6305297525,G10
6305300550,G10
6305300887,G10
630530260X,G10
6305305765,G8
6305308802,G10
6305308845,G10
6305310351,G10
6305320098,G10
6305320179,G10
6305320950,G10
6305324808,G10
6305326940,G10
630533580X,G10
6305342741,G10
6305353549,G9
6305358591,G10
6305362998,G10
6305364206,G10
6305365121,G10
6305368201,G10
6305372594,G10
6305372837,G10
6305416192,G10
6305416222,G10
6305417830,G10
6305426651,G10
6305428115,G10
6305428220,G10
6305428239,G10
6305428247,G10
6305428255,G10
630542828X,G10
630542845X,G10
6305432317,G10
6305438137,G10
630543848X,G10
6305438498,G10
6305470146,G8
6305470448,G10
6305470464,G10
6305475695,G9
6305480869,G10
6305487871,G7
6305492042,G10
6305492247,G10
6305499365,G10
6305499446,G10
6305512043,G10
6305526079,G10
630553201X,G10
6305537798,G10
6305537801,G10
6305538018,G10
6305538328,G9
6305538972,G9
6305554420,G10
6305568901,G9
6305574944,G10
6305575762,G10
630557605X,G10
6305596247,G10
6305599033,G8
630560097X,G10
6305604819,G9
6305608253,G10
6305608733,G10
6305609764,G10
6305613524,G10
6305616027,G9
6305622825,G10
6305627401,G10
6305650691,G10
6305657939,G10
6305664110,G10
6305668353,G10
6305668426,G10
6305674116,G10
6305678715,G10
6305692688,G10
630570189X,G9
630571312X,G10
6305714886,G10
6305718903,G10
630573240X,G10
6305733651,G10
6305741921,G9
6305742030,G10
6305748853,G10
630574999X,G10
6305761213,G10
6305763305,G10
630576333X,G10
630576350X,G10
6305767866,G9
6305770182,G9
6305772835,G10
6305781052,G10
6305784906,G10
6305789312,G10
6305800073,G10
630580706X,G10
630580740X,G10
6305807426,G9
6305808066,G8
6305809135,G10
630581001X,G10
6305810109,G10
6305810125,G10
6305814627,G10
6305814694,G8
6305818282,G10
6305828075,G10
6305831661,G9
6305832412,G10
6305835381,G6
6305836663,G9
6305837325,G10
6305837562,G10
6305842000,G10
6305859620,G10
6305865590,G10
6305870160,G10
6305870187,G10
6305873461,G10
630587493X,G10
6305892806,G10
6305892946,G10
6305897786,G9
6305908419,G10
6305918708,G10
6305922640,G8
6305926794,G10
6305940932,G10
6305942331,G10
6305943389,G10
6305949638,G10
6305949662,G9
6305950539,G10
6305951446,G10
6305951624,G8
6305958041,G9
630595805X,G10
6305958181,G10
6305962596,G10
6305963088,G10
6305963126,G10
6305968896,G9
6305971935,G10
6305972060,G10
6305972079,G10
6305972370,G10
6305972451,G10
6305976384,G10
6305989281,G8
6306010513,G10
6306012052,G10
6306012400,G10
6819903456,G10
7502596496,G10
753054022X,G10
7538445226,G10
7799120991,G10
7799127775,G10
7799128836,G10
779913027X,G10
7799133104,G10
7799144076,G10
7799145048,G10
7799146915,G10
7799146958,G10
7799437278,G10
7799444371,G10
7880862595,G9
7880879625,G10
7883631101,G10
7883639161,G10
7883666630,G10
7883685635,G10
7883686887,G10
788370091X,G10
7883704559,G10
7883704591,G10
7883706837,G10
7884063387,G10
7885142523,G9
7885142566,G9
7885142604,G10
7885142612,G10
7885142671,G10
7885142892,G10
7885880605,G10
7885887049,G9
8371341318,G10
8379891716,G10
985357456X,G10
B000001BTW,G10
B00000214T,G10
B0000022W1,G10
B0000022WA,G10
B00000289T,G10
B0000039BK,G10
B0000039LU,G10
B000003KCU,G10
B000003KDD,G10
B000003KE0,G10
B000003KHS,G10
B000003KLO,G10
B000003KMM,G10
B0000040EK,G10
B0000040H2,G10
B0000048V8,G10
B0000048YO,G10
B000004918,G10
B0000049FK,G10
B000005QH3,G10
B000005QHG,G10
B000005QLO,G10
B000005QSO,G10
B000005XPV,G10
B0000060X7,G8
B0000063XU,G10
B000006561,G10
B0000065M3,G10
B0000065N8,G10
B0000066CQ,G10
B000006934,G10
B000006DAL,G10
B000006FFU,G10
B000006FKX,G10
B000006FNL,G10
B000006GDA,G10
B000006GFB,G10
B000006GTO,G10
B000006ND5,G10
B000009DTN,G10
B000009E13,G8
B000009O12,G10
B000009PPZ,G10
B000009S2E,G9
B00000DFR0,G10
B00000EZRQ,G10
B00000EZZ8,G10
B00000F06S,G10
B00000F0YO,G9
B00000F2UF,G10
B00000F2Y6,G10
B00000F31K,G10
B00000F39T,G10
B00000F3GI,G9
B00000F3JB,G9
B00000F3NB,G10
B00000F40X,G7
B00000F4IE,G10
B00000F4KD,G10
B00000F4MO,G10
B00000F4ZY,G10
B00000F5B5,G9
B00000F5KA,G10
B00000F5OT,G10
B00000F5WY,G10
B00000F7AE,G10
B00000F7E6,G9
B00000F8KW,G10
B00000FCYX,G10
B00000FDYZ,G9
B00000FDZU,G10
B00000FYPB,G10
B00000FZ5B,G9
B00000FZZW,G10
B00000G02H,G9
B00000G0CS,G10
B00000G3BN,G10
B00000G3DY,G6
B00000G3GH,G10
B00000G3L0,G10
B00000G3P0,G10
B00000G3PL,G10
B00000G3R0,G10
B00000I1DU,G9
B00000I4VI,G9
B00000IBKY,G10
B00000IBMB,G10
B00000IBMC,G10
B00000IC7G,G10
B00000IC8A,G10
B00000IC9T,G10
B00000ILBK,G10
B00000ILEA,G10
B00000ILG0,G10
B00000INCI,G10
B00000INEV,G9
B00000INEW,G10
B00000INEX,G10
B00000IQBP,G10
B00000IQVM,G9
B00000IQVS,G9
B00000IRED,G10
B00000IXPF,G10
B00000IXPN,G10
B00000J2JB,G10
B00000JDIL,G10
B00000JGOJ,G10
B00000JKSG,G10
B00000JLWQ,G10
B00000JLWR,G10
B00000JMOI,G10
B00000JMQ5,G10
B00000JNBC,G10
B00000JNCG,G10
B00000JNCI,G10
B00000JNTP,G10
B00000JPH0,G10
B00000JQTW,G10
B00000JQU8,G10
B00000JQUA,G10
B00000JQUG,G10
B00000JQVY,G8
B00000JSJ5,G10
B00000JWVS,G10
B00000JZIJ,G10
B00000K2X9,G10
B00000K32I,G10
B00000K32N,G10
B00000K3AM,G10
B00000K3UU,G10
B00000K501,G10
B00001IVEC,G10
B00001IVFF,G10
B00001TZ6P,G10
B00001U0DT,G10
B00001U0G5,G9
B00001U0GS,G10
B00001WY7P,G10
B00001ZWTS,G9
B0000203Y5,G10
B000021Y6L,G10
B000021Y7C,G10
B000022TS5,G10
B000022TSH,G10
B000028U3R,G10
B00002AFWT,G10
B00002E23E,G10
B00002E23H,G10
B00002E24S,G10
B00002EQ0O,G10
B00002ND79,G10
B00002RASO,G9
B000031EGT,G10
B000035P6F,G10
B000035P86,G10
B000035P8B,G10
B000035P9O,G10
B000035Z1M,G10
B000035Z1R,G10
B000035Z46,G10
B0000372I2,G10
B000038I0Y,G10
B0000399W9,G10
B00003BDZW,G10
B00003BDZY,G10
B00003CWLI,G10
B00003CWOT,G10
B00003CWPL,G10
B00003CWQL,G10
B00003CWS2,G10
B00003CWT6,G10
B00003CX44,G9
B00003CX73,G10
B00003CX8I,G10
B00003CX9I,G10
B00003CXBK,G10
B00003CXC6,G10
B00003CXD7,G10
B00003CXDJ,G10
B00003CXDR,G10
B00003CXE6,G10
B00003CXEJ,G8
B00003CXFU,G10
B00003CXH1,G10
B00003CXHG,G10
B00003CXHJ,G10
B00003CXI6,G10
B00003CXIF,G10
B00003CXIS,G9
B00003CXIU,G6
B00003CXIY,G10
B00003CXJ1,G10
B00003CXJ4,G10
B00003CXJY,G10
B00003CXKA,G8
B00003CXKD,G10
B00003CXKJ,G10
B00003CXKS,G10
B00003CXKT,G9
B00003CXL6,G9
B00003CXLS,G10
B00003CXMG,G10
B00003CXMO,G10
B00003CXMY,G10
B00003CXN4,G10
B00003CXND,G9
B00003CXO1,G10
B00003CXO3,G10
B00003CXP0,G10
B00003CXP1,G10
B00003CXP9,G10
B00003CXPD,G10
B00003CXPO,G10
B00003CXPV,G10
B00003CXQ0,G10
B00003CXQ6,G10
B00003CXQA,G10
B00003CXQM,G6
B00003CXQS,G10
B00003CXR1,G10
B00003CXRA,G10
B00003CXRM,G10
B00003CXRO,G10
B00003CXRY,G9
B00003CXS4,G10
B00003CXS7,G9
B00003CXS9,G9
B00003CXSA,G9
B00003CXSH,G9
B00003CXSO,G9
B00003CXT7,G10
B00003CXT9,G10
B00003CXTC,G6
B00003CXTL,G8
B00003CXUM,G10
B00003CXUP,G8
B00003CXVP,G10
B00003CXWJ,G10
B00003CXWM,G10
B00003CXXG,G9
B00003CXXI,G10
B00003CXXP,G10
B00003CXXR,G10
B00003CXXY,G10
B00003CXZ1,G10
B00003CXZ3,G10
B00003CY1G,G8
B00003CY27,G10
B00003CY51,G10
B00003CY57,G9
B00003CY5A,G10
B00003CY5C,G10
B00003CY5F,G8
B00003CY5H,G10
B00003CY5P,G10
B00003CY5S,G9
B00003CY5U,G10
B00003CY67,G9
B00003CY6C,G10
B00003CY6O,G8
B00003CYJ4,G10
B00003CYLJ,G10
B00003ETJZ,G10
B00003G4IR,G10
B00003GPEZ,G10
B00003JRAJ,G10
B00003JRAV,G8
B00003O02T,G10
B00003OSSN,G9
B00003OSTA,G10
B00003Q42P,G10
B00003RQND,G10
B00004CR9T,G10
B00004CT8J,G10
B00004CWTY,G10
B00004CX4O,G10
B00004CY5S,G10
B00004CYNF,G10
B00004CYR8,G10
B00004D2X8,G10
B00004R8UQ,G10
B00004R99N,G10
B00004RCKI,G10
B00004RERO,G10
B00004REV2,G6
B00004RFHO,G10
B00004RJG3,G10
B00004RM2X,G10
B00004RYKP,G10
B00004RYSN,G10
B00004S8JT,G9
B00004SPFR,G9
B00004ST9P,G10
B00004T2SI,G10
B00004T3AL,G10
B00004T6FM,G10
B00004T8WW,G10
B00004TBUH,G10
B00004TJFJ,G10
B00004TJMR,G10
B00004TLL3,G10
B00004TQF7,G10
B00004TRD2,G10
B00004TS0J,G10
B00004TX2C,G10
B00004TX5O,G10
B00004TY4Q,G7
B00004U104,G10
B00004U28P,G10
B00004U8GU,G10
B00004U8H5,G9
B00004UD5I,G10
B00004UEDO,G8
B00004UEDQ,G10
B00004UEDZ,G10
B00004UFSN,G10
B00004UGAU,G10
B00004VVMZ,G10
B00004VVN5,G10
B00004VVOV,G10
B00004VVOY,G10
B00004VVP2,G10
B00004W20Z,G10
B00004W3HE,G10
B00004W46E,G10
B00004W46G,G10
B00004W46I,G10
B00004W48W,G10
B00004W5TJ,G10
B00004W5XJ,G10
B00004W5Y0,G10
B00004WC7H,G10
B00004WG2B,G9
B00004WG4H,G10
B00004WG4J,G10
B00004WIBZ,G10
B00004WMDT,G10
B00004X07E,G10
B00004X13Q,G10
B00004X13T,G9
B00004XPOK,G10
B00004XPPD,G10
B00004XPPF,G10
B00004XPPK,G10
B00004Y2QO,G10
B00004Y2R4,G10
B00004Y3WH,G10
B00004Y56D,G10
B00004Y631,G7
B00004Y6AE,G6
B00004YA66,G10
B00004YKPY,G10
B00004YKQR,G10
B00004YKS9,G9
B00004YNUM,G10
B00004YS97,G7
B00004YWJE,G10
B00004Z1FX,G10
B00004Z4SE,G10
B00004Z4U9,G10
B00004Z4WQ,G9
B00004Z4WR,G10
B00004ZB6M,G10
B00004ZDFL,G9
B00004ZESV,G10
B00004ZEU5,G10
B0000507PF,G10
B00005094P,G10
B000050IL8,G10
B000050NS2,G10
B000051SHA,G10
B000051SHB,G8
B0000524D0,G10
B0000524E5,G10
B0000524ET,G10
B000053GYD,G10
B000053V7A,G10
B000053V8F,G10
B000053VEG,G10
B000053W55,G10
B0000541W8,G9
B000055WFX,G8
B000055XAA,G10
B000055YVT,G7
B000055Z8E,G10
B000055ZF1,G9
B000055ZGP,G10
B000055ZK9,G10
B000056BSJ,G10
B000056HEC,G10
B000056HEG,G10
B000056KQN,G10
B000056MMR,G9
B000056MOF,G10
B000056OCJ,G10
B000056PMV,G9
B000056PNR,G10
B000056T5K,G10
B000056VP3,G10
B000056WK2,G10
B000057II5,G10
B000057X1N,G10
B000057X1R,G10
B0000584ZH,G10
B000058CB6,G10
B00005957B,G10
B000059H6T,G10
B000059H79,G8
B000059HAU,G10
B000059HCH,G10
B000059PQH,G6
B000059PR3,G9
B000059PSE,G9
B000059TQ9,G10
B000059XVO,G9
B00005A1ST,G10
B00005A1SW,G10
B00005A8S3,G10
B00005A8S9,G10
B00005AA9G,G9
B00005ABUB,G10
B00005ALS0,G10
B00005ALS2,G10
B00005AQ65,G10
B00005ASOO,G10
B00005ATQJ,G10
B00005B1VQ,G10
B00005B1Y1,G10
B00005B1YH,G10
B00005B21A,G10
B00005B6L0,G10
B00005BCKF,G10
B00005BCPC,G10
B00005BIG4,G10
B00005BJCB,G10
B00005BKZD,G8
B00005BKZE,G8
B00005IBCP,G10
B00005IC52,G10
B00005IC54,G10
B00005J6V1,G10
B00005JCCB,G10
B00005JHAA,G10
B00005JK8N,G10
B00005JKDR,G10
B00005JKIO,G9
B00005JKIS,G10
B00005JKJA,G10
B00005JKJJ,G10
B00005JKJM,G10
B00005JKJS,G10
B00005JKJY,G10
B00005JKKY,G10
B00005JKL8,G10
B00005JKLQ,G10
B00005JKLW,G9
B00005JKM2,G10
B00005JKMG,G10
B00005JKMQ,G9
B00005JKMW,G9
B00005JKMY,G9
B00005JKTE,G10
B00005JKTI,G10
B00005JKU7,G10
B00005JKWG,G10
B00005JKWI,G10
B00005JKWX,G10
B00005JKX3,G10
B00005JKXE,G10
B00005JKYX,G9
B00005JKZU,G10
B00005JKZY,G10
B00005JL1P,G10
B00005JL29,G10
B00005JL3T,G10
B00005JL57,G10
B00005JL6V,G10
B00005JL6X,G10
B00005JL7Q,G10
B00005JL8Z,G10
B00005JL9A,G10
B00005JLBE,G9
B00005JLD4,G10
B00005JLEW,G10
B00005JLEX,G10
B00005JLEY,G10
B00005JLF1,G10
B00005JLF2,G10
B00005JLF3,G10
B00005JLFT,G10
B00005JLFV,G10
B00005JLGP,G10
B00005JLH0,G10
B00005JLH2,G10
B00005JLIC,G10
B00005JLJE,G10
B00005JLJK,G10
B00005JLKB,G10
B00005JLNZ,G10
B00005JLOT,G10
B00005JLPK,G10
B00005JLQ8,G10
B00005JLQE,G10
B00005JLQT,G10
B00005JLQW,G10
B00005JLR1,G10
B00005JLR8,G10
B00005JLRT,G9
B00005JLSB,G10
B00005JLSE,G10
B00005JLT5,G10
B00005JLTN,G9
B00005JLWN,G9
B00005JLX2,G10
B00005JLYP,G10
B00005JLYW,G8
B00005JLZ2,G9
B00005JLZK,G10
B00005JLZW,G9
B00005JM0B,G10
B00005JM1F,G10
B00005JM20,G10
B00005JM23,G10
B00005JM2Y,G10
B00005JM39,G10
B00005JM3A,G10
B00005JM3C,G10
B00005JM3G,G10
B00005JM4Q,G9
B00005JM4W,G10
B00005JM55,G8
B00005JM5B,G9
B00005JM5E,G10
B00005JM5Z,G10
B00005JM7T,G9
B00005JM9Q,G10
B00005JM9Z,G7
B00005JMA8,G10
B00005JMAH,G10
B00005JMCT,G9
B00005JMCW,G10
B00005JMET,G9
B00005JMFQ,G10
B00005JMH8,G10
B00005JMHI,G10
B00005JMIJ,G9
B00005JMJ4,G9
B00005JMJG,G10
B00005JMMW,G10
B00005JMN7,G10
B00005JMPT,G10
B00005JMQW,G10
B00005JMQZ,G10
B00005JMSD,G10
B00005JMUK,G10
B00005JMXO,G9
B00005JMXX,G10
B00005JMYF,G10
B00005JMYI,G9
B00005JMZK,G9
B00005JN0A,G10
B00005JN0T,G10
B00005JN2Z,G10
B00005JN3W,G10
B00005JN4H,G10
B00005JN55,G10
B00005JN5E,G10
B00005JN5T,G9
B00005JN80,G10
B00005JN8Q,G10
B00005JN8S,G10
B00005JNBN,G6
B00005JNBQ,G10
B00005JNC2,G10
B00005JND2,G8
B00005JND5,G10
B00005JNDZ,G9
B00005JNEI,G9
B00005JNEQ,G10
B00005JNEW,G10
B00005JNF1,G10
B00005JNF7,G10
B00005JNHT,G10
B00005JNJR,G10
B00005JNJV,G10
B00005JNLQ,G10
B00005JNNT,G8
B00005JNOG,G10
B00005JNP4,G10
B00005JNQA,G9
B00005JNQG,G10
B00005JNS4,G10
B00005JNS8,G10
B00005JNT2,G10
B00005JNTU,G9
B00005JNU5,G10
B00005JNX0,G10
B00005JO16,G9
B00005JO1R,G10
B00005JO20,G10
B00005JO28,G10
B00005JO2C,G10
B00005JO2V,G10
B00005JO4D,G10
B00005JO4F,G10
B00005JO9J,G10
B00005JO9K,G10
B00005JOA4,G10
B00005JOAP,G10
B00005JOHC,G10
B00005JOIH,G10
B00005JOJR,G10
B00005JONU,G10
B00005JOQB,G8
B00005JOSO,G10
B00005JOTJ,G10
B00005JOU0,G7
B00005JOUX,G10
B00005JOWN,G10
B00005JOWT,G10
B00005JOX2,G10
B00005JOXC,G10
B00005JOXZ,G10
B00005JOYL,G9
B00005JOZ0,G10
B00005JOZI,G10
B00005JP00,G8
B00005JP03,G10
B00005JP0C,G10
B00005JP0X,G10
B00005JP3K,G10
B00005JP3M,G10
B00005JP60,G10
B00005JP63,G10
B00005JP86,G10
B00005JP96,G6
B00005JP97,G10
B00005JPA0,G9
B00005JPA6,G10
B00005JPAM,G10
B00005JPAS,G9
B00005JPB0,G10
B00005JPBL,G10
B00005JPD0,G10
B00005JPE3,G10
B00005JPFH,G9
B00005JPFT,G10
B00005JPH2,G10
B00005JPI2,G10
B00005JPI6,G10
B00005JPJ8,G9
B00005JPJK,G10
B00005JPK3,G10
B00005JPK8,G10
B00005JPKE,G10
B00005JPKW,G10
B00005JPL5,G10
B00005JPLQ,G8
B00005JPN8,G10
B00005JPNO,G10
B00005JPNV,G10
B00005JPNY,G9
B00005JPOE,G10
B00005JPON,G10
B00005JPP2,G9
B00005JPQE,G9
B00005JPTK,G10
B00005JPTT,G10
B00005JPUN,G9
B00005JPUW,G10
B00005JPX8,G10
B00005JPXA,G10
B00005JPXP,G10
B00005JPXS,G10
B00005JPXY,G9
B00005JPY0,G10
B00005JXI9,G10
B00005JY1C,G10
B00005K3FL,G9
B00005K3NW,G10
B00005K3OI,G10
B00005K9OE,G10
B00005KA7F,G10
B00005KA9Z,G10
B00005KB4D,G10
B00005KHJJ,G10
B00005KK3M,G10
B00005LB8B,G10
B00005LC1F,G10
B00005LC4N,G10
B00005LC5R,G10
B00005LDDB,G9
B00005LKIA,G10
B00005LKLF,G10
B00005LQ1L,G10
B00005M20M,G10
B00005MEV2,G10
B00005MEVO,G10
B00005MKKV,G10
B00005MKOL,G10
B00005MKXB,G10
B00005MM8N,G10
B00005N5SI,G10
B00005N5UF,G10
B00005N7Z0,G10
B00005N8A9,G10
B00005N8AL,G10
B00005N8AN,G10
B00005N90Y,G10
B00005NB93,G10
B00005NBDH,G10
B00005NFL9,G10
B00005NFYY,G10
B00005NG05,G10
B00005NI7G,G9
B00005NKSD,G10
B00005NKVF,G9
B00005NQGO,G10
B00005NQGR,G10
B00005NSY6,G10
B00005NSY7,G10
B00005NTOH,G7
B00005O06W,G10
B00005O0SO,G10
B00005O5CM,G10
B00005O5DJ,G10
B00005OCR8,G10
B00005OSOZ,G9
B00005PJ8O,G10
B00005PJ8W,G10
B00005QAPH,G10
B00005QAQD,G10
B00005QATG,G10
B00005QBZD,G10
B00005QCW4,G10
B00005QFE5,G10
B00005QJIG,G9
B00005QT9O,G10
B00005QTAU,G10
B00005QVVD,G10
B00005QW5X,G10
B00005QW5Y,G10
B00005QW9I,G10
B00005QW9L,G10
B00005QWAI,G10
B00005R273,G10
B00005R2D4,G10
B00005R874,G10
B00005R87L,G10
B00005RDST,G10
B00005RDWC,G10
B00005RHGK,G9
B00005RIY5,G10
B00005RRG7,G10
B00005T30I,G10
B00005T33H,G10
B00005T33K,G10
B00005T33W,G10
B00005T5YG,G10
B00005T7H7,G10
B00005TNEQ,G10
B00005TNER,G7
B00005TNFH,G5
B00005TPKX,G10
B00005U0JX,G10
B00005U2K8,G10
B00005U2KN,G10
B00005U2KS,G10
B00005U8EL,G9
B00005U8F0,G10
B00005U8F4,G10
B00005UKKF,G9
B00005UQ9F,G10
B00005UQ9V,G10
B00005UQ9W,G9
B00005UV33,G10
B00005UV34,G10
B00005V1YG,G9
B00005V3Z4,G10
B00005V4XW,G10
B00005V4YF,G9
B00005V7CT,G10
B00005Y6YJ,G10
B00005Y7GQ,G10
B00005YU1M,G10
B00005YU82,G10
B00005YUO1,G10
B00005YUPN,G10
B00005YUSL,G10
B000060MVK,G10
B000060OFU,G10
B000062TXS,G10
B000062XDX,G10
B000062XEM,G10
B000062XFG,G10
B000062Y3Z,G10
B0000633LO,G10
B0000633R4,G10
B0000634AQ,G10
B0000639EL,G10
B0000639HO,G8
B0000639KS,G9
B000063BJ1,G10
B000063EME,G10
B000063J8R,G10
B000063K17,G10
B000063RQO,G10
B000063TQS,G10
B000063V8R,G10
B000063V8T,G10
B000063V8U,G10
B0000640RV,G10
B0000640VJ,G10
B0000640VK,G10
B0000640VN,G10
B0000640VO,G10
B0000640VR,G9
B00006420D,G10
B00006422R,G10
B00006472N,G10
B000065OZ2,G10
B000065R11,G10
B000065U38,G10
B000065U3P,G9
B000065U63,G9
B000065UH7,G10
B000065V3K,G10
B000065V3X,G10
B00006681E,G10
B000066C73,G6
B000066HAS,G10
B000066IXU,G9
B000067DNC,G10
B000067FPE,G10
B000067IVT,G10
B000067J0M,G10
B000067J3S,G10
B000067S1H,G10
B0000687FU,G10
B000068CNX,G10
B000068DBD,G10
B000068DBE,G10
B000068MBI,G10
B000068QQ2,G10
B000068TSI,G10
B000068UE9,G10
B000068V9R,G10
B000068WS6,G10
B00006950U,G10
B00006951A,G8
B00006953K,G10
B000069BJH,G10
B000069CFH,G10
B000069HPZ,G10
B000069HXC,G10
B000069HYD,G9
B000069I5V,G9
B00006A8T3,G10
B00006ADDE,G9
B00006ADFI,G7
B00006ADFN,G10
B00006ADFO,G8
B00006ADFT,G10
B00006AGHD,G10
B00006AUHB,G10
B00006AUHZ,G10
B00006AUJR,G10
B00006AUMZ,G10
B00006AVRK,G10
B00006AW5T,G10
B00006AW63,G10
B00006CXHZ,G10
B00006CXSS,G10
B00006D28S,G9
B00006D28U,G10
B00006FD8X,G10
B00006FDCF,G10
B00006FDCP,G10
B00006FDCR,G10
B00006FHZE,G10
B00006FI0S,G9
B00006G8J7,G10
B00006G8J8,G10
B00006G8JD,G10
B00006HAWN,G10
B00006HAWV,G9
B00006HAX7,G10
B00006HBUA,G9
B00006HMPC,G10
B00006IRH9,G10
B00006IUFQ,G10
B00006IUH2,G10
B00006JDQF,G10
B00006JDSI,G10
B00006JDVX,G10
B00006JE59,G10
B00006JMRD,G10
B00006JXWB,G10
B00006JZI2,G10
B00006L91N,G8
B00006LA87,G10
B00006LPHA,G7
B00006LPHB,G10
B00006LPJ0,G10
B00006LSJI,G10
B00006NT1R,G10
B00006RCMW,G10
B00006RCNF,G10
B00006RCNX,G10
B00006RJCM,G10
B00006RVJR,G10
B00006SFKN,G10
B00006SFL7,G10
B00006SFOB,G10
B00006WUWP,G9
B00006WUWQ,G10
B00006ZXSK,G10
B00006ZZ05,G10
B00007149J,G10
B00007149K,G10
B0000714BS,G10
B0000714BZ,G10
B0000764FF,G10
B000077VQ6,G10
B000077VRT,G9
B000078UJW,G10
B0000797E5,G10
B0000797IO,G9
B0000798EY,G10
B00007AJFV,G9
B00007AJKI,G10
B00007AJKK,G10
B00007AP31,G10
B00007CVWY,G10
B00007D00L,G10
B00007D00N,G8
B00007DWRG,G10
B00007ELCZ,G10
B00007ELDF,G10
B00007ELF1,G10
B00007G1YH,G10
B00007G1YQ,G10
B00007G1ZB,G6
B00007G78A,G10
B00007GZPE,G9
B00007I6FP,G10
B00007JGFY,G10
B00007JMD8,G10
B00007JME6,G10
B00007JMEA,G8
B00007JXWX,G9
B00007JZU4,G10
B00007K07R,G10
B00007L4KG,G8
B00007L4OE,G7
B00007L4OF,G10
B00007L4OM,G10
B00007LB4B,G10
B00007LLIV,G10
B00007M55V,G10
B00007M5IP,G10
B00007M5J1,G10
B000083C59,G10
B000083C6V,G10
B000083C6W,G10
B00008438W,G10
B0000844JY,G10
B0000844LU,G8
B0000844MI,G10
B000085EEI,G10
B000087F0V,G10
B000087F7O,G9
B000087LIM,G10
B00008972B,G10
B00008972D,G10
B00008972L,G10
B00008972O,G9
B0000897EG,G9
B000089RT0,G10
B00008AORL,G10
B00008AOVL,G10
B00008AOWC,G10
B00008AOX3,G10
B00008DDJD,G10
B00008DDSC,G9
B00008DDUY,G10
B00008DDVT,G10
B00008DDVU,G9
B00008DDWU,G10
B00008DDWV,G10
B00008DDXJ,G10
B00008DP4B,G10
B00008EY60,G10
B00008EY6N,G10
B00008EY6Q,G10
B00008EY9G,G10
B00008G629,G9
B00008G640,G5
B00008G8A7,G10
B00008G8P2,G10
B00008G91Q,G10
B00008H2G4,G10
B00008J2I7,G10
B00008J2PG,G10
B00008K76X,G10
B00008K7AM,G10
B00008KDGZ,G10
B00008L3S9,G10
B00008LDPV,G10
B00008MOUP,G10
B00008MTW7,G10
B00008MTWI,G10
B00008MTXJ,G10
B00008MTXY,G8
B00008MTYC,G10
B00008NRI7,G10
B00008NV4G,G10
B00008O32J,G10
B00008OTTG,G10
B00008PW1F,G10
B00008PW2D,G10
B00008S7KC,G10
B00008V5RO,G10
B00008W41B,G10
B00008W64E,G10
B00008WJD6,G9
B00008WJE5,G10
B00008XERA,G9
B00008Y1AI,G10
B00008Y47T,G10
B00008YGRQ,G10
B00008YGRR,G10
B00008YGRT,G10
B00008YGRU,G10
B00008YGRX,G10
B00008YGRY,G10
B00008YLUY,G10
B00008YLVB,G10
B00008YNI2,G8
B00008YOD2,G9
B00008YRTD,G9
B000090W7H,G10
B000092T3Y,G10
B000093NOL,G10
B000093NTL,G10
B000093W4U,G9
B000094FFC,G10
B000095J2Y,G10
B000096I9G,G10
B000096IBH,G10
B000096IBI,G10
B000096IBT,G10
B0000996IS,G10
B00009ATIX,G8
B00009ATJZ,G10
B00009IB3B,G10
B00009L502,G10
B00009MEC4,G10
B00009MECJ,G8
B00009MEK2,G10
B00009MEKL,G8
B00009N1WI,G10
B00009NHAR,G10
B00009OOFB,G9
B00009PY4G,G10
B00009PY4I,G10
B00009QG5T,G10
B00009QG6G,G10
B00009RDG6,G10
B00009RDG9,G10
B00009RG46,G10
B00009UW0U,G10
B00009V7Q4,G10
B00009V7QE,G10
B00009VRF0,G10
B00009W2GQ,G9
B00009WHRN,G10
B00009WNWH,G8
B00009WVSM,G10
B00009XITR,G10
B00009XN37,G10
B00009Y3P8,G10
B00009Y3RE,G10
B00009Y3RW,G10
B00009YXEW,G10
B00009ZPUC,G10
B00009ZY9E,G10
B0000A02U0,G10
B0000A1HPU,G10
B0000A1HW7,G10
B0000A2ZNL,G10
B0000A2ZNX,G10
B0000A2ZR7,G10
B0000A5A11,G10
B0000A5BSU,G9
B0000A7W10,G8
B0000A9D4A,G9
B0000A9GHP,G10
B0000ACOXL,G10
B0000AGQ6R,G10
B0000AGWSC,G10
B0000AISI4,G10
B0000AKCJP,G10
B0000AKCKI,G10
B0000AQS18,G10
B0000AVHAO,G10
B0000AZKJ8,G10
B0000C2IQB,G10
B0000C2IQQ,G10
B0000C2IV1,G10
B0000CABBW,G10
B0000CABE6,G10
B0000CABL2,G10
B0000CE684,G10
B0000CGDQQ,G10
B0000CGNEH,G10
B0000CNY5G,G9
B0000D9PNX,G10
B0000DBJ9P,G10
B0000DBK9X,G10
B0000DC13R,G10
B0000DGBEY,G10
B0000DI88C,G10
B0000DKDUT,G5
B0000DKMK0,G10
B0000DZ3EG,G10
B0000DZ3IE,G6
B0000DZ6N3,G10
B0000DZTIN,G10
B0000DZTIP,G10
B0000E2PVR,G10
B0000E32UZ,G10
B0000E32WJ,G10
B0000E32X2,G10
B0000E32X3,G10
B0000E5NPY,G10
B0000EYV7E,G10
B0000INU6I,G10
B0000SVUZ6,G10
B0000SWN4I,G10
B0000SX9MS,G9
B0000TAZW4,G10
B0000TG8UM,G10
B0000TGADW,G10
B0000TPA0G,G8
B0000TPA6K,G10
B0000TSQJS,G7
B0000UI2NM,G10
B0000UQQTE,G10
B0000V46CW,G10
B0000V46D6,G10
B0000V4906,G10
B0000VCZK2,G10
B0000VCZLG,G10
B0000VCZNE,G8
B0000VD02E,G10
B0000VD0RO,G10
B0000VD11E,G10
B0000VD12I,G10
B0000VJG72,G10
B0000VV4I6,G8
B0000VV4MW,G9
B0000VV4OK,G10
B0000W3QS6,G9
B0000WN1PO,G10
B0000WST6A,G8
B0000X2ECE,G10
B0000YED1S,G9
B0000YEE6C,G5
B0000YTOKI,G9
B0000YTP02,G10
B0000ZMGWK,G8
B0000ZMGZW,G10
B00011V8HW,G10
B000127LW2,G10
B00012QLB4,G10
B00013F32G,G10
B00013RC2K,G10
B00013RC34,G9
B00014K58W,G9
B00014NF02,G10
B00015GA8A,G10
B00015HVI8,G10
B00015HVM4,G10
B00015HX5E,G9
B00015YVI6,G9
B00016113I,G10
B00016JE5U,G10
B00016MSVM,G10
B000171RAE,G10
B00017LVNC,G10
B00018D3LE,G10
B00018D3YG,G10
B00018D4XQ,G10
B00018U9FW,G10
B00018YCIM,G10
B00018YCJ6,G10
B0001906VI,G10
B0001906X6,G10
B0001907AI,G10
B0001907BW,G10
B00019330O,G10
B000197134,G10
B00019HOR2,G8
B0001A79G2,G10
B0001ADAVK,G9
B0001ADB5U,G10
B0001AVZ9E,G10
B0001AVZM6,G10
B0001AVZNU,G10
B0001AW02A,G10
B0001AW066,G10
B0001AW0HU,G9
B0001CCXZW,G10
B0001CJ8XM,G8
B0001CLEFM,G9
B0001CNPLI,G10
B0001CNQUS,G10
B0001CNQVM,G10
B0001CNRLG,G10
B0001CNRLQ,G10
B0001CNRRU,G10
B0001CNRS4,G10
B0001DA0B0,G10
B0001DA4RK,G10
B0001DCXTM,G10
B0001DMUF4,G10
B0001DMVVC,G10
B0001DMXEC,G10
B0001DYG1U,G10
B0001E5GQI,G10
B0001EFTVA,G10
B0001EFUFK,G8
B0001F0WM0,G10
B0001FGBZM,G10
B0001FT50A,G10
B0001FVDG4,G10
B0001GF2F6,G10
B0001GOH84,G10
B0001HAGQK,G10
B0001HAGTM,G10
B0001HAGTW,G10
B0001HAHNM,G10
B0001HAI0E,G10
B0001I2BUI,G10
B0001I551K,G10
B0001I55ZQ,G10
B0001JXOVC,G10
B0001JXP2A,G10
B0001JXP8Y,G10
B0001JXPPC,G10
B0001K2L4W,G10
B0001K5GOO,G10
B0001KL5DA,G10
B0001KL5HQ,G10
B0001KL5IU,G10
B0001KL60C,G10
B0001KNHAE,G10
B0001KNHSQ,G10
B0001L3LUE,G10
B0001LJBTE,G10
B0001LQJQW,G9
B0001M3MXY,G10
B0001MDP36,G10
B0001MIQBC,G10
B0001MIQMG,G10
B0001MMGC2,G7
B0001MXPF4,G10
B0001MZ7IC,G10
B0001NBLVI,G10
B0001NBLYA,G10
B0001NBMAS,G10
B0001NBMFI,G10
B0001NBMHQ,G10
B0001NBNF2,G9
B0001NBNFW,G10
B0001NBNIY,G10
B0001NBNJ8,G10
B0001O3YLM,G10
B0001OGVQ2,G10
B0001PKFLS,G10
B0001Q4BOE,G10
B0001US67I,G10
B0001US8EE,G10
B0001UZZTK,G10
B0001VL0KC,G10
B0001WNL26,G10
B0001WNL2G,G10
B0001WTV7K,G8
B0001WTWDI,G10
B0001WTWXI,G10
B0001X1WK8,G9
B0001XAPX8,G9
B0001Z3I12,G10
B0001Z3I1C,G10
B0001Z3IPS,G10
B0001Z3TS4,G10
B0001Z51LC,G10
B0001ZDKXI,G10
B0001ZJ1HW,G10
B0001ZJQ6I,G10
B0001ZMWXW,G10
B0001ZMWYG,G10
B0001ZX0EW,G10
B0001ZX0OM,G10
B0001ZZ4PA,G10
B00020BVYW,G10
B00020BW4G,G10
B00020H9NO,G10
B00020HAWY,G10
B00020HAY2,G10
B00020HCB8,G10
B00020HCC2,G10
B00020SK1Y,G10
B00020X83Y,G10
B00021R7BM,G10
B0002234R2,G10
B0002234Y0,G10
B0002235P8,G9
B000227EMI,G9
B00022FWTA,G9
B00022LILQ,G7
B00022XE4A,G10
B00023BKNQ,G10
B00023BLXK,G10
B00023E894,G10
B00023ELYG,G10
B00023GFUY,G10
B00023GG94,G10
B00023P4B0,G10
B00023P4HY,G10
B00023P4JM,G10
B00023P4OC,G10
B000243E2K,G10
B00024426W,G10
B000244E2O,G10
B000244FFU,G10
B00024JC3U,G9
B000255LG6,G10
B00026L7RM,G10
B00026L8NK,G10
B00026L9CU,G10
B000274T94,G10
B00027SIUK,G10
B000286S2E,G10
B00028G6F8,G10
B00028G6FI,G9
B00028G748,G10
B00028G7LG,G10
B000291Q3O,G10
B00029J2U8,G9
B00029LNZA,G9
B00029LO0Y,G10
B00029LO5O,G10
B00029NLGY,G10
B00029RT2Q,G10
B0002B15J2,G10
B0002B15UQ,G10
B0002B15ZG,G10
B0002B55DO,G10
B0002B95XU,G10
B0002COTDA,G10
B0002CX1LG,G10
B0002CX1M0,G10
B0002DB0FO,G10
B0002DB52M,G8
B0002DB5B8,G10
B0002DB5N6,G10
B0002DRDCS,G10
B0002DRDIW,G10
B0002E34C0,G10
B0002ERWV4,G10
B0002ERWVE,G10
B0002ERXC2,G10
B0002F6BTC,G10
B0002F6BTM,G10
B0002FZ78I,G10
B0002J58HY,G10
B0002JL9N6,G10
B0002KPHWE,G9
B0002KPHZ6,G10
B0002KQOH6,G10
B0002KVUKW,G9
B0002KVUS4,G10
B0002LE8WS,G10
B0002LE9QS,G10
B0002M5U6A,G10
B0002MFGDW,G10
B0002MHDYW,G10
B0002MJT0I,G10
B0002MPK0Q,G8
B0002MPQRS,G9
B0002MQFGY,G7
B0002NY8PI,G10
B0002OXRSG,G10
B0002OXVA0,G10
B0002OXVDW,G10
B0002OXVG4,G9
B0002PYFZ4,G10
B0002PYS5G,G10
B0002PYS74,G10
B0002PYS7Y,G10
B0002PYST2,G9
B0002RQ2S0,G10
B0002S64LO,G10
B0002S94G6,G10
B0002SDY1W,G10
B0002T2QGA,G10
B0002T7YEY,G10
B0002TSY9I,G10
B0002TT0MS,G10
B0002UE1WQ,G10
B0002V0E08,G10
B0002V7OEM,G10
B0002V7T5Q,G10
B0002V7THY,G10
B0002V7TII,G10
B0002V7TNI,G10
B0002V7TZQ,G10
B0002V7U00,G10
B0002V7U14,G10
B0002VETFO,G10
B0002VEUTY,G10
B0002VEWW4,G9
B0002VEWY2,G10
B0002VEX5K,G9
B0002VEZ3U,G9
B0002VGSBM,G10
B0002VKZRU,G9
B0002VNYI2,G10
B0002W12IU,G10
B0002W4SWW,G10
B0002W4SY0,G10
B0002WYTWG,G10
B0002WYU02,G10
B0002WZN9Y,G10
B0002WZTCA,G10
B0002WZTLQ,G10
B0002WZTQQ,G10
B0002XKOWO,G10
B0002XVKMC,G10
B0002XVQNK,G10
B0002XVQSU,G10
B0002XVQT4,G10
B0002XZVEK,G10
B0002Y4PPK,G10
B0002Y4T92,G10
B0002Y4TOM,G10
B0002Y4TWE,G9
B0002Y69LI,G10
B0002YCUR0,G10
B0002YCVY2,G10
B0002YLC1U,G10
B0002YLC24,G10
B0002YLCFQ,G10
B0002Z16HY,G10
B0002Z7RNG,G9
B0002ZMHWM,G10
B0002ZMHX6,G10
B0002ZMIV2,G10
B0003035CW,G10
B00030A5J8,G10
B00030DD1K,G10
B00049QLWS,G6
B00049QPII,G10
B00061Q6VU,G10
B00061QJSK,G10
B0006210ZG,G9
B000621452,G8
B00062DKMM,G10
B00062DKO0,G10
B00062IDCO,G10
B00062IDEW,G10
B00062IDLA,G10
B00062IE9Q,G10
B00062IVMG,G10
B00062IVNA,G8
B00062IVOY,G10
B00062IZLI,G9
B00062WUVY,G10
B000638PIU,G9
B00063MAXQ,G10
B00063UEFM,G10
B00064AFF0,G9
B00064AM62,G10
B00064AMEE,G10
B00064LJVO,G8
B00064MW74,G10
B00064VR0W,G10
B00065EAZU,G10
B00065QKPS,G10
B00066FPCG,G10
B00067BBMS,G8
B00067BCB8,G10
B00067BCBI,G10
B00067WTGA,G10
B00067Z2R8,G9
B00068NVG6,G10
B00068NVMK,G10
B00068RELO,G10
B0006A9FJ6,G10
B0006A9FKA,G10
B0006B3UE6,G10
B0006D3HDS,G10
B0006FFRB6,G10
B0006FFRHA,G8
B0006FO95G,G10
B0006GAODG,G10
B0006H328E,G10
B0006IUDB2,G10
B0006N2EZA,G10
B0006OBPTA,G10
B0006OBPTU,G10
B0006PTYP6,G10
B0006Q4AVI,G10
B0006Q93AQ,G10
B0006Q93BK,G10
B0006SH25C,G10
B0006SSNXW,G10
B0006SSOUO,G10
B0006SSP9O,G10
B0006TPE4M,G8
B0006U5UT0,G10
B0006U5V58,G10
B0006VL1J2,G10
B0006Z2L4W,G10
B0006ZM8M2,G10
B0006ZW7DW,G8
B00070DW1C,G10
B00070FX5U,G10
B00070HK24,G10
B00070HK2Y,G10
B00073K7JY,G10
B0007514BM,G10
B0007514CG,G10
B000766XNK,G10
B000767QTA,G10
B00076ONUU,G9
B00076SCPW,G10
B000777IJ2,G10
B000784WKO,G10
B00078808O,G10
B00078GL0S,G10
B00078RPGW,G10
B0007939Q6,G10
B00079FUI6,G10
B00079HZOS,G9
B00079HZUM,G10
B00079ZACW,G10
B0007A0F4E,G9
B0007A0F4O,G9
B0007CEXTK,G10
B0007CEXUY,G10
B0007CNXUK,G10
B0007CNY54,G10
B0007DA3VG,G10
B0007GP79G,G10
B0007GP7FK,G5
B0007ICRF6,G7
B0007IF19K,G10
B0007IO6PA,G10
B0007IO6V4,G10
B0007KI9LU,G10
B0007KIFI2,G9
B0007KIFIC,G9
B0007KIFUA,G10
B0007L6NQM,G10
B0007LBM22,G10
B0007LPLMY,G10
B0007LXP7W,G10
B0007LXP86,G10
B0007LYDO6,G10
B0007N19XM,G10
B0007N1BBC,G10
B0007N1JC8,G9
B0007NBJ14,G10
B0007OCG56,G9
B0007OY2MG,G10
B0007OY31G,G10
B0007P0XBO,G8
B0007P0Y2W,G8
B0007P0Y7W,G10
B0007P14OE,G10
B0007PALP2,G10
B0007PALUC,G8
B0007PAM06,G10
B0007PID84,G10
B0007PIDCK,G10
B0007Q6VXC,G10
B0007QS22K,G10
B0007QS324,G9
B0007R083A,G10
B0007R4SWM,G10
B0007R4SYU,G10
B0007R4T3K,G9
B0007R4T3U,G10
B0007R6Y06,G10
B0007RUSGW,G10
B0007TKH66,G10
B0007TKHF2,G10
B0007TZHWA,G8
B0007UDCX0,G10
B0007V6ITE,G9
B0007V6IWQ,G10
B0007WFXL2,G10
B0007WQGRC,G10
B0007WRT4Q,G10
B0007XBM5W,G5
B0007XBMA2,G10
B0007XG266,G10
B0007XG59U,G10
B0007Y08JW,G10
B0007Y08LA,G10
B0007Y08LK,G10
B0007Y08MY,G10
B0007Y08P6,G10
B0007Y3XRG,G10
B0007YMV9W,G10
B0007YMWFK,G10
B0007YMWGY,G10
B0007YXPRE,G10
B0007Z0NYQ,G10
B0007Z2556,G6
B0007Z2KF6,G10
B0007Z9R66,G10
B000803BQM,G9
B00080Z53O,G10
B00080ZFZC,G10
B00080ZG2E,G10
B00080ZG2O,G10
B0008ENHUS,G10
B0008ENI0W,G9
B0008FXTB4,G8
B0008JHD2G,G10
B0008KLVB4,G10
B0009298MU,G10
B00092ZSQK,G10
B00094AQZG,G10
B00094ARGY,G10
B00094AS9A,G10
B00094AS9U,G10
B00095NX9G,G10
B00096S46C,G10
B00096S480,G10
B000977JBW,G10
B00097DXFS,G10
B00097DY3Y,G10
B000980GR0,G10
B00099415C,G8
B0009A40NO,G10
B0009AK57Y,G10
B0009B0GYA,G9
B0009B16TO,G10
B0009CTT6U,G10
B0009CTVLS,G10
B0009DWL96,G10
B0009E322K,G10
B0009ESTDW,G10
B0009ETCVA,G8
B0009F43D6,G10
B0009FVS8Y,G10
B0009GV9E6,G10
B0009H97HG,G10
B0009HLDAA,G10
B0009I7NGW,G10
B0009IOR5M,G10
B0009IW894,G10
B0009J2HV2,G10
B0009JE57Q,G10
B0009JE6FM,G10
B0009JE6G6,G10
B0009JE7NI,G9
B0009JQN6M,G10
B0009K75M2,G10
B0009K7QZ8,G10
B0009KA7BS,G10
B0009KA7C2,G9
B0009KQPAK,G10
B0009LS9Y4,G10
B0009MAO3W,G10
B0009ML2KQ,G10
B0009ML2UG,G10
B0009MUBEY,G10
B0009NJFPO,G10
B0009NSCRQ,G10
B0009NSCTY,G10
B0009NZ2KG,G10
B0009NZ2RY,G10
B0009NZ2W4,G10
B0009NZ36O,G10
B0009OUB06,G10
B0009P42S2,G10
B0009P42SC,G10
B0009P7EI2,G10
B0009PBLRM,G10
B0009PLLN6,G8
B0009PUAFG,G10
B0009PVZBO,G10
B0009PVZM8,G10
B0009PW4D2,G6
B0009PZ89E,G10
B0009RQRR4,G10
B0009RQSSW,G10
B0009S2SOY,G10
B0009S2SV2,G10
B0009S2T0W,G10
B0009S4IGA,G10
B0009S4IHO,G10
B0009S4IHY,G10
B0009S4IM4,G10
B0009S4J2I,G10
B0009TIAI6,G10
B0009UC7HA,G10
B0009UC7MK,G10
B0009UC7OI,G10
B0009UC7RK,G10
B0009UC80G,G10
B0009UC80Q,G10
B0009ULBGS,G10
B0009UVCOY,G10
B0009UZGIM,G10
B0009UZGM8,G10
B0009VBTQY,G9
B0009VDJQ2,G10
B0009VRHLK,G7
B0009VY0OM,G9
B0009W5IMO,G10
B0009W5KJU,G10
B0009WFEEG,G10
B0009WIE34,G10
B0009WIE5C,G10
B0009WIY4S,G10
B0009WK5CW,G10
B0009WPKYA,G10
B0009X768M,G10
B0009X76ZA,G10
B0009X770E,G10
B0009X770O,G10
B0009X775Y,G10
B0009X7BD2,G9
B0009XRZ9M,G10
B0009XRZOW,G7
B0009XRZS8,G10
B0009XT8A6,G10
B0009XT8C4,G10
B0009Y2726,G10
B0009YA3OA,G10
B0009YVBGO,G10
B0009YX9SM,G5
B0009YYV20,G8
B0009ZE9QM,G10
B000A0GOGE,G9
B000A0GOQ4,G10
B000A0GOQY,G10
B000A0GP4K,G10
B000A0GPKE,G7
B000A0GXRO,G10
B000A0GYC8,G10
B000A0GYUU,G10
B000A0P6A4,G10
B000A1IMFY,G8
B000A1INJE,G10
B000A2IPQY,G10
B000A2RRF4,G10
B000A2WAEM,G10
B000A2WP7O,G10
B000A2X0LE,G10
B000A343RI,G10
B000A345C6,G10
B000A3DGGC,G10
B000A3I3HE,G10
B000A3OREM,G10
B000A3WH9Y,G10
B000A3XY5A,G10
B000A3XY82,G9
B000A4T80O,G10
B000A50442,G10
B000A5046K,G10
B000A59PLU,G10
B000A59PMO,G10
B000A5SR46,G10
B000A6CLKQ,G10
B000A6CLL0,G10
B000A6T1J0,G10
B000A6T1LS,G10
B000A6T1X6,G10
B000A6T2BM,G10
B000A6T2BW,G10
B000A7DW7Q,G10
B000A7LR8M,G9
B000A7PKGW,G10
B000A7Q2I2,G10
B000A85TSK,G10
B000A8AXXG,G10
B000A8NZ0O,G10
B000A9QK9Q,G10
B000A9QKRI,G10
B000A9QKSM,G10
B000AA4JKW,G9
B000AA4KQ0,G10
B000ABKHZC,G10
B000AC5B7A,G9
B000ACQXHW,G10
B000AD1QGE,G10
B000ADS62Q,G10
B000ADWCYY,G10
B000ADWDEI,G9
B000AE4QD8,G10
B000AKB1GW,G8
B000AL733G,G10
B000ALM4IA,G10
B000ANDBTY,G10
B000ASATZ8,G10
B000ASDFHM,G10
B000ASDFJU,G10
B000ATQYQU,G10
B000ATQYVK,G10
B000ATQYX8,G10
B000ATQYXI,G10
B000ATUU4M,G10
B000AXW0WS,G10
B000AXWGRC,G10
B000AXWGRM,G10
B000AXWHK8,G10
B000AY6JVK,G10
B000AYEIIQ,G10
B000AYEL10,G7
B000AYELAQ,G10
B000AYNG1G,G10
B000AYQOA6,G10
B000B1DLDQ,G10
B000B41HCK,G4
B000B5871I,G10
B000B5XOTS,G10
B000B5XOUC,G10
B000B5XPFG,G10
B000B5Y0CS,G9
B000B62N44,G10
B000B6H1YG,G10
B000B6TTBE,G10
B000B7HZUK,G10
B000B7QCGI,G10
B000B7QCGS,G10
B000B7QCHC,G10
B000B837XS,G10
B000B837Z6,G10
B000B8384G,G10
B000B8IA3U,G10
B000B8QFXM,G10
B000B91N3S,G10
B000BB1MIC,G10
B000BB1MJ6,G10
B000BBOUDG,G9
B000BBOUEU,G10
B000BBOUUE,G9
B000BBYDU6,G10
B000BC8SXI,G10
B000BC8T1E,G10
B000BCCAEQ,G10
B000BD68AM,G10
B000BDGVT0,G10
B000BDH6DU,G10
B000BF0C7A,G10
B000BF0C8E,G10
B000BF0D9W,G8
B000BGH254,G10
B000BGQSEA,G10
B000BITUES,G10
B000BITUF2,G10
B000BITUI4,G10
B000BITUWU,G10
B000BITUYI,G10
B000BITV1A,G10
B000BJS4UI,G10
B000BKDNTY,G10
B000BKDNVM,G10
B000BKDNX0,G10
B000BKVKSA,G10
B000BMSUBI,G10
B000BMY2M4,G10
B000BMY2NS,G9
B000BN6M12,G10
B000BNI90Y,G10
B000BNTM46,G10
B000BNV8NY,G10
B000BNX4MW,G10
B000BO0LPO,G10
B000BO7DWI,G10
B000BOH8Y6,G10
B000BOH8YG,G10
B000BOH8YQ,G10
B000BOH8Z0,G10
B000BOH98G,G10
B000BPGIYQ,G10
B000BPK2IY,G9
B000BPK2KC,G9
B000BPK2NE,G10
B000BPL2EM,G10
B000BPL2H4,G10
B000BQ5IXW,G10
B000BQ7J6Q,G10
B000BQ7J70,G10
B000BQ7J9I,G10
B000BQTC98,G10
B000BQYWZW,G9
B000BR4UQC,G10
B000BR9SA0,G10
B000BRBXXK,G10
B000BRM992,G10
B000BT96EG,G10
B000BTH4K4,G10
B000BTITFI,G10
B000BU76YC,G9
B000BVM1SC,G9
B000BVM1TG,G10
B000BWFWFK,G10
B000BWFWG4,G10
B000BX5X5I,G10
B000BX8R10,G8
B000BXJ1XS,G10
B000BY99B6,G10
B000BYA4I8,G10
B000BYA4JW,G10
B000BYA5GE,G10
B000BYA5HS,G9
B000BYMI5A,G10
B000BYRCQU,G10
B000BYRCR4,G10
B000BZISRG,G10
B000BZIT5M,G10
B000C05Y22,G10
B000C1VB8M,G10
B000C1VBAA,G10
B000C20VIW,G10
B000C65Z20,G9
B000C6NPHC,G10
B000C8STW6,G8
B000C8STWQ,G10
B000CAPZBC,G7
B000CBWPXC,G10
B000CCBC9O,G7
B000CCBCI0,G10
B000CCBCIA,G10
B000CCBCK8,G10
B000CCD01C,G10
B000CCRMNE,G10
B000CCW2VQ,G10
B000CDGVOO,G10
B000CDGVQW,G10
B000CDSS0Y,G9
B000CELOV8,G10
B000CEVC9W,G10
B000CEXEWU,G10
B000CEXF8I,G10
B000CEXFZG,G10
B000CFYAMC,G9
B000CIF3U2,G10
B000CMNJF4,G10
B000CMNJPE,G10
B000CNE0RO,G10
B000CNESV2,G10
B000CNFC44,G10
B000CPH9Q6,G10
B000CPWDHQ,G10
B000CQLZ74,G10
B000CQM4YM,G10
B000CQO6IY,G10
B000CR7RCK,G10
B000CRR3CE,G10
B000CRR3SI,G10
B000CSTK3S,G10
B000CSTK42,G10
B000CSTKJ2,G10
B000DBHX4M,G10
B000DBHXG0,G10
B000DWMZLW,G9
B000DZIGEY,G10
B000E0LLKY,G9
B000E0OBEC,G10
B000E0OE3K,G10
B000E0OE44,G10
B000E0RN8S,G10
B000E0WJH8,G10
B000E112BG,G10
B000E1BXFG,G10
B000E1E2N6,G10
B000E1E7UE,G10
B000E1MTYU,G10
B000E1MTZE,G10
B000E1MXTG,G10
B000E1MXVO,G10
B000E1OI6W,G10
B000E1YW04,G10
B000E1ZB6I,G7
B000E1ZK5A,G10
B000E33VZE,G10
B000E372ZY,G10
B000E3L7DM,G10
B000E3L7FA,G10
B000E3L7FK,G10
B000E3LIO0,G10
B000E5KJDE,G10
B000E5KUKG,G10
B000E5LEXS,G10
B000E5N6A2,G9
B000E5N6B6,G10
B000E5N6M0,G10
B000E6EK3S,G10
B000E6EK42,G10
B000E6ES9E,G10
B000E6ESBW,G10
B000E6ESEO,G10
B000E6ESIK,G10
B000E6ESJ4,G10
B000E6TVSC,G10
B000E6UZZK,G10
B000E8NRBM,G10
B000E97HXK,G10
B000E991HA,G9
B000E9UAMK,G10
B000EBCJN6,G10
B000EBD9VW,G10
B000EBD9W6,G10
B000EBGE82,G10
B000EBGFQI,G10
B000ECX0R4,G8
B000EDWKXI,G10
B000EDWLTG,G10
B000EGEJI4,G10
B000EHPXP6,G10
B000EHQ7UG,G10
B000EHQTRW,G10
B000EHQU1W,G10
B000EHSVBE,G10
B000EHSVC8,G10
B000EHSVDC,G10
B000EHSVE6,G10
B000EHSVG4,G10
B000ELIZZM,G10
B000EMG91S,G10
B000EMGCV0,G10
B000EMGIDC,G10
B000EN4R3E,G9
B000ENUKY4,G10
B000ENUYG8,G10
B000ENUYGI,G10
B000EOTTS6,G10
B000EOTTUY,G10
B000EOTV98,G9
B000EPFDGC,G10
B000EQ45BU,G10
B000EQ46H8,G10
B000EQ5PK0,G10
B000EQ5PU0,G10
B000EQ5PUU,G10
B000EQ5PZK,G10
B000EQ5UHS,G10
B000EQ5V40,G10
B000EQ5V86,G7
B000EQHXN2,G10
B000EQHXNW,G10
B000ER31LE,G10
B000ERVJKE,G10
B000ERVJKO,G10
B000ERVJMM,G10
B000ERVJMW,G10
B000ERVJNG,G10
B000ERVKMG,G10
B000ESST38,G10
B000ETRA46,G9
B000EU1Q2M,G10
B000EU1Q2W,G10
B000EU1Q3Q,G10
B000EULJZ6,G10
B000EULSR0,G10
B000EWBJH2,G10
B000EWBKI0,G10
B000EWD7TU,G10
B000EXDRZI,G10
B000EXDS02,G10
B000EXDS0C,G10
B000EXDS2A,G10
B000EXDS4I,G10
B000EXDS52,G10
B000EXDS7K,G10
B000EXDSAW,G10
B000EXDSCA,G10
B000EY15NI,G10
B000EYK4H6,G10
B000F0UUTG,G10
B000F1IQI2,G10
B000F2BNW2,G10
B000F3T8YQ,G10
B000F4PD7G,G9
B000F4RH8E,G10
B000F5GJVE,G10
B000F6IODE,G10
B000F6ZIFQ,G10
B000F7CMQS,G10
B000F7CMSG,G10
B000F8O2RY,G10
B000F9RLL2,G6
B000F9SO0O,G10
B000F9T700,G9
B000F9T70K,G10
B000F9WF86,G10
B000FA4TLQ,G10
B000FA57H6,G10
B000FA57IU,G10
B000FA57JE,G10
B000FAOC2M,G10
B000FBFUEK,G10
B000FBFYKU,G10
B000FBUFUY,G10
B000FC2EXE,G10
B000FC2FX8,G10
B000FEBWTE,G10
B000FFJ8BM,G10
B000FFJYCA,G10
B000FFJYE8,G10
B000FFL35Q,G10
B000FFL702,G10
B000FGGE7C,G9
B000FH8H7Q,G10
B000FI9OD6,G10
B000FI9ODQ,G10
B000FI9OEU,G10
B000FIHN52,G10
B000FIHN8O,G10
B000FIHNA2,G10
B000FII2Z2,G10
B000FIMG68,G10
B000FJTVC4,G9
B000FKO3WG,G10
B000FKP4BU,G9
B000FL7C82,G10
B000FL7C8W,G10
B000FL7CAU,G10
B000FL7CB4,G8
B000FML8TK,G9
B000FO0AHO,G10
B000FO0AME,G10
B000FOPPBA,G10
B000FOPPC4,G10
B000FOPPCE,G10
B000FP2IZU,G10
B000FP2YYA,G10
B000FQIRWC,G10
B000FQJPRI,G10
B000FS2W6M,G10
B000FS9MUQ,G10
B000FSME1K,G10
B000FSME1U,G10
B000FTC1GC,G10
B000FTC1GW,G10
B000FTCF3Q,G10
B000FTCLSU,G10
B000FUTV64,G10
B000FUTVLO,G10
B000FUTVUA,G9
B000FVQLIO,G10
B000FVQM4W,G10
B000FWHW86,G10
B000FZETHU,G10
B000FZETI4,G10
B000FZETRU,G10
B000G0O5F0,G10
B000G1R39E,G9
B000G1R4RK,G10
B000G1R4SO,G10
B000G1R4SY,G10
B000G1TETG,G10
B000G28NPQ,G10
B000G6BL42,G10
B000G6BLWE,G10
B000G75AZC,G10
B000G8NXAA,G10
B000GAKBLW,G10
B000GAKFIG,G10
B000GB5M4M,G10
B000GDH8HE,G10
B000GEAMD0,G8
B000GEIRAK,G10
B000GEIRAU,G10
B000GEIRB4,G10
B000GEIRBO,G10
B000GFLEAO,G10
B000GFLEFO,G10
B000GFRI68,G10
B000GG4Y5K,G10
B000GG4Y64,G10
B000GG4Y6O,G10
B000GGSLSG,G10
B000GH3CWK,G10
B000GHIVNU,G10
B000GI3RZ6,G10
B000GIXIN2,G10
B000GLL1AQ,G10
B000GLL1U6,G9
B000GPPNO2,G10
B000GRU09I,G10
B000GRUMQY,G10
B000GRUN40,G10
B000GRUQJC,G10
B000GRUR4G,G10
B000GTJSFS,G10
B000GTJSO4,G10
B000GTJSQM,G10
B000GTJSVM,G10
B000GTJT0C,G10
B000GW8OA0,G10
B000GY728I,G10
B000GY75JE,G10
B000GYI32M,G10
B000GYI33Q,G10
B000GYI340,G10
B000GYI3PY,G10
B000H0UPKI,G10
B000H4JH4Y,G10
B000H4JH80,G10
B000H5U5MQ,G10
B000H5U5V2,G10
B000H5V8CM,G10
B000H5V8D6,G10
B000H5V8DG,G10
B000H6SY6E,G10
B000H6SY8C,G10
B000H7J9JE,G10
B000H7JCG4,G10
B000H7JCGE,G10
B000H7JCJQ,G10
B000H8RVSO,G10
B000HC2LGM,G10
B000HC2LH6,G10
B000HC2LHQ,G10
B000HC2LRQ,G10
B000HEVTOU,G9
B000HEVZ9E,G10
B000HEVZA8,G9
B000HEWEFS,G10
B000HEZ7MK,G10
B000HIUWZS,G10
B000HIVIOM,G10
B000HKKZQ2,G9
B000HLDFA4,G10
B000HOJR8A,G10
B000HRJLM4,G10
B000HT3P56,G10
B000HT3P6U,G10
B000HT3P7E,G10
B000HT3PEM,G10
B000HT3PGK,G10
B000HT3Q1Y,G10
B000HT3Q2I,G10
B000HWZ4E8,G10
B000HWZ4HU,G10
B000HWZ4IE,G10
B000HWZ4IO,G10
B000HWZ4IY,G10
B000HWZ4MA,G10
B000HWZ4R0,G10
B000HWZ4RA,G10
B000HWZ4RK,G10
B000HXDM1E,G10
B000I0QLFK,G10
B000I0RNVQ,G10
B000I0RNXY,G10
B000I2IWU0,G10
B000I2J5TW,G8
B000I2J6K0,G10
B000I2J6VE,G10
B000I2J6W8,G10
B000I8OM94,G10
B000I8OOK6,G10
B000ICL3M4,G10
B000ICLRKW,G10
B000IHY9UC,G9
B000IHY9UM,G10
B000IHYBT6,G10
B000IHYXIK,G10
B000IHYXJO,G10
B000IJ6VAQ,G10
B000ILYYUS,G10
B000IOM9VQ,G10
B000ION23A,G10
B000ION27Q,G10
B000IONJHE,G10
B000IU37SO,G10
B000IU4DMI,G10
B000IV9CDM,G10
B000J10ERE,G10
B000J10F14,G10
B000J10GJ0,G8
B000J10KN2,G10
B000J4QWIG,G10
B000JBWWOC,G10
B000JBWWP6,G10
B000JBWWRO,G10
B000JBXXYK,G9
B000JBXY44,G10
B000JCEB0E,G8
B000JJ3Y78,G10
B000JJ4DDW,G10
B000JJ4DF0,G9
B000JJ4FB2,G7
B000JJSJO6,G10
B000JJSJPA,G10
B000JJSKZY,G10
B000JLQPTK,G10
B000JLQQ58,G10
B000JLTE4S,G10
B000JLTR86,G10
B000JLTRFE,G10
B000JLTRHW,G9
B000JLTRIG,G10
B000JLTRMC,G10
B000JLTS8A,G10
B000JMK6OE,G6
B000JMKKI6,G10
B000JRYOPG,G10
B000JVSUK2,G10
B000JVT07E,G10
B000JYW5B4,G10
B000JYW5BE,G10
B000K144OM,G10
B000K15G7G,G10
B000K2UGXO,G8
B000K52BL6,G10
B000K5FPNW,G10
B000K7JY7S,G10
B000K7UBTI,G9
B000K7UBUM,G9
B000K7UBWK,G9
B000K7UC2Y,G10
B000K7VHNW,G10
B000K7VHOQ,G10
B000KB4898,G9
B000KDZTIK,G9
B000KF0DFM,G9
B000KGGIL4,G10
B000KGGOY0,G10
B000KGGZZ8,G10
B000KGH00C,G10
B000KJOQJC,G10
B000KJTFDE,G10
B000KJU13C,G10
B000KJU1FK,G10
B000KJU1FU,G10
B000KLNLCI,G10
B000KLQUM6,G10
B000KLQUMG,G10
B000KLQUT4,G10
B000KLQUUS,G10
B000KLQUV2,G10
B000KWZ1U2,G10
B000KWZ1UM,G9
B000KX0ING,G10
B000KX0IO0,G10
B000L43PG6,G10
B000L43PGQ,G10
B000L43PHK,G10
B000L99JDO,G10
B000LAZDQA,G9
B000LAZQGW,G10
B000LC3IE2,G8
B000LC4C60,G10
B000LC4CVA,G10
B000LC4ZI0,G10
B000LC52DC,G8
B000LC5B7O,G9
B000LE16VC,G10
B000LE16W6,G10
B000LE17A2,G10
B000LE1DVK,G10
B000LE1E50,G10
B000LMPDXQ,G10
B000LP5FWC,G10
B000LPS2VI,G10
B000LSAIZI,G10
B000LSAJ5M,G10
B000LSBXF2,G10
B000LV6VZ6,G10
B000LW7LX6,G10
B000LW7N6G,G10
B000LXGXY8,G10
B000LXH0AY,G10
B000LXH3SI,G10
B000LXHFN6,G10
B000M2E340,G10
B000M2E354,G10
B000M341Q4,G8
B000M341QE,G10
B000M341QY,G10
B000M341S2,G10
B000M343AI,G10
B000M343BC,G10
B000M4RG0Q,G10
B000M4RG4C,G10
B000M7XRC4,G10
B000M7XRYM,G10
B000M93DBW,G10
B000M9BPG2,G10
B000MDFTHE,G10
B000MEYKBY,G8
B000MEYKDC,G8
B000MEYKDM,G8
B000MEYKDW,G9
B000MG2LP4,G10
B000MGAW8W,G10
B000MGB6N2,G10
B000MGBLFK,G10
B000MGBLY6,G10
B000MGBM1S,G10
B000MGBM5O,G10
B000MGBSHQ,G10
B000MGTQ6G,G10
B000MKXEZG,G8
B000MLWQ6S,G10
B000MMMTD2,G10
B000MNOX9E,G10
B000MNOXX0,G8
B000MQ58WM,G10
B000MQCBSQ,G10
B000MQCFLO,G10
B000MR9CXC,G10
B000MR9D5E,G10
B000MR9EQM,G10
B000MRA58S,G10
B000MRA592,G10
B000MRA59M,G10
B000MRA5EM,G10
B000MTEFUK,G10
B000MTOM8A,G10
B000MTPA5Y,G10
B000MV8AE0,G10
B000MVZYBM,G9
B000MX7V5W,G10
B000MXPE7Y,G9
B000N3AVLW,G10
B000N3AW6G,G8
B000N3AXPG,G9
B000N3SOSE,G10
B000N3SSBW,G10
B000N3T0EG,G10
B000N3T0GO,G10
B000N3TWRG,G10
B000N4SA8M,G10
B000N4SHNU,G10
B000N6SE4U,G10
B000N6TYLW,G10
B000N6TYQC,G10
B000N6U0VU,G10
B000N6UF0G,G10
B000N6UF10,G10
B000N8UXT2,G10
B000N8UXTW,G10
B000NA1PUG,G10
B000NA1VI2,G10
B000NA1WDQ,G10
B000NA1WE0,G10
B000NA1WGS,G10
B000ND91OA,G10
B000ND91X6,G10
B000NDEXFC,G10
B000NDI4WA,G10
B000NDJGTK,G7
B000NE4SMO,G9
B000NEZ7BA,G10
B000NHG7C0,G10
B000NJMJGQ,G10
B000NJVY3U,G10
B000NJXG6I,G10
B000NJXG6S,G10
B000NOIVT0,G10
B000NOIVV8,G10
B000NOIX48,G10
B000NOIX66,G10
B000NOIX7K,G10
B000NOKFGW,G10
B000NOKP12,G10
B000NPO3D2,G10
B000NQQ4DI,G10
B000NQRE9Q,G10
B000NTPDSW,G10
B000NTPG84,G10
B000NVI0DU,G10
B000NVI2GU,G10
B000NVKZW4,G10
B000NVKZWY,G10
B000NY1EC6,G10
B000O179DG,G8
B000O179GI,G10
B000O179IG,G10
B000O59A52,G10
B000O5B4BU,G10
B000O5GRXU,G10
B000O76PXK,G10
B000O76ZNU,G10
B000O77SO0,G10
B000O77SOK,G10
B000O77V4W,G10
B000OCXLPU,G9
B000OCY7JE,G10
B000OCY7KI,G10
B000OCZ9WS,G9
B000OHZKZ4,G10
B000OHZKZE,G10
B000OI1G2E,G10
B000OIOOUU,G10
B000OIOOVO,G10
B000OIOPHC,G10
B000OONQ9Y,G10
B000OOOKZS,G10
B000OPO61U,G10
B000OPPTN4,G9
B000ORDM7C,G10
B000OU081M,G10
B000OU082G,G9
B000OVLBFS,G10
B000OVLBG2,G10
B000OVLMHU,G10
B000OY8NBK,G8
B000OY8NCE,G10
B000OY8NFG,G7
B000OY8NII,G10
B000OY9V7A,G10
B000OYCMLM,G10
B000OYCMMQ,G10
B000OZ2CQQ,G10
B000P0I4O4,G10
B000P296AS,G10
B000P2A6C0,G10
B000P2A6CA,G10
B000P4ZL5K,G10
B000P5FH2Q,G10
B000P5FH4E,G10
B000P5FH4O,G10
B000P5FH4Y,G10
B000P6R6Y2,G9
B000P6YNSE,G10
B000P6YNSO,G10
B000P6YNTI,G10
B000PAU2ZS,G10
B000PC1PAW,G10
B000PC6YUI,G10
B000PDZ9SU,G10
B000PE0G0A,G9
B000PFSYO4,G10
B000PFUA9Q,G10
B000PGTPC8,G10
B000PGTPGO,G10
B000PGTPH8,G10
B000PHX5KU,G10
B000PHX8RA,G10
B000PISZ86,G10
B000PKG8TM,G10
B000PKG8TW,G9
B000PKG8W4,G9
B000PMFO3Q,G10
B000PMFO40,G10
B000PMFS0A,G10
B000PMGNK4,G10
B000PMLJMG,G9
B000PPRCT2,G10
B000PQIBYQ,G10
B000Q5L9N6,G10
B000Q66FB6,G10
B000Q66ISG,G8
B000Q66PX4,G10
B000Q66PXE,G10
B000Q66Q8I,G10
B000Q6774K,G10
B000Q6775E,G10
B000Q6GUKW,G10
B000Q6GUS4,G10
B000Q6GUSE,G10
B000Q7S54K,G10
B000Q7ZKY8,G10
B000Q7ZLQU,G10
B000Q7ZLU6,G10
B000Q7ZLUG,G10
B000Q7ZLV0,G10
B000QCU9JO,G10
B000QDLSR0,G10
B000QFAFNQ,G10
B000QGDJG0,G10
B000QGDY06,G8
B000QQA5VC,G10
B000QQFKYE,G9
B000QRI1GM,G10
B000QUEQ4U,G10
B000QUEQ72,G10
B000QUEQ86,G10
B000QUTTQ0,G10
B000QUU4NM,G10
B000QX0LE6,G10
B000QXDEGS,G10
B000QXDEH2,G10
B000QXDEHC,G9
B000QXDG4S,G10
B000QXDG84,G10
B000QXDJLI,G10
B000R20164,G10
B000R343N0,G10
B000R349GQ,G10
B000R349HU,G10
B000R349IO,G10
B000R349JI,G10
B000R5OFOA,G10
B000R5OFPO,G10
B000R7G6JA,G10
B000R7HY0K,G9
B000R7I43Q,G10
B000R7I44K,G10
B000R8YC22,G10
B000R9YLIQ,G10
B000R9YLKY,G10
B000RBA6BU,G10
B000RE94M4,G10
B000RF1QE2,G10
B000RF7XYY,G10
B000RF7Y0C,G10
B000RGN2IY,G9
B000RIWARG,G10
B000RL21OA,G10
B000RL6G8C,G6
B000RL6G8M,G10
B000RN87CS,G10
B000RO6JZ4,G10
B000RO6JZE,G10
B000RO6JZO,G10
B000RPCJB6,G10
B000RPCJBG,G10
B000RTBDV4,G10
B000RTCSIQ,G10
B000RXX5XE,G10
B000RXZIHU,G10
B000RXZIJS,G10
B000RXZL18,G10
B000RZIGVI,G10
B000RZP472,G10
B000S0GYJI,G10
B000S0GYPW,G10
B000S2O15A,G10
B000S399GU,G9
B000S6LS66,G10
B000S6TNLI,G10
B000S88JT8,G10
B000S8CLR4,G10
B000SFJ3KU,G9
B000SFJ4K4,G10
B000SINSVC,G10
B000SINSX0,G10
B000SINT4S,G10
B000SK5ZKW,G10
B000SM6FJA,G10
B000SM6FKY,G10
B000SM7QTI,G10
B000SMNK16,G10
B000SMNL92,G10
B000SQFC1S,G10
B000SQFC40,G10
B000SSQ7JW,G10
B000STC178,G9
B000SULWJA,G10
B000T22PVG,G10
B000T22Q9W,G10
B000T28G1E,G10
B000T28PUG,G10
B000T2MYZ8,G10
B000T5MP7C,G10
B000T9OP7G,G10
B000TBG98M,G10
B000TEUSQ8,G10
B000TGCR3I,G10
B000TGGJKU,G10
B000TGJ8B2,G10
B000TGJ8DU,G10
B000TGKJQA,G10
B000TGUUFA,G10
B000TGVD1U,G10
B000TJ6OZ2,G10
B000TJ6PBU,G10
B000TJBN62,G9
B000TJBN7Q,G10
B000TJBNHQ,G10
B000TLMWMY,G10
B000TM1CKQ,G10
B000TQLJ2I,G10
B000TQLJ4Q,G10
B000TQZBNQ,G10
B000TS9G3U,G10
B000TSTEM8,G10
B000TUDFE4,G10
B000TV1SSS,G10
B000TXPXCS,G10
B000TYV3C6,G10
B000TZ7FTK,G10
B000TZJBP6,G9
B000U0C9UE,G10
B000U0FZ0K,G10
B000U1ZV4E,G10
B000U1ZV4O,G10
B000U1ZV58,G10
B000U1ZV62,G10
B000U1ZV6C,G10
B000U1ZV6M,G10
B000U1ZV7G,G10
B000U3BMYU,G10
B000U6YJMO,G10
B000UAE7IQ,G10
B000UAE7KO,G10
B000UAE7O0,G10
B000UAE7P4,G10
B000UAE7VS,G10
B000UEE6TC,G10
B000UFIYQ2,G10
B000UIPJIK,G10
B000UNYPGM,G10
B000UO9ULQ,G10
B000UR9TKK,G10
B000URDEAG,G6
B000USU9LC,G10
B000UUX2P0,G10
B000UX5GFQ,G10
B000UX6TJI,G10
B000UY6OU6,G10
B000UZDO3K,G10
B000UZDO62,G10
B000V1BN7M,G10
B000V1Y44Q,G10
B000V3JGIS,G10
B000V4UH08,G10
B000V6LST0,G10
B000V7ZMK0,G10
B000V86OKG,G10
B000VAHQVU,G10
B000VAPZM2,G10
B000VDDDVE,G10
B000VDDE0O,G10
B000VDDE0Y,G10
B000VDDE18,G10
B000VE43BC,G10
B000VECAE4,G10
B000VECAEE,G10
B000VECAEO,G10
B000VEQU36,G9
B000VHVT66,G10
B000VI28Z6,G10
B000VKL6Z2,G9
B000VKL6ZW,G10
B000VKN1XM,G8
B000VM8YCI,G10
B000VS20M2,G10
B000VSDNF0,G7
B000VSDNHS,G10
B000VTHYAE,G9
B000VWE5OY,G10
B000VXK6Z0,G10
B000VZADR4,G10
B000W07EKW,G10
B000W089VA,G10
B000W1SZ9U,G7
B000W2C29S,G8
B000W668R6,G10
B000W6ZUUC,G10
B000W8KY0G,G10
B000W9DSVW,G10
B000WBZZ2A,G10
B000WC38BO,G10
B000WC38CS,G10
B000WC38WS,G10
B000WC39FO,G10
B000WCBVQS,G10
B000WEVGH0,G4
B000WEVGHA,G10
B000WEVGHK,G10
B000WGTD82,G10
B000WGVEAC,G10
B000WGWQG8,G10
B000WGYMTM,G10
B000WGZGNS,G10
B000WH5AWO,G10
B000WL4AI0,G10
B000WLYDNM,G10
B000WMA6H8,G10
B000WMA6R8,G10
B000WMA72C,G10
B000WMA73Q,G10
B000WMA74A,G10
B000WMFZJW,G8
B000WMFZMY,G10
B000WOQKD0,G10
B000WOSAUG,G10
B000WOSAUQ,G10
B000WQW988,G10
B000WQWPRS,G10
B000WQWPSM,G10
B000WSVBG2,G10
B000WTVZG2,G10
B000WTZ6SK,G10
B000WXDMLE,G10
B000X07SQ6,G10
B000X07TLA,G10
B000X0G92U,G10
B000X1CMXO,G10
B000X1CRY8,G9
B000X1GTCO,G10
B000X1HA4U,G8
B000X1Z0BU,G10
B000X3SZLU,G10
B000X4WKG0,G10
B000X7SD6S,G10
B000X843UC,G10
B000XA5JWG,G10
B000XA5K4I,G10
B000XC0E6K,G8
B000XCVZXG,G10
B000XCZGW2,G10
B000XCZGX6,G10
B000XCZGXG,G10
B000XJ5TOU,G10
B000XJ5TPE,G10
B000XJD30M,G9
B000XJD30W,G7
B000XJD35M,G8
B000XJD3JS,G10
B000XJD3K2,G10
B000XPNZTK,G10
B000XQ4HR8,G10
B000XSKDH4,G10
B000XT1P20,G10
B000XT1P48,G10
B000XT1P5C,G10
B000XUF6AG,G10
B000XUF6BU,G10
B000XUOIQE,G10
B000XUOIQO,G10
B000XUOIQY,G10
B000XXWKFW,G10
B000Y11B7Q,G10
B000Y11BBC,G10
B000Y11BC6,G10
B000Y1NNH2,G10
B000Y5CHIE,G10
B000Y5JFNY,G10
B000Y7U97I,G9
B000Y7U996,G8
B000Y7WGP6,G10
B000Y7ZBZS,G10
B000Y9PC7S,G10
B000YA82GA,G10
B000YAA2SQ,G10
B000YAA68C,G10
B000YAA68W,G10
B000YABIQ6,G10
B000YABV7W,G10
B000YABYLA,G10
B000YAF4MA,G10
B000YAF4Q6,G10
B000YAGYY2,G10
B000YDJG0I,G9
B000YDMIN0,G9
B000YDMPAQ,G7
B000YDMPB0,G10
B000YDMPBA,G10
B000YDMPCO,G10
B000YDOOEQ,G8
B000YENUOK,G10
B000YGGNGK,G10
B000YGGNIS,G10
B000YHQNCI,G10
B000YIGNKY,G10
B000YJOGDE,G10
B000YOX3HE,G10
B000YPUFAQ,G10
B000YQK14K,G7
B000YV1L4E,G10
B000YV1Q2G,G9
B000Z0UEV0,G10
B000Z27HMW,G8
B000Z63ZKG,G10
B000Z6GT18,G10
B000Z6RH7I,G10
B000Z8H1ZE,G10
B000ZECQ08,G10
B000ZKQWHK,G10
B000ZMC1EQ,G10
B000ZMCFIS,G10
B000ZOXDG4,G10
B000ZS8GWQ,G10
B0010358CG,G10
B00104AYGU,G10
B00104AYSI,G9
B00104QSOC,G10
B00104QSOM,G10
B0010BTMBG,G10
B0010IF6NW,G10
B0010L073I,G10
B0010TL6RQ,G10
B0010V4VK8,G10
B0010V60XY,G10
B0010VDYLK,G9
B0010X5X4Y,G10
B0010X744G,G10
B0010X8NKU,G10
B0010X8NMS,G10
B0010XB1WM,G9
B0010YSD7M,G10
B0010YSDB8,G9
B0010YVCAM,G7
B0010YVCAW,G10
B0010YVCB6,G10
B00110EJA0,G10
B00111YM56,G10
B00111YM5G,G9
B001139ZP6,G10
B00113O7MM,G10
B00116495O,G10
B00116GEHU,G7
B00116GEJS,G10
B00116GEK2,G10
B00116VG3M,G10
B00119UD5Q,G10
B0011B9W38,G10
B0011FLGU6,G10
B0011FLM00,G9
B0011G6FDI,G8
B0011HOEY4,G10
B0011N19HI,G10
B0011UMC72,G10
B0011UO8ZQ,G10
B0011UO91E,G10
B0011V7PSC,G10
B0011VR6QI,G10
B0011ZJ5C2,G10
B00123BY6S,G10
B00123GQLG,G10
B001240XKU,G10
B00124ONSI,G10
B00125WATQ,G10
B0012680D0,G10
B00127IU4S,G10
B00127IU9I,G9
B00127R2WY,G10
B00127RAH6,G10
B00127RAIK,G7
B00127RAJ4,G9
B00127RAJE,G7
B00127RAJY,G10
B00128VA6C,G10
B0012DUT3M,G9
B0012E2F60,G10
B0012EM5EC,G10
B0012EM5EW,G10
B0012GVKVE,G10
B0012IV3PA,G9
B0012IWO0I,G10
B0012KJ0CG,G8
B0012KJ0DK,G10
B0012KSUT0,G10
B0012M1KWC,G10
B0012M1KXG,G10
B0012OX7DA,G10
B0012Q3SZ0,G10
B0012Q732O,G8
B0012QCZ54,G10
B0012QCZ5O,G9
B0012QE4PI,G10
B0012QE4Q2,G9
B0012QHUB8,G10
B0012RCNGE,G7
B0012RLXAG,G10
B0012RWQJ8,G10
B0012V4WSW,G10
B0012XSNE4,G10
B0012YN35M,G10
B0012Z36EO,G10
B0012Z36FI,G10
B00132XZFQ,G10
B0013527I4,G10
B001394S1E,G9
B0013D8LCW,G10
B0013D8M3U,G10
B0013D8M44,G10
B0013FSL0C,G10
B0013FSL1Q,G10
B0013FW05Y,G9
B0013FZUQA,G8
B0013FZUQK,G10
B0013GS3WW,G10
B0013J30YU,G8
B0013J55B6,G10
B0013JRDZM,G9
B0013K2ZFY,G10
B0013K7ZUE,G10
B0013KGWBM,G10
B0013KU93E,G10
B0013LL2XY,G10
B0013LRKQC,G10
B0013LRKRQ,G10
B0013LRKVC,G10
B0013LRKVM,G10
B0013NAMLK,G10
B0013RILOG,G10
B0013TMUW8,G10
B0013XS87U,G10
B0013XZ6SY,G10
B00140PK6O,G10
B00141188M,G10
B00143XE5K,G10
B00144H00Y,G10
B001450KCS,G10
B001451HXO,G10
B0014637IQ,G10
B00147AJQ8,G10
B00149JKDO,G8
B00149LMDU,G10
B0014BQR1A,G10
B0014BQR3I,G10
B0014C2FX8,G10
B0014CSNDY,G10
B0014DZ2WS,G10
B0014DZ2XC,G10
B0014E29TQ,G10
B0014E6438,G10
B0014F20GM,G10
B0014FAIX4,G9
B0014FAIXE,G10
B0014FAIYS,G10
B0014IC320,G10
B0014LY9JM,G10
B0014N0X5E,G10
B0014QLEIQ,G10
B0014T7ETQ,G10
B0014VPFKY,G10
B0014VPFM2,G10
B0014VPFVS,G10
B00150N8EY,G10
B00151QYFS,G10
B00151QYYE,G10
B00152R4VK,G10
B00157WT60,G10
B001589S0E,G10
B00158K0V0,G10
B00158NCX8,G10
B0015ABRE2,G10
B0015D20FY,G10
B0015FJYV0,G10
B0015FWKE8,G10
B0015I2S74,G10
B0015OKWKS,G10
B0015OKWL2,G8
B0015P2FNO,G7
B0015XHP4A,G10
B0015XHQVC,G8
B0015XWU9K,G10
B001614F0S,G9
B00164KYTG,G10
B00164KYV4,G10
B001662FIW,G10
B00166UFSY,G10
B00166UFT8,G10
B001675YQ6,G10
B00169E5JQ,G10
B0016AKSQY,G10
B0016GO9CC,G10
B0016I0AGY,G10
B0016I0AH8,G10
B0016KCCCM,G10
B0016KHA10,G10
B0016MJ6GA,G10
B0016MJ73M,G10
B0016MJ73W,G10
B0016MLIKM,G10
B0016MOV9W,G9
B0016OKQOO,G10
B0016PURB0,G10
B0016PWWRC,G10
B0016Q2D1Q,G10
B0016Q2D5M,G10
B0016Q2D66,G9
B00170C15O,G10
B00170LCWC,G10
B001715A92,G10
B00171FPOC,G10
B00175VSBW,G8
B00177Y9ZC,G10
B00177Y9ZW,G8
B00177YA0Q,G8
B00177YA6U,G10
B00177YFYM,G10
B0017ANAX6,G9
B0017ANAZO,G9
B0017ANB08,G10
B0017APPSE,G9
B0017H3UOS,G10
B0017HRJ04,G10
B0017INRGI,G10
B0017IVHHO,G8
B0017KXD1U,G10
B0017LRZ04,G10
B0017MO10U,G10
B0017S66JI,G10
B0017XOF50,G9
B001840TU8,G9
B001870VOY,G10
B00188KD1E,G8
B00188M5TM,G10
B00188NXN4,G10
B00189PSQS,G10
B0018AQ2RG,G10
B0018CNNV2,G10
B0018CWEVW,G10
B0018CWEY4,G10
B0018CWEYO,G10
B0018CWEZ8,G10
B0018CWW96,G10
B0018RKEGY,G10
B0018RWMNM,G10
B0018TAFQ6,G10
B0018Y5NVI,G10
B00190XKN4,G10
B001957A0S,G7
B00195FUDC,G9
B00195I3OU,G10
B00197POXG,G10
B00198J580,G10
B00198X0UO,G10
B00198X0YA,G10
B001992NXI,G10
B001992NYC,G10
B001992NZG,G10
B001992O0K,G10
B001993Y2C,G10
B001993Y9U,G10
B001993YCM,G10
B00199PPP6,G9
B0019CB5T8,G10
B0019D151K,G10
B0019ESNFU,G10
B0019ESNGE,G10
B0019EXZY4,G10
B0019F02XK,G10
B0019F030M,G10
B0019GJ42Y,G9
B0019HQIFE,G10
B0019L0ACM,G7
B0019L770A,G10
B0019LY5IC,G9
B0019LY5IM,G10
B0019M5C0Q,G9
B0019N8P2W,G10
B0019SYV0W,G9
B0019VM63I,G10
B0019X3YX2,G9
B0019ZS0GG,G8
B0019ZYD0I,G10
B001A33ZHG,G10
B001A7X0YA,G10
B001ABRBHI,G10
B001ADXWYC,G10
B001AGNMIK,G10
B001AI774S,G10
B001AI7766,G10
B001AI776G,G10
B001AK3S4O,G10
B001AMHNKW,G10
B001AMU6AG,G9
B001ANQY7Y,G8
B001AOC9G8,G10
B001AOHPXA,G10
B001APZMJI,G10
B001AQBGM4,G10
B001AQMBF0,G10
B001AQO3SS,G10
B001AQO3V0,G10
B001AQO3WY,G10
B001AQR39O,G10
B001AQR3J4,G10
B001AQR3LC,G10
B001AQR3NK,G10
B001AQT112,G10
B001AQT158,G10
B001AR0D40,G10
B001ARDBXK,G10
B001ASIHZG,G10
B001AV3BWC,G7
B001AV3BXG,G9
B001AVCFGK,G10
B001AVCFJM,G10
B001AXU1DC,G10
B001AXU1FK,G10
B001AYJ2Y0,G10
B001AYWY5O,G10
B001AYWY68,G10
B001AYWY6I,G10
B001AYWY7C,G10
B001AZI236,G10
B001AZI23G,G10
B001AZIRYA,G10
B001AZIRZO,G10
B001AZJKKK,G10
B001B0H7DG,G10
B001B151X8,G10
B001B18716,G10
B001B1876Q,G10
B001B187CU,G10
B001B1Q2U4,G10
B001B2U1AA,G10
B001B3LILA,G10
B001B3LILU,G10
B001B3LIOC,G10
B001B3XZAW,G10
B001B43IUS,G10
B001B48C36,G10
B001B73PO4,G10
B001B73PQC,G10
B001B7CNW4,G10
B001B7CNZQ,G10
B001B7CO0K,G10
B001BAJSSI,G10
B001BAWKQU,G10
B001BC4X0O,G10
B001BCO8XQ,G9
B001BCUB46,G10
B001BEK856,G10
B001BEK85Q,G10
B001BEK86K,G8
B001BEK88I,G10
B001BGS16W,G10
B001BL96JI,G9
B001BMGXTI,G10
B001BMN35K,G8
B001BN25YO,G8
B001BN4WHW,G10
B001BN4WI6,G10
B001BNFR80,G9
B001BP3Z9G,G10
B001BSBBG2,G10
B001BSBBGM,G10
B001BTERXK,G10
B001BTZVDA,G10
B001BYLFDA,G10
B001BYLFFS,G10
B001C46P2K,G10
B001C47ZOW,G10
B001C4CI8A,G10
B001C4CI8U,G10
B001C4ZQCU,G10
B001C4ZQEI,G10
B001C8W7EQ,G10
B001CC7POE,G10
B001CCH4RW,G8
B001CDFY50,G9
B001CDLAT4,G10
B001CDLATY,G10
B001CEE1VC,G10
B001CFEBW0,G10
B001CHFM62,G10
B001CIOCJE,G9
B001CIOCNU,G10
B001CIOCP8,G10
B001CK7ONS,G10
B001CO42CA,G10
B001CO42J8,G10
B001CQONMC,G10
B001CQONNQ,G10
B001CQONOA,G10
B001CQONOK,G10
B001CRQ8K6,G10
B001CTA1UM,G10
B001CTDH58,G10
B001CTDH76,G10
B001CXYEVA,G10
B001CZJP0S,G10
B001D261SY,G10
B001D261TI,G10
B001D261TS,G10
B001D265RQ,G10
B001D27GIS,G7
B001D2WU8Y,G10
B001D2WU9I,G9
B001D2WU9S,G10
B001D395NG,G10
B001D5C1FI,G10
B001D7T6A4,G10
B001D7T6AO,G10
B001D7T6CM,G10
B001D7T6N6,G10
B001DB2HTC,G10
B001DE647U,G10
B001DF681G,G10
B001DHXT48,G10
B001DHXT4I,G10
B001DHXT4S,G10
B001DHXT7U,G10
B001DJ7PR8,G9
B001DJ7Q0E,G10
B001DJLD12,G10
B001DJLD1C,G10
B001DJLD1W,G10
B001DJLD26,G10
B001DJLD2G,G10
B001DN0US0,G10
B001DPHDCE,G10
B001DPHDJ2,G10
B001DRF842,G10
B001DSNEJM,G10
B001DSNELU,G10
B001DSNEM4,G10
B001DSNEME,G10
B001DTUTU8,G10
B001DWNUI8,G10
B001DWNUII,G10
B001DWNUIS,G10
B001DXBUCA,G10
B001DXS4DI,G10
B001DZOC46,G10
B001DZOCVY,G7
B001DZOCZU,G10
B001E0O8DA,G10
B001E2PQGG,G10
B001E549KC,G10
B001E6HUWK,G10
B001E75QHU,G10
B001E93EEK,G10
B001E95ZI8,G10
B001E95ZNS,G7
B001EAWMGA,G10
B001EBO90G,G10
B001ECPV8Y,G10
B001ED8QRQ,G10
B001EHDSOS,G10
B001EHDSR0,G10
B001EL6EBS,G10
B001EM1E94,G10
B001EOQWKS,G6
B001EWDXT8,G10
B001EXE2Y2,G10
B001F0TT60,G10
B001F12ISU,G10
B001F2APHU,G10
B001F2HZHI,G9
B001F2JVSO,G8
B001F2U700,G10
B001F2U728,G10
B001F76OKC,G10
B001F76PD8,G10
B001F7AQDS,G10
B001FACH8M,G9
B001FB4VXU,G10
B001FB4VYO,G10
B001FB4VZI,G10
B001FB4VZS,G10
B001FB4W0M,G10
B001FB4W0W,G10
B001FB55H6,G10
B001FB55I0,G10
B001FB55JO,G10
B001FB55KI,G10
B001FB55LC,G10
B001FB55LW,G10
B001FB55M6,G10
B001FB55N0,G10
B001FB55OE,G8
B001FB55XA,G7
B001FB55YE,G10
B001FB5634,G10
B001FBPSW8,G10
B001FBV55W,G10
B001FCD252,G10
B001FDEJF8,G10
B001FFBI9G,G10
B001FJ5D52,G10
B001FOPOD8,G8
B001FSKE84,G10
B001FT4PK6,G10
B001G0MFE2,G10
B001G0MFIS,G10
B001G0MFKQ,G10
B001G0MFL0,G10
B001G0MFLU,G10
B001G0MFM4,G10
B001G0MFME,G10
B001G0MFOM,G9
B001G0MFPG,G10
B001G0MFQK,G10
B001G0MFQU,G10
B001G0N22G,G9
B001G3ENM6,G10
B001G5RSRG,G8
B001G619C0,G10
B001G6UPGG,G10
B001G7FTB6,G10
B001G9CNI6,G9
B001G9CNRC,G9
B001GCUBS2,G10
B001GCUER0,G10
B001GCUNWQ,G10
B001GCUNYO,G10
B001GCUNZI,G10
B001GCUO0W,G10
B001GCUO16,G10
B001GCUO4S,G9
B001GCUO5M,G10
B001GCUO7K,G10
B001GD6VT4,G9
B001GKJ2DY,G10
B001GLX6US,G10
B001GLX74I,G10
B001GMAVGE,G10
B001GMH8WY,G10
B001GP5TL8,G10
B001GP5TLI,G10
B001GP5TLS,G10
B001GR2ZCM,G10
B001GRYOTY,G10
B001GS7AZS,G10
B001GTOABY,G10
B001GU04Y0,G10
B001GUL6BK,G10
B001GUYAZY,G10
B001GXQSWE,G8
B001GXR7A6,G10
B001H5X7JS,G10
B001H606S2,G10
B001H9MYPW,G10
B001H9N870,G10
B001HAO8NM,G10
B001HB1K0A,G10
B001HC7XCS,G10
B001HN68ZU,G10
B001HN6918,G10
B001HN6922,G10
B001HN6940,G10
B001HN697M,G10
B001HN699A,G8
B001HN699K,G8
B001HN69AE,G7
B001HN69B8,G9
B001HN69CC,G10
B001HQZJWK,G10
B001HUHBBS,G10
B001HVZOA2,G10
B001HY3B40,G7
B001HZ4K7G,G9
B001HZ4K80,G10
B001HZXYDC,G10
B001IBCS3C,G10
B001IBIDLI,G8
B001ICUVPS,G10
B001IDW0SS,G10
B001IF3LYS,G10
B001IJO5BW,G10
B001ILFUC8,G10
B001ILHY2C,G10
B001IUOA2U,G10
B001IXXYCE,G10
B001J2SFSC,G10
B001J4E19C,G9
B001J4E1D8,G10
B001J66JQ8,G10
B001J710YS,G6
B001JA8UEI,G9
B001JAHPR6,G10
B001JAHQ0C,G10
B001JAHQ0M,G10
B001JAHQGG,G10
B001JAHREW,G10
B001JAHRF6,G10
B001JAHRGK,G10
B001JAHS50,G10
B001JAHSHI,G10
B001JAHSKU,G10
B001JFKWE4,G10
B001JJMGIU,G9
B001JNNDC4,G9
B001JNNDRY,G10
B001JQ31LO,G10
B001JQHT6M,G5
B001JV5BC6,G10
B001JV5BHQ,G8
B001JXPBRE,G10
B001JXPBS8,G10
B001JXPC28,G10
B001JXPCQ4,G10
B001K2LFNI,G10
B001K98M4Q,G10
B001K98M78,G10
B001KEGR7U,G10
B001KEGRBQ,G10
B001KEGRCA,G10
B001KEHAG2,G10
B001KKU9AU,G10
B001KKU9FA,G10
B001KNAI2Q,G10
B001KO1BB2,G8
B001KO1BCQ,G10
B001KP2J26,G10
B001KP2J2Q,G10
B001KQNZXM,G10
B001KRCDRA,G10
B001KVZ6AM,G10
B001KVZ6ES,G10
B001KVZ6HK,G10
B001KXZGNW,G10
B001KXZGOG,G10
B001KZH2I2,G10
B001KZIRKY,G10
B001L0KHA6,G10
B001L1IDJ2,G10
B001L1RDVQ,G10
B001L1S1PI,G9
B001L1S1WQ,G10
B001L2ZSKS,G10
B001L54TQY,G10
B001L57ZZG,G10
B001L67A46,G9
B001L7XND2,G10
B001L8YQ64,G10
B001L9EXSY,G10
B001L9EXUC,G9
B001LF347E,G10
B001LGFAJS,G10
B001LK8TEM,G10
B001LK8UP0,G10
B001LL9R74,G10
B001LLH8S4,G9
B001LLH8SE,G8
B001LM6VTU,G10
B001LM6VV8,G9
B001LMAKAQ,G10
B001LMU1KU,G10
B001LPWGBY,G10
B001LPWGFA,G10
B001LRTT30,G10
B001LRTT9E,G10
B001M564BQ,G10
B001M5UDGS,G10
B001M6SHA6,G10
B001M9ELQ2,G10
B001MAA6WO,G10
B001MDI9I4,G10
B001MEJYAK,G10
B001MFNB4O,G9
B001MM3AZM,G10
B001MSC61A,G10
B001MT7ZEW,G9
B001MTYRKC,G9
B001MVWM7A,G10
B001MVWRNO,G10
B001MVYUQG,G10
B001MYIXAW,G10
B001MYIXBQ,G8
B001MZ7L7C,G10
B001N26GFC,G8
B001N26GFM,G10
B001N26HFG,G10
B001N2MWGO,G10
B001N2WISQ,G10
B001N4K6LU,G10
B001N4K6M4,G10
B001N5BDX4,G10
B001N6FPRI,G10
B001NCDFUG,G10
B001NFNFIK,G9
B001NFNFMG,G6
B001NFNFN0,G10
B001NGNLEW,G10
B001NGPLCM,G10
B001NJ19KW,G10
B001NP8PQM,G10
B001NPD9JA,G10
B001NPD9PE,G8
B001NPD9R2,G9
B001NPD9RM,G10
B001NPDO90,G10
B001NRY6R2,G10
B001NXDHOO,G10
B001NXDIMK,G10
B001NY6YPW,G10
B001NZ2OPU,G10
B001O0QFRM,G10
B001O0TWY0,G10
B001O0Z82U,G10
B001O2MWGI,G10
B001O2UTRW,G10
B001O4AHJK,G8
B001O4C6NA,G10
B001O4KBNM,G10
B001OMU6UM,G10
B001OQCUYS,G10
B001OQCUZM,G10
B001OQCV1K,G10
B001OQCV2E,G9
B001OQCV5G,G10
B001OQCVFQ,G10
B001OQCVH4,G9
B001OQCVI8,G10
B001OXLGKA,G10
B001P3SA9O,G10
B001P42YCW,G10
B001P4Q3CY,G9
B001P5I5ME,G10
B001P5YIQQ,G10
B001P5YIR0,G10
B001P7YD7I,G10
B001P8OG3M,G10
B001P9KR94,G10
B001P9N94E,G8
B001P9N99O,G9
B001P9N9BW,G10
B001PKHS90,G10
B001PMR2KS,G10
B001PMRK0K,G10
B001PO53IO,G10
B001PO54OM,G10
B001PO54V0,G10
B001PO550A,G10
B001PO556E,G10
B001PO5N6G,G10
B001PO6BYE,G10
B001PO7J9A,G10
B001PPGAIK,G10
B001PR0XZO,G10
B001PR0Y4O,G10
B001PR0Y7Q,G10
B001PR0YEE,G10
B001PR0YGC,G9
B001PR1ZNS,G8
B001PUTN34,G10
B001PUTN3Y,G10
B001PWY4U4,G10
B001Q94TRO,G10
B001QB5SS6,G10
B001QDBX6A,G5
B001QDF5VE,G10
B001QIVEVE,G10
B001QIVEVO,G10
B001QLKI18,G10
B001QMCJ1E,G10
B001QOGXUA,G10
B001QOGY4U,G10
B001QOGY6I,G10
B001QOGYAO,G9
B001QOGYBI,G10
B001QOGYFY,G9
B001QU880M,G10
B001QUF7DS,G10
B001QZZZPS,G5
B001R10BD2,G10
B001R10BIW,G8
B001R10BJG,G9
B001R1HEMI,G10
B001R3YRIA,G10
B001R60ESE,G10
B001R67UEA,G10
B001R7IH5A,G10
B001R88C72,G9
B001R8B5TO,G10
B001RE9HDY,G10
B001REZM74,G10
B001RHGRPW,G10
B001RIZE3M,G10
B001RP974C,G10
B001RP974W,G7
B001RP975Q,G7
B001RP976A,G7
B001RPZE26,G8
B001RTCP1U,G10
B001RTKKRQ,G10
B001RTP3Z0,G10
B001RTSPVY,G10
B001RVPOPW,G9
B001RXB4H2,G10
B001RXB4K4,G10
B001RXDM1I,G10
B001S3GDT0,G10
B001S86IYK,G10
B001S86IZE,G10
B001SF8FLW,G10
B001SLNPTI,G10
B001SO6KNS,G10
B001SSNN2A,G10
B001T21R50,G10
B001T7O25M,G10
B001TC8PNM,G7
B001TGU6IK,G10
B001TH92N4,G10
B001TK80FC,G10
B001TKJDIU,G10
B001TKNWVE,G10
B001TOD6N4,G10
B001TOPYY8,G10
B001TRDQIQ,G9
B001TUZGPO,G10
B001TWT0DQ,G10
B001U06NBE,G10
B001U0HBQK,G9
B001U1RM40,G9
B001U3D88M,G10
B001U3EONK,G10
B001U3ZYX4,G10
B001U7IJVO,G10
B001UHO102,G10
B001UHO18Y,G10
B001UHOWX8,G10
B001UHOWYM,G10
B001UJE98Y,G10
B001UJENPS,G10
B001UJIMIC,G9
B001ULCY48,G10
B001US3XQY,G10
B001UV4X4W,G10
B001UV4X8S,G8
B001UV4XEM,G10
B001UV4XFQ,G10
B001UV4XHE,G10
B001UV4XI8,G10
B001UV4XIS,G10
B001UV4XS8,G10
B001UV4XUQ,G10
B001UV4XW4,G10
B001UV4XWY,G8
B001UV4XY2,G10
B001UW59JO,G10
B001UWOLQG,G10
B001V7P2W2,G10
B001V7UX4E,G10
B001V7UX4O,G10
B001V7YZBQ,G10
B001VB8UGS,G10
B001VC995S,G10
B001VEJK6Y,G9
B001VFM0TW,G10
B001VLFE76,G10
B001VPJYZK,G10
B001W2HZ0S,G10
B001W79MBI,G10
B001W8JY7Y,G10
B001WAKFP2,G10
B001WAKOW6,G10
B001WAKOX0,G10
B001XRLWLU,G10
B001XRLWPQ,G10
B001XURJCS,G10
B001Y7CVZU,G10
B001YMDCE4,G10
B001YTTWP0,G10
B001YY6UR8,G10
B0020TS5EM,G10
B0020TS5EW,G10
B0021AENJG,G10
B0021GYDAE,G10
B0021L8UG2,G9
B0021L8UHQ,G10
B0021L8UMQ,G10
B0021L8UO4,G10
B0021L8UOY,G10
B0021L8UPS,G10
B0021L8UXK,G10
B0021L8UZ8,G8
B0021L8UZS,G9
B0021L8V0W,G10
B0021L8V1Q,G10
B0021L8V2K,G10
B0021L8V34,G9
B0021L8V3Y,G10
B0021NXN7G,G10
B0023TZ3QC,G10
B0023UZBBI,G10
B00242KD1S,G10
B0024396EM,G10
B0024396EW,G10
B00243HD2Y,G10
B00246QGHE,G10
B0024F08TW,G10
B0024FABCG,G10
B0024FAR4S,G10
B0024FAR52,G10
B0024NSFZI,G10
B0024OW1QQ,G10
B0025KVKDE,G10
B0025KVKDO,G10
B0025KVNOU,G10
B0025KVTLW,G10
B0025MEREQ,G10
B0025VLEMK,G10
B00264GB74,G10
B00264H48O,G10
B00265T7O2,G10
B00266PDZ8,G10
B00267N3E0,G10
B0026I0NEC,G10
B0026IQTR2,G10
B0026OE2O8,G10
B0026P61FA,G10
B0026QDNC8,G9
B0026RX2VE,G10
B0026S2TU8,G10
B0026ZQBK0,G10
B00274SITW,G10
B00275EGX8,G10
B00275EHC8,G9
B00275EHFU,G10
B00275EHI2,G10
B00275EHJG,G10
B00277Q2UG,G7
B00277Q2UQ,G9
B00278FS8M,G10
B00279MJHE,G10
B0027BOL46,G6
B0027BOL4G,G10
B0027CSMYA,G10
B0027CT65E,G10
B0027FG29Y,G10
B0027P94CQ,G10
B0027UY88G,G10
B0027VST2Q,G10
B00280LZAE,G10
B0028RABS4,G10
B0028RY4LE,G10
B0028S10XS,G9
B0028S110A,G10
B0028SVXVM,G10
B0028Y4SPO,G10
B00290X6NW,G10
B002945DU2,G10
B00294Y722,G10
B0029LI69A,G10
B0029O0ANW,G9
B0029RVZGA,G8
B0029SESZY,G10
B0029W2V9U,G9
B0029WLJHK,G10
B0029Z8K60,G10
B0029ZUQB2,G10
B002A5EBLW,G10
B002AK9UPO,G10
B002AK9URM,G7
B002AK9UUO,G10
B002AL2TYC,G10
B002AL2TYM,G10
B002AL2TYW,G10
B002AMUDJY,G10
B002AMUDK8,G10
B002AMVEDI,G10
B002AMVEF6,G10
B002AMVEHY,G10
B002AMW108,G10
B002APNJCO,G10
B002AQDDTM,G8
B002AT4KA0,G10
B002BDV5OE,G10
B002BFBAWO,G9
B002BFBAYW,G9
B002BIULQC,G10
B002BPVHYU,G10
B002BVYBJW,G10
B002BWP2BW,G10
B002BWP2EY,G10
B002BWP2IK,G10
B002BWP2JO,G10
B002BWP3UC,G10
B002BWP3WA,G10
B002BWP49C,G10
B002BWP4A6,G10
B002BXGIPA,G10
B002BYSG0Y,G10
B002BYYA9A,G10
B002BZTNIC,G10
B002C39SQU,G10
B002C4JUWG,G10
B002C6VMG6,G10
B002C7ELU4,G10
B002CAWNDS,G9
B002CGT0TW,G10
B002CLKP00,G10
B002CMGO5O,G10
B002CYIR34,G10
B002D1XK74,G10
B002D1XKB0,G10
B002DH20PQ,G10
B002DH20YM,G10
B002DKGWSE,G10
B002DP0J24,G10
B002DU39IU,G10
B002DU39J4,G10
B002DUJ9NE,G10
B002DUJ9Q6,G10
B002DYJTVW,G10
B002E01LQ6,G10
B002E2M5IC,G9
B002E9HML0,G10
B002EAKWCU,G9
B002EEOE34,G10
B002EL4RLQ,G10
B002EOVXB0,G9
B002EWD0BI,G10
B002EWD0BS,G10
B002EWD0D6,G10
B002F6MPY6,G10
B002FA5NNW,G10
B002FLOTPO,G10
B002FLZM7S,G9
B002FLZM8M,G10
B002FLZM9G,G8
B002FVPFU2,G9
B002GSXKO2,G10
B002GSXKP6,G10
B002GSXKPG,G10
B002H02V9O,G10
B002H3EU9A,G9
B002HEXVUI,G10
B002HRF68A,G9
B002HWUU3G,G10
B002I0DJKI,G8
B002I41KLE,G8
B002IDVUJM,G10
B002IFUCYE,G10
B002ITB3PM,G10
B002ITSAI0,G10
B002JCSWVG,G10
B002JT6A7M,G8
B002JVWR4A,G10
B002K52G8W,G9
B002KD9C22,G10
B002KGVB7S,G10
B002KISB56,G10
B002KJAIG0,G10
B002KLAL88,G8
B002KSA4F6,G10
B002L5GQMI,G9
B002L9N4N8,G10
B002LFPAUM,G10
B002LFPBOM,G9
B002LITRJ4,G10
B002LSI1GY,G9
B002LYD2M6,G10
B002M0HOV4,G10
B002M2T1UO,G10
B002M3JJE6,G10
B002M3JJEG,G10
B002MUAXJY,G10
B002MZZMRM,G10
B002N57KGM,G10
B002N5N4FS,G10
B002N5N5LG,G10
B002N5N5M0,G10
B002N5N5UM,G8
B002N7HXJ4,G7
B002NWRMO0,G10
B002O3Z4WU,G10
B002OCX6YO,G10
B002OEBRJ8,G8
B002OID512,G10
B002OMIKHC,G10
B002OMIKLI,G10
B002OOWKRQ,G10
B002OVO18A,G9
B002P7UCJ0,G9
B002PCVLWW,G10
B002PLMJ74,G10
B002PLPQME,G8
B002PNW79C,G9
B002PTTL22,G10
B002Q8GKLM,G10
B002Q9MZEM,G10
B002QEHPQA,G10
B002QH4R54,G9
B002QW7AJY,G10
B002QW7ALW,G10
B002R0EIVI,G10
B002R0ELCY,G10
B002R8JG5I,G8
B002RABPC8,G8
B002RBNNTA,G9
B002RBZ13Q,G10
B002RD55KI,G10
B002RD55M6,G10
B002RD55NK,G10
B002RD55PS,G10
B002RNOS4M,G10
B002RSDW80,G10
B002RUNMMO,G10
B002RVZV9U,G10
B002S0OB8W,G8
B002SAJ6E6,G10
B002SAJ6EQ,G10
B002SAMMQK,G10
B002SCQKGQ,G10
B002SJIO5O,G10
B002SQFZ68,G10
B002SVP9GO,G10
B002SYAGN2,G9
B002SZQC7K,G10
B002T4GXUQ,G10
B002T5QM92,G10
B002TCRQ6S,G10
B002TOJOY8,G10
B002TVQ48K,G9
B002U0KHNS,G8
B002U573W6,G10
B002UNHFWG,G10
B002UNMW7O,G10
B002UPA4ZY,G10
B002USF1VS,G9
B002UZCJ8Y,G10
B002VECLVY,G10
B002VECMB8,G10
B002VKB0LU,G10
B002VKB0MO,G10
B002VKE17U,G9
B002VKE1K2,G9
B002VL5BWS,G10
B002VPE1BQ,G9
B002VPTJNQ,G10
B002VPTJOK,G9
B002VWOMZ4,G10
B002W1HBLQ,G10
B002WCLG3Y,G9
B002WNU0QW,G10
B002WNUVJS,G10
B002WY65VA,G10
B002XAZ87K,G9
B002XKKX7K,G10
B002XTBE60,G9
B002XTBECY,G10
B002XTBEDI,G10
B002Y0KR70,G10
B002Y5FKRW,G10
B002Y5UCOS,G10
B002Y7ZELW,G10
B002YBUX0K,G10
B002YE26MA,G10
B002YGSZBY,G10
B002YKFLBM,G10
B002YMWQ2M,G10
B002Z7FN7Q,G10
B002ZCY7QY,G10
B002ZCY7SW,G10
B002ZCY80O,G10
B002ZCY82W,G10
B002ZCY85E,G10
B002ZCY868,G10
B002ZCY872,G10
B002ZCY8CW,G10
B002ZFEQ76,G10
B002ZG9724,G8
B002ZG975Q,G10
B002ZG9774,G10
B002ZG9788,G9
B002ZG97EC,G10
B002ZG97M4,G10
B002ZG97RY,G9
B002ZG97WO,G9
B002ZG97XI,G9
B002ZG97Z6,G10
B002ZG9846,G10
B002ZG986E,G10
B002ZG988W,G10
B002ZG98DM,G10
B002ZG98L4,G10
B002ZG98LO,G10
B002ZG98OQ,G10
B002ZG9904,G10
B002ZG996I,G10
B002ZG9990,G9
B002ZG99HC,G10
B002ZG99MC,G10
B002ZG99UY,G9
B002ZGW92Y,G10
B002ZTNJ2A,G10
B0030BOCE6,G10
B0030BYWU0,G10
B0030CIG74,G10
B0030CRK4E,G10
B0030DGHL0,G9
B0030GCZM2,G10
B0030HT8FS,G9
B0030U1TFW,G10
B0030VANJO,G10
B0030Y0I1Y,G10
B0030Y12A0,G10
B0031DDG9A,G10
B0031RAOVY,G10
B0031REQJ0,G10
B0031XLT3U,G10
B0032BWL10,G10
B0032JTV38,G10
B0032LV4KY,G10
B0032LV4NG,G10
B0033AGJ5Y,G9
B0033AGJ68,G10
B0033U3DNA,G8
B0033XUHAY,G10
B003498RT0,G10
B0034G4P7Q,G10
B0034JKZ8G,G10
B0035JHYGQ,G8
B0035JHYIY,G10
B0035JHYJI,G10
B0035MA5HS,G10
B0035RWG0M,G10
B00364K7AU,G10
B00366E1E6,G10
B00369ERCY,G10
B0036EH3WU,G10
B0036EH3X4,G10
B0036RPM98,G10
B0036TGSJE,G10
B0036TGSWG,G10
B0036TGTEI,G10
B00376AVIA,G7
B0037B2WOG,G10
B0037QGS0A,G10
B0037TIIR8,G10
B0037TVOD8,G10
B00382S9MS,G8
B00383XZP8,G10
B00388PK7O,G10
B0038ASYTI,G10
B0038JE376,G10
B0038M2AOQ,G10
B0038M2APA,G10
B0038M2AWI,G10
B0038M2S2A,G10
B0038N9X3Q,G10
B0038Q9Q6W,G10
B0038YX20U,G8
B00395ATT0,G10
B0039UAA58,G5
B0039USJBK,G10
B0039UT3LK,G10
B0039XFD20,G10
B003A8FET6,G10
B003AIL24C,G10
B003AQTJG2,G8
B003B3V0UM,G10
B003BEDAVS,G10
B003BJODJQ,G10
B003BLPEHE,G10
B003CI2G6S,G9
B003CJXJ8Q,G9
B003CPPY74,G10
B003CT4XPO,G10
B003CWEQ7G,G10
B003CYLO42,G10
B003DBLDKE,G10
B003DQN5DW,G8
B003DU50U4,G10
B003DWS04U,G6
B003DZX46G,G10
B003E1QDAI,G10
B003E4B0H6,G10
B003E51VUQ,G10
B003E697MY,G8
B003ELOQD4,G10
B003ES5JDS,G10
B003ES5JEC,G10
B003EV6DCG,G10
B003EYVXTQ,G10
B003F1WA7C,G10
B003F2LH34,G10
B003F3NDOO,G10
B003F3NDP8,G10
B003F3NE1Q,G10
B003FSTN70,G10
B003FSTN84,G10
B003FTM18C,G7
B003FTM18W,G10
B003FXXNH6,G10
B003G715ZS,G10
B003GAMN6K,G10
B003GAMOIW,G10
B003GAMOL4,G9
B003GAMOLY,G10
B003H5WF3U,G10
B003H6KRKC,G10
B003H8F2WI,G10
B003H8F3A4,G10
B003H8F3AY,G9
B003HC9JIW,G10
B003HFUVQI,G10
B003ICWTR4,G10
B003IHUI0O,G10
B003IMERF6,G10
B003INBNXY,G10
B003IRUFBG,G10
B003IRUFCA,G10
B003IY498Y,G9
B003J27WFW,G10
B003JHXS1E,G10
B003JLL2RW,G10
B003JYOFOQ,G6
B003JZCVR8,G10
B003JZCVT6,G10
B003K02EV0,G10
B003K2G0TA,G10
B003K7FB7C,G10
B003KJ7BN2,G8
B003KZ27N0,G10
B003L16FC2,G10
B003L1ZWG2,G9
B003L20IF6,G8
B003L20IFQ,G8
B003L20IG0,G10
B003L20IJW,G10
B003L20ILA,G10
B003L77FXE,G10
B003L77FYS,G10
B003L77G06,G10
B003L77G1K,G10
B003L77G2Y,G10
B003L77G6A,G10
B003L77G6U,G10
B003L77GDS,G10
B003L77GE2,G10
B003L77GG0,G10
B003L77GGK,G10
B003L77GHE,G10
B003L77GJM,G10
B003L77GMO,G10
B003L77GPG,G10
B003L77GTM,G10
B003L77GVK,G10
B003L77H1E,G10
B003LLVVX0,G10
B003LSTWH0,G10
B003M8NG58,G10
B003M8OHVU,G10
B003MRD9KQ,G10
B003MSY968,G7
B003ND0ATC,G10
B003NEVW8E,G9
B003NFM3JK,G10
B003NHMYHY,G8
B003NKU9AK,G10
B003NOCXB4,G10
B003O9IY98,G10
B003OCWF6I,G10
B003P0W1KE,G10
B003P3DZDI,G10
B003P6PWAE,G7
B003PJ1UTS,G9
B003PU82CU,G8
B003Q6D27S,G10
B003Q6D2B4,G10
B003Q7B6ZC,G10
B003QF1N7K,G10
B003QP4CNC,G10
B003QP4CZA,G10
B003QS0E54,G10
B003R0MEOA,G10
B003R0MEW2,G10
B003R0MEYA,G10
B003R0MEZ4,G10
B003R0MEZO,G10
B003R0MF08,G10
B003R0MF0S,G10
B003R0MF1W,G10
B003R0MF3K,G10
B003R0MF5I,G10
B003R0MF6W,G10
B003R0MF7G,G10
B003R4ZMO0,G10
B003R4ZMOK,G10
B003R4ZMPE,G10
B003R4ZMQI,G10
B003R4ZMS6,G10
B003RACH88,G10
B003RACHB0,G9
B003RHZ66Q,G10
B003RHZ6CK,G10
B003RRXU3C,G10
B003SLEDJC,G10
B003SPDS7G,G10
B003SPDSAI,G10
B003SPDSBM,G10
B003T9YANM,G10
B003TLMPHI,G10
B003TO541O,G10
B003TT2X7M,G9
B003U0AHBO,G10
B003U4H0CE,G10
B003U9XZYQ,G10
B003UCA4XI,G10
B003UCA55K,G10
B003UD7J62,G10
B003UD7J9E,G10
B003UD7JC6,G10
B003UD7JEE,G10
B003UESJC4,G9
B003UESJF6,G10
B003UESJHE,G10
B003UESJHY,G10
B003UESJII,G10
B003UESJME,G10
B003UH3RQO,G10
B003ULW71Q,G10
B003UMW69I,G10
B003UU65QK,G10
B003V3FSO6,G10
B003V924K6,G9
B003VB5E2E,G10
B003VJTGNE,G10
B003VRV9DG,G8
B003VS0CXI,G10
B003VWDK06,G10
B003W5C0VW,G10
B003WEAW18,G10
B003WEAW2C,G10
B003WOUP2O,G10
B003X1VJ1M,G9
B003X27I8O,G10
B003X2P90S,G10
B003X2P98U,G10
B003X3CF68,G10
B003X3O2VY,G4
B003X4KHRG,G10
B003XFN1Z0,G9
B003XM707S,G10
B003XMKN40,G10
B003XMKU0M,G10
B003Y5H4W0,G10
B003Y5H4ZM,G10
B003Y5H4ZW,G9
B003Y5H51K,G9
B003Y5H54W,G10
B003Y5H57E,G10
B003Y5H5BA,G10
B003Y5H5C4,G9
B003Y5H5FG,G10
B003Y5H5GU,G8
B003Y5H5HO,G10
B003Y5HWFO,G10
B003Y5HWMW,G10
B003Y9NXDK,G10
B003YDZV72,G6
B003YJEO24,G10
B003YKDPCI,G10
B003YKYX7O,G9
B003YKYX9M,G10
B003YLM77G,G10
B003YUBZ7A,G10
B003YVP5FM,G10
B003YZGWOQ,G9
B003Z3CZGG,G10
B003Z8ZC2A,G10
B003Z8ZCD4,G10
B003ZJK4HW,G10
B003ZMCCQA,G10
B003ZUO6OS,G10
B003ZVL0V4,G10
B003ZVU1P0,G10
B003ZXNCH2,G10
B004047Y06,G10
B00404ME0G,G10
B00404ME0Q,G10
B00404ME1A,G10
B00406UJZG,G10
B00406UK00,G7
B0040QTNSU,G10
B0041ETK2A,G10
B0041H55LM,G10
B0041H55SA,G10
B0041KKYDI,G10
B0041KKYEM,G9
B0041KKYH4,G9
B0041KKZIW,G9
B0041KW8L4,G10
B0041UUNU2,G10
B0042AGNBE,G10
B0042AM386,G10
B0042DN4XG,G9
B0042EJD8A,G10
B0042FDCMM,G10
B0042I6528,G10
B0042JGGEO,G10
B0042L0P1C,G9
B0042SSO1I,G10
B0042U9B3Q,G9
B0042ZTQ3G,G10
B00432QAKK,G10
B0043988G2,G10
B00439GDQ4,G5
B0043CT8KO,G10
B0043LUR6E,G10
B0043SQI9W,G10
B0043URV1O,G10
B0043VUHXC,G10
B00440FO6M,G10
B00443FMKM,G10
B004498KPU,G10
B00449C4BQ,G10
B0044CM7YC,G10
B0044WNK7U,G10
B00450AG1Y,G10
B0045JJ1O8,G9
B00461VOPO,G7
B00465I1BA,G10
B00466H3A4,G10
B00466HN86,G10
B00466HOR6,G10
B0046A9RMC,G10
B0046GDYLQ,G10
B0046H0HZ6,G10
B0046HBKUC,G10
B0046MOVD0,G10
B0046ZE3OE,G10
B0046ZT40W,G10
B00471JT50,G10
B0047BXQZY,G10
B0047BXR44,G10
B0047EGK9A,G10
B0048IW0KS,G10
B0048LPRCS,G9
B0048LPRDC,G10
B004919RHI,G8
B00498NBE6,G10
B0049EO108,G10
B0049EOFCC,G10
B0049EVR1O,G10
B0049EVR32,G9
B0049J515W,G10
B0049P1ZZQ,G10
B0049SF8W4,G10
B0049TC8C6,G10
B0049TC8CQ,G10
B004A8ZWT2,G10
B004A8ZWUQ,G10
B004A8ZWVA,G9
B004A8ZWVU,G10
B004A8ZWW4,G10
B004A8ZWWO,G10
B004A8ZX1O,G10
B004A8ZX28,G10
B004A8ZX32,G9
B004A8ZX3C,G10
B004A8ZX4G,G10
B004AC6PN0,G10
B004AE3QY4,G9
B004AFUJGG,G10
B004AGKE7Y,G10
B004AHAEV4,G10
B004AN1VJ2,G8
B004AODY3C,G10
B004AUP3EY,G10
B004AUP3F8,G10
B004AV5GX6,G8
B004AWPDZQ,G10
B004AYMY92,G10
B004B3PB74,G10
B004B63M1S,G10
B004B93RC4,G8
B004BBDHFO,G10
B004BDOEZO,G10
B004BDOF1C,G10
B004BLJQOK,G10
B004BR7XLM,G10
B004BR83KC,G10
B004BZ5AM8,G8
B004C03THU,G10
B004C03TK2,G10
B004C1W1VY,G10
B004C45AZU,G10
B004CCNB58,G10
B004CFH9F8,G10
B004CJQVI0,G10
B004CJQVQC,G10
B004CRR9IS,G10
B004CSBVJ0,G10
B004CWLRIG,G8
B004CYECFE,G10
B004CYVZ1I,G9
B004DCB0ZU,G10
B004DMIIPA,G10
B004DMIIPK,G9
B004DOTKDM,G10
B004DTLK76,G10
B004DY3N9Y,G9
B004EC5IWU,G8
B004EE30C8,G10
B004EFCVPE,G10
B004EI2NOK,G10
B004EI2NPO,G10
B004EPYSBE,G10
B004EPYZCQ,G9
B004EPYZDK,G10
B004EPYZHQ,G10
B004EPYZNU,G10
B004EPYZOE,G10
B004EPYZOY,G10
B004EPYZP8,G10
B004EPYZQ2,G10
B004EPYZQC,G10
B004EPYZRG,G9
B004EPYZSA,G9
B004EPYZTE,G8
B004EPYZU8,G10
B004EPYZUS,G10
B004EPYZVW,G10
B004EPYZXK,G7
B004EPZ00M,G10
B004EPZ01G,G10
B004EPZ02A,G9
B004EPZ03E,G10
B004EPZ03O,G10
B004EPZ06Q,G9
B004EPZ070,G10
B004EPZ07K,G10
B004EPZ08E,G10
B004EPZ08O,G10
B004EPZ0AM,G10
B004EPZ0BG,G10
B004FGA2LM,G10
B004FK2MWA,G10
B004FM2EL2,G10
B004FOPFFC,G10
B004FUKLIW,G9
B004FUYSV8,G10
B004FV4R8G,G10
B004G5Z0DW,G10
B004GHNG6I,G9
B004GIIHYI,G10
B004GJYRF0,G10
B004GSVXAS,G10
B004GZZH8A,G10
B004H4N13S,G10
B004H83IGY,G10
B004HO6HWK,G10
B004HO6HY8,G10
B004HO6I2O,G9
B004HO6I4M,G10
B004HW7JI8,G10
B004I11VZ0,G10
B004I1K4MQ,G10
B004I2K4E8,G10
B004I85CY4,G10
B004I8WHCO,G10
B004I8WN1E,G10
B004I9SJFW,G10
B004IB04NK,G10
B004IEBRSI,G10
B004IFYMWK,G10
B004IS1URC,G6
B004ISM6E8,G10
B004IWR06S,G9
B004IY1AW6,G8
B004J35K0O,G10
B004J713JW,G10
B004JUJNNC,G10
B004K4FU9S,G10
B004K4FUUC,G10
B004K6FS5W,G10
B004K8WJ4S,G10
B004KCAYXC,G10
B004KDYR5W,G10
B004KPD1IO,G10
B004KSRML8,G10
B004KV9312,G10
B004KX70FQ,G10
B004KZH5JK,G9
B004L03B3S,G10
B004L1DB9G,G10
B004L3AR0K,G10
B004L5GY82,G10
B004L9GM5S,G10
B004LO0AJM,G10
B004LROMS4,G10
B004LROMSY,G9
B004LROMT8,G10
B004LROMWU,G10
B004LV3VQE,G10
B004LVOX7K,G10
B004LWJ6RG,G10
B004LWZVZM,G10
B004LWZW0G,G10
B004LWZW24,G10
B004LWZW2E,G10
B004LWZW2Y,G10
B004LWZW4C,G10
B004LWZW4M,G10
B004LWZW5G,G8
B004LWZW6A,G10
B004LWZW6U,G8
B004LWZW7E,G10
B004LWZW7Y,G10
B004LWZW8S,G9
B004LWZWA6,G10
B004LWZWBU,G10
B004LWZWFQ,G10
B004LWZWGK,G10
B004LXBKEC,G9
B004LYWFNG,G7
B004M3M5F4,G10
B004M7YRXS,G9
B004M9ZI0M,G10
B004MCGNSU,G10
B004MFT1PO,G10
B004MKMQJW,G10
B004MOFGFO,G10
B004MPRCTG,G10
B004MPRNAE,G10
B004MW57BY,G10
B004MYH08U,G8
B004MYOYFC,G10
B004N21KIC,G9
B004N5UTUE,G10
B004NJC0R0,G10
B004NMFWNQ,G10
B004O0H6BS,G10
B004O8OLNQ,G10
B004OBZMBS,G10
B004OC006Y,G10
B004ODLUGM,G10
B004OSVTRW,G10
B004OT7PMO,G10
B004P1IXHW,G9
B004P1IXJ0,G10
B004P9FAKM,G10
B004QC6HKK,G10
B004QIG7CW,G10
B004QL7JYY,G8
B004QL7K6G,G9
B004QL7K70,G10
B004QO9H28,G10
B004QOB8SO,G10
B004QOB8UC,G10
B004QSQMG8,G10
B004QWSU46,G10
B004QXJZXK,G10
B004R35DLW,G10
B004R67RC2,G9
B004RAIZ8I,G10
B004RE29T0,G10
B004RUEXVQ,G10
B004S6E91S,G10
B004SGWYW4,G10
B004SIPAFK,G10
B004SKI7B2,G10
B004SKQAJI,G10
B004SO26RE,G10
B004SUDQ4A,G7
B004T3BDXW,G10
B004TFTE90,G10
B004TJ1H1Y,G10
B004U2RBGU,G10
B004U33NHA,G10
B004UA8D14,G6
B004UGCVX4,G10
B004UIFZQC,G10
B004ULEEY8,G10
B004ULNJF8,G10
B004ULNJJ4,G10
B004UMAPUO,G10
B004UOHNAC,G10
B004UQPM4E,G10
B004USUPAI,G10
B004UVYQVY,G9
B004UXUUJE,G10
B004UXUWEC,G9
B004UXUWTW,G10
B004UXUX4Q,G10
B004UXVDJA,G10
B004UXVDOA,G10
B004UXVEUS,G10
B004UXVFIO,G10
B004V2S4SS,G10
B004V6AISS,G7
B004VF63Z6,G10
B004VLLWB0,G10
B004VLLWBU,G8
B004VM2FKG,G10
B004VRL4BM,G10
B004W48KHK,G8
B004W75BQU,G10
B004WBC43E,G9
B004WJT5FG,G10
B004WJT5H4,G10
B004WKRQTM,G10
B004WMOSIC,G10
B004WOAGCC,G6
B004WOAGGI,G10
B004WOAGIG,G7
B004WOQFOA,G10
B004X0MHEU,G10
B004X181TY,G10
B004X1M4FG,G10
B004X1STT6,G10
B004X1Z14C,G10
B004X4O988,G10
B004X63SG0,G7
B004X7I7A6,G10
B004X83UHA,G10
B004X8AIF2,G10
B004X9YNNO,G10
B004XAM0Q0,G10
B004XC5LHS,G10
B004XCM89M,G9
B004XCUEXY,G10
B004XFZ47C,G10
B004XKUFY4,G10
B004XKVQKQ,G10
B004XQO90E,G10
B004XWLN20,G10
B004YDSNMQ,G10
B004YHRZJY,G10
B004YJZ5PI,G10
B004YJZB4S,G9
B004YM6IZ6,G10
B004YM6JK0,G10
B004YM6JLO,G10
B004YM6JUA,G10
B004YVO5ZM,G10
B004YZ3M16,G10
B004Z29WWG,G10
B004Z29XEI,G9
B004Z74X0M,G10
B004Z7AHTI,G10
B004ZB92G8,G10
B004ZBA9P6,G10
B004ZBAB3Q,G10
B004ZDY400,G10
B004ZENT1E,G10
B004ZJ9VXY,G10
B004ZKKL32,G10
B004ZZDYDG,G10
B00505QA90,G10
B0050A52BC,G10
B0050ITR4W,G8
B0050JN814,G10
B0050JN8BE,G10
B0050MB43A,G10
B0050MB5N4,G10
B0050MB5NO,G10
B0050N0UR0,G10
B0050N0US4,G10
B0050O9YGW,G10
B0050PYNO4,G10
B0050UEVFU,G10
B00511N7B2,G10
B00518JDWW,G10
B0051938XQ,G8
B00519BOV4,G9
B00519BOY6,G6
B0051CSIL0,G10
B0051GLDQI,G10
B0051GOB2G,G10
B0051MKMNC,G10
B0051T480I,G10
B00527QY88,G10
B00527QYOW,G9
B0052O3OAW,G10
B0052P61WO,G10
B0052T1EBS,G10
B0052T1EDQ,G10
B0052T6XLY,G10
B0052WKZY2,G10
B0052WNHQU,G10
B0052XI5HK,G10
B0052YWHTQ,G8
B0052ZFFT4,G10
B0052ZFYEK,G8
B0053O022O,G9
B0053O89IS,G10
B0053O89JM,G10
B0053O89KG,G10
B0053O89QU,G10
B0053O89U6,G10
B0053O89WY,G10
B0053O89YM,G10
B0053O89Z6,G10
B0053O8A50,G10
B0053O8A5K,G10
B0053O8A8M,G10
B0053O8AAK,G10
B0053O8ACS,G10
B0053O8AFK,G10
B0053O8AGY,G10
B0053O8ALE,G10
B0053O8AQE,G10
B0053PTFDK,G10
B0053WQE6O,G9
B0053XZ8YC,G9
B0053XZ95U,G10
B0053ZHZI2,G10
B00543R3WG,G10
B005452D24,G10
B0054JELWU,G10
B0054K8JSG,G10
B0054PSXZK,G10
B0054PSY40,G7
B0054PSY54,G10
B00553K8FY,G10
B00553K9Z8,G10
B00553KAHA,G9
B00553KAK2,G10
B00559SGCU,G10
B0055CP9LS,G5
B0055EAJ7A,G10
B0055HK6UW,G10
B0055HK6VG,G10
B0055OG9PQ,G10
B0055OTDCM,G10
B0055Q2WMS,G10
B0055SJX4Q,G10
B0055SNHP2,G10
B0055SNHQ6,G10
B0055SNHQG,G10
B0055SOAAI,G10
B0055UA1KO,G10
B00560317S,G10
B0056031LE,G10
B0056031NW,G10
B00561BNI6,G8
B00564HZYY,G8
B00567TCD8,G10
B0056AJD9S,G8
B0056G1AM0,G10
B0056IXS7S,G10
B0056P6SP0,G7
B0056YMDWS,G10
B005775M2C,G8
B00579YI1G,G7
B0057ACEDO,G10
B0057GUD7C,G10
B0057GUGGU,G9
B0057J5BMG,G10
B0057JIR0Y,G10
B0057O6IGY,G10
B00584A7MY,G10
B0058GVP5U,G10
B0058ILL2K,G10
B0058JN4X8,G10
B0058KGHX6,G10
B0058M07US,G10
B0058N2SBS,G10
B0058O1FIY,G10
B0058UHR6W,G10
B0058YPG1G,G10
B0058YPGVQ,G10
B0058YPH5G,G10
B0058YPI5K,G10
B0058YPIF0,G10
B0058YPILY,G10
B0058YPJ2W,G10
B0058YPJ8G,G10
B0058YPJOU,G10
B0058YPK9O,G10
B0058YPKIA,G10
B0058YPL66,G10
B0058YPMHO,G10
B0058YPN0U,G10
B0058YPPN0,G10
B0058YPQ0C,G10
B0058YPQFM,G10
B0058ZPNUY,G10
B00592CZRK,G10
B0059XTTW8,G9
B0059XTTZU,G10
B0059XTU1S,G10
B0059XTU3G,G10
B0059XTU7W,G10
B0059XTUB8,G10
B0059XTUH2,G10
B0059XTUR2,G8
B0059XTUXQ,G9
B0059XTV4Y,G10
B005A1GRO2,G10
B005A5IAC0,G10
B005A5YYKC,G10
B005ARYEBY,G10
B005AU4SBC,G10
B005B0QYMM,G9
B005BPTLIQ,G10
B005BRFN8Q,G10
B005BSCPY0,G10
B005BUA1CG,G10
B005BUA1E4,G10
B005BUA1JY,G10
B005BUW8JA,G6
B005BX3K80,G10
B005BX3NKK,G10
B005BXY1Q0,G10
B005BXY1QU,G10
B005BYBZEK,G10
B005BYBZKY,G10
B005C4444C,G9
B005C7SXMS,G9
B005CFBZQ6,G10
B005CHXB4I,G8
B005CRDG8E,G10
B005CRMXKQ,G10
B005D0RDKW,G10
B005D0RDU2,G10
B005D7E7ZY,G10
B005DDN51A,G10
B005DETYW8,G10
B005DEUES6,G10
B005DEUEV8,G10
B005DFHQRM,G10
B005DGKBC8,G10
B005DJ7AYC,G10
B005DMHHKQ,G10
B005DVIOIG,G10
B005E7SEM0,G9
B005E7SEMU,G10
B005E7SEOI,G10
B005ELMC1U,G10
B005ELVCS4,G10
B005ER6S46,G6
B005ETQ2RM,G10
B005EUXN6E,G10
B005EVY8MQ,G10
B005EVY8NA,G10
B005EWRJGM,G10
B005F265CU,G10
B005F265IE,G10
B005F3DFXG,G10
B005F3XV4Y,G10
B005F3XV7Q,G10
B005F3XV80,G10
B005F44X36,G10
B005F96UP0,G10
B005F96URI,G10
B005FHHD58,G10
B005FI36OE,G10
B005FISBV2,G10
B005FISC3Y,G10
B005FISC52,G10
B005FISCFW,G9
B005FITIF0,G10
B005FITIGO,G10
B005FITIK0,G8
B005FITIW8,G10
B005FLCD1I,G10
B005FNLVHI,G10
B005FPT2E0,G10
B005FQ1OQ8,G9
B005FQ2HBO,G10
B005FQZMK2,G10
B005FRWTSO,G10
B005FUTBWS,G9
B005FWQJ8U,G10
B005G4FFBE,G10
B005G4FFDW,G10
B005G4FFG4,G10
B005G5NPG0,G10
B005G652GA,G9
B005G815S2,G10
B005GD007O,G10
B005GISDXW,G4
B005GJCGIE,G10
B005GLHO48,G10
B005GNU5N8,G10
B005GNZRMW,G9
B005GP7EUI,G10
B005GP7EVC,G10
B005GRTNVE,G10
B005GT3X68,G9
B005GT3XFY,G10
B005GYJPYW,G10
B005GYSUYI,G10
B005HFI7IU,G10
B005HI4LMS,G10
B005HMHPE0,G10
B005HQBO9I,G10
B005HRNDH8,G10
B005HS00U0,G10
B005HS00WI,G8
B005HS4CUY,G10
B005HU0TBI,G10
B005HVWW3K,G10
B005HVWWB2,G10
B005HWAOHK,G10
B005HZCLXC,G10
B005I0DUN6,G10
B005IAAQKQ,G9
B005IF7AZK,G10
B005IU1OMA,G10
B005IU25PA,G10
B005IUIWB6,G10
B005IUIXCE,G9
B005IYF8C8,G9
B005J4TLN4,G10
B005J6U77Q,G10
B005JZBPHS,G10
B005JZBPJ6,G10
B005K1VPY4,G10
B005K270VK,G10
B005K276L4,G10
B005K8QI9E,G10
B005K8QIS0,G10
B005KCIQQS,G10
B005KG4DWU,G10
B005KG4EKQ,G10
B005KR6NNG,G10
B005KR6O1C,G10
B005LAIGF0,G9
B005LAIGJQ,G9
B005LAIGLO,G10
B005LAIGNC,G10
B005LAIGOQ,G9
B005LAIGPA,G9
B005LAIGQE,G10
B005LAIGSC,G10
B005LAIGSM,G10
B005LAIGW8,G9
B005LAIGY6,G10
B005LAIGYQ,G10
B005LAIH0Y,G7
B005LAIH1S,G10
B005LAIH2M,G10
B005LAIH5O,G10
B005LAIH86,G10
B005LAIH9A,G10
B005LAIHAE,G9
B005LAIHBS,G9
B005LAIHCW,G9
B005LAIHEA,G8
B005LAIHHC,G8
B005LAIHQS,G10
B005LAIHRC,G9
B005LAIHSQ,G10
B005LAIHUO,G10
B005LAIHW2,G10
B005LAIHY0,G9
B005LAIHZE,G10
B005LAII0I,G10
B005LAII1C,G9
B005LAII1W,G10
B005LAII2Q,G9
B005LAII3U,G9
B005LAII4E,G10
B005LAII5I,G10
B005LAII62,G10
B005LAII7G,G10
B005LAII8K,G10
B005LAII94,G9
B005LAIIAI,G9
B005LAIIB2,G9
B005LAIIFS,G10
B005LAIII0,G10
B005LAIIJY,G10
B005LAIIKS,G10
B005LAIILM,G10
B005LAIIMG,G10
B005LAIIQC,G10
B005LAIIS0,G9
B005LAIISU,G10
B005LAIITE,G10
B005LAJ140,G10
B005LAJ17M,G10
B005LAJ1H2,G10
B005LAJ1K4,G10
B005LAJ1LS,G10
B005LAJ1PE,G10
B005LAJ212,G10
B005LAJ23A,G10
B005LLXB9K,G10
B005LOBWA2,G10
B005LW489G,G10
B005LYLP8Q,G10
B005LZW87M,G6
B005M0R524,G10
B005M0X078,G10
B005M1O5K8,G10
B005MQWJPG,G10
B005MT3830,G10
B005MVF65G,G10
B005MWKAS8,G10
B005MXQCV6,G9
B005MYEQ4U,G10
B005N10I30,G10
B005N4DMMG,G10
B005N4DNDY,G10
B005N8KPBI,G10
B005N95QUM,G10
B005NFJAWG,G10
B005NGKJW0,G10
B005NKIPUO,G10
B005NKIPWC,G10
B005NQ5LOQ,G10
B005NQ5LPK,G10
B005NVMK7W,G9
B005NYMXIU,G10
B005O70ZOK,G10
B005OASMLU,G10
B005OGYH9A,G10
B005OK0YU2,G10
B005OK721G,G10
B005OK722U,G8
B005ONP7VU,G10
B005OZVXCU,G10
B005P06A1I,G10
B005PPMHWE,G10
B005PPMI00,G10
B005QI4U0W,G10
B005QIOJ3A,G10
B005QIOJIK,G10
B005QIOK52,G10
B005QODEEE,G10
B005QUQRCE,G10
B005QW98IW,G10
B005RVF5XE,G10
B005RYF5JA,G10
B005S0HNU2,G10
B005S97UY2,G10
B005S9EHL6,G8
B005S9EJ14,G10
B005S9EJGO,G9
B005S9EJVY,G10
B005S9EK1S,G10
B005S9EL3K,G10
B005S9EL6C,G10
B005S9ELG2,G10
B005S9ELM6,G10
B005S9ELVC,G10
B005SDCZH0,G10
B005SH63HO,G10
B005SH647S,G10
B005SH65UO,G10
B005SHBO1Y,G10
B005SOH84O,G10
B005SQRYEG,G10
B005SQRYGY,G9
B005SSBG6Q,G10
B005SV9X22,G10
B005SZ0WJG,G10
B005TC5AEA,G10
B005TFVM0I,G10
B005TK0MFE,G9
B005TK21WQ,G9
B005TK23PQ,G9
B005TMXXX0,G10
B005TQACLC,G9
B005TTEG5W,G10
B005TZFZ6U,G8
B005TZFZBU,G10
B005U0ZP46,G10
B005UKI1TW,G10
B005UNI2U2,G10
B005UQQR06,G10
B005UXJEUY,G10
B005UXJNPU,G10
B005V4X8PO,G10
B005VT6IYC,G10
B005W2BVMM,G10
B005W2BWLC,G10
B005WAP2V0,G10
B005WC9LBK,G10
B005WL3QBW,G10
B005X5XIF6,G10
B005X5XIMO,G10
B005X5XINI,G10
B005X9LJBM,G10
B005XB8SGO,G10
B005XB8T9K,G10
B005XO7524,G10
B005Y423ZC,G10
B005YFGIZM,G10
B005Z2D88O,G10
B005Z4ZCA4,G9
B005Z7BNJA,G10
B005Z9MGRG,G10
B005Z9MHE8,G9
B005ZCI3N4,G10
B005ZCSP0K,G9
B005ZEM932,G10
B005ZLF2OS,G10
B00600SPG0,G7
B00606FBU2,G10
B006070RT6,G10
B006074Q3O,G10
B0060MYJRC,G10
B0060MYJYU,G10
B0060MYK7G,G10
B0060MYL3E,G10
B0060MYLCU,G10
B0060MYLNY,G10
B0060MYM3S,G10
B0060MYMFQ,G10
B0060MYNN2,G10
B0060Q3IU2,G10
B0060QC7ZY,G10
B0060QSGJ0,G10
B0061PZSVY,G6
B00623N52E,G10
B0062KMDGG,G10
B0062NAX42,G10
B0062NTKVE,G10
B0062P332Y,G10
B006328QWI,G5
B00634MLIQ,G10
B006363QHE,G10
B0063DOUY0,G10
B0063FETJE,G10
B0063FGF14,G10
B0063FGG9U,G10
B0063FQREO,G10
B00641Y2ZS,G10
B0064CT90U,G10
B0064E8EQ8,G10
B0064EEJN0,G10
B0064JV4RY,G10
B0064MT1NK,G10
B0064NU002,G8
B0064OUGK0,G9
B0064SVO9I,G10
B0064YON8G,G10
B0064YOWCI,G10
B006512BFU,G9
B006512I7Q,G9
B006512LWI,G9
B00652U6XI,G10
B0065IYS3G,G10
B0065IZA0G,G10
B0065N6IRK,G10
B0067EKY7M,G10
B0067EKYDG,G10
B0067EKYL8,G10
B0067EKYS6,G9
B00683T51S,G10
B00683T5CW,G10
B00683T5L8,G10
B0068KTJ5S,G10
B0068MNNOE,G10
B0068MNNW6,G8
B0068MNO02,G7
B0068MNOFC,G10
B0068RHSCW,G9
B00695E1BY,G10
B0069RX7TY,G10
B006A04E3S,G10
B006A8XFZS,G8
B006B9XBL4,G10
B006BZ8O3I,G10
B006C0PPO8,G10
B006C1S1DY,G10
B006E02GRK,G10
B006EMSO74,G10
B006FKNBSC,G10
B006G18XN8,G10
B006G6GU9M,G10
B006GHA9VQ,G10
B006GRBK4G,G10
B006GRWCF2,G10
B006H37P5C,G10
B006H3Q7LA,G10
B006HFXDZG,G10
B006HGXGWU,G9
B006IRQU5S,G10
B006IW8DTO,G10
B006JM1ZTI,G10
B006JN86VW,G10
B006JN8770,G10
B006JN87EI,G10
B006JN87F2,G10
B006JN87W0,G10
B006JTN5VM,G10
B006JY3OHW,G10
B006KH6D7Q,G7
B006L4ZEDW,G10
B006L61KAG,G8
B006LA7KTM,G10
B006LL3WP2,G8
B006M3M5FM,G9
B006MEVCCS,G10
B006MFQ4OS,G10
B006MHZH5I,G10
B006MK6Y8Y,G10
B006MNIYFW,G10
B006MWA8O8,G10
B006MWA8WA,G10
B006MWA906,G10
B006N8GNUE,G10
B006NKFAA6,G10
B006NOC1EK,G10
B006NVU7OY,G10
B006O6GUFS,G10
B006OKEU74,G10
B006OV7RQ4,G9
B006P2TA44,G10
B006PA0WF2,G10
B006PF64AO,G10
B006PI3BUW,G10
B006PTL1QM,G9
B006QVRUS2,G10
B006QWC2ZC,G9
B006RH3QQ0,G10
B006T3QVBY,G10
B006T5JZ4M,G9
B006T8KT6M,G10
B006TBYC76,G10
B006TTC50Y,G10
B006TTC5J0,G10
B006TZPW2Q,G10
B006U1J5ZY,G10
B006U1S99M,G4
B006U239KU,G10
B006VJFULS,G9
B006VRRGOO,G10
B006VUQIYA,G6
B006W7L3TC,G10
B006W8CJ1W,G10
B006WN5W5M,G10
B006WNMHYQ,G10
B006WNSHUY,G10
B006WPDKLI,G10
B006WPZUJS,G10
B006X040NY,G10
B006X08DZ0,G10
B006X0ZN3K,G10
B006X0ZN7Q,G10
B006X202AM,G10
B006XF2VAI,G10
B006YGCEPS,G10
B006YTGLEU,G10
B006YWIFH8,G10
B006Z510Y4,G10
B006Z7Z3IG,G10
B006Z7Z3KY,G10
B006ZL2T66,G10
B006ZL84EW,G10
B006ZUMMKU,G10
B006ZY0PDW,G9
B007146EEY,G10
B0071L6SUW,G10
B0071LEOV2,G10
B0071LEPDE,G10
B00720OO0S,G10
B0072GPQNG,G10
B0072HTWQM,G10
B0072OFOM6,G10
B0072Q4SXU,G9
B00736ZKGS,G10
B00744WZ8U,G10
B0074JOCMC,G10
B0074JODP8,G10
B0074JOU8I,G10
B00753MA12,G8
B00753MAXA,G7
B007549W62,G8
B0076MWT7C,G10
B0076P577S,G10
B007726J4U,G8
B00772M1D8,G10
B0077ATSU4,G10
B0077E8RFC,G9
B0077MFBYO,G9
B0077NF7GU,G10
B0077PBPVE,G10
B0077PHME8,G10
B0077T5SWC,G10
B0078X2A7I,G10
B00795E3ZM,G9
B0079C8N8S,G8
B0079ILHRG,G10
B0079J28NW,G10
B0079JMM4W,G10
B0079QDAFK,G10
B0079ZWUNY,G10
B007AFS0N2,G10
B007AIVQIA,G10
B007AJMBJ2,G7
B007ATHNF4,G10
B007AYJ3CK,G10
B007BCO592,G9
B007BMIG24,G10
B007BZ083Q,G10
B007C3TVEY,G9
B007CBWWF6,G10
B007CEFTSA,G10
B007CO5FFC,G8
B007DIZQQ0,G10
B007EQR970,G10
B007FF3HQM,G10
B007FFUMKQ,G10
B007FQXEQO,G10
B007FSEAHY,G6
B007FZ7NEE,G10
B007G16XFM,G8
B007G8SEF2,G10
B007G95HDI,G10
B007GE98WO,G10
B007H9COG0,G10
B007HHWJD0,G10
B007I1Q4MM,G10
B007IJKQG4,G10
B007IUEDJO,G10
B007IVXP7O,G8
B007J3ISIM,G10
B007JE3JQW,G6
B007JG5HZ6,G10
B007JNZYPM,G10
B007K7IB9I,G10
B007KAUWO2,G10
B007KFZ7ZG,G6
B007L6VP46,G9
B007L6VP8W,G8
B007L6VPL4,G9
B007L6VQ2W,G9
B007L6VQWW,G9
B007L6VR6M,G10
B007L6VRHG,G9
B007LUI27U,G7
B007MCUAD6,G10
B007MDB6Y2,G10
B007NU54H4,G10
B007OWW6V8,G9
B007OXB1GI,G10
B007OYK32K,G10
B007P9HVJC,G10
B007PTCRIW,G10
B007PVHANM,G10
B007PXYWNQ,G10
B007REV4LQ,G9
B007S0DB56,G10
B007TZOD16,G10
B007U4DDXK,G10
B007UQ8IKG,G9
B007UW9W8W,G9
B007VYQ6DS,G10
B007WGDC7I,G10
B007Y6CQGE,G10
B007Y6CTSY,G10
B007ZMHBBM,G10
B0080JX4Y2,G9
B0080QOL10,G10
B0081FSMMO,G10
B0081HLM2E,G10
B0081OM6UY,G10
B008220AGC,G10
B008220BGQ,G9
B008220CQU,G10
B0083SBMGW,G10
B0083SF0FG,G10
B0083TUE7E,G10
B0083UH5U2,G10
B0083UHIPE,G10
B0083UHZK2,G10
B0083XXWRE,G8
B00843TZJ2,G10
B00846OYHM,G10
B0084I0LLI,G10
B0084I9QIW,G10
B0084IHVUC,G10
B0084K6IF4,G9
B0085A9INM,G10
B0085E44W8,G8
B0085MEGE6,G10
B0085X315U,G8
B0085Z6YYI,G10
B0085Z6Z2O,G10
B0087ITBT8,G9
B0089LX8II,G10
B008BJTY4K,G10
B008BMMXF4,G10
B008CFZQQS,G8
B008CMF0P8,G8
B008CN091M,G10
B008D1R52E,G10
B008DH9O86,G10
B008EHZWOU,G10
B008EPKWWE,G10
B008FCX2D2,G10
B008FXLZ6W,G10
B008G4T5VM,G9
B008GM1012,G9
B008GZVHNK,G8
B008H1Q3YG,G10
B008H5J510,G10
B008H6GH9W,G10
B008H6GHEM,G10
B008H6GHG0,G10
B008H6GHII,G10
B008H6GHJM,G10
B008H6GHKG,G10
B008H6GHL0,G10
B008HUSF70,G9
B008HUSFTS,G10
B008HYKH9U,G10
B008I34YYY,G9
B008I34Z34,G10
B008IG0BBQ,G10
B008IG0DJQ,G10
B008IG0FEY,G10
B008KXLAUS,G10
B008KZVNFS,G10
B008L0YMSW,G10
B008M0PBMM,G9
B008MCKLAM,G10
B008N8A3DA,G10
B008NQO10I,G10
B008O13TG4,G10
B008OGIPJA,G10
B008OHV5R8,G10
B008OPZD8C,G10
B008P9M614,G10
B008PDAFKY,G10
B008QP3NQ4,G10
B008RA61TO,G10
B008RV5K5E,G10
B008S83IQE,G10
B008SBXFNM,G10
B008U1ANHG,G10
B008UE8ICK,G10
B008UZA8FY,G10
B008VBSQLA,G10
B008VPCL6M,G10
B008VPCL7G,G8
B008WAM2DI,G10
B008WAM2E2,G9
B008WCP2GA,G10
B008X7JBPM,G10
B008X8VM1W,G10
B008XAT0ZU,G10
B008XRE81E,G10
B008Y1YKTO,G10
B008YAPRS8,G10
B008YKV2NW,G9
B008YRL6LI,G10
B008YRL7H6,G10
B008YRL7JE,G10
B008YV11JQ,G10
B008YYSEN4,G10
B008ZDC7M8,G9
B008ZQ4WEQ,G10
B008ZRKIQ6,G10
B00900WLBW,G10
B0090EDE1Y,G10
B0090EDEQY,G9
B0090JB4V6,G10
B0090JB6DC,G9
B0090JBAPG,G10
B0090JBD8A,G10
B0090JBFE2,G9
B0090JBOC0,G9
B0090JBTFM,G10
B0090O07S2,G10
B0090SI39I,G10
B0090SI3DY,G9
B0090SI3EI,G10
B0090SI3HU,G10
B0090SI42Y,G8
B0090SI4BA,G10
B0090SI4HO,G10
B0090SI4LU,G9
B0090SI55A,G10
B0090XUARQ,G10
B00911L7VA,G10
B00915G4IC,G10
B00915G6MG,G10
B00915G6NK,G10
B00915G6Q2,G10
B00915G6R6,G10
B00915G6SU,G10
B00915G6TE,G10
B00915G6WQ,G10
B009186JNO,G10
B0091AUVRM,G10
B0091JJ24Q,G8
B0091JJ278,G10
B0091NWBC2,G10
B0092QDMQ2,G10
B0092QH902,G10
B00930LING,G10
B00930LIT0,G10
B00930LJ6C,G10
B00938UVC2,G10
B0093BUW2I,G10
B0093DFM8A,G9
B0093DFMJ4,G10
B0093ICOE0,G10
B0093OFLZ8,G10
B00944V4KI,G10
B009474UW4,G10
B00947NAHU,G10
B0094GSRXS,G10
B0094GWPOU,G10
B0094J4CD4,G10
B0095E61U0,G10
B0095FJHXC,G10
B0095HHLMO,G10
B0095HHM78,G9
B00962R0H4,G10
B00968THNS,G10
B0096AYKXI,G10
B0096EE47G,G10
B0096MJH2K,G9
B0096W47NO,G10
B0096WOKWM,G10
B00979JV00,G10
B0097RU2LO,G9
B009904LQ6,G10
B0099116AY,G9
B0099116J0,G10
B009934S5M,G10
B00996RSYM,G10
B009999YD2,G10
B009A87WU4,G10
B009A9BF5G,G10
B009A9EMYM,G10
B009AF5OY8,G10
B009AJB0YM,G9
B009AMABH6,G7
B009AMAH9I,G10
B009AMAJBO,G10
B009AMAJVO,G10
B009AMAK54,G10
B009AMAKBI,G8
B009AMAKWM,G10
B009AMALBM,G7
B009AMALLM,G8
B009AMAM0M,G9
B009AMAOAA,G8
B009AMAOTQ,G10
B009AVCADK,G9
B009AVCAGC,G10
B009AVCAK8,G9
B009AVCALC,G10
B009AX48NS,G10
B009B0OG1O,G10
B009B82F5U,G8
B009B8YZIK,G9
B009B8YZR6,G10
B009C30ROU,G10
B009CW565G,G9
B009CWQOVQ,G10
B009D4RPIE,G10
B009D4SQEQ,G10
B009DE6HW4,G9
B009DH371K,G10
B009DHOZ5M,G10
B009DJKKKE,G10
B009DS31ZG,G10
B009DS3VQA,G10
B009DS5Y6A,G10
B009DS6YGO,G10
B009DW5X0I,G10
B009ERK2UI,G10
B009ES1M7Y,G5
B009EU6F1U,G10
B009EU77NK,G10
B009F1ZXTI,G5
B009FFHWRU,G10
B009G5C8Q4,G10
B009GG2T3A,G8
B009GYS70Q,G10
B009H3LNW0,G10
B009H3LP82,G9
B009HIKAN8,G10
B009HSDC2Y,G10
B009I23DAA,G10
B009INAC12,G10
B009INAK8C,G10
B009ISQ3DI,G10
B009JBWOU0,G10
B009KKLQKO,G10
B009KOR30C,G9
B009KQLF0E,G10
B009KU2MAM,G8
B009KU2N7E,G8
B009LA1QZS,G10
B009LDCX1Q,G10
B009LDCXNY,G10
B009LDD3WY,G10
B009LDD54K,G10
B009LYG5YG,G6
B009M5014E,G10
B009MO5960,G10
B009MO5E10,G10
B009NI2XVO,G10
B009NNM70G,G10
B009NNM9OA,G10
B009NNMAZI,G10
B009NRQU50,G7
B009OCR2U6,G8
B009OD8XQC,G9
B009OE2O1Q,G10
B009OE2O70,G10
B009RJRJ2C,G8
B009RX7WTI,G10
B009RZ890M,G10
B009SCONXQ,G10
B009TE9GZI,G10
B009TT0BSE,G9
B009VKL8EM,G10
B009VL299E,G10
B009VUCOW2,G10
B009VXVMAO,G10
B009WGYXIS,G10
B009WSAVLE,G8
B009XICRIS,G10
B009XTF8JM,G10
B009YKFH6E,G9
B009YQJ2Q4,G10
B009YQJ368,G10
B009YQO3MW,G9
B009YXCKDE,G10
B009Z59778,G10
B009ZBS67O,G8
B00A0HT94G,G8
B00A0HT99G,G10
B00A27OJ94,G10
B00A2H9QYC,G10
B00A2H9VBU,G10
B00A2H9WW8,G9
B00A2J92KI,G10
B00A2LFXVI,G10
B00A2XTJI4,G10
B00A34LX2M,G10
B00A3MBSPQ,G10
B00A4Y61ZU,G10
B00A6EZEOM,G10
B00A6HL704,G10
B00A6SZS1W,G10
B00A6UHBJM,G9
B00A6UHC0U,G10
B00A6Y9EZW,G10
B00A705MFQ,G8
B00A7E8PA6,G9
B00A7MSQRK,G9
B00A7MSQSO,G10
B00A7ZH8GM,G9
B00A7ZHDOO,G10
B00A8KJLPM,G10
B00A8LYYI0,G9
B00A8PPBM4,G10
B00A9YBW0Y,G10
B00AA8Q0FQ,G10
B00AAA62TI,G10
B00AAQHP66,G10
B00AATGDY8,G10
B00AAZ9FKG,G10
B00ADO9C9I,G10
B00ADRYEDE,G9
B00AEB70V2,G10
B00AEFXL5W,G10
B00AEJM61I,G8
B00AEK9BKQ,G10
B00AENNHOE,G10
B00AF1H8D6,G10
B00AF6B22E,G10
B00AFDN5Y0,G10
B00AFQSZ0G,G10
B00AGJYJZM,G8
B00AHJI394,G8
B00AHKLZDY,G10
B00AHTKIVU,G10
B00AIA884W,G10
B00AIANIPQ,G10
B00AIBZFDI,G10
B00AIBZJDY,G9
B00AIBZJS4,G10
B00AIBZKFG,G10
B00AIBZLR8,G10
B00AIBZMD6,G10
B00AIZ282U,G9
B00AJEL71S,G10
B00AJER44M,G10
B00AJLHUYO,G10
B00AJLHVES,G10
B00AJXO3QK,G10
B00AK51OFK,G10
B00AKHE40U,G10
B00AKIPAG6,G10
B00AL6P4A4,G10
B00ALTQRNO,G10
B00ALTQRRK,G10
B00ALX3QBQ,G10
B00AM2DLDO,G10
B00AM3B8KQ,G9
B00AMDA2O4,G10
B00AMDA2OY,G10
B00AMQG8NU,G8
B00AMR5FGA,G10
B00AMSLDW4,G10
B00AMSNEGM,G10
B00AMSQBNK,G10
B00AMSS3TU,G10
B00AMU8K8C,G10
B00AMXSFRK,G10
B00AN10NU8,G8
B00ANGICCO,G10
B00ANGICPG,G10
B00ANRG432,G10
B00ANT85VY,G10
B00ANV82HE,G10
B00ANVX6DY,G10
B00ANVZ8JE,G7
B00AO1RKFS,G10
B00AO686E2,G10
B00APGRMX2,G10
B00APH7PTC,G10
B00APOQR4E,G10
B00APQGNYQ,G7
B00APW2U88,G10
B00AQ4WJM2,G10
B00AQ590IC,G10
B00AQ5SPBU,G10
B00AQ5U234,G10
B00AQ8IUJ4,G10
B00AQAZZ40,G8
B00AQBDU4Q,G10
B00AQGE5BS,G10
B00AQN09G6,G10
B00AQNQZFA,G10
B00AQSN67A,G8
B00AQVMZKQ,G10
B00AQVMZXS,G10
B00ARA4SLU,G10
B00AREP9VE,G10
B00AS1Q8FW,G10
B00AT6NUN4,G10
B00ATCDGHI,G10
B00ATK0452,G10
B00ATP243C,G8
B00AW8OZ88,G10
B00AW9M3XQ,G10
B00AW9M4FS,G7
B00AW9M54I,G10
B00AW9M7TG,G10
B00AW9M8N6,G10
B00AW9MB4W,G10
B00AWN5ASW,G10
B00AX5B0O2,G10
B00AX5B0QU,G10
B00AXFK96M,G10
B00AXGX59E,G10
B00AY2DL78,G10
B00AY5JB92,G10
B00AYJBTS4,G8
B00AZI9JP4,G10
B00AZKY0OW,G8
B00AZMFG48,G10
B00AZMFINM,G8
B00AZMFJ90,G10
B00AZMFKNK,G10
B00AZMFM3I,G10
B00AZMFO0E,G10
B00AZMFONG,G9
B00AZNEVNE,G10
B00B00HUC0,G10
B00B04NIZO,G10
B00B04NJLW,G7
B00B18FA50,G10
B00B1DC1CA,G10
B00B1E6EAY,G10
B00B1E6FT4,G10
B00B1LM730,G10
B00B1RB8ZC,G10
B00B209RHY,G10
B00B2TU1R0,G10
B00B2Y7AL0,G10
B00B2YH7BS,G10
B00B4EPDF8,G10
B00B4GLJWM,G6
B00B4J2L4E,G10
B00B4JYJM6,G8
B00B52F278,G10
B00B58FUBA,G10
B00B58FURY,G10
B00B58FWYA,G10
B00B5A9FOG,G10
B00B5AAWD4,G10
B00B5AP7NY,G10
B00B6S56X6,G10
B00B74MJOS,G10
B00B7EQPNE,G10
B00B7K0K98,G9
B00B846BX2,G10
B00B8L3S5O,G10
B00B96TGQS,G9
B00BACT1I4,G8
B00BAQZDU0,G9
B00BARKZ1G,G10
B00BAXTY6W,G10
B00BAXTY7G,G10
B00BAXTYI0,G10
B00BB22FYU,G7
B00BBAQD8G,G10
B00BBI7EZY,G10
B00BBTNOE8,G9
B00BBUNUOG,G10
B00BC0JH24,G10
B00BC36UBM,G10
B00BC36XFK,G10
B00BC36YWC,G10
B00BC75HTE,G7
B00BCMT0AQ,G10
B00BCMT2CC,G10
B00BCPOEI6,G10
B00BCRRA8U,G10
B00BCV3HL0,G10
B00BD5GGI6,G10
B00BD6KETC,G10
B00BDSRM4K,G10
B00BEEKN26,G10
B00BEHOEX2,G10
B00BEIYG98,G10
B00BEIYGT8,G9
B00BEIYGXE,G9
B00BEIYHT2,G10
B00BEIYIUA,G9
B00BEIYKDU,G10
B00BEIYKX0,G10
B00BEIYLAW,G10
B00BEIYNDW,G10
B00BEIYNIW,G10
B00BEIYO5O,G8
B00BEIYOMC,G10
B00BEIYP1W,G10
B00BEIYPN0,G8
B00BEIYRQA,G8
B00BEIYRYM,G9
B00BEIYSL4,G10
B00BEJL4XS,G6
B00BEJL5LE,G10
B00BEJL69U,G9
B00BEJL6JK,G9
B00BEL4QFO,G10
B00BEYWW4I,G10
B00BEZECEA,G10
B00BEZEDNU,G10
B00BEZEFM4,G10
B00BF0CGT2,G10
B00BF657ZQ,G10
B00BF7FGNI,G6
B00BFCMXRK,G10
B00BFO5PN2,G10
B00BG3YE7K,G10
B00BGDCX0A,G10
B00BGI07NK,G10
B00BH4172I,G10
B00BHK99JU,G10
B00BHO7M5O,G10
B00BHSAV6W,G10
B00BHWG1NU,G10
B00BIPPP6U,G8
B00BIR2A3E,G10
B00BIYQOXY,G10
B00BJ0RERM,G10
B00BJ0RGCU,G10
B00BJLDJ2U,G10
B00BJNS3VK,G10
B00BK86S4I,G10
B00BL0MGB4,G10
B00BL1BH0O,G10
B00BL1BIP8,G10
B00BL1BJFW,G10
B00BLN4V6E,G10
B00BLNDRKK,G10
B00BLOKNVK,G10
B00BLXAJWO,G9
B00BMIVK4E,G10
B00BMRTPEM,G10
B00BMTYW20,G10
B00BNAE6M4,G10
B00BNB9AVA,G10
B00BNESEVE,G10
B00BNH9NCU,G9
B00BNH9O8I,G10
B00BNQ7PUS,G10
B00BNV9WCW,G10
B00BNWWVFG,G10
B00BNWWW1Y,G6
B00BO9PJAM,G10
B00BOTCHRU,G10
B00BP0LZK8,G10
B00BPEJZEM,G10
B00BPRI6WG,G9
B00BQI3VSI,G10
B00BQI3Y7Q,G9
B00BQI43E4,G10
B00BQI49VG,G10
B00BQRBGYA,G10
B00BQTLVWK,G10
B00BQXTCVS,G10
B00BQXTD4O,G10
B00BRBIABM,G10
B00BSN0VZ2,G9
B00BSVUED8,G10
B00BT6VST6,G7
B00BT7664M,G9
B00BTFK07I,G4
B00BTFK09G,G7
B00BTRKMNI,G10
B00BU5YQQS,G10
B00BU984DK,G10
B00BU9858Y,G7
B00BUAJZGY,G10
B00BUDDMGU,G10
B00BUEUH6C,G10
B00BURN0GI,G10
B00BUWD7WA,G10
B00BUYWJEA,G10
B00BV2PE5W,G10
B00BVMXBDO,G10
B00BW4S87A,G10
B00BW4S87U,G10
B00BWU1EPW,G9
B00BX8PG5M,G10
B00BX9ADE0,G10
B00BXRVQO8,G10
B00BXTDVEO,G10
B00BXTH49M,G10
B00BY0EBDC,G10
B00BY0EBK0,G10
B00BY6XM5E,G10
B00BYEWR2K,G10
B00C0YUY4Q,G10
B00C12ZIN4,G10
B00C1LIZMQ,G10
B00C2535TE,G10
B00C27E7S0,G5
B00C2A4SYA,G10
B00C2UN5UI,G10
B00C391Y3I,G10
B00C3JUKHE,G8
B00C4BDG7M,G10
B00C6ACVD6,G10
B00C6WHPF8,G10
B00C7AOAEI,G10
B00C7BZZ32,G10
B00C7BZZRI,G9
B00C7C014Y,G10
B00C7C025M,G10
B00C7C1J68,G10
B00C7E3E7S,G10
B00C7FKQWS,G10
B00C7PSGBQ,G10
B00C888NFQ,G10
B00C888OQ4,G10
B00C8CQRQ4,G10
B00C9G22R2,G10
B00C9VZ73S,G10
B00C9WH2R6,G10
B00CA5MAOM,G10
B00CAATSME,G8
B00CAWF150,G10
B00CAYSLDW,G10
B00CAYSMLI,G4
B00CB7SRG4,G10
B00CBG9SQS,G10
B00CBIZGIU,G7
B00CBJ53HS,G10
B00CBMWLU2,G10
B00CBVWXCO,G10
B00CC34978,G8
B00CC6Z0ZK,G10
B00CD45IYO,G10
B00CDH9VEE,G10
B00CDV4NN4,G10
B00CDWQNZ4,G10
B00CEAXE7U,G9
B00CEFVWW4,G7
B00CENSU1W,G10
B00CENWUZE,G10
B00CERJINC,G9
B00CFB6OPM,G10
B00CGMUOYC,G10
B00CHYSQQC,G10
B00CI622PA,G10
B00CJ318SE,G10
B00CJ5BG8Y,G8
B00CJ7Y0US,G10
B00CKWI13O,G10
B00CL0MCN0,G10
B00CL1516E,G10
B00CMHL3GY,G10
B00CMQID9K,G10
B00CMQX84A,G10
B00CPEK3NI,G10
B00CPKZLRK,G7
B00CPN933U,G7
B00CPN934Y,G10
B00CPTUMO8,G10
B00CPTUN5G,G10
B00CPTUOBO,G10
B00CQ8792G,G10
B00CRFQUDW,G10
B00CRRCF20,G10
B00CRVL5ZE,G10
B00CS1N1XC,G10
B00CS7GYF8,G10
B00CT1HP2Y,G10
B00CT1JQG2,G10
B00CTMQ7WM,G10
B00CTQWIYO,G10
B00CTWSGA8,G10
B00CU6WBB8,G10
B00CU6WBFE,G10
B00CU6WBOU,G10
B00CV922RM,G10
B00CVB6UXW,G10
B00CVVH2JI,G6
B00CWBPQ22,G10
B00CWM7EPS,G10
B00CWZUOV6,G10
B00CX7OVJO,G10
B00CX7TOOG,G9
B00CYMMSH0,G9
B00CYMMU3W,G10
B00CYQXATG,G10
B00CYQXBSQ,G10
B00CYQXCDK,G10
B00CYQXD2K,G10
B00CYQXDNE,G10
B00CYQXE10,G10
B00CYQXFP0,G10
B00CYQXGAY,G10
B00CYQXGMW,G10
B00CZ7AL32,G10
B00CZB9BE8,G10
B00CZP9YWS,G9
B00D0Z2JT2,G10
B00D1VVT28,G10
B00D2D1WVI,G10
B00D2UMHC4,G10
B00D2UMHD8,G10
B00D2UMHVA,G10
B00D2UMHWO,G10
B00D2YCLF8,G9
B00D2ZF24O,G9
B00D3LA6BQ,G10
B00D3LA6M0,G9
B00D3PYS6Q,G10
B00D3UOE7O,G10
B00D49YDR0,G10
B00D49YEHO,G10
B00D4QPL1A,G10
B00D6I7EUM,G5
B00D6I7HH2,G10
B00D78DBPS,G10
B00D7AM2GA,G10
B00D7AM2PQ,G10
B00D7AM2WO,G10
B00D7AM2YW,G10
B00D8MWW26,G8
B00D90UW42,G10
B00D91GRA4,G10
B00D954AGS,G9
B00D9EJFS2,G10
B00D9EJFT6,G10
B00D9EJFYQ,G10
B00D9EJFZA,G10
B00D9SRBZC,G10
B00DB43PLI,G8
B00DBGGKRM,G10
B00DBVHHDS,G10
B00DBVY8YE,G10
B00DC5K2J4,G10
B00DCLT8RA,G8
B00DCRE590,G10
B00DCS9TP4,G10
B00DDT0JB0,G10
B00DEKKEPO,G9
B00DEKKFBW,G10
B00DENJIDU,G9
B00DEQQK8S,G9
B00DFBVIVG,G10
B00DGCIYZC,G10
B00DGCIZD8,G9
B00DGWZKHM,G10
B00DHB3U4W,G10
B00DHB3V14,G10
B00DHB419U,G10
B00DHJSXLY,G10
B00DHJT200,G10
B00DHJT4DU,G10
B00DHJT5Q6,G10
B00DHRLK84,G10
B00DI0135K,G8
B00DIR2PIW,G8
B00DJUQIHM,G10
B00DJYJOPG,G10
B00DJYJPLO,G9
B00DJYJQ6I,G10
B00DJYJT5Q,G10
B00DJYJWVW,G10
B00DJYK1XU,G10
B00DL47424,G10
B00DL477I0,G8
B00DL479DS,G8
B00DL47KWI,G8
B00DL47RQ2,G10
B00DL47V1S,G9
B00DL47XES,G10
B00DL47YY2,G10
B00DLX761E,G10
B00DLX76BY,G10
B00DLX76GY,G9
B00DMEC0WW,G9
B00DMK6WN4,G10
B00DMUFYZQ,G10
B00DNF1RM4,G10
B00DNF1S28,G10
B00DNJ95DS,G8
B00DNJ99F2,G10
B00DNLZNYG,G10
B00DNLZOCC,G10
B00DNLZRLU,G10
B00DOBD482,G10
B00DOZNH58,G10
B00DOZRT0W,G10
B00DP4AH5Q,G10
B00DP9MDE4,G10
B00DPCR4S6,G10
B00DPDMWW8,G10
B00DPKQVVE,G10
B00DPL32ME,G10
B00DPUB59W,G10
B00DPUB5LK,G10
B00DPYH3BM,G10
B00DQN6IOK,G10
B00DQVST76,G10
B00DRDBTT8,G10
B00DRQETEW,G7
B00DS79H1U,G9
B00DS79HBU,G10
B00DS79HL0,G10
B00DSAUH0W,G9
B00DT55OJA,G9
B00DT55P9Y,G9
B00DTPRYY8,G10
B00DTPRZ10,G10
B00DUD7VDI,G9
B00DUGC202,G10
B00DUX291C,G10
B00DV1XYTO,G9
B00DV3A82I,G7
B00DVD5STQ,G10
B00DW13IQC,G6
B00DW5IKN4,G10
B00DW5IKNO,G10
B00DW7IV5O,G10
B00DW8E6K2,G10
B00DWFVCLQ,G10
B00DWGO02I,G9
B00DXLO086,G10
B00DXOIEFI,G10
B00DXP7L88,G10
B00DY1KPLG,G10
B00DY64A3U,G10
B00DY64BLG,G10
B00DY64C8S,G10
B00DY64CR4,G10
B00DYAE2IY,G10
B00DYQ1G78,G10
B00DZ2ZP4Q,G6
B00DZH7QV6,G8
B00DZSPP2C,G10
B00DZUD40K,G10
B00DZUV0M4,G10
B00E00ORZK,G10
B00E0FW054,G10
B00E0KWBE4,G10
B00E1LQRWY,G10
B00E1LRCY6,G10
B00E1LSX44,G10
B00E3HDW3I,G10
B00E3UN6N6,G10
B00E3V9UKI,G10
B00E44EZT0,G10
B00E44EZUE,G10
B00E4Q6TYM,G10
B00E58EAJ0,G7
B00E5G03AM,G10
B00E5N8DGG,G10
B00E688AZE,G10
B00E688U9K,G10
B00E6D4HHO,G10
B00E8A0P80,G10
B00E8A0PNK,G10
B00E8AVN9U,G10
B00E8G5H0K,G10
B00E8G5HQE,G10
B00E8N314C,G10
B00E8RKHWW,G10
B00E8UKY3Q,G10
B00E9FIFVS,G9
B00EAHX876,G10
B00EAPC860,G10
B00EC9UHZI,G10
B00ECFEL2C,G9
B00ECGEGGM,G10
B00ECGIL9K,G10
B00ECJGB44,G10
B00ECVPOZO,G10
B00EDM2RN4,G8
B00EDQCIGG,G10
B00EDR5N3A,G10
B00EE6C4CI,G9
B00EE6C4NW,G10
B00EECWCCE,G8
B00EEE999G,G8
B00EF1PLV8,G10
B00EF4U7AK,G10
B00EF4U7JQ,G10
B00EFJFUVG,G9
B00EHJC9AE,G9
B00EHK2S04,G9
B00EIJTLK4,G10
B00EIPEQLW,G9
B00EIXWMII,G10
B00EJFEN50,G10
B00EK52XQK,G10
B00EK6RM92,G10
B00EK9O9FO,G10
B00EKFI1HA,G10
B00EKR61BQ,G10
B00ELKDD9U,G10
B00EMLRKLA,G10
B00EMN0COA,G10
B00ENO1LSY,G10
B00ENO3RXG,G10
B00ENP6I9U,G10
B00EOBB6DQ,G10
B00EOHGQPI,G9
B00EOMJ9O8,G10
B00EPA3UVW,G10
B00EPH8S8U,G10
B00EPOHRDU,G10
B00EPV4G9Q,G10
B00EQIYZTO,G10
B00ERH1718,G10
B00ESFCETS,G10
B00ESZZOM2,G10
B00ET6LPRI,G10
B00ET9X5ZU,G10
B00ETHN9L2,G10
B00EU8RB14,G10
B00EUI4XHE,G10
B00EV1D4IY,G10
B00EV1YZD2,G10
B00EV1YZRI,G10
B00EV4F5TC,G10
B00EVU3RWS,G8
B00EX465U8,G10
B00EXPOCBG,G10
B00EXPOCXY,G9
B00EXPOEGO,G10
B00EYA6VGY,G10
B00EYPJHDI,G8
B00EZ4DXBU,G9
B00EZB5RTE,G10
B00EZC8042,G9
B00EZCVFGC,G10
B00EZDHVU0,G10
B00EZPCYFU,G10
B00EZQOLKA,G9
B00F031XPS,G10
B00F0JG7E4,G10
B00F1BG22S,G10
B00F1W1SS0,G10
B00F37VHPM,G10
B00F3KJSEG,G10
B00F3M3ZC0,G10
B00F3OLV9M,G10
B00F3TDA2I,G10
B00F40UBM8,G10
B00F5CQ78C,G10
B00F5GIQFK,G10
B00F5ZHI14,G10
B00F6SAMTA,G10
B00F77MAC2,G10
B00F77MARM,G10
B00F878KAC,G10
B00F878KFM,G10
B00F8M1DAQ,G10
B00F98FNRS,G10
B00F98FOPE,G10
B00F9IB1M4,G10
B00FAPPQ54,G10
B00FB1E9XC,G9
B00FC1ZC9Q,G10
B00FDJGL6A,G10
B00FDZ7VZE,G10
B00FE5MX74,G10
B00FE5N09Y,G10
B00FEHCQYW,G9
B00FEHCR1E,G10
B00FEOYY8G,G10
B00FEP9PQG,G10
B00FEZXIW8,G6
B00FF9SKP8,G10
B00FF9SKSK,G10
B00FFARI7I,G10
B00FFB1KTE,G10
B00FFSTP94,G10
B00FGEO9NE,G10
B00FGVRZR4,G10
B00FGWTNL4,G8
B00FH6V722,G10
B00FJ4NNDS,G9
B00FJWM04S,G10
B00FK2KP3U,G8
B00FK9KTRU,G10
B00FKIB3XA,G10
B00FKPHNF0,G10
B00FKPJ3VM,G8
B00FKT9DYK,G10
B00FKTB1H2,G10
B00FKTCXGA,G9
B00FL2F2UK,G10
B00FL31UF0,G10
B00FLDG52I,G10
B00FLT6YWI,G9
B00FM4S8H6,G10
B00FMGPVCO,G10
B00FMR66J0,G10
B00FNLUO6G,G10
B00FNPQW2W,G10
B00FNRA0KA,G10
B00FOGH2RY,G10
B00FPP99MK,G10
B00FPPQYXM,G10
B00FPVGWY2,G9
B00FQLK2TM,G10
B00FQY4C86,G10
B00FR23GPW,G10
B00FR23O4U,G10
B00FR23QNE,G10
B00FR23S3W,G10
B00FR83S18,G10
B00FRE6OB8,G10
B00FRE6OFO,G10
B00FRE6PUS,G9
B00FRILRL6,G9
B00FRKKVL6,G10
B00FRQ0HOQ,G10
B00FSKOFKS,G10
B00FTGYNUS,G10
B00FTGYPK6,G10
B00FV6XK2I,G7
B00FV91IK6,G8
B00FW6B4EI,G7
B00FW6BBM8,G9
B00FWMVVLS,G10
B00FWUX94M,G10
B00FWVXRLG,G10
B00FXB8RRO,G10
B00FXCITZI,G10
B00FXSI9IY,G9
B00FXSI9UW,G7
B00FXWAZX2,G9
B00FYL08RK,G8
B00FYPEEFS,G10
B00FYYS9D2,G8
B00FZ4KT84,G10
B00G0LGW50,G10
B00G0PXU1A,G10
B00G251WYK,G10
B00G2IREUI,G10
B00G2O43B0,G10
B00G2PA0ES,G8
B00G3BVTKA,G10
B00G3D732Q,G10
B00G3HOLV8,G10
B00G3L0NB6,G10
B00G3XHH40,G6
B00G4Q3KOC,G10
B00G575PM0,G10
B00G6SO7A4,G9
B00G7A5VYC,G7
B00G7M190U,G10
B00G7QQ00A,G8
B00G7QQ1Y0,G9
B00GAHG7PE,G10
B00GAJFIXO,G10
B00GAXASK8,G10
B00GB0OSP6,G10
B00GBZVOEY,G10
B00GD9GNEY,G10
B00GDEZP52,G9
B00GDEZPGG,G8
B00GDM4O3I,G10
B00GEKO51U,G10
B00GHH9IIA,G10
B00GHH9IRG,G10
B00GHJX8W0,G10
B00GHP8SH4,G10
B00GHP8SS8,G10
B00GHP8T1Y,G10
B00GHU35HM,G10
B00GHYIQ18,G10
B00GJFX8TA,G10
B00GJNQ3S0,G10
B00GJOXW1A,G10
B00GLPCKX8,G10
B00GLT2SOA,G10
B00GLT2TR6,G10
B00GM7STPI,G9
B00GMM19QE,G10
B00GMM19VY,G10
B00GMV89QI,G6
B00GMV8CQU,G10
B00GMV8IVE,G9
B00GMV8JVI,G10
B00GMV8KGW,G8
B00GMV8M2Y,G9
B00GO55Q72,G9
B00GOFVED2,G10
B00GOHZV6Q,G10
B00GOT10SM,G10
B00GOT15N2,G10
B00GOVRVTM,G9
B00GPOYX76,G10
B00GPWERCO,G10
B00GPWP214,G10
B00GQQ77IU,G10
B00GRZPQX8,G10
B00GRZPR96,G7
B00GS08Y3Q,G10
B00GS19OOS,G10
B00GS4B7GS,G10
B00GS8GM0K,G10
B00GSA3K6C,G8
B00GSA4FDO,G6
B00GSBQ2HU,G10
B00GSBXU34,G10
B00GSDSRQW,G10
B00GSMZ3I8,G10
B00GSSD73K,G10
B00GST8RJ8,G10
B00GST8UH2,G10
B00GSTHC7G,G10
B00GSTHCHQ,G10
B00GSTHCTE,G10
B00GSTHD02,G10
B00GSXE0B8,G9
B00GTF526M,G10
B00GTKYI1C,G10
B00GTZWXYQ,G10
B00GTZWZH6,G10
B00GUFCPPC,G10
B00GUO3C3W,G10
B00GV8AZI2,G8
B00GVHA04C,G10
B00GWJIDFW,G10
B00GWJIDM0,G10
B00GWWV1XU,G10
B00GWXI1AK,G10
B00GWXI1F0,G10
B00GWXI20E,G10
B00GWXI2EU,G10
B00GWXI2X6,G10
B00GX00CI6,G10
B00GX7D5JW,G10
B00GX7WNOA,G9
B00GXXTTJQ,G10
B00GZ0ML2Y,G10
B00H0EN8UI,G10
B00H0EN98E,G8
B00H0EN9D4,G9
B00H2FPY20,G10
B00H3DW7P8,G10
B00H3WCT4I,G7
B00H47IWXY,G7
B00H47IXF6,G10
B00H4BHIF8,G10
B00H4IGZJG,G10
B00H4IR3FG,G5
B00H4ZEFTQ,G10
B00H5NY7DQ,G10
B00H5NY7O0,G10
B00H5RYN5Y,G10
B00H6YAB16,G10
B00H7BJ1B4,G10
B00H7BJ1GY,G10
B00H7E3T5K,G10
B00H7E8KVI,G10
B00H7KJTMG,G10
B00H7LJ2UO,G9
B00H7YYMOM,G10
B00H8KC1N4,G10
B00H8KC1OS,G10
B00H8KRWKG,G10
B00H8N5IQS,G10
B00H91LVTM,G10
B00H9BFV98,G10
B00H9HZITU,G9
B00H9L28OO,G10
B00H9LHVHI,G10
B00H9LKHGA,G10
B00HA0FOEU,G10
B00HDAG7FW,G10
B00HDEEU48,G10
B00HDXPIV8,G10
B00HE1EEQ4,G10
B00HEEAM94,G10
B00HEPCRLE,G10
B00HEQO9DM,G10
B00HEQOD56,G10
B00HF5J9XW,G10
B00HF95PA4,G10
B00HF98SYO,G10
B00HFWETZ8,G10
B00HGJB3MC,G9
B00HHAX9BI,G10
B00HHIPPW6,G10
B00HHITD60,G10
B00HHYF59S,G10
B00HHYF5EI,G10
B00HIMHXG2,G8
B00HJQMA1U,G10
B00HLSW674,G10
B00HLSW6YC,G8
B00HLTD5EG,G8
B00HLTD6E0,G9
B00HLTD8RA,G10
B00HLTDAGO,G9
B00HLTDARS,G10
B00HLTDCLM,G10
B00HMOW9WE,G10
B00HNFSD5Y,G8
B00HNGC56G,G10
B00HNGZK6I,G10
B00HNH3HIU,G10
B00HNTIXK0,G8
B00HNTOVWE,G7
B00HNTOYQC,G9
B00HNX29S8,G10
B00HP4W1M4,G8
B00HPT4BK4,G10
B00HPX33MM,G10
B00HQF9TFO,G7
B00HQI811Y,G9
B00HQOD0SM,G10
B00HQOFIA0,G9
B00HR35ZEY,G10
B00HR7OOME,G10
B00HRK4P5M,G9
B00HRUQ8HK,G10
B00HRYH6GI,G10
B00HS2OWNO,G10
B00HSJ2CVQ,G9
B00HSKI8GS,G10
B00HSS7N2U,G10
B00HSSZKAW,G10
B00HUAGZ34,G10
B00HUAGZKW,G10
B00HUAH1H8,G10
B00HUCF420,G10
B00HUCF7AO,G10
B00HUQC442,G10
B00HUTPK4U,G10
B00HVBB140,G10
B00HVFA36I,G10
B00HVFA39A,G10
B00HW2PS3S,G10
B00HW3EI3I,G10
B00HW3EXCE,G10
B00HW3EY46,G10
B00HW3EZXQ,G7
B00HW3EZZE,G10
B00HW3L2J6,G10
B00HW4O1VG,G9
B00HX0KIAM,G10
B00HX3ZKS4,G10
B00HXH00YE,G10
B00HXJIK4E,G10
B00HXXG48E,G8
B00HYZ0ZLS,G10
B00HYZ10RQ,G10
B00HZ7S508,G9
B00HZVX14O,G10
B00I099JO6,G10
B00I099K4U,G10
B00I0CAVV8,G7
B00I0VTPYI,G10
B00I211L48,G6
B00I2UULIG,G10
B00I30MQ4W,G8
B00I4581F4,G10
B00I458456,G10
B00I462XF2,G10
B00I480QBI,G10
B00I4DSDE0,G9
B00I5NKPWC,G10
B00I6JOD8M,G10
B00I83WKTA,G10
B00I86MQF0,G10
B00I8SBYUQ,G10
B00I8WB3AI,G6
B00I9KV1TM,G10
B00I9TDMLS,G10
B00IAR2CHY,G10
B00IB3QYDA,G8
B00IBIIQTU,G9
B00ICN1Y5W,G7
B00ICR6SBI,G10
B00ICWO144,G10
B00ICXM1UE,G10
B00ID8HATK,G10
B00ID9PZD2,G10
B00IDRQ3PI,G10
B00IE419W2,G9
B00IE41AA8,G10
B00IE4ER12,G10
B00IEBAN6S,G10
B00IEXX4KS,G10
B00IEXX4XA,G10
B00IF0KAYS,G10
B00IF8PTVO,G7
B00IF8Q7EC,G10
B00IGVJH0E,G10
B00II4DYHG,G10
B00II6C66E,G10
B00II7H5SM,G10
B00IICFEX0,G10
B00IJG5502,G9
B00IJLM0V4,G10
B00IJS2NZU,G7
B00IJS2OHM,G10
B00IJYQV7A,G9
B00IK43YOM,G10
B00IK481FO,G10
B00IKM5L6I,G9
B00IKM5LT0,G9
B00IKM5LXG,G9
B00IKM5MIA,G7
B00IKM5MQC,G10
B00IKM5OTW,G8
B00IKM5OYW,G8
B00ILAWJLO,G10
B00IMOM4EQ,G10
B00INCEO3Q,G10
B00INLE6HG,G10
B00IO03I6Q,G9
B00IO8UO74,G10
B00IORPROU,G6
B00IQ8TT0K,G9
B00IRD8JJ6,G7
B00IRIMGTA,G10
B00IRLISLM,G10
B00ISZNBCI,G10
B00IT3KQWM,G10
B00IT70F3S,G10
B00ITAQ2T6,G10
B00ITPE2QQ,G10
B00IUSP7OI,G10
B00IV3FLO8,G10
B00IVC030G,G10
B00IVLRC88,G10
B00IWULSTC,G10
B00IXGU2TM,G10
B00IXPQUR6,G10
B00IY1JCTW,G8
B00IZE00MQ,G10
B00IZEATRM,G8
B00IZZDVTO,G9
B00J0461UU,G10
B00J0IPLBQ,G10
B00J0IQISG,G9
B00J22YU62,G7
B00J2FGZI0,G10
B00J2FH0PM,G10
B00J2MQ06U,G10
B00J2PQY5E,G10
B00J2PQYWC,G9
B00J2PQYYK,G10
B00J2T176Q,G10
B00J2T18XS,G10
B00J3GJL52,G10
B00J3M54AW,G10
B00J49R1BY,G10
B00J49R1M8,G10
B00J5JSV3A,G9
B00J5LXMTG,G10
B00J5LXPPM,G10
B00J5LXS4U,G10
B00J5LXT44,G10
B00J5LXU02,G8
B00J5SKAOO,G10
B00J8LXD56,G10
B00J925RX0,G10
B00J9BZ4KC,G10
B00J9BZOXY,G10
B00J9BZVQE,G10
B00J9C01W2,G10
B00J9C07GC,G9
B00J9C0DRU,G10
B00J9PVE2A,G9
B00JA3RPAG,G9
B00JA3RSR6,G10
B00JAFDFBM,G10
B00JBBJJ4C,G9
B00JC4XHYQ,G10
B00JC5ED7A,G10
B00JCCHM30,G9
B00JCCHMU8,G9
B00JEEZT68,G8
B00JESQRS8,G9
B00JH4U9GK,G10
B00JHH1VUU,G10
B00JHH20VY,G10
B00JHH21AE,G10
B00JJ3EH6C,G8
B00JJJ3REO,G10
B00JJRLFTU,G10
B00JJRLG58,G10
B00JJRLG7G,G10
B00JJSDPBA,G10
B00JK7QTZE,G9
B00JK7QU6W,G10
B00JKE4SVE,G9
B00JKE4VBQ,G10
B00JKJ13EY,G10
B00JKT890A,G10
B00JKTFQJM,G10
B00JLC57OW,G10
B00JLDT9MC,G10
B00JLDTBCU,G10
B00JLJ0AUQ,G10
B00JLV09S2,G10
B00JO9O1WG,G10
B00JOWHSIW,G10
B00JPFTPDY,G9
B00JPFTS2M,G10
B00JPFTSWM,G10
B00JPFTW1E,G10
B00JPXAO36,G10
B00JRB00RG,G10
B00JS223GU,G10
B00JSR5BJ6,G10
B00JU3S6IQ,G10
B00JU3S7Z8,G10
B00JU94ZPS,G10
B00JV0543I,G9
B00JV0547O,G9
B00JVSF0T8,G10
B00JWS9FYS,G5
B00JXFHPSS,G10
B00JXFHSEE,G9
B00K0HD7TO,G10
B00K0TWVFI,G10
B00K1MPGBK,G10
B00K2CI0HG,G10
B00K2CI184,G10
B00K3245AQ,G9
B00K6D1HUI,G10
B00K7P63PE,G9
B00K80QGCS,G10
B00K87YGI2,G10
B00K87YLSM,G10
B00K8835WE,G9
B00K8GXBMK,G10
B00KACCIQM,G10
B00KAEIFCQ,G8
B00KASQQTQ,G10
B00KAVPEWI,G10
B00KB01MO2,G10
B00KB01QEI,G10
B00KB8JB9M,G10
B00KBROZX0,G7
B00KC8V8NI,G10
B00KCA32XK,G10
B00KD5HFJG,G10
B00KD64ID6,G7
B00KDF2NL6,G5
B00KDU8HQQ,G10
B00KE7PBCQ,G9
B00KE7PC66,G10
B00KE7PC6Q,G10
B00KFNF17E,G10
B00KFNF2DM,G10
B00KFRBJVM,G10
B00KGA8EHU,G10
B00KGJOA5Q,G10
B00KGJOBFA,G10
B00KGVV37M,G6
B00KH0XX1Q,G10
B00KH7D0R6,G7
B00KH8KWDA,G9
B00KHA5SL4,G10
B00KHA5TJ0,G10
B00KHA8992,G10
B00KHA99BY,G10
B00KINIOVG,G7
B00KJ1DD4U,G10
B00KMJBDFA,G9
B00KMJBGV6,G8
B00KMULA6Q,G10
B00KN2KY4W,G10
B00KNVF2SG,G10
B00KO10QH2,G10
B00KO10QIQ,G10
B00KOBUO42,G8
B00KPI12JU,G7
B00KPI19N4,G4
B00KPUSDFE,G10
B00KPYT3LS,G9
B00KQTGWPC,G10
B00KRAXFWI,G10
B00KS47SNU,G10
B00KT5PAWE,G10
B00KTFJ6DS,G10
B00KTOPHSC,G9
B00KTZAKLU,G10
B00KTZAL2S,G7
B00KTZAL78,G7
B00KU3Y2VK,G10
B00KU3Y5CG,G10
B00KUWUKPI,G10
B00KVFHBLK,G6
B00KVS6YZQ,G10
B00KVVP4EA,G10
B00KW85NXO,G10
B00KWTZ1RG,G10
B00KX44QNK,G10
B00KXQL6IQ,G10
B00KYLJLRS,G10
B00KYVZ03W,G10
B00KZJX8O6,G7
B00L0MICXE,G10
B00L16P106,G8
B00L16P1QU,G10
B00L1TML1U,G10
B00L2YXY6U,G7
B00L2YY0EA,G10
B00L37J2FS,G10
B00L47DY7O,G10
B00L47E39W,G10
B00L4IDS4W,G10
B00L4K3MLE,G10
B00L4KRP12,G10
B00L5QX0S2,G10
B00L5QX14A,G10
B00L5R5GE2,G10
B00L5Y8GJC,G10
B00L6AW2MC,G10
B00L6AW2W2,G9
B00L83F0RQ,G10
B00L89VL96,G10
B00L8LD93K,G10
B00L8QOYG6,G10
B00L8QP082,G10
B00L8QP0AA,G10
B00L8QP0C8,G10
B00L8QP0U0,G10
B00L8YJIDW,G10
B00L9CDUAK,G10
B00L9FLO5K,G8
B00L9FLXXI,G10
B00L9OPDA8,G10
B00LAYEN4Y,G10
B00LBHOCHS,G10
B00LDCGBNE,G10
B00LDCJ19A,G6
B00LE36FZ6,G10
B00LERXH9Y,G10
B00LEW3IZW,G8
B00LG7VWIA,G10
B00LGQVBXC,G10
B00LH5IT3C,G10
B00LH98QTK,G9
B00LHK2398,G10
B00LJD5642,G7
B00LKCQONE,G10
B00LKCQOP2,G10
B00LM4A21A,G10
B00LMBUR6S,G10
B00LMJUOWC,G8
B00LN2WKGQ,G10
B00LN7V4KO,G10
B00LN8786M,G10
B00LO1T0FU,G6
B00LO1T0KK,G7
B00LO1T45Q,G6
B00LO1T5GE,G9
B00LOCL89A,G10
B00LOCL8P4,G9
B00LOCLBVU,G10
B00LOCLBWO,G10
B00LOCLCPU,G10
B00LOCLDSG,G10
B00LPD0ELG,G6
B00LPD0EVG,G10
B00LPPIDSA,G10
B00LSW76MO,G10
B00LT1JHLW,G10
B00LT1JKN2,G10
B00LTO33JQ,G10
B00LTO342M,G10
B00LU4RL1G,G9
B00LU7K55M,G8
B00LWB95RU,G10
B00LWLZVT6,G10
B00LX7VSP0,G7
B00LXGZCBC,G10
B00LXH2BL0,G10
B00LY1YLKE,G8
B00LY1YOGA,G10
B00LYD887Y,G6
B00LYHXHUI,G7
B00LYHXI4I,G9
B00LYHXI84,G10
B00LZ2LYQ6,G7
B00M0DTYUW,G10
B00M0GM2NA,G9
B00M0GM4DS,G10
B00M0GM4V0,G10
B00M0GM72Q,G10
B00M0GMBMC,G10
B00M0GMC26,G10
B00M0JTXRU,G10
B00M0JTYJC,G10
B00M0JU1XU,G10
B00M0JU3XI,G10
B00M1CFRDA,G10
B00M1CFX4S,G8
B00M1YSS7K,G10
B00M24YBXE,G10
B00M25EALG,G10
B00M2D7I7G,G10
B00M2MTCAS,G10
B00M482XH4,G9
B00M4A93NY,G9
B00M4DUT5C,G10
B00M4KXLCI,G10
B00M4LP84Q,G9
B00M6X9ZOQ,G8
B00M6X9ZS2,G10
B00M7D805A,G9
B00M7D81SQ,G10
B00M8BC570,G9
B00M8HWGU0,G9
B00M9HHGVI,G10
B00M9W8HRA,G10
B00MAMZ17S,G10
B00MARZSW6,G10
B00MBI0B0I,G10
B00MBNRPT8,G10
B00MEEVVV2,G8
B00MEEVVYO,G8
B00MEUZIJC,G10
B00MEXP52Y,G10
B00MFCPURE,G10
B00MGBS5PS,G10
B00MGLMY7I,G8
B00MHIKJUY,G10
B00MHIKRXS,G10
B00MI56U6S,G10
B00MJDV0LY,G10
B00MK1RA4G,G10
B00MK1RCBC,G10
B00MLSJTCE,G10
B00MMPB66I,G10
B00MNBTNZC,G10
B00MO21W2W,G6
B00MO21WAY,G10
B00MOUF4G4,G10
B00MP2FHNG,G10
B00MP2FKLU,G10
B00MP2FM4U,G9
B00MP2G2R6,G10
B00MQI46RW,G10
B00MRNSZZA,G10
B00MU1YEJK,G10
B00MU1YEWW,G10
B00MU1YEY0,G10
B00MUDYJ4I,G9
B00MV55HNC,G10
B00MWP70SG,G10
B00MWP723Y,G10
B00MX3B0CE,G10
B00MXYG3M0,G10
B00MY498QW,G10
B00N176XGE,G10
B00N1JPZM0,G10
B00N1JQ0N8,G8
B00N1JQ18W,G10
B00N1JQ1IM,G10
B00N1JQ39O,G10
B00N3FMXEA,G10
B00N46CU2I,G10
B00N4W4YNA,G10
B00N5AICVQ,G9
B00N5B5B3M,G9
B00N83X2JC,G10
B00N8JIGT2,G10
B00N8JIHC8,G10
B00N9QM6N6,G10
B00NALHK8Q,G10
B00NAQ3EOK,G9
B00NARLV8K,G10
B00NB0OTWQ,G10
B00NC61CSS,G8
B00NCDVVLY,G8
B00NF6P80I,G10
B00NFJZXFK,G10
B00NG3YQXU,G10
B00NGAJ980,G10
B00NGAJCVO,G10
B00NGAJHF0,G10
B00NGL7J68,G10
B00NGL7JK4,G8
B00NH0MC4W,G10
B00NI4DOW6,G10
B00NIPQURG,G10
B00NIRGIPS,G8
B00NJ1Z26O,G10
B00NJ4QG4I,G10
B00NJ4RGFG,G10
B00NJ4S3EY,G10
B00NJ4U5U4,G10
B00NJ4UZI6,G10
B00NJ4VMDS,G10
B00NJADEAG,G8
B00NKHC5RQ,G10
B00NLZAAAQ,G10
B00NLZAC5O,G6
B00NMF8SEK,G10
B00NMJQKEG,G10
B00NO834N0,G9
B00NP06DJE,G10
B00NPHD5KC,G10
B00NPHDBUQ,G10
B00NQE6X3A,G10
B00NT6NGT4,G10
B00NT71BNQ,G10
B00NTNY7SQ,G9
B00NV6K02S,G10
B00NVDYMBG,G10
B00NW6KRMA,G9
B00NW6KRZM,G10
B00NWKWA58,G10
B00NYC4PNO,G10
B00NYC65M8,G10
B00NYC7PG8,G10
B00O0292FI,G9
B00O1D37NO,G10
B00O1D3BL2,G10
B00O1D3C02,G10
B00O1D3C2K,G10
B00O1D3C3E,G10
B00O1D3C66,G10
B00O1D3C6Q,G10
B00O20UHDO,G9
B00O2IZPD8,G10
B00O3QAW50,G8
B00O3UBDQ8,G10
B00O4CTSD0,G10
B00O4CTSHG,G10
B00O4CWP7G,G10
B00O4UN8VU,G10
B00O4ZC57I,G10
B00O4ZC5A0,G10
B00O5A099S,G8
B00O5AJRAU,G8
B00O7LYMIO,G10
B00O7LYUXQ,G10
B00O8BC17M,G10
B00O8RSFOE,G10
B00O9ZSK9A,G10
B00O9ZSKIQ,G10
B00OBIA3KE,G8
B00OBIBCXQ,G9
B00OBQ9PDC,G10
B00OGL6S64,G10
B00OGQUAU4,G10
B00OGT2UFE,G10
B00OGWB2UK,G10
B00OHLR6QY,G10
B00OI6B7LS,G10
B00OJ0X41E,G10
B00OJMC8TQ,G9
B00OKB80KW,G9
B00OMCCI8Y,G8
B00OMCLZLU,G7
B00OOLIX7S,G10
B00OPCF3EW,G10
B00OPMFLT4,G10
B00OPNQ66K,G10
B00OQRU9FY,G10
B00OQUZQZO,G10
B00OTADCSE,G10
B00OTR96J6,G10
B00OU27QSS,G10
B00OU27WIC,G7
B00OU4MORY,G10
B00OU4MP0K,G10
B00OUF232O,G9
B00OV3VGP0,G10
B00OY7YOZ2,G10
B00OYSZP5E,G10
B00OZJ2Y38,G10
B00OZOIETQ,G10
B00P1NG32A,G10
B00P1WGHLI,G10
B00P2968EQ,G10
B00P2HSBO8,G10
B00P2LVW9K,G10
B00P6TZY1K,G8
B00P6VLL0G,G10
B00P7RWOF0,G10
B00P826P1I,G9
B00P8KD29I,G10
B00P93XOX8,G10
B00P9UVC0I,G10
B00PC1FD9U,G10
B00PCSVODW,G4
B00PFRFXB4,G10
B00PG3NWJ2,G10
B00PGDA8P8,G10
B00PGTNA52,G10
B00PH1H6TK,G10
B00PHD691Y,G10
B00PHGTRCE,G10
B00PHK6KQG,G10
B00PHL8VQW,G9
B00PHSDS0E,G10
B00PK7HXDU,G10
B00PKPGLOY,G10
B00PLEF4XS,G9
B00PLYU410,G9
B00PMCYZ1G,G8
B00PMDSVTM,G8
B00PR2IC8I,G10
B00PRABXFO,G10
B00PSLIQ9I,G9
B00PV09C3U,G8
B00PV09C7G,G10
B00PY4Q9OS,G10
B00PY6PELK,G9
B00PZX2CT4,G9
B00Q0G2VXM,G10
B00Q2WGOAA,G8
B00Q5995LU,G10
B00Q5998BM,G10
B00Q5NNMEW,G10
B00Q7DWUDY,G10
B00Q7LS3C8,G10
B00Q7WBGHG,G9
B00Q8KCS60,G10
B00QFUFZZO,G10
B00QFUG0YO,G10
B00QG6IDJC,G10
B00QGQFOHG,G10
B00QHCKHHQ,G7
B00QHIRRSC,G10
B00QJ64AZK,G6
B00QJ9C7B6,G9
B00QJ9N1N4,G10
B00QJAZ4MY,G9
B00QJAZ514,G8
B00QJN33II,G10
B00QK4ANEI,G9
B00QKS2DP6,G9
B00QMV2TBO,G10
B00QRPZEVW,G10
B00QSHWZNE,G8
B00QT4VBNG,G10
B00QT4VBTU,G10
B00QT4VDC0,G10
B00QT4VDSO,G10
B00QTG2KY8,G10
B00QTKCP58,G10
B00QTKCPOE,G10
B00QU6GRRS,G5
B00QUFHTMQ,G9
B00QUFHWMS,G8
B00QX0ISV4,G10
B00QXIIZ3W,G7
B00QXXKW6K,G6
B00QYR398S,G10
B00QYZJAAG,G10
B00QYZJDLC,G10
B00R041BAW,G10
B00R041BVQ,G10
B00R041CT2,G8
B00R041DXW,G10
B00R041FXA,G10
B00R3LIB0A,G10
B00R4JLJ4G,G10
B00R5YGP08,G10
B00R6HLE1O,G10
B00R8GR8M2,G10
B00R8GUXPG,G10
B00R8HWMEU,G10
B00R8KIJ3U,G10
B00R8N1BTG,G10
B00R8N1DGM,G10
B00RC16SYW,G10
B00RC9FJIU,G6
B00RCPFF06,G10
B00RD6DZL0,G10
B00RDCKLHA,G9
B00RDEIRB0,G9
B00RDZMVOS,G10
B00REG9FDQ,G10
B00REG9GEE,G9
B00RFG788E,G10
B00RFSC9TA,G7
B00RI4VBUO,G8
B00RJXKUOM,G10
B00RNELG5E,G9
B00RQZB78Q,G9
B00RTKEFSC,G10
B00RUT3DWG,G10
B00RVZJ3U0,G9
B00RYZFNZG,G8
B00RZXWUP8,G6
B00S16H0DA,G10
B00S1ITA2W,G10
B00S2LSA5G,G10
B00S4YGWAQ,G10
B00S6MBGY8,G9
B00S7L1GKM,G9
B00S80X0C4,G10
B00S89IJX0,G10
B00S89IOPS,G10
B00S89IVTM,G10
B00S8ONLYM,G10
B00S9S12R0,G10
B00S9U3TU6,G10
B00S9XHJ86,G9
B00SADQOEU,G10
B00SB9SL3A,G10
B00SB9Y6KW,G10
B00SBYJTYU,G7
B00SFRHKAI,G9
B00SG16TIC,G10
B00SHJLVWM,G10
B00SJC9WV4,G10
B00SJFG6L0,G10
B00SLXRAGA,G9
B00SNPXCYK,G10
B00STKR50Q,G10
B00SU1DDVY,G10
B00SU2UXUW,G8
B00SV06VLS,G10
B00SVTE0NA,G9
B00SWFMBNE,G5
B00SYCFLJG,G10
B00SYNSNHW,G10
B00SYX6J2I,G10
B00SZLEL2Y,G10
B00SZTD3RU,G6
B00T3IKKR8,G10
B00T3IKQM2,G10
B00T5D4LB2,G10
B00T5D4M2U,G10
B00T6KIL2E,G10
B00T6KINS6,G10
B00T6KIPO8,G10
B00T6QIZ7O,G10
B00T9G67TO,G8
B00T9QDT68,G10
B00TB6JUCI,G8
B00TB9ZXNA,G6
B00TEBVLM2,G10
B00TEC7H9M,G10
B00TEC7J22,G10
B00TEC7K62,G10
B00TFGRY4U,G10
B00TFOKI7M,G10
B00TFOKJ8A,G10
B00TGCIH0I,G10
B00TGF9GGO,G10
B00TGJ1AJG,G10
B00TGNLUSI,G10
B00TGNLUYW,G10
B00TI5RQL4,G7
B00TJ14IBI,G10
B00TJ30A04,G10
B00TJFXH02,G10
B00TKIJGDA,G9
B00TL6QUV2,G10
B00TLXIQPI,G8
B00TPL8DF4,G10
B00TPL8DWW,G10
B00TPL8DXQ,G10
B00TPN7EES,G8
B00TQ4PBBO,G9
B00TQ8FSWC,G10
B00TQGGH10,G9
B00TQGGJTK,G10
B00TQGGLIE,G10
B00TRAO8VQ,G10
B00TRK0ODC,G9
B00TSI10YA,G10
B00TV6BA9E,G7
B00TYJDQ54,G10
B00TZF2JTG,G10
B00U2MTL60,G8
B00U2YNO7U,G5
B00U2YNO8O,G8
B00U3UKXSG,G10
B00U7DLSVK,G10
B00U7M7UPY,G8
B00U8BDQPC,G10
B00UA00E0Q,G10
B00UA86G5U,G9
B00UAJ6X6G,G9
B00UARSZXC,G10
B00UB7Z6MO,G10
B00UCADTZ6,G10
B00UEM9N98,G10
B00UEM9TY2,G10
B00UGPEWFI,G10
B00UGPKYMS,G10
B00UGPQXFA,G10
B00UHAJ1AI,G10
B00UHAJ24S,G10
B00UHJ7J8U,G10
B00UI5CU6Y,G10
B00UIDS0W4,G9
B00UITXKTG,G10
B00UJZQF5A,G10
B00UKSXN60,G10
B00UL9050A,G10
B00UMDEVIC,G10
B00UMDF01Y,G10
B00UMDF6J0,G10
B00UNEJ2LQ,G10
B00UNONQSQ,G10
B00UOB45DI,G10
B00UOB45SS,G9
B00UOW1XQ4,G9
B00UOW29C6,G10
B00URJFYEG,G10
B00UVCHWDK,G10
B00UZ2O4D2,G9
B00UZJO7UA,G10
B00V5JEJ1Q,G10
B00V950K3C,G10
B00V9LTX1G,G8
B00VAVNN5W,G8
B00VBPX4V0,G10
B00VC1YFFM,G10
B00VE6OXSY,G10
B00VFVIJFG,G10
B00VG3O31M,G10
B00VGQJLDO,G10
B00VGXABLI,G10
B00VHAG0NI,G10
B00VJIIOSC,G10
B00VK09FMI,G10
B00VKEWZQ2,G10
B00VKX6V9U,G10
B00VKX6VWC,G10
B00VKYKY7E,G10
B00VM5HXLG,G8
B00VMIWA3O,G10
B00VNQWT0Y,G10
B00VNQWUB2,G10
B00VNX5S96,G10
B00VSE0IMM,G10
B00VSG3MSC,G10
B00VU4YPR4,G10
B00VUK505O,G8
B00VX21ZWG,G10
B00VXV65RW,G10
B00W1LATOS,G10
B00W1XYVWW,G10
B00W3JQXUM,G7
B00W3W2TC0,G8
B00W3XNNE2,G8
B00W605FDO,G10
B00W7AG7JE,G10
B00W85TAHE,G10
B00W9JQ5B8,G8
B00WAJ8PA6,G10
B00WAJ8RBI,G10
B00WAZHS0I,G8
B00WDQNYUM,G10
B00WFN4MJK,G10
B00WHZZAP6,G10
B00WKMLNWK,G10
B00WNBABVC,G10
B00WQT2R0Y,G10
B00WQT3UMI,G9
B00WR531SY,G10
B00WRNGTRG,G10
B00WS8R2M6,G10
B00WSJL4JC,G10
B00WSSC6E0,G9
B00WU5B494,G10
B00WV7TNEE,G10
B00WYMNLA8,G7
B00X3DC6Y4,G10
B00X3DC80G,G10
B00X4TV9RC,G10
B00X5ZSONM,G10
B00X6IQYPI,G10
B00X797NJW,G10
B00X797NTW,G10
B00X7HEIB0,G10
B00X7SIALI,G10
B00XDBMB4Q,G10
B00XIF8GF0,G10
B00XIXGQ6S,G10
B00XJ8HAHG,G10
B00XK9B070,G10
B00XLX0Z62,G10
B00XQ142MW,G10
B00XQ2CC6O,G10
B00XQ2EQH2,G10
B00XRZU2E4,G10
B00XUQAFVK,G10
B00XVHKVMQ,G9
B00XVHKYVE,G8
B00XVJ3MW0,G10
B00XWV8W6I,G10
B00XX3VR0S,G10
B00XZCIENK,G10
B00XZZMTOM,G10
B00Y11WX90,G10
B00Y1UZBDQ,G9
B00Y7R9EYK,G10
B00Y7R9FWQ,G10
B00Y8BNPRW,G10
B00YAZNBTI,G10
B00YAZND1O,G8
B00YCY46VO,G10
B00YHR5UW0,G9
B00YI71PN2,G10
B00YIZWFQ0,G10
B00YIZWIRQ,G10
B00YOJIF3M,G7
B00YQJRYGY,G10
B00YRV20HY,G10
B00YS4V5BC,G10
B00YS8CBS4,G10
B00YSBFD5O,G10
B00YSBFG2E,G10
B00YSBFH8C,G10
B00YSBFHMI,G10
B00YSBFPSY,G10
B00YSG2ZPA,G10
B00YT8SFR4,G10
B00YZBF1YU,G10
B00Z0GES3E,G10
B00Z710V6K,G10
B00Z7EMJ4E,G10
B00Z9HS8E4,G10
B00Z9HSFY2,G10
B00Z9YZRVE,G10
B00ZASTW92,G10
B00ZAZB4T6,G10
B00ZCHTR6O,G10
B00ZCOFBEE,G10
B00ZE1JYRU,G10
B00ZE1K2ZI,G10
B00ZE500TM,G10
B00ZE5013W,G10
B00ZGDIGZ2,G10
B00ZGRMTLA,G10
B00ZGTJN3K,G10
B00ZL4Q7NE,G5
B00ZPH4RRA,G10
B00ZPH4SAQ,G10
B00ZQ36R4Y,G10
B00ZR3W3WI,G10
B00ZR3W40E,G10
B00ZR3W45O,G10
B00ZRBQVVO,G9
B00ZS21J6E,G10
B00ZT7TJHE,G6
B00ZUL9LGS,G10
B00ZWC16CC,G10
B00ZX1Y7KU,G10
B00ZYBI84U,G10
B01011KJKI,G9
B01013C5IU,G10
B0106O4QYU,G7
B0106RTAPM,G9
B0107GC2AM,G8
B0107GC96Y,G10
B0108N9AAY,G8
B0108N9J2I,G10
B010CHR1ES,G10
B010E1H2CS,G9
B010H6NMKQ,G10
B010LY9JUQ,G10
B010MJ851Y,G10
B010NDZJ9A,G10
B010OR9A9K,G10
B010R3ILY6,G9
B010TIZC2S,G9
B01127XNEE,G10
B0112HPUW2,G8
B0112HPVEY,G10
B0112HPWQG,G10
B0112HPWWK,G6
B0112HPX1K,G10
B0113FXB9W,G10
B0113NVV1Y,G7
B0115NB7N4,G10
B01169SSOI,G10
B0117Q3S3G,G10
B0117UHFU4,G10
B0118S73VG,G8
B0119OFSGQ,G10
B0119RZ67O,G10
B011CZOKCU,G10
B011D5G982,G10
B011KG2G5O,G10
B011KME78M,G10
B011LW42W2,G10
B011MUA592,G10
B011MUA8B2,G10
B011OCMQHW,G7
B011PS4YGQ,G10
B011Q0FSC2,G10
B011Q0KET4,G10
B011T0C71E,G10
B011T0C73W,G10
B0125PSL1W,G10
B01275D16A,G10
B0128P0WKW,G10
B0128QAXLO,G10
B0128QB16A,G10
B012BPM40U,G10
B012BYDKJU,G10
B012C86TMU,G10
B012DCNERI,G10
B012DW8N0G,G9
B012DWS874,G10
B012G7INVC,G9
B012G7IWYA,G10
B012HTAGBY,G8
B012O29DR2,G10
B012O29ISG,G10
B012P5MHO4,G6
B012PU762W,G10
B012RC89Z6,G8
B012WBL3I2,G10
B012WGY5C8,G10
B012X1YCL6,G7
B0130CD3W6,G10
B013323CM4,G10
B013539XIS,G10
B0139TET14,G10
B013BPR7QU,G9
B013C6OW1Q,G10
B013F4VQSM,G10
B013FCN628,G10
B013GCK51M,G9
B013HC8KO0,G8
B013HOZJCY,G10
B013HOZKQE,G10
B013HY6KVS,G10
B013JA9QDO,G9
B013JA9TIG,G10
B013JBH0CC,G10
B013JBJ8T0,G10
B013JZW73K,G9
B013JZW8E8,G10
B013P0WZ86,G10
B013P0X1HK,G10
B013RHZXNG,G10
B013RO1HM0,G10
B013TFJ4SQ,G10
B013W7LTL6,G10
B013W7LXQ2,G10
B013XD39BC,G9
B01423S8A4,G7
B0142G2NM0,G10
B0142WELF6,G10
B0145CBN68,G10
B0145NSN92,G10
B0145NSQGW,G10
B014604U5K,G10
B0146T50XM,G10
B014AGF6RG,G10
B014DEGQZ6,G10
B014DEGSBS,G10
B014DEGTEO,G8
B014DEGUIE,G9
B014DMSGVU,G10
B014E1TJUW,G10
B014FP2SAA,G10
B014GDAVLE,G10
B014GJBTWI,G10
B014GQ8118,G9
B014HDTT84,G8
B014HWWP36,G10
B014I4IUXC,G10
B014I67SGU,G9
B014LIIYPY,G10
B014Q67LDM,G10
B014RDXD18,G10
B014TC60LC,G10
B014VVNY7E,G10
B0152197H8,G10
B0152AVXFI,G10
B0152AVXUI,G8
B0152AW01Y,G8
B0152AW1A4,G10
B0152AW2CQ,G10
B0154XVK6K,G8
B0157757NK,G6
B01578E31Q,G10
B0158W4NT8,G10
B0158ZX4UE,G10
B01595QPQ8,G10
B0159OSR24,G10
B0159OSRNI,G10
B015DFI986,G10
B015DG7V9S,G9
B015EVT7FI,G8
B015FR7JEC,G10
B015GR8N9Q,G10
B015H66J56,G9
B015HM3E8K,G10
B015JLUO5A,G10
B015N12RW4,G8
B015N8JCK2,G9
B015N8JH84,G9
B015NLGXA6,G10
B015Q04ETQ,G10
B015RD3AHO,G10
B015S4DRYI,G10
B015S4DRZW,G10
B015S4DS1K,G10
B015WLJUYS,G10
B015WVHV4E,G10
B015XC8BT6,G10
B01603ANBQ,G10
B01608JL64,G8
B01619206U,G10
B0161H1ORS,G10
B01648ETWQ,G10
B0164CMT8I,G10
B0167IE0KY,G10
B01690GTK4,G10
B01690GTKY,G10
B0169PXG8W,G10
B0169PXGFU,G10
B0169PXGUA,G10
B016BSPP4K,G8
B016BSPTZA,G10
B016E66ZHU,G8
B016F7J9SU,G9
B016HHKX7O,G10
B016HHR8G8,G9
B016JB0JWC,G9
B016JB0KN0,G8
B016JB0L84,G9
B016KAMQTG,G10
B016LGTB1A,G10
B016LR93JY,G7
B016NVSE16,G10
B016P01W4G,G10
B016PIL680,G9
B016PUXLM2,G10
B016S5ZFAK,G10
B016UTP1MQ,G10
B016WU7GOO,G10
B016YPHWOG,G10
B016ZGYFE4,G10
B0170FTFOY,G6
B0170K341O,G8
B0170K36TY,G6
B0170Y5M6U,G8
B01723F80E,G10
B0176IELOY,G10
B0176IENI8,G10
B0176IENR4,G10
B0176IEODW,G7
B0176SAQIY,G9
B017757OCW,G10
B0177ZM3JQ,G9
B0177ZM3MI,G10
B0177ZTCWM,G10
B017AD7CDM,G10
B017AJ0LPC,G10
B017BTMXCU,G8
B017DSRZL8,G8
B017DYVF40,G10
B017E5806O,G10
B017GZFDXK,G9
B017HP18H4,G10
B017HP18WO,G9
B017JOME6M,G10
B017JQO6BG,G7
B017NNN31Y,G10
B017O74PPM,G10
B017RR4YG4,G9
B017RR4ZIQ,G9
B017RR5C7O,G10
B017RR5HW4,G9
B017RR6JYE,G10
B017RR6YJE,G10
B017RR6ZG6,G9
B017RR79FM,G9
B017S3OP7A,G10
B017SQVOSA,G10
B017SWJZXU,G10
B017TB63TY,G10
B017TQW3NE,G10
B017W1P79I,G7
B017WLX1Q4,G10
B017XZUT3C,G9
B017Y01GOM,G10
B017Y0HMKO,G10
B017Y394CA,G10
B0182W7JE2,G6
B0182W7JSS,G10
B0182W7KBY,G10
B01851XUV6,G10
B0185P7LO4,G10
B0187Z2IR2,G10
B0189HKF14,G10
B0189HP0DC,G10
B0189Y6HHI,G10
B018AXRKFG,G7
B018ELUD4O,G6
B018FK66TU,G10
B018I8RG5C,G10
B018IDVB3U,G10
B018IDVB6W,G7
B018IDVBFS,G7
B018IDVBH6,G10
B018JLPUIS,G10
B018LBR12Y,G10
B018TNBX50,G10
B018TNKDOW,G10
B018V1ZTGO,G10
B018V2009O,G10
B018V20152,G10
B018WEX7PA,G10
B018Y6BV04,G10
B018YGWQH6,G8
B0192PEOGY,G10
B0192PESFG,G9
B01936Q064,G10
B01953CL7W,G10
B0195QXI76,G10
B0195XEGJS,G10
B0197KENHE,G10
B0197U4ZWM,G7
B0199VU6KY,G10
B019A3QMJA,G10
B019C6X02M,G9
B019EC9QK4,G10
B019EC9QKE,G7
B019EC9R08,G8
B019EC9R4E,G10
B019EC9RBM,G9
B019FIFS9A,G9
B019GE15PY,G10
B019GY79LS,G10
B019JNOEQO,G5
B019NB5EVG,G10
B019OI2HDQ,G10
B019PKH8I2,G10
B019PQ0NZG,G10
B019RGCZ3M,G10
B019RR2IXS,G10
B019RVUEHQ,G6
B019T8QBR4,G10
B019WMTVLA,G10
B019WMTX72,G10
B019WMTZPM,G10
B019WMTZSY,G10
B01A19LUSA,G8
B01A5NZ2MC,G10
B01A71FC90,G10
B01A7ZI6CQ,G10
B01A9IV54W,G10
B01A9LM9B2,G10
B01A9R6C1O,G10
B01A9X9M6A,G8
B01AAZVX96,G10
B01ACAEQMU,G8
B01ACE4UPY,G10
B01ACSKAR2,G8
B01AEOM79I,G10
B01AFGSSWU,G10
B01AH3QQ1Q,G10
B01AHHRTEU,G10
B01AHK50AC,G8
B01AHWLX2O,G10
B01AJ7ELT4,G10
B01AJV0CSE,G10
B01AKEGU1S,G9
B01AKUNOES,G10
B01AOELOF6,G10
B01APDWK0Y,G8
B01ATCA3RS,G9
B01ATCA5CG,G10
B01AU6P8XW,G10
B01AUH49W2,G10
B01AYDOI1O,G9
B01AYMA95Y,G10
B01B1LE39A,G9
B01B2CX0LU,G10
B01B67YA10,G10
B01B6MMESG,G9
B01B800I1G,G10
B01B8836R6,G8
B01BDUS0NY,G10
B01BGYDT5G,G10
B01BHGK7RQ,G6
B01BHTSIOC,G10
B01BIC00KS,G8
B01BKI6IF6,G10
B01BKL9EXG,G10
B01BKM0ZRE,G10
B01BKTG026,G10
B01BL87PBG,G10
B01BLH8R50,G10
B01BLX0UBS,G10
B01BLX0UFY,G10
B01BP47HLY,G10
B01BPQG3C6,G9
B01BSW1NW2,G9
B01BT1VYSK,G10
B01BT1W024,G10
B01BTDOSSG,G10
B01BTDOSTK,G10
B01BU3PWC6,G10
B01BX2B01Q,G10
B01BX2B1WY,G10
B01BX2B3XQ,G10
B01BX2B4JE,G10
B01BYO09DI,G7
B01BZBLP9C,G10
B01BZE7MNW,G10
B01C4PR4UC,G9
B01C7RBFNE,G5
B01CDT609K,G10
B01CDT60CC,G8
B01CE00Q5C,G10
B01CIUITJS,G10
B01CIXVWZ8,G10
B01CJMBBTK,G10
B01CJW33B4,G8
B01COPZYOK,G10
B01CP0Q8S0,G10
B01CPU8ON2,G10
B01CQ8RR7C,G10
B01CRIWR0S,G6
B01CT4CDS6,G10
B01CT4CETE,G10
B01CU6SSQ4,G10
B01CUMHBJS,G10
B01CUMITSA,G10
B01CUS6508,G10
B01CVS1QB0,G9
B01CZ3K23E,G10
B01CZAFLOC,G10
B01CZT1CRI,G10
B01D01K5AU,G5
B01D3RPL0U,G8
B01D41B21M,G10
B01D52PV12,G10
B01D55N0B2,G10
B01D64VSYI,G9
B01D7AA21G,G10
B01D9EUNB4,G10
B01D9EUNBY,G10
B01D9TA4TK,G10
B01DALQ1EO,G7
B01DBCMSFI,G10
B01DD4KNQK,G10
B01DDEEWSU,G10
B01DEBC8DS,G10
B01DGN1HY0,G10
B01DGN6PI8,G10
B01DJ63U12,G10
B01DKLQMM0,G10
B01DL2EX6A,G9
B01DLHR2MM,G6
B01DLVAHQG,G10
B01DOQAKUQ,G9
B01DPPMPSG,G10
B01DPW1A0I,G10
B01DR3ZQ3C,G10
B01DRWEO6S,G10
B01DSXJTDE,G9
B01DT59KFI,G10
B01DTNVGYI,G10
B01DVALT2I,G10
B01DWXO08E,G10
B01DX0NCXU,G10
B01DX0NCZS,G10
B01DYX9W0I,G9
B01DZQ10M2,G10
B01E0833YC,G9
B01E606F7Q,G10
B01E698FFC,G10
B01E6CE17U,G10
B01E7N9Q50,G10
B01E7N9R36,G9
B01E7XTFN8,G10
B01E7XUONI,G10
B01E8CKGUE,G10
B01E9J2XR0,G7
B01E9O0Q0Q,G10
B01EFSORXS,G10
B01EIS46CM,G10
B01EK44KXE,G10
B01ELI9E9O,G10
B01EN7KSRU,G9
B01ENSOKJQ,G10
B01ERZG5UW,G8
B01ETYJ4IG,G10
B01EVZK2WA,G10
B01EYBIBL0,G10
B01F2R9WVS,G9
B01F48PJIA,G9
B01F4O91WY,G10
B01F5KLOZY,G10
B01F5ZY3JI,G10
B01F5ZY4YC,G9
B01FKPW1UQ,G8
B01FMEYIY2,G9
B01FMROEJ8,G8
B01FR35F6I,G8
B01FZ8I7R4,G10
B01G06T00S,G10
B01G2J0U9I,G7
B01G43HHNO,G10
B01G4N5Q0A,G10
B01G71NN3Q,G6
B01GF9N7FE,G9
B01GGE7BTQ,G7
B01GJQCZ7Y,G10
B01GJQM5JM,G10
B01GKKI38Y,G10
B01GKKXXG6,G10
B01GP4HSH2,G9
B01GQ10L32,G10
B01GRU5CQS,G10
B01GU82O9U,G10
B01GWBZ3K2,G10
B01GWC3G1O,G10
B01GWCB40Y,G10
B01GWCDFT2,G10
B01GWDFSO6,G10
B01H1VTEMK,G9
B01H1WK2D4,G8
B01H2JPTDO,G10
B01H2OWNH4,G10
B01H2OWOVE,G6
B01H2OWOXW,G10
B01H2OZEDY,G10
B01H4FJP7C,G10
B01H4FJR5W,G10
B01H7QA5XG,G10
B01H9HCOP0,G10
B01HC3880G,G9
B01HD9N75K,G10
B01HDHAA9S,G6
B01HH7KC60,G10
B01HHGAIHE,G10
B01HHGAKEU,G10
