item-id,rating
B000EWD7TU,1
B00AHKLZDY,1
B001TC8PNM,2
B0152197H8,2
B00005JONU,2
B008X7JBPM,2
B00H3WCT4I,2
B00FV6XK2I,2
B000AXW0WS,2
B004WKRQTM,2
B00BHSAV6W,3
B002H02V9O,3
B00DJUQIHM,3
B001HZ4K7G,3
B00005JP3K,3
6300160270,3
B00F3KJSEG,3
B000EHQU1W,3
B00SLXRAGA,3
B0091JJ24Q,3
B0079QDAFK,3
B000FQJPRI,3
B000NVKZWY,3
B00IMOM4EQ,3
B006G18XN8,3
B0052T6XLY,3
B00IJLM0V4,3
B0094J4CD4,3
B000PDZ9SU,3
B00KB8JB9M,4
0849922372,4
B00C7C1J68,4
B000PAU2ZS,4
B00JJSDPBA,4
B00B8L3S5O,4
B00TQ8FSWC,4
B0096WOKWM,4
B000G1TETG,4
B000GHIVNU,4
B0038ASYTI,4
B00ANVZ8JE,4
B000JMKKI6,5
B001R7IH5A,5
B000R9YLIQ,5
B00F8M1DAQ,5
B0062NTKVE,5
B002EWD0BS,5
B00AJXO3QK,5
B009AVCADK,5
B0001DCXTM,5
B00B1DC1CA,5
B00AM3B8KQ,5
B004X7I7A6,5
B002KJAIG0,5
B00062DKMM,5
B0192PESFG,5
B001VC995S,5
B0002MQFGY,5
B00HHITD60,5
B003YJEO24,5
B00GVHA04C,5
B002YE26MA,6
B00JAFDFBM,6
B001ICUVPS,6
B00006JXWB,6
B000TGVD1U,6
B000LSAIZI,6
B00004Y6AE,6
B000S6TNLI,6
B000I2J6K0,6
B00067WTGA,6
B001BEK85Q,7
B0176SAQIY,7
B0009WPKYA,7
B000K7JY7S,7
B000BD68AM,7
B00030DD1K,7
B001PO7J9A,7
B00095NX9G,7
B009WSAVLE,7
0783116640,7
B00028G6FI,7
B0014N0X5E,7
B004AN1VJ2,8
B0000A2ZR7,8
B0016PWWRC,8
B018Y6BV04,8
B001TWT0DQ,8
B00005JNS4,8
B000227EMI,8
B0007514BM,8
B000Z6RH7I,8
B001O2MWGI,8
B00004TY4Q,8
B00HW2PS3S,8
B007OYK32K,8
B000TEUSQ8,8
B005XB8T9K,8
B00M0JTYJC,8
B004TFTE90,8
B001NY6YPW,8
B00BX9ADE0,9
B00GXXTTJQ,9
B00006JDQF,9
B000090W7H,9
B000062XEM,9
B002C6VMG6,9
B00DZ2ZP4Q,9
B00MEUZIJC,9
B00GOT15N2,9
630354200X,9
B00000K501,9
B000RZP472,9
B00C6WHPF8,9
0510539610,9
B00BG3YE7K,9
B00AQ4WJM2,9
B00BEZEFM4,9
7883686887,9
B00944V4KI,9
B004BBDHFO,10
B00005B21A,10
B00FKTCXGA,10
B00FYYS9D2,10
B00M8HWGU0,10
B005JZBPHS,10
B000B5XPFG,10
B00ZCOFBEE,10
6303450199,10
B004YVO5ZM,10
B005DFHQRM,10
B00QX0ISV4,10
B006FKNBSC,10
B000QX0LE6,10
B003INBNXY,10
B00F5GIQFK,10
B0052ZFFT4,10
B00BEZECEA,10
B001B187CU,10
B006W7L3TC,10
B00065EAZU,10
6303075940,10
B005XO7524,10
B00P2968EQ,10
B00NJADEAG,10
6302749336,10
B001BTZVDA,10
B000WOSAUQ,10
B000VDDE0O,10
B00UOW1XQ4,10
B0058M07US,10
B000UUX2P0,10
B000083C59,11
B003X27I8O,11
B00006RCNF,11
B000Y1NNH2,11
B00641Y2ZS,11
B0007YXPRE,11
6303450202,11
B0009RQRR4,11
B000B5871I,11
B00008J2I7,11
B00GX00CI6,11
B001AXU1DC,11
B0055CP9LS,11
B0007514CG,11
B000MGBLY6,11
B01F5KLOZY,11
B0018Y5NVI,11
B00005BIG4,11
B000S0GYPW,11
B001P5YIQQ,11
B00049QPII,11
B0001MXPF4,11
B004CYVZ1I,11
B000CSTKJ2,11
B00023GG94,11
B00KRAXFWI,11
B00FTGYNUS,11
B001D261TI,11
B00FXCITZI,11
B000BR4UQC,11
B00KPUSDFE,11
B0029SESZY,11
B000ILYYUS,12
B000X1GTCO,12
B00CHYSQQC,12
B00TGNLUYW,12
B00CAYSMLI,12
B009VKL8EM,12
B005N10I30,12
0874934648,12
B00Z9HSFY2,12
6303182135,12
B000A3WH9Y,12
B0056YMDWS,12
B003H8F3A4,12
B00000INEW,12
B0125PSL1W,12
B0015FJYV0,12
B005HRNDH8,12
B00EPV4G9Q,12
B00008Y1AI,12
B00OU27QSS,12
B0013JRDZM,12
B001KNAI2Q,12
B00005LQ1L,12
B00007GZPE,12
B000U0FZ0K,12
B001BNFR80,12
B000TGJ8DU,12
B000WH5AWO,12
B00002AFWT,12
B0009UC7RK,12
6303471714,12
B00DPKQVVE,13
B000UIPJIK,13
B004VM2FKG,13
6300186180,13
B000NVKZW4,13
B00KH0XX1Q,13
B00005NQGR,13
B001B1Q2U4,13
B00KS47SNU,13
B000A0P6A4,13
B001MZ7L7C,13
B005GD007O,13
B000A3I3HE,13
B005NGKJW0,13
B0013KGWBM,13
B001J2SFSC,13
B000J10KN2,13
B000GTJSVM,13
B000621452,13
B013RHZXNG,13
B005KCIQQS,13
0738920762,13
B00736ZKGS,13
B00MUDYJ4I,13
B000J10GJ0,13
B00J2T176Q,13
B01D41B21M,13
6305242143,14
B00TB9ZXNA,14
B005FNLVHI,14
B00D6I7EUM,14
B01DDEEWSU,14
B001V7YZBQ,14
B00K87YLSM,14
B00FNLUO6G,14
B00B5AAWD4,14
B000HC2LRQ,14
B00028G6F8,14
B001D261TS,14
B002BPVHYU,14
B0041UUNU2,14
B009A9BF5G,14
B00B846BX2,14
B001GXR7A6,14
B00007D00N,14
B00F1BG22S,14
B0002T2QGA,14
B000LSBXF2,14
B00JSR5BJ6,14
B01BU3PWC6,14
B000XC0E6K,14
B00LAYEN4Y,14
B000MGBM5O,14
B00CPN934Y,14
B0055Q2WMS,14
B005FQZMK2,14
B00009V7QE,14
B00Y8BNPRW,14
B013JBH0CC,14
B00V9LTX1G,14
B00CBIZGIU,14
B00QT4VBNG,14
B00000INEX,14
B0002J58HY,14
B00JPXAO36,14
B000A6T1LS,14
B01H2OZEDY,14
B00004U8H5,14
6300145786,15
B000KJOQJC,15
B00R4JLJ4G,15
B015DG7V9S,15
B0000UQQTE,15
B009NI2XVO,15
B000069HPZ,15
B00QYZJDLC,15
B00005T5YG,15
B00003ETJZ,15
B000EHQ7UG,15
B00005YUPN,15
B01A19LUSA,15
B001L54TQY,15
B000LPS2VI,15
B00005N5UF,15
B00004UD5I,15
B005IU1OMA,15
B01BLX0UFY,15
B000IHY9UM,15
B005FQ1OQ8,15
B004GIIHYI,15
B00HDXPIV8,15
B007AIVQIA,15
B00NIPQURG,15
6301065557,15
B00EAHX876,15
B00DUGC202,15
B000A0GYC8,15
B0197KENHE,15
B008PDAFKY,15
B01APDWK0Y,15
B000056MMR,15
B00000INEV,15
B019GE15PY,15
B001DB2HTC,16
B001JXPCQ4,16
B015FR7JEC,16
B00FOGH2RY,16
B003M8NG58,16
B00A6SZS1W,16
B0043URV1O,16
B0000507PF,16
B00DLX761E,16
B00L47DY7O,16
B000051SHB,16
B018WEX7PA,16
B014FP2SAA,16
6305865590,16
B002RBZ13Q,16
B00004TJMR,16
B00CMQID9K,16
B00000JNTP,16
B001N6FPRI,16
B00R8GR8M2,16
B006HFXDZG,16
6305608733,16
B001P5YIR0,16
B00E5G03AM,16
B015NLGXA6,16
B000CIF3U2,16
B00WQT2R0Y,16
B0054JELWU,16
B002PNW79C,16
B000UX5GFQ,16
B0064EEJN0,16
B006T3QVBY,16
B003DBLDKE,16
B00000F5WY,16
B0002TSY9I,16
B0009WIY4S,16
B000OOOKZS,16
B00005U2K8,16
B005QIOK52,16
B000UFIYQ2,16
B004ZB92G8,16
B000KLQUM6,16
B008ZDC7M8,16
B00DV3A82I,16
B009AVCAK8,16
B006MWA906,16
B000RIWARG,16
B00000F3NB,16
B00005N8AL,16
B001W2HZ0S,16
B0076P577S,17
B006L61KAG,17
B004X1M4FG,17
B01HD9N75K,17
B009B0OG1O,17
B0002JL9N6,17
B009I23DAA,17
B0058UHR6W,17
B00062DKO0,17
B001AZI23G,17
B001AYWY7C,17
B001KRCDRA,17
B0006Q4AVI,17
B006GRWCF2,17
B00IJYQV7A,17
B008O13TG4,17
B004Z29WWG,17
B000A3DGGC,17
B00R8HWMEU,17
B005CRDG8E,17
B00B58FURY,17
B0009XT8C4,17
B0014637IQ,17
B000WOSAUG,17
B00FK2KP3U,17
B00F1W1SS0,17
B001G7FTB6,17
B00D2UMHC4,17
B00004ZB6M,17
B005I0DUN6,17
B000I0QLFK,17
B00LGQVBXC,17
B00EZB5RTE,17
B000GEIRBO,17
630015761X,17
B00005N8AN,17
B0013TMUW8,17
B000SM6FJA,17
B000FBFUEK,17
6305926794,17
B00NJ4VMDS,18
B000FSME1U,18
B00C7PSGBQ,18
B00C888OQ4,18
B005MXQCV6,18
B005MT3830,18
B009G5C8Q4,18
B00IXPQUR6,18
B00TL6QUV2,18
B000MGBSHQ,18
B001N4K6LU,18
B001N4K6M4,18
B01DEBC8DS,18
B005VT6IYC,18
B000S2O15A,18
B0037TVOD8,18
B00ECJGB44,18
B00M9W8HRA,18
B000Z8H1ZE,18
B000BITUYI,18
B005GRTNVE,18
B014DEGSBS,18
B004AC6PN0,18
B001F2APHU,18
B00ZR3W3WI,18
B00NLZAAAQ,18
B00274SITW,18
B00L0MICXE,18
B006N8GNUE,18
B002LYD2M6,18
B00SYCFLJG,18
B000GEIRAK,18
B00PHK6KQG,18
B01CU6SSQ4,18
B016PIL680,18
B001IDW0SS,18
B01HDHAA9S,18
6300157717,18
B002EWD0BI,18
B01H2OWOXW,18
B005TQACLC,18
B016JB0L84,18
B00132XZFQ,18
6304291353,18
B00BH4172I,18
B0002B55DO,18
B00BHWG1NU,18
B01GKKI38Y,18
B000HIUWZS,18
B002APNJCO,18
B0052T1EBS,19
B006RH3QQ0,19
B00DS79HL0,19
B000HLDFA4,19
B006LA7KTM,19
B000O77V4W,19
B000NY1EC6,19
B002NWRMO0,19
B0001ZJQ6I,19
B004BR83KC,19
B00000JNCG,19
B00EV1D4IY,19
B007G95HDI,19
B000BQYWZW,19
B00K0TWVFI,19
B001E75QHU,19
B013BPR7QU,19
B0037TIIR8,19
B002YBUX0K,19
B00005T33H,19
B001CIOCNU,19
B000FFJYCA,19
B001IJO5BW,19
B00B209RHY,19
B0042AM386,19
B00006RCMW,19
B00BL0MGB4,19
B00C391Y3I,19
B0028SVXVM,19
B001F2JVSO,19
B00CB7SRG4,19
B01GKKXXG6,19
B009YQJ368,19
B000NJXG6S,19
B00004T6FM,19
B002YMWQ2M,19
B002ITB3PM,19
B00DBGGKRM,19
B000BKDNTY,19
B008DH9O86,19
B0008JHD2G,19
B000B8QFXM,19
B018JLPUIS,19
B0024FABCG,19
B002W1HBLQ,19
B00G2O43B0,20
B0048LPRDC,20
B0044CM7YC,20
B0002DRDIW,20
B00TPL8DF4,20
B00000G3GH,20
B00QU6GRRS,20
B004U33NHA,20
B00006RJCM,20
B009B8YZR6,20
B00AK51OFK,20
B00005MM8N,20
B000UNYPGM,20
B00PG3NWJ2,20
B000V6LST0,20
B001D261SY,20
B000Q7ZKY8,20
6303295614,20
B0000AKCJP,20
B00N176XGE,20
B00M0JTXRU,20
B00016113I,20
B00003G4IR,20
B00DLX76GY,20
B00EQIYZTO,20
6303954294,20
B00009V7Q4,20
6305650691,20
630447587X,20
B000A4T80O,20
B002FLZM7S,20
B002HWUU3G,20
B018I8RG5C,20
B0009PZ89E,20
B000LW7LX6,20
B0058YPJ2W,20
B005LYLP8Q,20
B017AD7CDM,20
B002DYJTVW,20
B000HRJLM4,20
B0158ZX4UE,20
B01G2J0U9I,20
B0058ZPNUY,20
B01619206U,20
B01G06T00S,20
B0000C2IV1,21
B00GSBXU34,21
B019RR2IXS,21
B0006SSNXW,21
B000GGSLSG,21
630314179X,21
6303363598,21
B00843TZJ2,21
B000WGZGNS,21
B003E51VUQ,21
B00064VR0W,21
B006JN87EI,21
B005IUIWB6,21
B00JHH21AE,21
B0018RKEGY,21
B0002YCVY2,21
B006GRBK4G,21
B0030BYWU0,21
1897020600,21
B0009XT8A6,21
B00005TPKX,21
B001VB8UGS,21
B00005UKKF,21
B000BZIT5M,21
B0009LS9Y4,21
B0027CSMYA,21
B00L5QX14A,21
B00F5ZHI14,21
B001EHDSR0,21
B001EL6EBS,21
B001MSC61A,21
B001CRQ8K6,21
B00000289T,21
B0060QSGJ0,21
B000LXHFN6,21
B00KTFJ6DS,21
B000RL21OA,21
B000R5OFPO,21
B000VAHQVU,21
B00HUAGZKW,21
B00930LING,21
B005QUQRCE,21
B004EFCVPE,21
B01GWDFSO6,21
B000BPL2H4,21
B00EF4U7JQ,21
B00026L7RM,21
B0187Z2IR2,21
B00MQI46RW,21
B00MOUF4G4,21
B00CGMUOYC,21
B001R60ESE,21
B006A8XFZS,22
B0014CSNDY,22
B00WKMLNWK,22
B00LWB95RU,22
B004P9FAKM,22
B000A3XY82,22
B002OMIKLI,22
B000RL6G8C,22
B0007R083A,22
6300216586,22
B00H7BJ1B4,22
B00AY5JB92,22
B01DT59KFI,22
B016PUXLM2,22
B00DP4AH5Q,22
B00MEXP52Y,22
B00DOZRT0W,22
B000GEIRAU,22
B005IU25PA,22
B00158NCX8,22
B00OQRU9FY,22
B002SAMMQK,22
B004ZZDYDG,22
B0065IYS3G,22
B0074JOU8I,22
B00009RDG6,22
B00BQI3Y7Q,22
B006074Q3O,22
B00PGDA8P8,22
B00LU4RL1G,22
B001N26HFG,22
6301793196,22
B00404ME0G,22
B005UKI1TW,22
B000FBFYKU,22
B003X3CF68,22
B00PR2IC8I,22
B000CEXF8I,22
B00E8N314C,22
B007CBWWF6,22
B009VL299E,22
B0041KW8L4,22
B000BY99B6,22
B000055ZGP,22
B000IHY9UC,22
B006WPDKLI,22
B003Q7B6ZC,22
B000ICLRKW,22
B0002PYFZ4,22
B00QJ9N1N4,23
B008MCKLAM,23
B003NEVW8E,23
1573305588,23
B011D5G982,23
B004CJQVQC,23
B00008G91Q,23
B000096I9G,23
B0009CTT6U,23
B0064E8EQ8,23
B00744WZ8U,23
B00000K32I,23
B0012GVKVE,23
B000CBWPXC,23
6302098505,23
B00DNJ99F2,23
B000AY6JVK,23
B0013KU93E,23
B00ICXM1UE,23
B00029J2U8,23
B0007Y08LA,23
B01D55N0B2,23
B005EUXN6E,23
B00AQGE5BS,23
B00FEHCR1E,23
B00AQN09G6,23
B00AQNQZFA,23
B00157WT60,23
B004UIFZQC,23
B014RDXD18,23
B0164CMT8I,23
B00SNPXCYK,23
B000SULWJA,23
B005FWQJ8U,23
B001CIOCP8,23
B00FWVXRLG,23
B000087LIM,23
B000066IXU,23
B00A6Y9EZW,23
B00G3L0NB6,23
6305268916,23
B0000YED1S,23
B00JS223GU,23
B00C9WH2R6,23
B000GEIRB4,23
B00BSVUED8,23
B000ZMC1EQ,23
B007IUEDJO,23
B00020HCB8,23
B00I5NKPWC,23
B002AMW108,23
B00MRNSZZA,23
B010LY9JUQ,23
B000GRUQJC,24
B00G0LGW50,24
B000BBYDU6,24
B004XCUEXY,24
B00005LKLF,24
B000GRUN40,24
B004KSRML8,24
B00008AOWC,24
B00B2YH7BS,24
B005SZ0WJG,24
B000FOPPCE,24
B0054PSXZK,24
B00T6KINS6,24
B00DWFVCLQ,24
B000YV1L4E,24
B005HS00U0,24
076785344X,24
B00FTGYPK6,24
6302458900,24
B00GWJIDM0,24
B0017KXD1U,24
B000RXZL18,24
B002SQFZ68,24
B00846OYHM,24
B00294Y722,24
B001B73PQC,24
B0014E6438,24
6303168957,24
6303471099,24
B00SG16TIC,24
B00004YKPY,24
B00KGJOBFA,24
B000H0UPKI,24
B00INCEO3Q,24
B004X1STT6,24
B005LLXB9K,24
B00K1MPGBK,24
B00W7AG7JE,24
6300183432,24
B003YKYX9M,24
B00005JO9K,24
B0052P61WO,24
B00KC8V8NI,24
B01BKTG026,24
B0176IELOY,24
B00449C4BQ,24
B000U0C9UE,24
B000BRM992,24
B00EZC8042,24
B00B6S56X6,24
B00GOFVED2,24
B0041ETK2A,24
B001AYWY68,25
B003JHXS1E,25
6304925158,25
B001DWNUIS,25
B00D2YCLF8,25
B00ATCDGHI,25
B00C2UN5UI,25
B0177ZTCWM,25
B00EF1PLV8,25
B004DTLK76,25
B005UQQR06,25
B000TJ6OZ2,25
B000OVLMHU,25
B003RACH88,25
B00006AW63,25
B00Q5995LU,25
B00NJ4QG4I,25
B00EHJC9AE,25
B004DCB0ZU,25
B004UGCVX4,25
B000HEZ7MK,25
B009YQJ2Q4,25
B00R3LIB0A,25
B000JJ4DF0,25
B002SCQKGQ,25
B000T22Q9W,25
B005G815S2,25
B0002V7U14,25
B006XF2VAI,25
B000KJU1FU,25
B001W79MBI,25
B0013LL2XY,25
B0009A40NO,25
B001PMRK0K,25
B0006U5UT0,25
6303243606,25
B000F7CMSG,25
B0068MNOFC,25
B012WBL3I2,25
B004W75BQU,25
B00170C15O,25
B000BQ7J70,25
B00005JPJK,25
B0000CGDQQ,25
B000056WK2,25
B0063FGF14,25
B000NTPG84,25
6304160208,25
B0091JJ278,25
B0000DI88C,25
B00020HCC2,25
B000P2A6CA,25
6300216055,25
B004MPRNAE,25
B006A04E3S,25
B00K6D1HUI,25
B005P06A1I,25
B00026L8NK,25
B00004WIBZ,25
B0016KCCCM,25
B001QDF5VE,25
B0002V0E08,26
B0064MT1NK,26
B009186JNO,26
B0009WIE5C,26
B00K87YGI2,26
B00E8A0P80,26
B007JNZYPM,26
B001DWNUI8,26
B001NPDO90,26
B00DFBVIVG,26
B00ANVX6DY,26
B000O5GRXU,26
B004FUKLIW,26
B0009HLDAA,26
B000G6BL42,26
B00A705MFQ,26
B00NJ1Z26O,26
630271771X,26
0967501032,26
B002I0DJKI,26
B00AM2DLDO,26
B001AQR3NK,26
B00EC9UHZI,26
B0010IF6NW,26
B0010TL6RQ,26
B01GWC3G1O,26
6304384211,26
B01HHGAIHE,26
B0083SF0FG,26
B0093ICOE0,26
B001P4Q3CY,26
B000XT1P20,26
B01DX0NCXU,26
B000R8YC22,26
B00P93XOX8,26
B00MY498QW,26
B01D9TA4TK,26
B0060QC7ZY,26
B0001WNL26,26
B00CKWI13O,26
B00000F0YO,26
B005LW489G,26
B00004W46G,26
B000RXZIHU,26
B00B2Y7AL0,26
6305951624,26
B00KT5PAWE,26
B00P9UVC0I,26
B0026P61FA,26
B000E3L7FA,26
B0002V7THY,26
B00030A5J8,26
B00ZYBI84U,26
B000E1ZB6I,26
6303490980,26
B00DY64CR4,26
B0001OGVQ2,26
B000SM7QTI,26
B00F031XPS,26
B000H7JCGE,26
B00BQI3VSI,27
B003ICWTR4,27
6303266371,27
B00BO9PJAM,27
B00004Y3WH,27
B000WMFZJW,27
B00D3UOE7O,27
B000055ZK9,27
B004L5GY82,27
B004KX70FQ,27
B004RAIZ8I,27
B01AOELOF6,27
B00CAYSLDW,27
1401926339,27
B01936Q064,27
B00005NKVF,27
B00005JOAP,27
B000NA1PUG,27
B005U0ZP46,27
B005HVWWB2,27
B000KGGOY0,27
B006U1S99M,27
B0009F43D6,27
B000FA57JE,27
B000H5U5V2,27
B00FAPPQ54,27
B000OIOOUU,27
B011MUA592,27
B00FF9SKP8,27
B000RPCJBG,27
B00FGWTNL4,27
B000E8NRBM,27
B007Y6CQGE,27
B006JN86VW,27
B000F9T700,27
B001BEK856,27
B00ZUL9LGS,27
B01DX0NCZS,27
B00ZX1Y7KU,27
B00GSDSRQW,27
B0063DOUY0,27
B012PU762W,27
B00TPL8DWW,27
B0007LYDO6,27
B0029Z8K60,27
B000EXDRZI,27
6305859620,27
B001TK80FC,27
B00LHK2398,27
B002Q8GKLM,27
B00R8N1DGM,27
B001RTP3Z0,27
B000MR9EQM,27
B00WYMNLA8,27
B00EMLRKLA,27
B01BLX0UBS,27
B00XVHKVMQ,27
B002BYSG0Y,27
B01BP47HLY,27
B00ADO9C9I,27
B00J2PQY5E,27
B000N6TYQC,27
B0055SOAAI,27
B014HWWP36,27
B0053O8ACS,27
6305789312,27
B004AUP3EY,27
B000H7J9JE,27
B001AZI236,27
B0119RZ67O,28
B00KAVPEWI,28
B000JVT07E,28
6301753534,28
B0170Y5M6U,28
B005BUA1CG,28
B00HHIPPW6,28
B004ZENT1E,28
B01E8CKGUE,28
B00XK9B070,28
B001GP5TL8,28
B00004TRD2,28
B000ACQXHW,28
B003ZVL0V4,28
B00IF8Q7EC,28
B0000DBK9X,28
B006T8KT6M,28
B000197134,28
B000F9WF86,28
B00CA5MAOM,28
B00018D4XQ,28
B0001AVZ9E,28
B00CAWF150,28
6303203256,28
B00UEM9N98,28
B0074JODP8,28
B00HXJIK4E,28
B000FFL35Q,28
B000GFLEFO,28
B0058YPQFM,28
B008FXLZ6W,28
B000GDH8HE,28
B00D3PYS6Q,28
B000BNV8NY,28
B001UJENPS,28
B004UA8D14,28
B0026IQTR2,28
B005GISDXW,28
B00L89VL96,28
B01D01K5AU,28
B00007JME6,28
B00DOZNH58,28
6300158411,28
B00FSKOFKS,28
B009F1ZXTI,28
B00007D00L,28
B0007ICRF6,28
B000RF7Y0C,28
B00116495O,28
6302502667,28
B000STC178,28
B00008DDJD,28
B00QT4VBTU,28
B00ENO1LSY,28
B00EDR5N3A,28
B00000JWVS,28
B000LAZQGW,28
B0012QHUB8,28
B01BX2B3XQ,28
B00OPCF3EW,28
6300216225,28
B01C7RBFNE,28
B00KFRBJVM,28
B004ZKKL32,29
B00N3FMXEA,29
B006TTC50Y,29
B00IB3QYDA,29
B00S89IJX0,29
B000RTCSIQ,29
B0060Q3IU2,29
B005X9LJBM,29
B003YZGWOQ,29
B00FE5N09Y,29
B0001E5GQI,29
B001UJIMIC,29
B00000JSJ5,29
B001240XKU,29
B000ABKHZC,29
B0019ZYD0I,29
B0002VEWW4,29
B009M5014E,29
B00X3DC80G,29
B000WQW988,29
B0007Y08LK,29
6304196660,29
B003ND0ATC,29
B003T9YANM,29
B008HUSF70,29
B0030BOCE6,29
B00GPOYX76,29
B00BJNS3VK,29
B004O0H6BS,29
B01EN7KSRU,29
B01AHHRTEU,29
B00BGDCX0A,29
6302113156,29
B004EPYZHQ,29
6302112117,29
B000PPRCT2,29
B00GHYIQ18,29
B00005JOXZ,29
B002LSI1GY,29
B000GTJSO4,29
B002AMVEF6,29
B000WC38CS,29
B000I2J5TW,29
6304137168,29
B000WEVGHK,29
B00BU984DK,29
B001SF8FLW,29
B009B82F5U,29
B0058YPH5G,30
B005BXY1Q0,30
B00GMM19VY,30
B01FKPW1UQ,30
B01F48PJIA,30
B0010BTMBG,30
B001EOQWKS,30
B00IEBAN6S,30
B00DJYJT5Q,30
B00L9CDUAK,30
B00ILAWJLO,30
0790737647,30
B003ULW71Q,30
B0021NXN7G,30
B00F5CQ78C,30
B000H5V8CM,30
6304718764,30
B0043988G2,30
B0018CWEVW,30
B000AYQOA6,30
B00FMGPVCO,30
B005BUA1E4,30
B00GS8GM0K,30
0767815963,30
B00K0HD7TO,30
B001992O0K,30
B00LYD887Y,30
B00M8BC570,30
B001FT4PK6,30
B00H8KC1N4,30
B00000JDIL,30
B00BP0LZK8,30
B001PR0XZO,30
B000W6ZUUC,30
B000767QTA,30
B001RXB4K4,30
6301589106,30
B00BUAJZGY,30
1936488264,30
B00TJ14IBI,30
B00097DY3Y,30
B00BQTLVWK,30
B002M3JJEG,30
B004SO26RE,30
6303205364,30
6302800579,30
B007ZMHBBM,30
B000KJTFDE,30
B000WL4AI0,30
B005TZFZBU,30
B0009MUBEY,30
B001J66JQ8,30
B0113NVV1Y,30
B00BCRRA8U,30
B000Q5L9N6,30
B001Y7CVZU,30
B001R1HEMI,30
B004KCAYXC,30
B00BQI49VG,30
B009DH371K,30
B0007PIDCK,30
B001R10BD2,30
B000RE94M4,30
B0050JN814,30
B0036TGTEI,30
6302272602,30
B00634MLIQ,30
B0085A9INM,30
B00R041DXW,30
B000QXDG84,30
B0050JN8BE,30
B00006ADFI,30
B000QXDEGS,30
B013JZW8E8,30
B0009Y2726,30
6303109926,31
B016ZGYFE4,31
6300147967,31
B0000WN1PO,31
B00004T3AL,31
B00H8N5IQS,31
6303646417,31
B00DQVST76,31
B007FZ7NEE,31
B00B7EQPNE,31
B005452D24,31
B00BF657ZQ,31
6305268924,31
B00PCSVODW,31
B00F77MAC2,31
B00APQGNYQ,31
B0047EGK9A,31
B0062NAX42,31
B000M341S2,31
B00KJ1DD4U,31
B00RJXKUOM,31
B002DU39IU,31
B0007YMWFK,31
B00008G8P2,31
6302588626,31
B001D2WU9S,31
B000LE16W6,31
078400949X,31
B00A3MBSPQ,31
B005BX3K80,31
B008N8A3DA,31
B0152AW2CQ,31
B0000A5A11,31
B00EMN0COA,31
B00M24YBXE,31
B004S6E91S,31
B000TZ7FTK,31
B00PSLIQ9I,31
B00U2YNO7U,31
B01690GTKY,31
B0000TAZW4,31
B0057J5BMG,31
B00005U8F0,31
B00DUX291C,31
B000XUF6BU,31
6303284183,31
630444284X,31
B00DBVY8YE,31
B00VX21ZWG,31
1571323368,31
B000Y7U996,31
B000AYELAQ,31
B00NF6P80I,31
6304404859,31
B00020X83Y,31
B00I8WB3AI,31
B0077T5SWC,31
B001GU04Y0,31
B00IAR2CHY,31
B017RR5C7O,31
B00II7H5SM,31
B00MLSJTCE,31
B003IRUFBG,31
B00CT1HP2Y,31
B017TQW3NE,31
B001G0MFQK,31
B0052O3OAW,31
B0002SDY1W,32
B004AYMY92,32
B003X3O2VY,32
B003UD7J62,32
B000063BJ1,32
B000055XAA,32
093085280X,32
B0006IUDB2,32
B000O179IG,32
B003IRUFCA,32
B00GS19OOS,32
B001GR2ZCM,32
B005WL3QBW,32
B0006B3UE6,32
6304101147,32
6302794404,32
B0000E5NPY,32
B00GSSD73K,32
B003Y5HWFO,32
B002UPA4ZY,32
B01CIUITJS,32
B00NGAJ980,32
B00S8ONLYM,32
B0028RY4LE,32
B000N8UXT2,32
B000RXZIJS,32
B005BYBZEK,32
B00005ASOO,32
B0060MYJYU,32
B005ER6S46,32
B001LL9R74,32
B00008DP4B,32
B013W7LXQ2,32
B00006IUFQ,32
B00MV55HNC,32
B0007YMV9W,32
B000H5V8DG,32
B0145CBN68,32
B00EF4U7AK,32
B000E6UZZK,32
B00005J6V1,32
B0012YN35M,32
B0145NSQGW,32
B00009L502,32
B000NJVY3U,32
B004X4O988,32
B007DIZQQ0,32
B005DETYW8,32
B00GSXE0B8,32
B00P2HSBO8,32
6304360983,32
B00004WMDT,32
6300270297,32
B00MARZSW6,32
B00J5LXPPM,32
6303471153,32
B001BCUB46,32
630320385X,32
B0195QXI76,32
B000A2WAEM,32
B0001907BW,32
B00HVFA36I,32
B0019HQIFE,32
B019RGCZ3M,32
B00064AFF0,32
B00HVFA39A,32
6303503381,32
6304326289,32
B0009UZGM8,32
6305222711,32
B000YDMPB0,32
6305180261,32
B00V5JEJ1Q,32
B00E5N8DGG,32
B019OI2HDQ,33
B00KVVP4EA,33
B00078RPGW,33
B00CT1JQG2,33
B00GHP8SS8,33
B00M9HHGVI,33
B00004T2SI,33
B00006LPHB,33
B009OE2O1Q,33
B0009WFEEG,33
B013RO1HM0,33
B00LWLZVT6,33
1586174576,33
6305873461,33
B00005A1SW,33
B0146T50XM,33
B000M7XRC4,33
B001IBIDLI,33
B000NEZ7BA,33
B00L5Y8GJC,33
B00IVLRC88,33
B003R4ZMS6,33
B00005QCW4,33
B00AJER44M,33
B00404ME0Q,33
6304108729,33
B00LO1T0FU,33
B0000DBJ9P,33
B001R8B5TO,33
B00149LMDU,33
B0009CTVLS,33
B003YLM77G,33
B00EPOHRDU,33
B00TFOKI7M,33
B0012IV3PA,33
B001BEK88I,33
B009AX48NS,33
B0002234R2,33
6304209908,33
B00D1VVT28,33
B000EBD9W6,33
B00BF7FGNI,33
B00UA00E0Q,33
B000GLL1AQ,33
B000OYCMMQ,33
B0019VM63I,33
B00YIZWIRQ,33
B0042JGGEO,33
B000L99JDO,33
B002Q9MZEM,33
B00AEB70V2,33
B0002VNYI2,33
B00406UK00,34
B000ENUYGI,34
B004YZ3M16,34
B00HMOW9WE,34
B00HNFSD5Y,34
B0002WZTQQ,34
B00930LJ6C,34
B002RD55PS,34
B0000INU6I,34
6301115538,34
B0019L0ACM,34
B00TQGGJTK,34
B0043SQI9W,34
B00023BKNQ,34
B00I8SBYUQ,34
B00024426W,34
B005CHXB4I,34
B000ORDM7C,34
B012BYDKJU,34
B0064CT90U,34
B00VNQWUB2,34
B000OCY7KI,34
B000NVI0DU,34
6300987787,34
B001U3ZYX4,34
B0014IC320,34
B0002VEZ3U,34
B000EXDS52,34
B001G9CNRC,34
B00SBYJTYU,34
B000S8CLR4,34
B0055UA1KO,34
B00004U104,34
B000TQZBNQ,34
B000DZIGEY,34
B00000G3P0,34
B00005JO4F,34
B00279MJHE,34
6302595770,34
B00DJYJQ6I,34
B000K52BL6,34
B000CNE0RO,34
B001EWDXT8,34
B016NVSE16,34
B005GJCGIE,34
B005FRWTSO,34
B001K98M78,34
B00ET9X5ZU,34
B0009NSCTY,34
B00ERH1718,34
B0000203Y5,34
B001DZOCVY,34
B001JXPBS8,34
6303152759,34
B00DBVHHDS,34
B005HU0TBI,34
B000A50442,34
B00NALHK8Q,34
B017RR6ZG6,34
0792153456,34
B0049EVR1O,34
B00MXYG3M0,34
B00006AW5T,34
B00CBVWXCO,34
B00RQZB78Q,34
B00FJ4NNDS,34
B001450KCS,34
B00KWTZ1RG,34
B002FLOTPO,35
6305308845,35
B0017INRGI,35
6302993695,35
B0058JN4X8,35
B01F4O91WY,35
B00005LB8B,35
B00CI622PA,35
B003Y5HWMW,35
B00005IBCP,35
B003XMKN40,35
B000TUDFE4,35
6303918522,35
B004L1DB9G,35
B00B4GLJWM,35
B01AFGSSWU,35
B006JTN5VM,35
B00I86MQF0,35
B00D9EJFS2,35
6304846126,35
B00004W46E,35
B004GHNG6I,35
B00005JMSD,35
B00246QGHE,35
B000B91N3S,35
B00IGVJH0E,35
B000JMK6OE,35
B01A7ZI6CQ,35
B007J3ISIM,35
B005NKIPUO,35
B00NGAJCVO,35
B0010V60XY,35
B000A9QK9Q,35
B00ZE5013W,35
B00NVDYMBG,35
6303548970,35
B0016OKQOO,35
B000JJ4DDW,35
B009904LQ6,35
B005FI36OE,35
B000TLMWMY,35
B000Q6775E,35
6304168780,35
B003UCA55K,35
B00RDZMVOS,35
B000IJ6VAQ,35
B0013LRKQC,35
B008YAPRS8,35
B000T5MP7C,35
B0035RWG0M,35
B0028S110A,35
753054022X,35
B0045JJ1O8,35
B001UHO18Y,35
B008I34Z34,35
B004VF63Z6,35
B000RL6G8M,35
B00FFSTP94,35
B000MKXEZG,35
B001FJ5D52,36
B012O29ISG,36
B00L4IDS4W,36
B019GY79LS,36
B001R10BIW,36
B001ULCY48,36
B00CPTUMO8,36
B00T9QDT68,36
6303140165,36
B003ELOQD4,36
B00BNESEVE,36
B006U239KU,36
B001F76OKC,36
B00004UGAU,36
B00152R4VK,36
B0020TS5EW,36
B000YIGNKY,36
B000056MOF,36
B009ISQ3DI,36
B000JCEB0E,36
B00NIRGIPS,36
B00ICR6SBI,36
630228354X,36
B000ER31LE,36
B006363QHE,36
B00KXQL6IQ,36
B0001ZX0EW,36
B00FKIB3XA,36
B0000844JY,36
B00564HZYY,36
B003H5WF3U,36
B00C7E3E7S,36
B00GSA3K6C,36
B0145NSN92,36
B014VVNY7E,36
B00H5NY7O0,36
B0042I6528,36
B0007R4SYU,36
B003DQN5DW,36
B007Y6CTSY,36
B00067Z2R8,36
B00AXFK96M,36
B00AZMFO0E,36
B000C1VB8M,36
B000KLNLCI,36
B0009PUAFG,36
B0000V46CW,36
B0085Z6YYI,36
B0000V46D6,36
B00DW13IQC,36
B01BHGK7RQ,36
B00009ATJZ,36
B003BJODJQ,36
6301969928,36
B00GHU35HM,36
6300269450,36
6302795567,36
B0026S2TU8,36
B003BLPEHE,36
B000HWZ4MA,36
B008GZVHNK,37
B00C7FKQWS,37
B00GTKYI1C,37
B005G5NPG0,37
B00GX7WNOA,37
B0000VV4MW,37
B0009OUB06,37
7880862595,37
B000NHG7C0,37
B0055OG9PQ,37
B00005JKJJ,37
B007IVXP7O,37
B005Z2D88O,37
6305810125,37
B00004RCKI,37
B0015D20FY,37
B000O77SOK,37
B0012RCNGE,37
B000ZMCFIS,37
B00HSS7N2U,37
B004047Y06,37
B0002Y4T92,37
B00000IC9T,37
B000BWFWG4,37
B0001CNPLI,37
B000BITUI4,37
B0053O8AFK,37
B009XICRIS,37
B004AWPDZQ,37
B0002VKZRU,37
B003ZUO6OS,37
B0017LRZ04,37
B000QUTTQ0,37
B000BF0D9W,37
B000OU081M,37
B009KQLF0E,37
B00BY0EBDC,37
B000FEBWTE,37
B004N21KIC,37
B00443FMKM,37
B000PMFS0A,37
B00DW5IKNO,37
B000FTCF3Q,37
B00TFOKJ8A,37
B011Q0KET4,37
B00KHA99BY,37
B00S9S12R0,37
B00N46CU2I,37
B00PLYU410,37
B00Y1UZBDQ,37
630236308X,37
B002AK9UUO,37
6304246579,37
B001AXU1FK,37
B00R041BAW,37
6301966562,37
B001F2U728,37
6300247163,37
6304288549,37
B001G0MFOM,37
B00KVS6YZQ,37
630229357X,37
6300247945,37
B002RABPC8,37
B001QMCJ1E,37
B0176IEODW,37
B00O8RSFOE,37
B001B7CNW4,37
B017BTMXCU,37
B0021L8UMQ,37
B002Y7ZELW,37
6303212298,37
B013323CM4,37
6302763770,37
B017RR79FM,37
B002E9HML0,37
B017HP18H4,37
B002Z7FN7Q,37
B003U4H0CE,38
B01ERZG5UW,38
B0069RX7TY,38
B000UO9ULQ,38
6304185901,38
B00ATK0452,38
B000BJS4UI,38
B01A9X9M6A,38
B000HWZ4RA,38
B005BX3NKK,38
B003WOUP2O,38
B00KO10QIQ,38
B00ZR3W45O,38
B000U1ZV58,38
B00HUQC442,38
B000ICL3M4,38
B00TGCIH0I,38
B01GU82O9U,38
B00008YLVB,38
B00009MECJ,38
B00009QG5T,38
B000QUEQ72,38
B000GB5M4M,38
6304310099,38
B004VLLWB0,38
B017TB63TY,38
B001YMDCE4,38
B009FFHWRU,38
B001957A0S,38
6302477379,38
6304286856,38
B0000SVUZ6,38
B00198J580,38
B000SMNK16,38
B000WEVGHA,38
B00QT4VDC0,38
B013HOZJCY,38
B000TS9G3U,38
B00005R2D4,38
B00JA3RSR6,38
B0001JXP2A,38
6302772745,38
B01E7N9Q50,38
B005UNI2U2,38
B00005A1ST,38
6304501684,38
B001DE647U,38
B0000524ET,38
B00005094P,38
B001W8JY7Y,38
B00000EZZ8,38
B000LV6VZ6,38
B005SV9X22,38
6303651879,38
B00DPUB5LK,38
B005FITIW8,38
B001D265RQ,38
B005F96UP0,38
B00XZZMTOM,38
B001RP974W,38
B00LXGZCBC,38
0783222726,38
B00003O02T,38
B00D78DBPS,38
B00DYAE2IY,38
B00MWP70SG,38
B00127R2WY,38
B0055SNHQ6,38
B00099415C,38
B00ESFCETS,38
B001CQONOK,38
6301589068,38
B01BT1VYSK,38
B000FL7C8W,38
B000EQ5PZK,38
B01BT1W024,38
B00WHZZAP6,38
B001E93EEK,38
B00WR531SY,38
076700941X,38
B0001KNHAE,38
B00005B1VQ,38
B00CU6WBFE,38
B004CRR9IS,38
6302404223,39
B00H4IR3FG,39
B00003JRAJ,39
0792899229,39
B0063FGG9U,39
B001LMAKAQ,39
B001L67A46,39
B00LTO33JQ,39
B00EKR61BQ,39
B00ETHN9L2,39
B00EDQCIGG,39
B0063FETJE,39
630530260X,39
079284565X,39
B00MBNRPT8,39
B00006IRH9,39
B00FNPQW2W,39
B00NMJQKEG,39
B000HT3PEM,39
B002A5EBLW,39
6303101240,39
B000BGH254,39
B0068MNO02,39
B0015I2S74,39
B000XCVZXG,39
B01EVZK2WA,39
6302800854,39
B00GMM19QE,39
B000TV1SSS,39
B00005957B,39
B000B41HCK,39
B00GSMZ3I8,39
B000066C73,39
6303471102,39
630315851X,39
B00EZPCYFU,39
B004UVYQVY,39
B00M0DTYUW,39
B012C86TMU,39
B000E1MXVO,39
B00RUT3DWG,39
B00S89IOPS,39
B00O5A099S,39
B000E6ESJ4,39
B000MTEFUK,39
B006MNIYFW,39
B006T5JZ4M,39
B01H9HCOP0,39
B0002MFGDW,39
1921643870,39
B00Z7EMJ4E,39
B00049QLWS,39
6305078599,39
B002VPTJOK,39
B0000DZTIN,39
B000O77SO0,39
B00W9JQ5B8,39
B005QIOJIK,39
B000977JBW,39
B000K144OM,39
B00UCADTZ6,39
B0002234Y0,39
6300157601,39
B013W7LTL6,39
B000CQM4YM,40
B00003CXQ0,40
B001AMU6AG,40
B00004W5TJ,40
B004SKQAJI,40
B000T28G1E,40
B001CXYEVA,40
B00278FS8M,40
B00I30MQ4W,40
B00004XPPF,40
6304137184,40
B00LX7VSP0,40
B001AQT112,40
B005J6U77Q,40
B0009X775Y,40
B00LZ2LYQ6,40
B003Y9NXDK,40
B0189HP0DC,40
B000TGCR3I,40
B0010X8NKU,40
B00BNQ7PUS,40
B00MBI0B0I,40
B000E1E2N6,40
B004FOPFFC,40
B00G7A5VYC,40
B007OWW6V8,40
B000OONQ9Y,40
6303515231,40
B006WPZUJS,40
6305870160,40
B0170K341O,40
6302969700,40
B00APGRMX2,40
6303574203,40
B001JJMGIU,40
6303501281,40
B002L9N4N8,40
B00005JPON,40
B016F7J9SU,40
B00I099K4U,40
B005IAAQKQ,40
6305748853,40
B001AQT158,40
B00OU27WIC,40
B01E9O0Q0Q,40
6301348281,40
B00FW6B4EI,40
B001F2HZHI,40
B000EHSVDC,40
B004NMFWNQ,40
6303562515,40
B0012M1KWC,40
B00IVC030G,40
B000HWZ4IE,40
B0009ZE9QM,40
B014AGF6RG,40
B00CEFVWW4,40
B004LWZW0G,40
B000BTITFI,40
B0000A7W10,40
B0014FAIX4,40
B000MNOX9E,40
B01H7QA5XG,40
B0001KL5HQ,40
B00C0YUY4Q,40
B00H7YYMOM,40
B006G6GU9M,40
B006MHZH5I,40
B0026I0NEC,40
B0096EE47G,40
B00009YXEW,40
B003SPDSAI,40
B000FFJ8BM,40
6305080461,40
B004WBC43E,40
7885142566,40
B005ETQ2RM,40
B003F3NDOO,40
B002C7ELU4,40
B000068QQ2,40
6304286805,40
B00U2YNO8O,40
B00R5YGP08,40
B00005JMN7,40
B000NDI4WA,40
6304375344,40
B000QCU9JO,40
B000ALM4IA,40
B003RHZ66Q,40
B008BJTY4K,40
B0006U5V58,40
B000FI9ODQ,40
B00188KD1E,40
B004GJYRF0,40
B0030Y12A0,40
6303383327,41
B0079C8N8S,41
6303269850,41
B00CDH9VEE,41
B0142G2NM0,41
B01CZAFLOC,41
1586171941,41
B0001ZDKXI,41
B00004TX5O,41
B0019GJ42Y,41
6301801849,41
B004OSVTRW,41
630299408X,41
B0007XG59U,41
B0002E34C0,41
B00BL1BH0O,41
B004A8ZX1O,41
B005FISC52,41
B000VKL6ZW,41
B000CMNJF4,41
B00264H48O,41
B001CK7ONS,41
B0001DMVVC,41
B007GE98WO,41
B00BV2PE5W,41
B001HY3B40,41
B00OTADCSE,41
B00L16P106,41
B00B2TU1R0,41
6303418724,41
B000FQIRWC,41
B00CRFQUDW,41
B019EC9QKE,41
630514415X,41
B009ZBS67O,41
B001D7T6N6,41
B00008MTXJ,41
B008UE8ICK,41
B00553K9Z8,41
B0182W7JSS,41
B00LOCLCPU,41
6302593220,41
B009OE2O70,41
B000ATUU4M,41
0764005529,41
6305165823,41
B000ION27Q,41
B00L9FLXXI,41
B005D0RDKW,41
B005E7SEOI,41
6302241081,41
6302250161,41
B000A7DW7Q,41
B001DSNEM4,41
B000E6ESBW,41
B0000A1HW7,41
B001EHDSOS,41
6302309522,41
B0028Y4SPO,41
B000035Z46,41
B005W2BWLC,41
B000GYI32M,41
B000ADS62Q,41
B00E8G5H0K,41
B00007149K,41
B0050UEVFU,41
B000GFRI68,41
B001PKHS90,41
6302962048,41
630576350X,41
B000BDGVT0,41
B00F0JG7E4,41
6304601727,41
B005G4FFDW,41
6302678846,41
B00J925RX0,41
B00015HVM4,41
B000BBOUDG,41
B005DGKBC8,41
B001992NZG,41
6305214646,41
B00013F32G,41
B018V1ZTGO,41
B001CCH4RW,41
B000H6SY8C,41
B00HW3L2J6,41
B00GPWP214,41
B003P6PWAE,41
B0000ZMGZW,41
B003R0MF7G,41
B004EI2NPO,41
B00110EJA0,41
B00GB0OSP6,41
B00GHJX8W0,41
B011CZOKCU,41
B000EMGIDC,42
B0007DA3VG,42
B0071LEOV2,42
B00FEOYY8G,42
B00MU1YEY0,42
B000FUTVLO,42
B00EOBB6DQ,42
B001DN0US0,42
B001DJ7Q0E,42
B000038I0Y,42
B000M343AI,42
B01CRIWR0S,42
6300984869,42
B00M1CFRDA,42
B001F2U700,42
B00L6AW2W2,42
B00DJYJOPG,42
B0002ERWV4,42
6304612982,42
B000YHQNCI,42
B000HEWEFS,42
B004I8WHCO,42
B006PF64AO,42
B000009E13,42
B003QP4CZA,42
B003SLEDJC,42
B00000K32N,42
B001FFBI9G,42
B00D3LA6BQ,42
6304047916,42
B00ZCHTR6O,42
B00E44EZT0,42
B001MVWM7A,42
B0001HAI0E,42
B001PUTN34,42
B00002ND79,42
B001675YQ6,42
B00553K8FY,42
B000U1ZV4E,42
B000LP5FWC,42
B00005NSY7,42
B00ZGTJN3K,42
630576333X,42
B00AO1RKFS,42
B000OU082G,42
B00AQ590IC,42
0790751445,42
B00PFRFXB4,42
6305837562,42
B00AX5B0O2,42
B01EFSORXS,42
B00005JOA4,42
6304238118,42
6302722764,42
B00AA8Q0FQ,42
B0016PURB0,42
B0030CRK4E,42
B009474UW4,42
B00H91LVTM,42
B00008DDUY,42
B0000798EY,42
B01FR35F6I,42
B0007TZHWA,42
B001L0KHA6,42
B003DZX46G,42
B009ES1M7Y,42
B000JRYOPG,42
B013HY6KVS,42
6302650046,42
0792841905,42
B00GSTHCTE,42
B000AYEL10,42
6304383193,42
B00QJN33II,42
B000F8O2RY,42
6303101224,42
B00005NSY6,42
B002WNU0QW,42
B003F3NDP8,42
B00FR23S3W,42
B007G8SEF2,42
B0001MMGC2,42
B0154XVK6K,42
B00FXSI9UW,42
0790731797,42
B001GP5TLS,42
B003HC9JIW,42
B00WAJ8PA6,42
B004KV9312,42
B00KW85NXO,42
B00ICN1Y5W,42
0790724960,42
B000C20VIW,42
B007H9COG0,42
B01H1WK2D4,42
B0009S4IM4,42
B01AAZVX96,42
B00BLXAJWO,42
B00KMJBDFA,42
B000BPGIYQ,42
B004CWLRIG,43
B01B800I1G,43
B00RVZJ3U0,43
B004KZH5JK,43
B009HSDC2Y,43
B000E6ES9E,43
B000V1BN7M,43
B000Z63ZKG,43
B015XC8BT6,43
6303286542,43
1569388997,43
B000XXWKFW,43
6301978315,43
B000DWMZLW,43
B0000A1HPU,43
B004X63SG0,43
B002VPE1BQ,43
B000JLTE4S,43
B005HS00WI,43
1568392273,43
B00BCMT2CC,43
B000QRI1GM,43
6300271668,43
B00TEC7J22,43
B00561BNI6,43
B000Q7ZLV0,43
B008YYSEN4,43
B000X4WKG0,43
B002L5GQMI,43
6302554713,43
B00004ZESV,43
B016KAMQTG,43
B00005LC5R,43
B006YWIFH8,43
B001SLNPTI,43
B00005OCR8,43
B00018D3YG,43
B007UQ8IKG,43
B001HB1K0A,43
B00BT6VST6,43
B00005QW9L,43
B004M3M5F4,43
B00PGTNA52,43
B000E0OE44,43
B000N3TWRG,43
B00005U2KS,43
B00AGJYJZM,43
B000TGKJQA,43
B007146EEY,43
B000HT3Q2I,43
B000OZ2CQQ,43
B000063K17,43
B000YGGNIS,43
B000BQ5IXW,43
B001RP975Q,43
B00A2H9QYC,43
B001ILFUC8,43
B0002W12IU,43
B000291Q3O,43
6300183785,43
B00CYMMU3W,43
B012O29DR2,43
B0000687FU,43
6300274608,43
6304271506,43
B000FJTVC4,43
B000ECX0R4,43
B01H2OWOVE,43
B00JHH20VY,43
B005ZEM932,43
B00JKT890A,43
6305262241,43
6305263590,43
B00JLV09S2,43
B00J5LXU02,43
6304285728,43
630553201X,43
B001UHOWYM,43
B0014LY9JM,43
B00FNRA0KA,43
B000EHSVC8,43
B000EOTTS6,43
B000003KLO,43
6304059647,43
6304057679,43
B00EYA6VGY,43
B001AYWY6I,43
B00L5R5GE2,43
B000FP2IZU,43
6304673043,43
B006070RT6,43
B000ERVJNG,44
B000HWZ4RK,44
B00BEYWW4I,44
B00FXSI9IY,44
B00BCPOEI6,44
B00005JOWN,44
B00466HOR6,44
B00OPMFLT4,44
6303072828,44
B000E1YW04,44
B000244FFU,44
B000UZDO3K,44
B00AIA884W,44
6304239181,44
B005YFGIZM,44
B0072HTWQM,44
6302313899,44
B00H7BJ1GY,44
B00007CVWY,44
B00F3OLV9M,44
6304311885,44
B001RP976A,44
B005BUW8JA,44
B00O8BC17M,44
B00004CYNF,44
0783239955,44
B000EHSVG4,44
B00652U6XI,44
B000YA82GA,44
B004IS1URC,44
B000Y11BBC,44
B0128P0WKW,44
B00L6AW2MC,44
B005W2BVMM,44
B003K2G0TA,44
B004AHAEV4,44
B00CPKZLRK,44
B01BKL9EXG,44
B00CDWQNZ4,44
B00CDV4NN4,44
8371341318,44
B000GTJSFS,44
6303196543,44
B006PI3BUW,44
B004LXBKEC,44
6300208117,44
B000WC38BO,44
B00II6C66E,44
B018ELUD4O,44
B00ZT7TJHE,44
B001YY6UR8,44
B000JLTRMC,44
B0006FFRB6,44
B00IE41AA8,44
156371616X,44
B00I0CAVV8,44
B00E3V9UKI,44
B001NRY6R2,44
B008EPKWWE,44
1574928228,44
B000MR9CXC,44
B00HRYH6GI,44
B00ESZZOM2,44
B013JZW73K,44
B003QP4CNC,44
B00023P4B0,44
B000NDEXFC,44
B000QQA5VC,44
B00013RC34,44
B0009P7EI2,44
B0053XZ95U,44
B001NZ2OPU,44
B00HF5J9XW,44
6305074143,44
B00IDRQ3PI,44
B000KJU1FK,44
B000MLWQ6S,44
630203535X,44
B000EQ5PUU,45
B00UVCHWDK,45
B00FR83S18,45
B00T6KIL2E,45
B00064AM62,45
B00023GFUY,45
B00D7AM2GA,45
B00MK1RCBC,45
B00F77MARM,45
B003SPDS7G,45
B00022LILQ,45
B001FSKE84,45
B0013RILOG,45
B005SHBO1Y,45
B001V7UX4E,45
6303383289,45
B005SH647S,45
B0009S4J2I,45
B00CQ8792G,45
B000FZETI4,45
B0080JX4Y2,45
B00IKM5MQC,45
6304402929,45
6303276881,45
B0009H97HG,45
B0052T1EDQ,45
6305968896,45
B00005JMMW,45
B000N3SOSE,45
B000KWZ1UM,45
B01EYBIBL0,45
0375810331,45
B000F6ZIFQ,45
6302457254,45
B00S80X0C4,45
B008WCP2GA,45
B00YIZWFQ0,45
B0030VANJO,45
B00007G1YH,45
B00SYNSNHW,45
B01648ETWQ,45
0967418518,45
B00962R0H4,45
B008VPCL6M,45
B00009MEK2,45
B000B5XOTS,45
B004T3BDXW,45
6819903456,45
B003ZVU1P0,45
B00005JNHT,45
B0033U3DNA,45
B0170K36TY,45
B000VKN1XM,45
B00151QYFS,45
6305005893,45
B000BO0LPO,45
B001CC7POE,45
B000I2J6W8,45
6302814146,45
B00511N7B2,45
B000B8384G,45
B002AK9UPO,45
B000A2X0LE,45
B00GHH9IIA,45
0800112652,45
B00EPA3UVW,45
B005F3DFXG,45
B00001U0DT,45
B00000FDZU,45
B00000JPH0,45
B0012680D0,45
B00EK9O9FO,45
B000E0OBEC,45
B00DLX76BY,45
B001DHXT4I,45
B002PCVLWW,45
B00124ONSI,46
B00005K9OE,46
6305831661,46
B000Q6GUSE,46
B005F3XV4Y,46
B00007ELCZ,46
6305262128,46
B00Z0GES3E,46
B000LC52DC,46
B011KG2G5O,46
B006JN8770,46
B00EFJFUVG,46
079396041X,46
B00ECGIL9K,46
B002AMVEHY,46
B004QIG7CW,46
B003LLVVX0,46
6304546300,46
B0090O07S2,46
B000AA4KQ0,46
B000053VEG,46
6303011594,46
B005TZFZ6U,46
B004QC6HKK,46
B0002LE9QS,46
B00BEHOEX2,46
6303969585,46
B00LTO342M,46
B0018CWEYO,46
B0001MIQBC,46
B01D3RPL0U,46
6304152876,46
0800129784,46
B001T7O25M,46
B00LO1T45Q,46
B00OGT2UFE,46
B003ZMCCQA,46
B0007CNY54,46
B00G3XHH40,46
B007LUI27U,46
6301959949,46
B00AYJBTS4,46
B003R0MEOA,46
6305262160,46
B000P5FH2Q,46
B000PMGNK4,46
B000EWBJH2,46
6303017983,46
7885887049,46
B00PRABXFO,46
B00XUQAFVK,46
B01DLVAHQG,46
6303510108,46
B0001Z3I12,46
B001Q94TRO,46
B001GUL6BK,46
6304019688,46
1573628042,46
B006ZUMMKU,46
B000067FPE,46
B00FLT6YWI,46
B0042FDCMM,46
B0037B2WOG,46
B00DRQETEW,46
B000ZKQWHK,46
B00171FPOC,46
630467306X,46
B00175VSBW,46
B00XIXGQ6S,46
B0055HK6VG,46
B00DZSPP2C,46
6304017049,46
B001KVZ6AM,46
B00008MTYC,46
6301465601,46
630363270X,46
B000GW8OA0,46
B00000F8KW,46
B0000714BS,46
B00DT55OJA,46
B0010VDYLK,46
B002DU39J4,46
B01E7N9R36,46
6302800404,46
B005SSBG6Q,46
B00LN2WKGQ,46
B0007UDCX0,46
B008WAM2DI,46
6303326781,46
B000NJMJGQ,46
B00BWU1EPW,46
B00OMCLZLU,46
B00008G640,46
B00006L91N,46
B0007PAM06,46
B0054PSY40,46
B004CJQVI0,46
B00DZUD40K,46
B00BXRVQO8,47
B00BXTH49M,47
B00018YCJ6,47
B004WJT5FG,47
6304140908,47
B00NI4DOW6,47
B000NOKFGW,47
B000BYA4I8,47
B003G715ZS,47
B0002PYS74,47
B00022XE4A,47
B00OI6B7LS,47
B00BUWD7WA,47
B000BPK2NE,47
6304105436,47
6303118232,47
B00264GB74,47
B00PHGTRCE,47
B000FZETHU,47
B00006SFL7,47
B00005T30I,47
B000ND91OA,47
B0038YX20U,47
B00H47IXF6,47
B005BSCPY0,47
B007AYJ3CK,47
6302728371,47
B00AL6P4A4,47
B001K98M4Q,47
B00A7MSQSO,47
B00ELKDD9U,47
6304291361,47
6300181065,47
1573306983,47
B004ULNJJ4,47
B004XC5LHS,47
B0011ZJ5C2,47
B000062Y3Z,47
B00UA86G5U,47
B001TKJDIU,47
B001C4ZQEI,47
B006EMSO74,47
B000NA1WDQ,47
B00LN8786M,47
B003DU50U4,47
B000VDDDVE,47
B00P6TZY1K,47
B001NFNFMG,47
B00005JPP2,47
6304168659,47
B004EPYSBE,47
B00KGJOA5Q,47
B001GMH8WY,47
B000BITUES,47
B000NPO3D2,47
B00GDM4O3I,47
6302969603,47
6302877911,47
B0000VV4I6,47
B00005NQGO,47
B00HXXG48E,47
6305832412,47
B002ITSAI0,47
B0031REQJ0,47
B0001CJ8XM,47
B000056BSJ,47
B00EE6C4CI,47
B004C1W1VY,47
B0026QDNC8,47
B000E0LLKY,47
B0077NF7GU,47
B002F6MPY6,47
B001E2PQGG,47
B000056HEG,47
6304075413,47
B00000G3BN,47
B002DUJ9NE,47
B00004Y2QO,47
B0030U1TFW,47
B006P2TA44,47
B000XJ5TOU,47
B001PWY4U4,47
B00I099JO6,47
B004K8WJ4S,47
B000Q7ZLQU,47
6304400381,47
B00F3TDA2I,47
B00ITAQ2T6,47
B000Q7ZLUG,47
B001VPJYZK,47
B00003CXP9,47
6304343426,47
B000EMG91S,47
B00BF0CGT2,48
B0024F08TW,48
B001NGNLEW,48
B000F9T70K,48
B0002YCUR0,48
B00J5SKAOO,48
B0025KVTLW,48
6305908419,48
B00DPCR4S6,48
6305222754,48
B0010YVCAM,48
B00FFARI7I,48
B00JJRLG58,48
6304605889,48
B000CMNJPE,48
B00CPTUOBO,48
B004H4N13S,48
B0025KVKDO,48
6304196873,48
B0002OXVDW,48
B000XPNZTK,48
B007L6VQWW,48
B00020HAWY,48
B0013LRKVM,48
B0108N9J2I,48
B001U06NBE,48
6303651917,48
6303011012,48
B000HXDM1E,48
079075181X,48
B00BCMT0AQ,48
B01BZBLP9C,48
B0015P2FNO,48
B00000ILG0,48
B000C6NPHC,48
B000O179GI,48
B004I85CY4,48
B00005T33K,48
B00005N5SI,48
B00450AG1Y,48
B016YPHWOG,48
B00X797NTW,48
B01GQ10L32,48
B00016JE5U,48
6302363098,48
6301216210,48
6303690653,48
6303467253,48
B004TJ1H1Y,48
B000FI9OD6,48
B00000JMQ5,48
B00004R8UQ,48
B00VBPX4V0,48
5558279494,48
B000HT3P6U,48
B000WMA72C,48
B001RE9HDY,48
B00J49R1M8,48
6303191398,48
B009VXVMAO,48
6302045916,48
B0007KIFUA,48
6303579612,48
B0182W7JE2,48
B00JU3S7Z8,48
B00H3DW7P8,48
B000O76PXK,48
B00004UEDZ,48
B001A33ZHG,48
B00LBHOCHS,48
B00D7AM2PQ,48
B010OR9A9K,48
6300270068,48
6302779448,48
B001AYWY5O,48
B000M9BPG2,48
B006X0ZN7Q,48
B00O4UN8VU,48
B00008V5RO,48
B00AHTKIVU,48
B00FRE6OFO,48
B002N5N4FS,48
6304039220,48
B005G4FFG4,48
B009DHOZ5M,48
B008H6GHKG,48
B000ERVJMM,48
B000Q66PX4,49
B00005QW9I,49
B005775M2C,49
6302277760,49
B00004YS97,49
B008YRL7H6,49
B00E58EAJ0,49
B00SU1DDVY,49
B00009Y3RW,49
B00AZMFKNK,49
B016S5ZFAK,49
6304056745,49
B000F7CMQS,49
B00CU6WBOU,49
6302587239,49
B017WLX1Q4,49
B000LXH3SI,49
6301031474,49
B0000639EL,49
B00D2UMHD8,49
B00D954AGS,49
B00GJOXW1A,49
B000093W4U,49
B00AFQSZ0G,49
B000ADWCYY,49
B002EAKWCU,49
6302681049,49
630476300X,49
B009AVCAGC,49
B00003CWLI,49
B0050A52BC,49
B00006HAX7,49
B000AYEIIQ,49
630441336X,49
B000F3T8YQ,49
6300180204,49
B000FI9OEU,49
B006MWA8WA,49
B000E5N6A2,49
B0009XRZOW,49
B000006FFU,49
B00YSBFPSY,49
B00B1RB8ZC,49
B00BNV9WCW,49
6304946554,49
B00BC0JH24,49
B0094GSRXS,49
B00BC36UBM,49
B00004CR9T,49
B001HUHBBS,49
B00005JMXO,49
B0017XOF50,49
B0032JTV38,49
B012X1YCL6,49
B00VKX6VWC,49
B00911L7VA,49
B004MOFGFO,49
B0053O022O,49
B0096W47NO,49
B00DXOIEFI,49
B000087F0V,49
B00O4CWP7G,49
B000ENUYG8,49
6303082653,49
B005OGYH9A,49
B001P9N94E,49
B0007P0Y2W,49
B000KWZ1U2,49
B000BRBXXK,49
B001HAO8NM,49
B0002XVQNK,49
B004WOAGCC,49
B002GSXKO2,50
B003UESJII,50
B00GO55Q72,50
B0008KLVB4,50
6300214680,50
B00000I4VI,50
B000EYK4H6,50
B00L2YXY6U,50
B000BQ7J9I,50
B00006ZZ05,50
6303111564,50
6300249824,50
B00001U0G5,50
B00019330O,50
B000WMA74A,50
630451493X,50
B001KEGRBQ,50
B000MGBLFK,50
B0112HPWWK,50
B0039XFD20,50
B001JV5BC6,50
B0010YVCAW,50
B00078808O,50
B000X1HA4U,50
B00L47E39W,50
B001UW59JO,50
B00U3UKXSG,50
B00008AOX3,50
6306010513,50
B00266PDZ8,50
6302386608,50
B001BSBBG2,50
B004M7YRXS,50
B00VG3O31M,50
B00FPVGWY2,50
B017SWJZXU,50
B000RO6JZO,50
B004LYWFNG,50
B00T5D4M2U,50
B0001EFTVA,50
B00CBG9SQS,50
B00ZE1K2ZI,50
B0012EM5EC,50
B000FIHNA2,50
B00C3JUKHE,50
B001RHGRPW,50
B00G2IREUI,50
B008XRE81E,50
B005F265IE,50
B000BYA4JW,50
B003DWS04U,50
B00TV6BA9E,50
B001DPHDCE,50
B0007GP7FK,50
B00IO8UO74,50
6305078246,50
B001992NYC,50
B0000DZ3IE,50
B00KU3Y2VK,50
B008IG0FEY,50
B00VGXABLI,50
B00003CXEJ,50
B00AZMFM3I,50
B0021GYDAE,50
B00076ONUU,50
B000Z6GT18,50
6302469090,50
B00005LC1F,50
B000HKKZQ2,50
B001SSNN2A,50
B00BD5GGI6,50
B0058YPPN0,50
B000F5GJVE,50
B0009X76ZA,50
B0106O4QYU,50
B013539XIS,50
B00BEZEDNU,50
B000UEE6TC,50
B001O4KBNM,50
B009RZ890M,50
B0000372I2,50
B0002V7TII,50
B000Z0UEV0,50
6302136261,50
B009KKLQKO,51
B00UGPKYMS,51
B009KOR30C,51
B002CGT0TW,51
B0016MJ73W,51
B000FC2FX8,51
B00CENWUZE,51
B00MGBS5PS,51
B00004RFHO,51
B000YGGNGK,51
B003FXXNH6,51
B007PVHANM,51
B00GSTHCHQ,51
B00C9VZ73S,51
B00376AVIA,51
B000A3OREM,51
B00009PY4I,51
B004U2RBGU,51
B000BXJ1XS,51
630200912X,51
B00006ADFT,51
0780022319,51
B000EHSVE6,51
6303477143,51
B000P6YNTI,51
0792840984,51
B000SK5ZKW,51
B003QS0E54,51
B0050O9YGW,51
B00006HMPC,51
B002IFUCYE,51
B00005JKLW,51
B005Z9MGRG,51
B005F96URI,51
6302986338,51
6300269280,51
B00015YVI6,51
B00005JO2V,51
6305262454,51
630454636X,51
B005LZW87M,51
B0015XWU9K,51
B006WNMHYQ,51
B00003Q42P,51
B00004YKQR,51
B001R3YRIA,51
B007BZ083Q,51
B00005JNU5,51
B000U6YJMO,51
B00F878KFM,51
B01BX2B1WY,51
6303051618,51
B000XSKDH4,51
B003Z8ZC2A,51
B0025KVKDE,51
B00HW4O1VG,51
B000244E2O,51
6304500769,51
B000BKVKSA,51
B000R349IO,51
6304973004,51
6304383657,51
B00AX5B0QU,51
B006O6GUFS,51
B000JLTRFE,51
B000V1Y44Q,51
6303443222,51
B00009WNWH,51
B003YKDPCI,51
B00003CY1G,51
B004WMOSIC,51
3918810143,51
B0009UVCOY,51
B0085E44W8,51
B006X08DZ0,51
B000TXPXCS,51
B0002Z7RNG,51
B00L37J2FS,51
B00LEW3IZW,51
B002ZCY868,51
630570189X,51
B001B7CNZQ,51
B00062IVOY,51
B0084I9QIW,51
B0000VD0RO,51
B00004U8GU,51
6302032253,51
B00006HAWV,52
6305260621,52
0767837398,52
B009C30ROU,52
B00H4IGZJG,52
6305291403,52
B000Q66ISG,52
B00JC5ED7A,52
B002U0KHNS,52
B000A0GOGE,52
B00007G78A,52
B00HRK4P5M,52
B01DPPMPSG,52
B000PKG8W4,52
B00E0FW054,52
6305162026,52
B009EU77NK,52
B00HR35ZEY,52
B001WAKFP2,52
B00003CXUM,52
B000092T3Y,52
B0035JHYIY,52
B00064MW74,52
B000JLTR86,52
B003W5C0VW,52
B0074JOCMC,52
B0006N2EZA,52
B00007JZU4,52
6302760089,52
B00X7HEIB0,52
B005GYSUYI,52
B004LV3VQE,52
B00FQLK2TM,52
6304111762,52
B003F2LH34,52
B00004CWTY,52
B000BQ7J6Q,52
0783227922,52
B000W089VA,52
B000FZETRU,52
6304106041,52
6303977898,52
B00015HX5E,52
B00BAXTYI0,52
B019WMTZSY,52
B000VECAEE,52
B001IBCS3C,52
B0024OW1QQ,52
B00KHA5SL4,52
B000BITV1A,52
B002OOWKRQ,52
B00AQ5SPBU,52
B00BCV3HL0,52
6303224407,52
B001AOC9G8,52
B00127RAJE,52
B001CZJP0S,52
B006KH6D7Q,52
B0001GOH84,52
B00000F4KD,52
B004A8ZX4G,52
6304490399,52
B000FS9MUQ,52
B00F6SAMTA,52
B016UTP1MQ,52
B01CQ8RR7C,52
B004HW7JI8,52
B00CZ7AL32,52
B000Y9PC7S,52
6303934552,52
B005RYF5JA,52
B000ELIZZM,52
B00CVVH2JI,52
B01BX2B01Q,52
B003O9IY98,52
B000XCZGX6,52
6303355005,52
630406182X,52
B000KX0ING,52
5559203726,52
630296931X,52
B005NVMK7W,52
B00AMXSFRK,52
B00EYPJHDI,52
B001AI774S,52
B00W85TAHE,52
B001BN4WHW,52
B00QRPZEVW,52
B001139ZP6,52
B001JAHSHI,52
6301435192,52
B00QT4VDSO,52
B001ASIHZG,52
B00QXXKW6K,52
B00EUI4XHE,52
B004498KPU,52
B000P5FH4Y,52
0783230486,52
B00AMSNEGM,52
B0009KQPAK,52
B00RC9FJIU,52
B007AFS0N2,52
B0071L6SUW,52
B00GMV8CQU,52
B001O2UTRW,52
B0077PHME8,53
B00001TZ6P,53
B000C8STWQ,53
B000L43PG6,53
B000EQ5V40,53
630272256X,53
B003WEAW2C,53
B00NJ4S3EY,53
B0000TG8UM,53
B001P9N99O,53
B00004REV2,53
B001DZOC46,53
B00VE6OXSY,53
B00004ST9P,53
630327630X,53
6304432712,53
630450733X,53
6305116318,53
B005K276L4,53
B00PMCYZ1G,53
B00IEXX4XA,53
B00004VVN5,53
6304290888,53
B0007XG266,53
B01CVS1QB0,53
B000H5U5MQ,53
B00006951A,53
B00ZE1JYRU,53
B007JE3JQW,53
B000CQLZ74,53
B000ATQYVK,53
B000YDMPBA,53
B00KYLJLRS,53
B005NQ5LPK,53
B00ISZNBCI,53
B00F878KAC,53
B000006GDA,53
B000065R11,53
B0055OTDCM,53
6301801288,53
B00008H2G4,53
B008YRL6LI,53
B0009FVS8Y,53
B0007GP79G,53
B00M2D7I7G,53
6303454542,53
B003Y5H4W0,53
B00WFN4MJK,53
B0093OFLZ8,53
B00005QBZD,53
6305616027,53
B004XKVQKQ,53
6303682952,53
B00SWFMBNE,53
B000BB1MJ6,53
B00EU8RB14,53
B013FCN628,53
B00007LB4B,53
B0018TAFQ6,53
B00H8KC1OS,53
B004EPYZDK,53
B00003CWS2,53
B001DHXT48,53
B00B1LM730,53
B0002M5U6A,53
B000JBWWRO,53
B001QZZZPS,53
B00005JPXA,53
B00465I1BA,53
B001L8YQ64,53
B00005K3FL,53
6305295522,53
B000G0O5F0,53
B01953CL7W,53
B00JC4XHYQ,53
6302289041,53
B00BBI7EZY,53
0780626699,53
B00005JOZ0,53
B00Y7R9EYK,53
B00YS8CBS4,53
6304735677,53
B00UGPEWFI,53
B000B7QCGI,53
B012DCNERI,53
B00KPI12JU,53
B00119UD5Q,53
B001O0Z82U,53
6303962467,53
6305972451,53
B001JAHSKU,53
B00PV09C7G,53
B00VNQWT0Y,53
B002FLZM9G,53
6301788494,53
B000VSDNHS,53
B000B8IA3U,53
B00008AORL,53
6303968651,53
6305372594,53
B00I211L48,54
6301928180,54
B0006D3HDS,54
6305020086,54
B00TGNLUSI,54
B00TJ30A04,54
B00J9BZ4KC,54
B007PTCRIW,54
B0001UZZTK,54
6305006571,54
6304773404,54
6304383835,54
B000KGGZZ8,54
B0001LJBTE,54
B0007WFXL2,54
6304727127,54
B0001WTV7K,54
B008KZVNFS,54
B00BC75HTE,54
B003X1VJ1M,54
B001HZ4K80,54
B000VE43BC,54
B00MP2FM4U,54
B00005LKIA,54
B002RNOS4M,54
6302969271,54
6300274586,54
6305733651,54
B00005QFE5,54
B00AIBZKFG,54
B00000F06S,54
B001UV4XW4,54
B00QFUG0YO,54
6304285116,54
B001KKU9FA,54
B00GWWV1XU,54
6300165086,54
B00DS79HBU,54
6302439485,54
B001CFEBW0,54
B009DW5X0I,54
B002O3Z4WU,54
B004N5UTUE,54
0788861956,54
B000MV8AE0,54
B006PA0WF2,54
B000MVZYBM,54
B005Z7BNJA,54
B000006561,54
B000EQ45BU,54
B001451HXO,54
0783110901,54
B001CO42CA,54
B000XUOIQE,54
B00BNWWW1Y,54
6304053517,54
B00LDCGBNE,54
B000VZADR4,54
B0027CT65E,54
B00OGWB2UK,54
B004I8WN1E,54
B00FYL08RK,54
B000ESST38,54
B000RO6JZE,54
630276386X,54
B0017H3UOS,54
B003X2P90S,54
B0000844LU,54
6303686834,54
B00T5D4LB2,54
140498822X,54
B00D9SRBZC,54
B000HC2LH6,54
B00007L4OE,54
B00IORPROU,54
B008ZQ4WEQ,54
B005NQ5LOQ,54
B001870VOY,54
B00HF95PA4,54
B000095J2Y,54
6302088593,54
B003L77GJM,54
B001S86IYK,54
6300214559,54
B003NOCXB4,54
B00ET6LPRI,54
6302261597,54
B00STKR50Q,54
B00004YNUM,54
B001L7XND2,54
B00A7E8PA6,55
B000IU4DMI,55
B000255LG6,55
B00KN2KY4W,55
B00O9ZSK9A,55
B008ZRKIQ6,55
6300182738,55
B00JCCHMU8,55
B009GYS70Q,55
B0090SI3HU,55
6303646689,55
B000QGDJG0,55
B0042SSO1I,55
B000E0OE3K,55
6302120616,55
B007I1Q4MM,55
B0107GC96Y,55
B003SPDSBM,55
B00I0VTPYI,55
B00EDM2RN4,55
B004UXUWTW,55
B000FUTVUA,55
6301971531,55
6305181381,55
B00000JGOJ,55
6304502362,55
6301175220,55
6304006837,55
B0013527I4,55
B00I4581F4,55
B00JK7QU6W,55
B003VB5E2E,55
B000E97HXK,55
6300216527,55
6303589146,55
B006IW8DTO,55
B0001K5GOO,55
B00MP2G2R6,55
B01DBCMSFI,55
B00SZTD3RU,55
B00073K7JY,55
B00KBROZX0,55
B000EXDS2A,55
B00070HK2Y,55
B0016AKSQY,55
B003L77G6U,55
0792171306,55
B00GPWERCO,55
B0007NBJ14,55
B014DEGUIE,55
B00Q7DWUDY,55
6305470464,55
B0007LXP7W,55
B013HOZKQE,55
B005BRFN8Q,55
B0053O8AGY,55
B001D5C1FI,55
6305470146,55
B00LXH2BL0,55
B00HDAG7FW,55
B0050MB43A,55
0792844041,55
B000M93DBW,55
B000GI3RZ6,55
B001AK3S4O,55
B001M564BQ,55
B001FCD252,55
B00OU4MORY,55
B001L1IDJ2,55
B00GAHG7PE,55
B01ENSOKJQ,55
6304195281,55
B0011FLGU6,55
B00006950U,55
B001E95ZI8,55
B00DNLZNYG,55
B003TT2X7M,55
B006WNSHUY,56
B000FS2W6M,56
B0076MWT7C,56
B0001Z51LC,56
B00WS8R2M6,56
630015002X,56
B000KJU13C,56
B001AYJ2Y0,56
B000NJXG6I,56
B0001Z3I1C,56
6300164063,56
6304680104,56
B0009MAO3W,56
B006X0ZN3K,56
6301697723,56
B0002KVUS4,56
B003R0MF0S,56
6301379616,56
B00062WUVY,56
6304449313,56
B006TTC5J0,56
B00062IZLI,56
B000KB4898,56
B00YOJIF3M,56
B004C03THU,56
B0002XVQT4,56
1896306993,56
B00EX465U8,56
B003R0MF6W,56
B003PJ1UTS,56
B00EV1YZRI,56
B002KD9C22,56
B0014VPFM2,56
B00EZCVFGC,56
6303102441,56
B005Z4ZCA4,56
B002BDV5OE,56
B008M0PBMM,56
B00623N52E,56
B008L0YMSW,56
B000GY728I,56
6301978501,56
B00O1D3C02,56
B00BHO7M5O,56
1572522550,56
B014I4IUXC,56
B005HVWW3K,56
B000065U3P,56
B00369ERCY,56
B0000764FF,56
6304267967,56
B003UH3RQO,56
B00007K07R,56
B0090EDEQY,56
B0001I55ZQ,56
B00005QJIG,56
B004R35DLW,56
B001LRTT30,56
B000UAE7KO,56
B00KD64ID6,56
6303619932,56
0780615573,56
B000A0GOQ4,56
B010TIZC2S,56
B0013K2ZFY,56
B0001ADB5U,56
6301929942,56
B003L77FXE,56
B0009X768M,56
B0053O8A5K,56
B00MMPB66I,56
B0128QAXLO,56
B000057X1N,56
B00000FDYZ,56
B0013D8M3U,56
B000P5FH4E,56
B006IRQU5S,56
B000YDMPAQ,56
B00CTWSGA8,56
B001NXDHOO,56
B001D2WU8Y,56
B000EOTV98,56
B001GCUBS2,56
B0000SWN4I,56
6304056869,56
B0006VL1J2,57
B002RD55KI,57
B005FISCFW,57
B000IHYXIK,57
B0002ERWVE,57
B00II4DYHG,57
B000TSTEM8,57
6300276945,57
B0002DB5B8,57
B00070HK24,57
B00439GDQ4,57
B00000IQBP,57
B00F40UBM8,57
B002BWP49C,57
B000CRR3SI,57
B000Z27HMW,57
6304022166,57
B00NG3YQXU,57
B002N5N5UM,57
B00NGAJHF0,57
B001G6UPGG,57
B0065IZA0G,57
6303394043,57
B000GPPNO2,57
B009LYG5YG,57
B003E1QDAI,57
B001G0MFL0,57
6301300548,57
B00003JRAV,57
B003MRD9KQ,57
B0009298MU,57
B000HOJR8A,57
B00OOLIX7S,57
630361437X,57
6303052487,57
B000UAE7P4,57
B00GLT2TR6,57
B0046ZE3OE,57
B001AZIRYA,57
6300213927,57
B01H2OWNH4,57
B000QXDEH2,57
630223722X,57
B00009WHRN,57
B000FWHW86,57
B004YHRZJY,57
B001MYIXBQ,57
6301942647,57
B0007LXP86,57
B00290X6NW,57
B000FIHN8O,57
B004DMIIPA,57
B00123GQLG,57
B000JJ4FB2,57
B004WOAGGI,57
B0085X315U,57
6302098459,57
6305066906,57
B00DY1KPLG,57
B001QLKI18,57
B000171RAE,57
B00007L4OM,57
6304819463,57
B002C4JUWG,57
B000K7UBUM,57
B0009YYV20,57
B0000AGQ6R,57
B0017IVHHO,57
B001L1S1WQ,57
B00007M55V,57
6302312434,57
6304766742,57
B00U2MTL60,57
B001LGFAJS,57
B0007XBMA2,57
B000RZIGVI,57
B01D7AA21G,57
B00141188M,58
B000E112BG,58
B003IMERF6,58
6303354912,58
6303935419,58
B004K6FS5W,58
B00005BKZE,58
B0052WNHQU,58
B000BYA5HS,58
B014Q67LDM,58
B00005BKZD,58
6305372837,58
B00VXV65RW,58
B0128QB16A,58
6304852800,58
B007KFZ7ZG,58
B000OI1G2E,58
B006M3M5FM,58
B00000F3JB,58
B0009UC7OI,58
B000K7VHOQ,58
6304493053,58
B003L77GDS,58
B00W3XNNE2,58
B0001CLEFM,58
B002R8JG5I,58
B003XMKU0M,58
B00068NVG6,58
B000053GYD,58
B00MNBTNZC,58
B00D0Z2JT2,58
B0002Y4TWE,58
B003HFUVQI,58
B000P5FH4O,58
B000CAPZBC,58
B007OXB1GI,58
B00NARLV8K,58
B00KMJBGV6,58
B008H6GHII,58
6301410831,58
B003498RT0,58
B000U1ZV62,58
630368727X,58
B000A6T1J0,58
B00AIZ282U,58
B00005T7H7,58
B0152AW01Y,58
B000EXDS4I,58
B0016I0AGY,58
B0006ZM8M2,58
B00ADRYEDE,58
B004W48KHK,58
B00X4TV9RC,58
B000T28PUG,58
630464972X,58
B001KKU9AU,58
630543848X,58
B009NNM70G,58
B0053O8A8M,58
6304293488,58
6302507596,58
B00H0EN8UI,58
B00022FWTA,58
B0000DC13R,58
B004AGKE7Y,58
B0009K7QZ8,58
6303980414,58
B0000A9GHP,58
B00BJLDJ2U,58
B000HWZ4R0,58
B003E4B0H6,58
B01AKUNOES,58
B0009JQN6M,58
B0002RQ2S0,58
B0055SNHP2,58
B00TQGGH10,58
B0014QLEIQ,58
7885142671,58
B000Q6774K,58
B00BACT1I4,58
B00TEC7K62,58
B002UNHFWG,58
B001B43IUS,58
B005IF7AZK,58
6302036941,58
B001UHO102,59
B00068RELO,59
B010CHR1ES,59
B012G7INVC,59
B0007V6IWQ,59
B000MQ58WM,59
B0006OBPTU,59
6300214613,59
B000EHQTRW,59
B00QFUFZZO,59
B000CCBCIA,59
B00005A8S9,59
B00005A8S3,59
6302534372,59
6302260973,59
B00HYZ10RQ,59
B000A7Q2I2,59
B000CCD01C,59
B003QF1N7K,59
B00008438W,59
B00SZLEL2Y,59
B00FC1ZC9Q,59
B0010YSDB8,59
B00DGWZKHM,59
B00498NBE6,59
B003Z3CZGG,59
B00005U0JX,59
B00005JK8N,59
B00CJ318SE,59
B00CS7GYF8,59
B000W2C29S,59
B0019D151K,59
B00BAXTY7G,59
B004SIPAFK,59
B01GGE7BTQ,59
B0024FAR4S,59
6302969786,59
B00005OSOZ,59
B000XJD30W,59
6304400225,59
B001JFKWE4,59
B00005JPK8,59
B00DZUV0M4,59
B00008S7KC,59
B00TGJ1AJG,59
B0001KNHSQ,59
6301777840,59
B001C4CI8U,59
B000NOIX7K,59
6305714886,59
B005SQRYEG,59
B003U9XZYQ,59
6305575762,59
6301423682,59
B005ARYEBY,59
B016E66ZHU,59
B000N8UXTW,59
B0042EJD8A,59
B00JPFTS2M,59
B000KLQUUS,59
B00008YGRX,59
B00004ZDFL,59
6301813480,59
B00009ZY9E,59
B00KU3Y5CG,59
B001N26GFC,59
B001NGPLCM,59
7885142612,59
B00158K0V0,59
B001A7X0YA,59
B001O4AHJK,59
B0041H55SA,59
B0000WST6A,59
B002Y5FKRW,59
B004YJZB4S,59
B0009W5KJU,59
B000XJD30M,59
6303581307,60
B00DPDMWW8,60
B005F44X36,60
B0052YWHTQ,60
B00LH5IT3C,60
B00EOMJ9O8,60
B001B18716,60
B00000JMOI,60
B00000J2JB,60
B001D7T6AO,60
078322561X,60
0783218923,60
B00000G3DY,60
B0013LRKRQ,60
B00FK9KTRU,60
B001CQONMC,60
B000LE1E50,60
B002DH20YM,60
B00003CXIS,60
B000E0WJH8,60
B019RVUEHQ,60
6305086818,60
B00TEC7H9M,60
B00IE419W2,60
6302000610,60
B0000TGADW,60
B004XKUFY4,60
B002YGSZBY,60
B001PO54V0,60
B002BWP2EY,60
630450392X,60
B00020HAY2,60
B00720OO0S,60
B01578E31Q,60
6301390768,60
B00YAZNBTI,60
6301066162,60
6302112060,60
6303514723,60
B00J3M54AW,60
B000JJ3Y78,60
B00MHIKRXS,60
B01CJMBBTK,60
B001AZIRZO,60
B00MU1YEWW,60
B004J713JW,60
B001S86IZE,60
B00N5B5B3M,60
B000X843UC,60
6302800587,60
0792836529,60
B0000633R4,60
B000063J8R,60
B009RJRJ2C,60
B0006SSOUO,60
B00BQXTD4O,60
B002AQDDTM,60
B005ZLF2OS,61
B000FSME1K,61
B005X5XIMO,61
B000EBD9VW,61
B000HC2LGM,61
B01CDT60CC,61
B0008ENI0W,61
B000BOH8YQ,61
0792199405,61
B000B837XS,61
B005MWKAS8,61
B017JOME6M,61
B017AJ0LPC,61
B0009XRZS8,61
B0009VDJQ2,61
1592180418,61
B005SH65UO,61
B000GRU09I,61
B003X4KHRG,61
B002BWP3UC,61
B004NJC0R0,61
B00000F40X,61
B00007AP31,61
B009999YD2,61
B00FH6V722,61
6302148332,61
B000XJD3K2,61
6302025303,61
B0000A9D4A,61
6301971752,61
B001NP8PQM,61
B00G7QQ00A,61
B0000TSQJS,61
B00KASQQTQ,61
6301945301,61
6301912373,61
B0001DA4RK,61
B00GRZPR96,61
B000NOKP12,61
B00H47IWXY,61
630430840X,61
B00JKTFQJM,61
6301661737,61
B0002B15J2,61
B00006SFOB,61
B00006SFKN,61
B0036EH3WU,61
B0012Z36EO,61
B004KDYR5W,61
B000XUF6AG,61
B003H8F2WI,61
B00005JM9Z,61
6303152821,61
B0000524D0,61
B004FUYSV8,61
6303036813,61
6303023355,61
B00ATP243C,61
6303011969,61
B006YGCEPS,61
6302990033,61
B00DT55P9Y,61
B00003CXQ6,61
B00E688U9K,61
B00PY6PELK,61
B00EPH8S8U,61
B00AIANIPQ,61
B00AF1H8D6,61
B0012OX7DA,61
B00000JNBC,61
B001DF681G,61
B00L8QP082,61
B001JAHQGG,61
B00HNTOVWE,61
B00005B1YH,61
6304442467,61
6301279654,61
B0007939Q6,61
B0007OY2MG,61
B00198X0YA,61
B0002VEX5K,61
B00ZPH4RRA,61
B0002LE8WS,62
B000PQIBYQ,62
B01E6CE17U,62
B00IRLISLM,62
1558804641,62
B0048LPRCS,62
7885880605,62
B00008MTWI,62
6302038340,62
B00009WVSM,62
B000PISZ86,62
6304111363,62
B00P826P1I,62
6303101410,62
B00005JNS8,62
B000PC1PAW,62
B004FV4R8G,62
B00D90UW42,62
B0058YPMHO,62
6304486529,62
6304410433,62
B00008EY6Q,62
B000R343N0,62
6304416423,62
B001JXPC28,62
B005K8QI9E,62
B00AATGDY8,62
B00005NBDH,62
B00LYHXHUI,62
B00A0HT99G,62
B0058O1FIY,62
B0007CEXTK,62
B000069BJH,62
6302503833,62
6304501668,62
B0010358CG,62
6304004540,62
B00ID8HATK,62
B00004U28P,62
B00FDZ7VZE,62
B00007ELDF,62
B00B00HUC0,62
B00996RSYM,62
B00144H00Y,62
6301930789,62
B00KX44QNK,62
6303149316,62
B00FRE6OB8,62
6305308802,62
B00C4BDG7M,62
B001BN25YO,62
B001GTOABY,62
B00VJIIOSC,62
B00NLZAC5O,62
B002WCLG3Y,62
6303422942,62
B00GX7D5JW,62
B001GD6VT4,62
B001XRLWLU,62
6304308434,62
6301216121,62
B0007WQGRC,62
B00CMQX84A,62
B000XA5JWG,62
6301464966,62
B000CCBCI0,62
6301798643,62
B000N3T0GO,62
6302799112,62
B01CIXVWZ8,62
B00062IDEW,63
B00L83F0RQ,63
B001QIVEVO,63
B0055HK6UW,63
B00063UEFM,63
B00BUDDMGU,63
B0002MPQRS,63
B00S16H0DA,63
6304675143,63
B0002S94G6,63
B00004TLL3,63
B00199PPP6,63
B009AMAM0M,63
B0001AW02A,63
B000W1SZ9U,63
0767827686,63
B001L1S1PI,63
B00005JKU7,63
B00104AYGU,63
B00HIMHXG2,63
B00005U8EL,63
B005IUIXCE,63
6303832563,63
6305133425,63
B0002DB0FO,63
B004DOTKDM,63
B000FP2YYA,63
B005DEUES6,63
B00519BOY6,63
B0000639KS,63
B00AMSS3TU,63
6305090238,63
B00029RT2Q,63
B000GG4Y6O,63
6302676231,63
B001DHXT7U,63
B003YDZV72,63
0783211694,63
B000GTJSQM,63
B013HC8KO0,63
B00009QG6G,63
B00B7K0K98,63
B00009UW0U,63
6303091962,63
6301798058,63
B003L77GE2,63
B00007JXWX,63
0790741296,63
B000YV1Q2G,63
6304279000,63
B001FB55LC,63
6305487871,63
6303102492,63
B000O76ZNU,63
B001CDFY50,63
B00J9C01W2,63
6304152450,63
B0014VPFKY,63
B006MFQ4OS,63
6304232764,63
B000I2IWU0,63
6304139454,63
B000LXGXY8,63
B019WMTZPM,63
B000VI28Z6,63
6301805615,63
B001VFM0TW,63
B00C1LIZMQ,64
B00070DW1C,64
B003KZ27N0,64
B00BBUNUOG,64
6302800498,64
6303439136,64
B00005JCCB,64
B00005JL6V,64
B00005KK3M,64
B00CJ7Y0US,64
B001FB55XA,64
6303416403,64
B01B6MMESG,64
B00005JM5Z,64
B000CCBCK8,64
B019PKH8I2,64
B001F12ISU,64
6303212220,64
0790748266,64
6300215806,64
B0068KTJ5S,64
B00005JNF1,64
B00BTRKMNI,64
B000USU9LC,64
B004FGA2LM,64
B0000541W8,64
6303102425,64
B00KUWUKPI,64
B0001F0WM0,64
B00RZXWUP8,64
6300209296,64
6304431848,64
6300147789,64
B017RR4ZIQ,64
B0009JE6FM,64
B001PO556E,64
B008YKV2NW,64
B00FMR66J0,64
B008S83IQE,64
B008QP3NQ4,64
B0050N0US4,64
B00I9TDMLS,64
B001OXLGKA,64
B0014FAIXE,64
B004X8AIF2,64
6301942728,64
B000EU1Q2M,64
B0112HPWQG,64
B0001NBMHQ,64
6301094999,64
B00KGVV37M,64
B00REG9FDQ,64
B000IV9CDM,64
B000068WS6,64
B0006Z2L4W,64
B005QW98IW,64
6304368801,64
B00HNGC56G,64
B0001AVZNU,64
B0006PTYP6,64
B018IDVBH6,64
6305537801,64
630522207X,64
6301640780,64
B0038M2APA,64
B000B1DLDQ,64
B00QJAZ4MY,64
B0012KSUT0,64
B006H37P5C,64
6301798066,64
6302658888,64
B000AXWGRM,64
6300271706,64
B000ATQYXI,64
B000OPPTN4,64
B007P9HVJC,64
6305668353,64
6305512043,65
6303422969,65
B00LE36FZ6,65
B001BMN35K,65
B00JRB00RG,65
B00190XKN4,65
B00177YFYM,65
B01BYO09DI,65
B000059XVO,65
B000FA57IU,65
B00HA0FOEU,65
6304337434,65
B001B3LILU,65
B00JHH1VUU,65
B002CMGO5O,65
B000058CB6,65
B0058YPK9O,65
B00IRIMGTA,65
B00002RASO,65
B00003CXKD,65
B00001U0GS,65
6304602901,65
6303949983,65
6303950000,65
B01DRWEO6S,65
B00003CXXG,65
B00DL479DS,65
B004AUP3F8,65
B0013NAMLK,65
B0013XZ6SY,65
B003YUBZ7A,65
B00KTOPHSC,65
B0047BXR44,65
B0029ZUQB2,65
B00FW6BBM8,65
B00G3HOLV8,65
B005FISC3Y,65
B003TLMPHI,65
6305807426,65
B000YAGYY2,65
B00K7P63PE,65
B004H83IGY,65
6303998046,65
B00006G8J7,65
B000A1INJE,65
B0000A02U0,65
B005OASMLU,65
6302561957,65
B001V7P2W2,65
B0002KPHZ6,65
B00005QATG,65
B00005QAQD,65
6301661850,65
B001KO1BB2,65
B005X5XINI,65
B000I8OM94,65
B001K2LFNI,65
B0093BUW2I,65
B0096MJH2K,65
B006NKFAA6,65
6300147355,65
6302804752,65
B000BC8SXI,65
B0077E8RFC,65
B007726J4U,65
B00020H9NO,65
B00005JN8Q,65
B000BF0C8E,65
B001QU880M,65
B000M2E354,65
B00WSSC6E0,65
B008CN091M,65
B00017LVNC,65
B006JN87W0,65
B001GXQSWE,65
B000PC6YUI,65
B0053O89Z6,65
B0001FGBZM,65
B000BQTC98,65
B00005JMH8,65
B00AAZ9FKG,65
B000C05Y22,65
B000K7UC2Y,65
B0000AZKJ8,65
B0000CABL2,65
6301570723,65
B0049SF8W4,66
B0013LRKVC,66
B00023P4OC,66
B00H9BFV98,66
B00QTG2KY8,66
6302610699,66
6302409829,66
B000XJD35M,66
B000A59PLU,66
B000EMGCV0,66
6301966848,66
6301968824,66
B00TZF2JTG,66
6305842000,66
1573623903,66
6304142137,66
B00K3245AQ,66
B007FSEAHY,66
B00VHAG0NI,66
B001PO6BYE,66
B000J4QWIG,66
B00VKYKY7E,66
B005C7SXMS,66
6304105967,66
6302098548,66
B00GSTHD02,66
B0009S4IHO,66
B00177YA0Q,66
B0000048V8,66
B000KGH00C,66
B002AMVEDI,66
6302289017,66
B0001NBLYA,66
B005IYF8C8,66
6303929567,66
6302795575,66
B00005KA7F,66
B00AZMFJ90,66
6305171718,66
B003M8OHVU,66
6301065565,66
6303084095,66
B00004W20Z,66
6301017072,66
B000LSAJ5M,66
B0051GLDQI,66
B00004WG2B,66
B00OHLR6QY,66
B00005JN80,66
B0055SNHQG,66
B00O3UBDQ8,66
B00D4QPL1A,66
B001T21R50,66
B011PS4YGQ,66
B000WTZ6SK,66
6303328164,66
B01CT4CDS6,66
6303593135,66
B001FACH8M,66
B000P296AS,66
B00005QTAU,66
B000ND91X6,66
B00195I3OU,66
B001DSNELU,66
B000E5N6M0,66
B000BBOUEU,66
B001AZJKKK,66
B00127IU4S,66
B0027UY88G,66
B0056031NW,66
B000N6UF10,66
B001JAHQ0C,66
B01DGN6PI8,66
B001IXXYCE,66
B0083XXWRE,66
630445287X,67
B001U3EONK,67
B00X6IQYPI,67
B002TCRQ6S,67
B001TUZGPO,67
B0130CD3W6,67
B00ZGRMTLA,67
B000OY9V7A,67
B000MEYKBY,67
6305046921,67
630165191X,67
B00062IVMG,67
6304701527,67
B0002FZ78I,67
B006MWA8O8,67
B000MRA5EM,67
B00HYZ0ZLS,67
B0002S64LO,67
B00JV0543I,67
B0001PKFLS,67
6300183505,67
B00HVBB140,67
B001AVCFGK,67
B00021R7BM,67
6304071892,67
B00KFNF2DM,67
B001C47ZOW,67
B0011UO8ZQ,67
6303675026,67
B00003CXTC,67
B0199VU6KY,67
B00004CX4O,67
B00DGCIZD8,67
B0024FAR52,67
0783235410,67
B000BKDNVM,67
B00005JPN8,67
B00B1E6EAY,67
6303486754,67
B000BNTM46,67
6303471404,67
B00MGLMY7I,67
B00004X07E,67
6303118100,67
B00MJDV0LY,67
6303451519,67
B00277Q2UG,67
B00BXTDVEO,67
6303430562,67
B001GRYOTY,67
B00005JLQT,67
B00NJ4RGFG,67
078885383X,67
B000X0G92U,67
B000HT3P56,67
B001DZOCZU,67
B00ALTQRNO,67
B001E549KC,67
B001UV4X4W,67
B000085EEI,67
B0030HT8FS,67
B003L16FC2,67
B017JQO6BG,67
7883639161,67
B000R349HU,67
B00007JMEA,67
B001LK8UP0,67
B00009NHAR,67
6302447739,67
B000EPFDGC,67
B0000AISI4,67
0792842162,67
B009VUCOW2,67
B000A0GPKE,67
6302662478,67
6302717329,67
1572525959,67
1572528338,67
B0023UZBBI,67
B00006D28S,67
B01E606F7Q,67
B000PFUA9Q,68
B004XAM0Q0,68
B00267N3E0,68
B00127IU9I,68
B000FVQM4W,68
B001DJLD1C,68
B000L43PGQ,68
B00366E1E6,68
B000MTPA5Y,68
B0010X5X4Y,68
B0056G1AM0,68
B001KEGRCA,68
B0028RABS4,68
B004BR7XLM,68
B000Q6GUS4,68
B004ZJ9VXY,68
B01HHGAKEU,68
B00JU3S6IQ,68
B005M0X078,68
B000ATQYX8,68
B00005RDST,68
B000B7HZUK,68
B00BW4S87U,68
B007FQXEQO,68
B00LPD0EVG,68
B00GS4B7GS,68
B000BT96EG,68
6303313337,68
B00WV7TNEE,68
B00DHB3V14,68
B00005JLJK,68
6303091970,68
B000CSTK42,68
B00GDEZPGG,68
B000E6EK42,68
B00KTZAKLU,68
6302287448,68
B01DLHR2MM,68
B005G652GA,68
B00000IBKY,68
B00000IBMB,68
B0002MPK0Q,68
B00AKHE40U,68
1573624160,68
630461442X,68
B000766XNK,68
B00003CWQL,68
B00HX3ZKS4,68
6301966074,68
6301039459,68
6305099081,68
6305120021,68
B0009PW4D2,68
B00UNEJ2LQ,68
0790744546,68
6304438176,68
6303544746,68
B00B1E6FT4,68
6305268827,68
6304375239,68
B005QIOJ3A,68
6303014887,68
0790732548,68
B00RC16SYW,68
6301264177,68
B00005RDWC,68
B005AU4SBC,68
B00LKCQOP2,68
B005A1GRO2,68
B00L8QP0U0,68
B00FLDG52I,68
B00O4CTSD0,68
B008D1R52E,68
B00D7AM2WO,68
B0058YPI5K,68
B00008DDWU,68
B00Z9HS8E4,68
B00REG9GEE,68
B00FKTB1H2,68
B00004Y631,68
B00JOWHSIW,69
B00026L9CU,69
B00006JZI2,69
B000XCZGW2,69
B0024396EM,69
B003H8F3AY,69
B000RN87CS,69
B00FR23GPW,69
B000AXWHK8,69
B00GAXASK8,69
6302413419,69
B000009DTN,69
630306020X,69
B0001O3YLM,69
B003L20ILA,69
B00000JQVY,69
B01BX2B4JE,69
0788815474,69
B000BMY2M4,69
B0012M1KXG,69
B00005KB4D,69
B009DS3VQA,69
B00UHAJ1AI,69
6303954278,69
B000FTC1GW,69
B000VAPZM2,69
B001B1876Q,69
B001JAHS50,69
B01595QPQ8,69
630395278X,69
B00B04NJLW,69
B00BEJL5LE,69
B000JLQQ58,69
B000G1R4SY,69
B00004YKS9,69
B000A345C6,69
157362389X,69
B000A7LR8M,69
B000A7PKGW,69
B00H0EN98E,69
B006YTGLEU,69
B000A8AXXG,69
6305943389,69
B0009W5IMO,69
B002GSXKP6,69
B000HEVZA8,69
B000HIVIOM,69
B00600SPG0,69
B00O1D3C66,69
6305950539,69
6300248216,69
B0007PALP2,69
B002T5QM92,69
B0053O8AAK,69
B000GIXIN2,69
6303092306,69
B00UIDS0W4,69
B004GSVXAS,69
B001QUF7DS,69
B000H7JCG4,69
B008NQO10I,69
B001FDEJF8,69
B00QYZJAAG,69
B001G0MFLU,69
B000XJD3JS,69
6304108877,69
B01DGN1HY0,69
B002LFPAUM,69
6302747384,69
B00P1NG32A,69
B000LC4C60,69
B000063RQO,69
B007L6VQ2W,69
B000BVM1TG,69
B00LPD0ELG,69
B00007AJKK,69
B001JAHPR6,69
6301408977,69
B001JXPBRE,69
B000EXDS02,69
B001AMHNKW,69
B000K7UBTI,70
B000LC3IE2,70
B004SUDQ4A,70
B000L43PHK,70
B0002V7TZQ,70
B000093NTL,70
B00TQGGLIE,70
B001RP974C,70
B0012QE4PI,70
B0007PALUC,70
B000050IL8,70
B015RD3AHO,70
6303364705,70
B000MQCFLO,70
B0002W4SWW,70
B003R0MEZO,70
6302424887,70
B00HJQMA1U,70
B00UMDEVIC,70
B00080Z53O,70
B003K02EV0,70
B006NOC1EK,70
B00005PJ8W,70
B0007Z2KF6,70
B004CYECFE,70
B003AQTJG2,70
B001O0QFRM,70
B005XB8SGO,70
B00FRE6PUS,70
6304178360,70
6304286457,70
B0001Q4BOE,70
B00007LLIV,70
B00CWBPQ22,70
6303202225,70
6304263465,70
B001EM1E94,70
B0009X770E,70
B00005JM3G,70
B00OPNQ66K,70
B0001JXP8Y,70
B00008K76X,70
6303998240,70
B000OCXLPU,70
6305668426,70
B000WMA73Q,70
B003RACHB0,70
6302181755,70
B000E1OI6W,70
6300214958,70
B00JPFTSWM,70
B00005JKTE,70
B001B151X8,70
B000JVSUK2,70
B004UOHNAC,70
B002QH4R54,70
B00005JO4D,70
B000EHPXP6,70
B0056AJD9S,70
6304345062,70
B00NFJZXFK,70
B000JLQPTK,70
6305835381,70
B00ZE500TM,70
6301221923,70
B0014FAIYS,70
B00008972D,70
B005M1O5K8,70
B00JLDT9MC,70
B000EU1Q2W,70
B005DEUEV8,70
B00008DDWV,70
B001H9N870,71
B001TOPYY8,71
6300247139,71
B00I458456,71
6305918708,71
B00461VOPO,71
B00001WY7P,71
B00000JZIJ,71
B001G0MFM4,71
B00006ADFO,71
B00008O32J,71
B00W3W2TC0,71
6305324808,71
B009KU2N7E,71
6305353549,71
B008KXLAUS,71
B009DS31ZG,71
B00NB0OTWQ,71
B00008YRTD,71
B0001ZJ1HW,71
6305090343,71
B00HSSZKAW,71
B004Z29XEI,71
B0014BQR3I,71
B012P5MHO4,71
B000062TXS,71
B000MGTQ6G,71
B00151QYYE,71
B000FTC1GC,71
630354231X,71
6304441630,71
B0011VR6QI,71
B019EC9QK4,71
B00M4DUT5C,71
0783211201,71
B000BNX4MW,71
B001F7AQDS,71
B001CQONNQ,71
630410605X,71
B0011B9W38,71
B00004W5Y0,71
B004MCGNSU,71
B00E44EZUE,71
B00BHK99JU,71
B00004UFSN,71
B0035MA5HS,71
B001JQHT6M,71
B005LAIGF0,71
B00KH8KWDA,71
B000WEVGH0,71
6302760119,71
6303625738,71
B005GP7EVC,71
B00T6KIPO8,71
B0027BOL46,71
B000BR9SA0,71
B00004VVP2,71
B000YDMPCO,71
B002EWD0D6,71
B00003CWOT,71
B000G75AZC,71
B00080ZG2E,71
B0007TKHF2,71
0780020855,71
B00ENP6I9U,71
B00005QWAI,71
B017Y0HMKO,71
B000055WFX,71
B002DH20PQ,71
B006328QWI,71
B000FO0AME,71
B0058YPQ0C,71
B00096S480,71
6301967690,71
B00AMDA2O4,71
B00002EQ0O,71
B004IEBRSI,71
B000051SHA,71
B00SVTE0NA,72
6302719666,72
B000OPO61U,72
B00009XN37,72
6305742030,72
B00D2D1WVI,72
6300249867,72
6304202725,72
B0016GO9CC,72
B007K7IB9I,72
B00CYQXGAY,72
6303686907,72
B000WQWPSM,72
B00005JKX3,72
630398021X,72
B001CIOCJE,72
B00L8QP0C8,72
B0000040EK,72
B001L1RDVQ,72
6300270149,72
B002AL2TYM,72
B000XQ4HR8,72
B00O3QAW50,72
B005CFBZQ6,72
B01DSXJTDE,72
B000EQ5PK0,72
B00000DFR0,72
B000006934,72
6304041950,72
6305870187,72
B00L9OPDA8,72
0767821807,72
B000G1R4RK,72
B000X3SZLU,72
B000R349GQ,72
B005FHHD58,72
B002DP0J24,72
B000FII2Z2,72
0783226608,72
B00005U2KN,72
B000078UJW,72
B006X202AM,72
B00242KD1S,72
B002K52G8W,72
B00006D28U,72
6303391931,72
630279482X,72
6304910150,72
B000TGGJKU,72
B00005JP60,72
B0050MB5NO,72
B00DS79H1U,72
B00005NG05,72
6304932561,72
B0009UZGIM,72
B000V7ZMK0,72
6301782666,72
B004B93RC4,72
B00005MKKV,72
6304479859,72
B00000JQUG,72
B000KLQUT4,72
B001GP5TLI,72
6304578474,72
B00ITPE2QQ,72
B00Q5998BM,72
6305538328,72
6305526079,72
B0068MNNW6,72
B007BMIG24,72
B00005TNEQ,72
B00559SGCU,72
B00003OSSN,72
B0053O89QU,72
B009DJKKKE,72
B000BB1MIC,72
B013JBJ8T0,72
B0042ZTQ3G,72
B00003CY5P,72
B000M2E340,72
6302096316,72
B001B7CO0K,72
B004CCNB58,72
B001JNNDRY,72
B00DNJ95DS,72
B001M9ELQ2,72
B002XAZ87K,73
B000035P6F,73
B00FGVRZR4,73
B002XTBECY,73
B00003CXJY,73
B000Q7ZLU6,73
B000XUOIQO,73
B00007AJFV,73
B000SINT4S,73
B0011UO91E,73
B0000797E5,73
B00DJYK1XU,73
6302150930,73
B00004R99N,73
B00BU5YQQS,73
B000R7G6JA,73
B00DPYH3BM,73
6301442768,73
B004EC5IWU,73
B00DW7IV5O,73
B00BDSRM4K,73
6301975960,73
B001KO1BCQ,73
B0011UMC72,73
B00004XPPD,73
B00006ADDE,73
B00AZMFG48,73
B00F98FOPE,73
B00005B1Y1,73
B00AW8OZ88,73
B00FPP99MK,73
B000YAA68W,73
6304162200,73
6304179561,73
B000NA1WGS,73
B0084I0LLI,73
B000ASDFHM,73
6303855555,73
B005FQ2HBO,73
630344394X,73
B0007N19XM,73
B007PXYWNQ,73
B000CELOV8,73
6304005490,73
B0001AW066,73
6303591922,73
630338305X,73
B000OIOOVO,73
B000HC2LHQ,73
B000CNESV2,73
B005LOBWA2,73
B001G0MFQU,73
B0043CT8KO,73
B003VRV9DG,73
B000CNFC44,73
6300181316,73
B004XFZ47C,73
B000MMMTD2,73
6304238029,73
B00M6X9ZS2,73
B001AV3BXG,73
B00IUSP7OI,73
B0009IW894,73
B003R0MF08,73
6303675387,73
B005KG4DWU,73
B0053O8AQE,73
6300987485,73
0780662504,73
B002M0HOV4,73
7502596496,73
B000N3T0EG,73
B005S0HNU2,73
B00IK43YOM,73
B0108N9AAY,73
B0009VRHLK,73
078060718X,73
B00HF98SYO,73
B00096S46C,73
B0057GUGGU,73
6301815807,74
B00EVU3RWS,74
6303597866,74
B00519BOV4,74
B000T22PVG,74
B00003CY5S,74
B001840TU8,74
B015WLJUYS,74
630506685X,74
B000062XDX,74
6302859727,74
B000JJSJPA,74
B01BGYDT5G,74
B00AQVMZXS,74
6304484054,74
0792839684,74
B00005MEVO,74
B00AO686E2,74
B00J5LXS4U,74
B0025VLEMK,74
B001FBPSW8,74
B004O8OLNQ,74
6303562248,74
B00B58FUBA,74
B00JESQRS8,74
B0007Y08JW,74
B000035P8B,74
B000VECAEO,74
B0061PZSVY,74
B000JLTRIG,74
B00JK7QTZE,74
B0002V7U00,74
B00553KAHA,74
6301928679,74
B00IBIIQTU,74
B00553KAK2,74
B000MEYKDM,74
B000MEYKDW,74
B00BT7664M,74
6301748107,74
B005HMHPE0,74
630526564X,74
6304147139,74
B003H6KRKC,74
B0059XTTZU,74
6305608253,74
B0000C2IQQ,74
B000RBA6BU,74
B000DBHXG0,74
B005EVY8NA,74
B001DJLD12,74
B0044WNK7U,74
B001TKNWVE,74
630396155X,74
B007TZOD16,74
B00L8QP0AA,74
B004K4FU9S,74
6300270327,74
6305809135,74
B00G575PM0,74
B000XJ5TPE,74
B00S7L1GKM,74
B00D6I7HH2,74
B009AMAOAA,74
B0001WNL2G,74
B00009VRF0,74
B0002UE1WQ,74
6302428939,74
6301706811,74
B0197U4ZWM,74
B00000IBMC,74
B00BY0EBK0,74
B00EZDHVU0,74
6303018351,74
B001LPWGFA,74
B00007149J,74
6303929575,74
630327417X,74
B00FR23O4U,74
B004V2S4SS,74
B001LLH8SE,74
B00795E3ZM,74
B0000VD11E,74
B00S89IVTM,75
B000FKO3WG,75
6302413850,75
B0009S4IGA,75
B00003CXO3,75
B00L8LD93K,75
B002BIULQC,75
B00DTPRYY8,75
6302309514,75
B001BN4WI6,75
B005HQBO9I,75
6302737249,75
B01D52PV12,75
630222540X,75
B000WXDMLE,75
B00CD45IYO,75
B001ECPV8Y,75
B005LAJ17M,75
6303592570,75
B0030CIG74,75
6302783968,75
B00LOCL89A,75
B00003CYJ4,75
B00Q2WGOAA,75
6304109717,75
B000GYI340,75
B000A0GP4K,75
630386001X,75
B01DVALT2I,75
6301967852,75
B0014DZ2XC,75
B00000G3R0,75
B001G0MFE2,75
B00005RIY5,75
B004BZ5AM8,75
B000021Y7C,75
B00005UV33,75
B001P8OG3M,75
B00AEJM61I,75
6300268012,75
6305076731,75
B00EZ4DXBU,75
B0016I0AH8,75
B00F3M3ZC0,75
B00H4BHIF8,75
B0042U9B3Q,75
6303049001,75
B009ERK2UI,75
B000SQFC1S,75
B0013XS87U,75
B001P42YCW,75
6300270912,75
6303459765,75
B00ZASTW92,75
6301103513,75
B0000996IS,75
B004WOAGIG,75
6300214648,75
B0060MYLNY,75
6305976384,75
B000059PSE,76
B00007ELF1,76
B00ZAZB4T6,76
B000RF7XYY,76
6300216950,76
B0016Q2D1Q,76
B005BXY1QU,76
B00DEQQK8S,76
B00FM4S8H6,76
B00004TBUH,76
630244327X,76
B00F9IB1M4,76
B000FUTV64,76
B000ERVJKO,76
630312898X,76
B000E1MXTG,76
B000E33VZE,76
B00XDBMB4Q,76
6301216113,76
B00005JKM2,76
B001RXDM1I,76
6305808066,76
B00004X13Q,76
B003F3NE1Q,76
B00F98FNRS,76
B0000AVHAO,76
B00008972O,76
B0000022W1,76
B00006G8JD,76
B000YENUOK,76
6300988805,76
B004YJZ5PI,76
B0009PVZM8,76
B0002DB5N6,76
6304438273,76
B00AIBZJDY,76
B000A6CLKQ,76
630469623X,76
B001YTTWP0,76
B000A2RRF4,76
B00M0JU3XI,76
B00BEIYGXE,76
B01ATCA5CG,76
B0007OY31G,76
B01AEOM79I,76
B00BB22FYU,76
B0176IENR4,76
B005ZCI3N4,76
B0021L8UOY,76
6302814804,76
B00E8A0PNK,76
B00E4Q6TYM,76
B005TFVM0I,76
B00I462XF2,76
B0019F02XK,76
B001H606S2,76
6304204906,76
B0012KJ0CG,76
B00N8JIHC8,76
6304911696,76
6301706471,76
B00A8KJLPM,76
6304230672,76
6304296312,76
B0152AVXFI,76
B00T9G67TO,76
B000N6TYLW,76
B00000IC8A,76
B00127RAJ4,77
B001J710YS,77
B00D9EJFYQ,77
B0012V4WSW,77
6303920713,77
B00004T8WW,77
B00J0IQISG,77
B003MSY968,77
B0011N19HI,77
6305989281,77
B00GWJIDFW,77
B00DENJIDU,77
B00FXB8RRO,77
6303257852,77
B003UD7JEE,77
6305320179,77
B00LN7V4KO,77
6304274742,77
B00000F2Y6,77
B00O1D3C6Q,77
6304007647,77
B00L5QX0S2,77
B00003CY51,77
B000006ND5,77
B00G6SO7A4,77
B00IEXX4KS,77
6304766750,77
B002ZCY82W,77
6301697308,77
B0091NWBC2,77
B0001CNRLG,77
6301691687,77
B000S0GYJI,77
B00005JNF7,77
1566053986,77
B000OIOPHC,77
B000ADWDEI,77
6300250164,77
B00006FD8X,77
B0000YTOKI,77
B0000X2ECE,77
B0009RQSSW,77
B0002Y4PPK,77
0790751569,77
B00009MEKL,77
B0056P6SP0,77
B0025KVNOU,77
B00008WJE5,77
B00YSBFD5O,77
B0091AUVRM,77
B0001DYG1U,77
B000FA4TLQ,77
6302069130,77
B00A0HT94G,77
B0000634AQ,77
B006B9XBL4,77
B00UAJ6X6G,77
B000SINSX0,77
B000HT3Q1Y,77
B0072Q4SXU,77
B00005TNER,77
B0002Y4TOM,77
B000065UH7,77
B00D2UMHVA,77
1573623008,77
B00B4J2L4E,77
B00VM5HXLG,77
B000ASDFJU,77
6300246787,77
B0057JIR0Y,77
B0001X1WK8,77
0767817737,77
B00277Q2UQ,78
B00008EY6N,78
630195517X,78
B000ION23A,78
6304341849,78
6304331053,78
B01B67YA10,78
B00PHD691Y,78
6304308418,78
B00000JLWR,78
6303115381,78
B001DSNEJM,78
B000PGTPC8,78
6303148387,78
B003JYOFOQ,78
B002M3JJE6,78
B003J27WFW,78
B016LR93JY,78
6300214575,78
B00N83X2JC,78
6304773366,78
6300214672,78
6304756410,78
6300215849,78
B007CEFTSA,78
B0064NU002,78
B012WGY5C8,78
6303201288,78
B0052ZFYEK,78
B001ABRBHI,78
B00166UFT8,78
B00166UFSY,78
B000OCZ9WS,78
6305772835,78
B000OY8NFG,78
B0083TUE7E,78
B0000YEE6C,78
6303471587,78
B000U1ZV6C,78
B004X83UHA,78
B00009PY4G,78
B00140PK6O,78
B000U3BMYU,78
6300185125,78
B004QWSU46,78
B004L9GM5S,78
0783229747,78
B000CRR3CE,78
B001CHFM62,78
B000H8RVSO,78
B000E3L7FK,78
6302032237,78
B00CRRCF20,78
B00BIPPP6U,78
B00BVMXBDO,78
B003R0MF5I,78
B00D8MWW26,78
B001MM3AZM,78
B00CVB6UXW,78
B005D7E7ZY,78
B000H4JH4Y,78
6303855466,78
B002ZCY8CW,78
6301973305,78
6302299489,78
B00CU6WBB8,78
B00SU2UXUW,78
B00LOCL8P4,78
B00SV06VLS,78
B00QHCKHHQ,78
B000WTVZG2,78
B01E7XUONI,78
B000HWZ4E8,78
B00DEKKFBW,78
B00CYQXCDK,78
B00004VVOY,78
B001E6HUWK,79
6303257739,79
B0000039BK,79
B00L8QOYG6,79
630223168X,79
6303451489,79
6304435878,79
B00TEBVLM2,79
B001R67UEA,79
B0007YMWGY,79
B001RTCP1U,79
B001L9EXSY,79
B007ATHNF4,79
B000096IBI,79
B00005JM23,79
B01E9J2XR0,79
B0001MZ7IC,79
B00466H3A4,79
B00005JLZ2,79
1573624071,79
0780022386,79
0780021932,79
B0000DKDUT,79
6304642946,79
B000YPUFAQ,79
B003L77GTM,79
B000094FFC,79
B007WGDC7I,79
B000087F7O,79
B007S0DB56,79
B002E01LQ6,79
6303386334,79
B0019L770A,79
B00TRAO8VQ,79
B000BYRCQU,79
B002MUAXJY,79
B000AYNG1G,79
B00006FDCF,79
630391750X,79
6303347665,79
B0002VEWY2,79
B00HXH00YE,79
B00JXFHPSS,79
0783235380,79
B000BTH4K4,79
B000BOH8YG,79
0767088247,79
B004M9ZI0M,79
B001JAHRGK,79
B00004TX2C,79
B006VJFULS,79
6302459702,79
B000R7I44K,79
B0000844MI,79
B000XT1P48,79
6303943004,79
6303085547,79
B00BQRBGYA,79
B000006FNL,79
6303589065,79
B000E6ESEO,79
6303382940,80
6303354939,80
B00CTQWIYO,80
630390811X,80
6303354742,80
B00GWXI1F0,80
B00HQOD0SM,80
B01275D16A,80
B00SJFG6L0,80
B014DMSGVU,80
B002N5N5LG,80
B00HEEAM94,80
B000059H79,80
B00005JKWG,80
B0006SSP9O,80
B00L8YJIDW,80
1936488191,80
B000YOX3HE,80
B0001NBNIY,80
B006TBYC76,80
0767020294,80
B00NW6KRMA,80
B001QDBX6A,80
B0025MEREQ,80
B009Z59778,80
B00J2FH0PM,80
6304286384,80
B00968THNS,80
B000TM1CKQ,80
6304410832,80
B00XZCIENK,80
B00GJNQ3S0,80
6301480473,80
B00AQSN67A,80
B00JEEZT68,80
B0000640RV,80
B0028S10XS,80
B000JBWWOC,80
6301708261,80
6304293321,80
B0012Q3SZ0,80
7885142604,80
B0048IW0KS,80
6302101395,80
B004LROMT8,80
B017XZUT3C,80
B000LAZDQA,80
B000EU1Q3Q,80
B000U1ZV7G,80
B000ERVKMG,80
B0000VCZLG,80
B00INLE6HG,80
6304263457,80
B005SDCZH0,80
B00005JPTT,80
B00KCA32XK,80
B0009IOR5M,80
6305951446,80
B01CT4CETE,80
B0026RX2VE,80
B004X9YNNO,80
B000KX0IO0,80
B001BL96JI,81
B000BBOUUE,81
B005JZBPJ6,81
B01608JL64,81
B003ZXNCH2,81
B00064AMEE,81
B000LE17A2,81
B005OK0YU2,81
B00JCCHM30,81
B00M1CFX4S,81
B0059XTUH2,81
B001FB4VYO,81
B003NHMYHY,81
B000EGEJI4,81
6304017782,81
B01DR3ZQ3C,81
B0053XZ8YC,81
6303394353,81
1569388431,81
B001AQO3V0,81
B000IU37SO,81
B005SQRYGY,81
B00CYQXFP0,81
6301964314,81
6302049148,81
B0002235P8,81
B0001HAGTW,81
6301964217,81
6305613524,81
6301964209,81
B000WC38WS,81
B007VYQ6DS,81
6305814627,81
B000P4ZL5K,81
B00N1JPZM0,81
6301608534,81
B0046HBKUC,81
6305972370,81
B0015FWKE8,81
B000WC39FO,81
B00008Y47T,81
B00QTKCPOE,81
B00C6ACVD6,81
B00CPTUN5G,81
B00HLTD5EG,81
B001KXZGNW,81
B000059PR3,81
B00DCRE590,81
B00005JLFT,81
B003CJXJ8Q,82
B009RX7WTI,82
B009LA1QZS,82
B00LYHXI4I,82
B005LAIGJQ,82
B000J10F14,82
B000RTBDV4,82
B0032LV4KY,82
B003V924K6,82
B0013FSL1Q,82
B005OK722U,82
B00265T7O2,82
6303091989,82
B00007G1ZB,82
B002BWP4A6,82
B000K2UGXO,82
6301307208,82
B005S97UY2,82
B00005JKJY,82
6303917461,82
B003V3FSO6,82
B00002E24S,82
B000EHSVBE,82
6303878296,82
B00LO1T0KK,82
B000E9UAMK,82
6301977963,82
B00KPI19N4,82
B000H7JCJQ,82
6301977750,82
B000EXDSAW,82
B000CEXFZG,82
B00B5A9FOG,82
0783230427,82
B00KFNF17E,82
B00AQ8IUJ4,82
B002S0OB8W,82
6302662745,82
B004CSBVJ0,82
B01CZ3K23E,82
B000F6IODE,82
6302969697,82
B000I8OOK6,82
6302753198,82
B00000F7E6,82
B013F4VQSM,82
6303450849,82
B001993YCM,82
B001AQBGM4,82
6303419771,82
B0002B15ZG,82
6304595247,82
B0052WKZY2,82
B00078GL0S,82
B00062IVNA,82
6300251330,82
1559408677,82
B0000E32UZ,82
B0000DZTIP,82
B002N57KGM,82
B002OID512,82
6300185443,82
0792153685,82
B0071LEPDE,82
6304698305,82
6301005740,82
6300185117,82
B0006OBPTA,83
B000UZDO62,83
6305362998,83
6300216497,83
B000MEYKDC,83
B002ZFEQ76,83
B0039UAA58,83
B00BQXTCVS,83
6302036852,83
B001UV4X8S,83
B00079HZUM,83
B00003CY27,83
B000Q66Q8I,83
B0042DN4XG,83
B000MNOXX0,83
B004GZZH8A,83
B0000584ZH,83
B003R0MEW2,83
B000N3AW6G,83
630393546X,83
B000059HAU,83
0767839277,83
B00HPT4BK4,83
B0058GVP5U,83
B00H5NY7DQ,83
6305165882,83
B001992NXI,83
B015N8JCK2,83
6304972857,83
B00005JLEY,83
6305186677,83
B00005JLNZ,83
B0006A9FJ6,83
B00QG6IDJC,83
B0010L073I,83
B00004W5XJ,83
B007FF3HQM,83
B005GNU5N8,83
B000J10ERE,83
B00006AVRK,83
B000OYCMLM,83
B009INAK8C,83
B0000VD12I,83
B0013D8LCW,83
B00000FCYX,83
B002GSXKPG,83
B009DE6HW4,83
B000JJSKZY,83
6304508549,83
B000RF1QE2,83
B0009YX9SM,83
B000JYW5B4,83
B0009X770O,83
6300271358,83
B0009UC80Q,83
B001HN69AE,83
B0096AYKXI,83
6303131891,83
B000KGGIL4,83
6305949662,83
B000S88JT8,83
B0051GOB2G,83
B001ANQY7Y,83
B000M341QY,83
B002ZCY7QY,83
B001U3D88M,83
B00NTNY7SQ,83
B0007R4T3K,83
B001BSBBGM,83
B000035P9O,83
B01BSW1NW2,83
B000BOH8Y6,83
B00005R87L,83
B00AFDN5Y0,83
B00IJS2NZU,83
B002PLMJ74,83
6303451144,83
B00UB7Z6MO,84
B002ZCY80O,84
B002XTBE60,84
B00NT71BNQ,84
6302797675,84
078201061X,84
6302447712,84
B01ACSKAR2,84
6302305950,84
0792166523,84
6303914985,84
6301964179,84
B0117Q3S3G,84
B001G3ENM6,84
6301954890,84
B001N2WISQ,84
B00YSBFH8C,84
B0099116J0,84
B000PKG8TM,84
B000EQ46H8,84
B00AXGX59E,84
B0050MB5N4,84
B0009NZ36O,84
B00ANV82HE,84
B005G4FFBE,84
B0064SVO9I,84
B000HWZ4IY,84
B00188NXN4,84
B00D2UMHWO,84
6304259093,84
B00HQI811Y,84
B00CERJINC,84
6304496788,84
B005ONP7VU,84
B00HUAGZ34,84
B000JLTS8A,84
6304963173,84
B0000A2ZNL,84
B005UXJEUY,84
B00005BJCB,84
B00CS1N1XC,84
B000BF0C7A,84
B00004S8JT,84
B000MG2LP4,84
B00CRVL5ZE,84
B004A8ZWVA,84
7885142892,84
6303965792,84
B0057O6IGY,84
B004MFT1PO,84
B000009PPZ,84
B008H6GHG0,84
B0001906VI,84
B0001CNRS4,84
B008HUSFTS,84
B0000065M3,84
B00ECVPOZO,84
6304818254,85
B008XAT0ZU,85
6305112924,85
B000Q6GUKW,85
B00000JQTW,85
B00ECGEGGM,85
B00111YM5G,85
B00A27OJ94,85
B01851XUV6,85
6302842263,85
B003KJ7BN2,85
B000PMFO40,85
B012RC89Z6,85
B00006ADFN,85
B000QQFKYE,85
B003E697MY,85
B000OHZKZ4,85
B0002WZN9Y,85
B00NJ4UZI6,85
B00079ZACW,85
B001715A92,85
B000YQK14K,85
B0001CNQUS,85
B00004X13T,85
B0049J515W,85
1572521783,85
B0017ANAX6,85
B000M341Q4,85
B000YDOOEQ,85
B0021L8UZ8,85
B0001906X6,85
B00FB1E9XC,85
B00CX7OVJO,85
B000GRUR4G,85
B000EQHXN2,85
6304308469,85
B000GRUMQY,85
B00005N8A9,85
B0057ACEDO,85
0783227930,85
B00BU9858Y,85
B000F9RLL2,85
6304045883,85
B000G28NPQ,85
B01CPU8ON2,85
0767826728,85
B000HT3PGK,85
B0058YPJ8G,85
B004MPRCTG,85
B000W8KY0G,85
B001FOPOD8,85
B004OBZMBS,85
B005PPMHWE,85
6304443307,85
B0009S2SV2,85
B0002OXVG4,86
B000UR9TKK,86
B003CT4XPO,86
B0010V4VK8,86
B00004CY5S,86
B0058KGHX6,86
B007G16XFM,86
B000P0I4O4,86
B002RVZV9U,86
B00000IC7G,86
B0001AVZM6,86
B000G8NXAA,86
630197204X,86
B000N4SHNU,86
B000Q7S54K,86
B002ZCY85E,86
B0085MEGE6,86
B00BW4S87A,86
B0095FJHXC,86
B0038Q9Q6W,86
B00J5LXMTG,86
B000BPK2KC,86
B004IB04NK,86
B00J49R1BY,86
B002KGVB7S,86
6304410492,86
6304501153,86
B00CFB6OPM,86
6303567126,86
B00005QAPH,86
B00ALX3QBQ,86
B0007CEXUY,86
B00GTF526M,86
B005DMHHKQ,86
6302620740,86
6303209955,86
6301415159,86
B003VJTGNE,86
B0009JE6G6,86
B004WJT5H4,86
B00275EHI2,86
B002Y0KR70,87
B009YXCKDE,87
B00005QT9O,87
B00005JNEQ,87
6301971418,87
6301777476,87
6301933532,87
B000QUU4NM,87
B0035JHYJI,87
6302281849,87
B00T3IKQM2,87
B008YRL7JE,87
B00AMSQBNK,87
B00TSI10YA,87
6301971280,87
B0090EDE1Y,87
B001NXDIMK,87
B004VRL4BM,87
6301325540,87
B001NPD9PE,87
B00AHJI394,87
B00143XE5K,87
6300275116,87
B000LC4CVA,87
B00094AQZG,87
B0018CWEY4,87
B0019ZS0GG,87
6303457703,87
B00GWXI2EU,87
B005N8KPBI,87
B000I0RNXY,87
6305596247,87
6304366043,87
B0029WLJHK,87
B000F2BNW2,87
B00B4JYJM6,87
B00MX3B0CE,87
B004YM6JUA,87
0767001311,87
B000FML8TK,87
B007U4DDXK,87
6303998267,87
B0085Z6Z2O,87
B0000TPA0G,87
B0000EYV7E,87
B0009YVBGO,88
6303407161,88
B000WCBVQS,88
B000060MVK,88
B00A6EZEOM,88
B018V2009O,88
B0019F030M,88
B00ID9PZD2,88
B001DJLD26,88
B0058ILL2K,88
B000X07SQ6,88
6304411472,88
B00BNB9AVA,88
6303560067,88
B000W9DSVW,88
B001B0H7DG,88
B01DALQ1EO,88
B0019ESNGE,88
0783114222,88
6301971191,88
6302121582,88
B00KTZAL2S,88
B01FMEYIY2,88
B0058YPIF0,88
B000ENUKY4,88
B002WY65VA,88
B00CV922RM,88
B00009ZPUC,88
B00000JNCI,88
B008X8VM1W,88
B00DW8E6K2,88
B00003CXS9,88
B00003CXSA,88
B00000FZZW,88
6303107338,88
6302763908,88
B00008W41B,88
6303168345,88
6300185974,88
B0002W4SY0,88
B001KEHAG2,88
B00004TS0J,88
B00GSA4FDO,88
630491010X,88
B00GUFCPPC,88
6301798201,88
6305074305,88
6305262268,88
B000057II5,88
B000S399GU,88
B006JY3OHW,88
B00005O06W,89
B000068CNX,89
B00606FBU2,89
B004ODLUGM,89
B01GF9N7FE,89
6300250407,89
B01FZ8I7R4,89
B001NPD9R2,89
0790747693,89
B007BCO592,89
B0001ZZ4PA,89
B000GFLEAO,89
B001QIVEVE,89
6300215598,89
B00020SK1Y,89
B000PHX5KU,89
B000EDWKXI,89
B006QVRUS2,89
B00062IE9Q,89
B019JNOEQO,89
B00TLXIQPI,89
6303935222,89
B00GOHZV6Q,89
B00003CXQM,89
6304342470,89
B00005JKKY,89
6304680406,89
B001LF347E,89
B000Y11BC6,89
B0014VPFVS,89
6304400810,89
B00GLT2SOA,89
6302712009,89
6302078091,89
B00PHL8VQW,89
6303832601,89
6302479487,89
6305674116,89
B002ZG98DM,89
6304277385,89
B00PHSDS0E,90
B003UESJC4,90
0792843800,90
B00HRUQ8HK,90
B001IF3LYS,90
B00005JKJS,90
B005FPT2E0,90
B005TK0MFE,90
B000Y11B7Q,90
B002EOVXB0,90
B0055SJX4Q,90
B001AV3BWC,90
B001FB55OE,90
6301640659,90
B000B837Z6,90
B009A87WU4,90
B00LYHXI84,90
630513720X,90
B0159OSR24,90
B005Z9MHE8,90
6305499446,90
B00BY6XM5E,90
B001O0TWY0,90
B000O59A52,90
B0006FO95G,90
B000NOIVV8,90
B001V7UX4O,90
6304056877,90
B000006GFB,90
6303961568,90
B002KLAL88,90
B0033XUHAY,90
0767015525,90
B00OBQ9PDC,90
B00KNVF2SG,90
B0176IENI8,90
B001E0O8DA,90
B00OJ0X41E,90
0307142493,90
B0002ZMHWM,90
B005S9EHL6,91
B0002OXVA0,91
0790737744,91
B00IJS2OHM,91
B0002V7T5Q,91
B0157757NK,91
B00GS08Y3Q,91
B00YAZND1O,91
B006E02GRK,91
0790741067,91
6301106490,91
B004YDSNMQ,91
B0009P42SC,91
B0009P42S2,91
6303257828,91
B005TTEG5W,91
B001JAHQ0M,91
B0007LBM22,91
B00EK52XQK,91
6302990149,91
B002T4GXUQ,91
B00000F39T,91
B00YSBFG2E,91
6303037453,91
6305761213,91
B000BDH6DU,91
B00KE7PBCQ,91
6304151225,91
6304269064,91
B000F0UUTG,91
6304329008,91
B00005JLQW,91
B00S9U3TU6,91
B004LO0AJM,91
B00CPEK3NI,91
B000069CFH,91
B000SINSVC,91
B00005JM3A,91
B00BQI43E4,91
B001NCDFUG,91
B00AZNEVNE,91
6303954227,91
B01C4PR4UC,91
B00M1YSS7K,91
B00005JMHI,92
B000N4SA8M,92
B01E7XTFN8,92
B00CL0MCN0,92
B0006FFRHA,92
6303333079,92
B00B4EPDF8,92
1563311976,92
B002PTTL22,92
6302032245,92
B00005JLFV,92
B0002PYS7Y,92
B00BEIYO5O,92
B0059XTV4Y,92
B0001WTWXI,92
6304089201,92
B00U8BDQPC,92
B000WLYDNM,92
B0043LUR6E,92
B0031DDG9A,92
6303257275,92
B009AMABH6,92
6304211740,92
B0054PSY54,92
630352138X,92
B004EPZ00M,92
B00004RM2X,92
B0010X8NMS,92
6301670124,92
B0009S2SOY,92
6301661710,92
B009WGYXIS,92
B000CSTK3S,92
B001PR0YGC,92
B001PO54OM,92
B001BC4X0O,92
6303394345,92
B0000640VR,92
B00005Y7GQ,92
6304905386,92
6304238142,92
B00CPN933U,92
B00DZH7QV6,92
B01CJW33B4,93
6303492509,93
B001ARDBXK,93
B000BCCAEQ,93
B000I2J6VE,93
6303186874,93
0790737868,93
B001ADXWYC,93
B002EL4RLQ,93
B00LMBUR6S,93
0767819454,93
B005BUA1JY,93
B000CDGVQW,93
630387827X,93
6304039549,93
B001G0MFPG,93
6305210144,93
B00080ZG2O,93
B0182W7KBY,93
B0016MOV9W,93
B000EWBKI0,93
6301976029,93
B00104AYSI,93
B00000G02H,93
B0012Z36FI,93
B00OTR96J6,93
6301618033,93
B000SFJ3KU,93
B000QXDEHC,93
B001PR1ZNS,93
B00CYMMSH0,93
B00UMDF6J0,93
6301810678,93
B007MCUAD6,93
6303039405,93
B00CL1516E,93
B001LLH8S4,93
B004RE29T0,93
B00005JM4W,93
B00O1D3C2K,93
B000083C6W,93
B00009N1WI,93
B00979JV00,93
B00C2535TE,93
B000P6YNSO,93
B00003CXND,93
B00005NTOH,93
B00009Y3RE,93
B002SZQC7K,94
B000AL733G,94
0790734419,94
B009AJB0YM,94
B00007G1YQ,94
B002BWP3WA,94
6304584954,94
B0009UC80G,94
B0002VGSBM,94
B0002VETFO,94
B00004Z4SE,94
B00005JOJR,94
6303935443,94
6303954197,94
0767023765,94
B0059XTU7W,94
B00005LC4N,94
B00006AUHB,94
B000UAE7VS,94
B001EBO90G,94
B002YKFLBM,94
B000TJBN62,94
6302320410,94
6301773586,94
B00004ZEU5,94
B000F4PD7G,94
B01CZT1CRI,94
B01B1LE39A,94
B00HZ7S508,94
B0169PXG8W,94
B00028G7LG,94
B0007Z0NYQ,94
B00000F4IE,94
6305942331,94
B007MDB6Y2,94
B0009E322K,94
079283948X,94
B002JT6A7M,94
B001VEJK6Y,94
6300246973,94
B001G0MFIS,94
B003EV6DCG,94
B0019X3YX2,94
B001RPZE26,94
B004EI2NOK,94
B00111YM56,94
B00177YA6U,94
B018IDVBFS,94
B000LMPDXQ,94
B00FEZXIW8,95
B00FKPHNF0,95
6305438498,95
B0001NBLVI,95
B00UEM9TY2,95
B00753MA12,95
B00AIBZLR8,95
B001AGNMIK,95
6300181375,95
B00GM7STPI,95
B0002CX1LG,95
B001DJLD1W,95
6301996100,95
B001NJ19KW,95
6302078024,95
B002ZCY7SW,95
0767808673,95
B001DXS4DI,95
B00029LO0Y,95
630401323X,95
B006MK6Y8Y,95
B0029RVZGA,95
B000URDEAG,95
6302098440,95
6301931025,95
6301966244,95
B00004VVOV,95
B00003BDZW,95
6302544289,95
B00004W48W,95
B001P7YD7I,95
0792838661,95
B000JLTRHW,95
B009D4RPIE,95
6304509405,95
B002FA5NNW,95
B00003BDZY,95
B00004VVMZ,95
B0060MYNN2,95
B000059PQH,95
B001B3XZAW,95
B00003CXXY,95
B001PO53IO,95
B00H0EN9D4,95
B00YSBFHMI,95
B00003CY5A,95
B00000EZRQ,95
B006OV7RQ4,96
B004SGWYW4,96
B008BMMXF4,96
B00M7D805A,96
B003R0MEYA,96
B004VLLWBU,96
B00M2MTCAS,96
B00IY1JCTW,96
B0049TC8CQ,96
B009NRQU50,96
B00A9YBW0Y,96
B00N9QM6N6,96
B004OT7PMO,96
B005E7SEM0,96
B0015XHQVC,96
B00005N90Y,96
0782006752,96
B000E1BXFG,96
B000EY15NI,96
B00005JLH0,96
6305263299,96
B00005JM9Q,96
B000WBZZ2A,96
6302484391,96
6303394051,96
6300208591,96
B000067J0M,96
B0001907AI,96
B000E5N6B6,96
B000H5V8D6,96
B000803BQM,96
6302725542,96
B00000FZ5B,96
B00007L4KG,96
6301736303,96
B00008PW2D,96
6305770182,96
B00005JO2C,96
B000BO7DWI,96
6301708113,96
B000K7VHNW,96
B00005JNJR,96
B00177Y9ZW,96
B000HWZ4IO,96
B00005JPA0,96
6304287305,97
6301718275,97
B0009NZ2RY,97
6301050886,97
6304238096,97
6305268843,97
B0007WRT4Q,97
6304466110,97
6300215857,97
B01423S8A4,97
B0001CCXZW,97
B003CYLO42,97
B00383XZP8,97
B0000V4906,97
B001KXZGOG,97
B0000714BZ,97
B008H6GHJM,97
B00FRQ0HOQ,97
B00007DWRG,97
B002TOJOY8,97
B0007XBM5W,97
B00LERXH9Y,97
6300249816,97
B00BLN4V6E,97
6302215730,97
B00R8N1BTG,97
6303515894,97
6303317340,97
B000WQWPRS,97
B00Q7LS3C8,97
6303697224,97
6301971876,97
6303916228,97
B000BNI90Y,97
B002BWP2BW,97
B00C7C025M,98
B00023P4JM,98
B005KR6O1C,98
B002PLPQME,98
B00005JOU0,98
B00003CXKS,98
B00H6YAB16,98
B007AJMBJ2,98
B00BC36XFK,98
B00007M5J1,98
B0001HAGTM,98
6303394035,98
B0083SBMGW,98
B000TQLJ2I,98
B00000F5B5,98
B000N3SSBW,98
6303257720,98
630580740X,98
B00GAJFIXO,98
B000KDZTIK,98
B019EC9R08,98
B000R9YLKY,98
B0052XI5HK,98
B000PGTPGO,98
B000X1CRY8,98
B0012E2F60,98
6303433766,98
B000C8STW6,98
6304359659,98
B0016MJ73M,98
6301006798,98
B0106RTAPM,98
B000A6T2BW,98
B000ZS8GWQ,98
B00E0KWBE4,98
B005ELVCS4,98
B00005JLEX,98
B000EDWLTG,98
B0021L8UHQ,98
6301902645,98
B002ZG97WO,99
B000A85TSK,99
0792160347,99
0790744813,99
B000006GTO,99
B00KGA8EHU,99
B004XWLN20,99
B001OQCV1K,99
B0050ITR4W,99
B00005JL8Z,99
6301440056,99
B0009ULBGS,99
B000BPK2IY,99
6304291701,99
B0002CX1M0,99
B00008LDPV,99
6304899351,99
B006C1S1DY,99
6300247406,99
B004LWZW5G,99
B000784WKO,99
B0078X2A7I,99
6304773285,99
B001G9CNI6,99
B00JLJ0AUQ,99
6305300550,99
6304496672,99
B001BAJSSI,99
B007CO5FFC,99
B0001CNRLQ,99
B000GYI33Q,99
B001JV5BHQ,99
6300217728,99
B000U1ZV4O,99
B0007A0F4O,99
6305763305,99
B00OQUZQZO,99
B01E698FFC,99
B000065U63,99
0780630874,99
B00003CXIY,99
0767087372,99
B00003CXSH,99
B000F4RH8E,100
B00DPUB59W,100
6303890458,100
B0000049FK,100
6304293941,100
B000OY8NBK,100
B007L6VP8W,100
6305320098,100
B00020BW4G,100
B000EXDSCA,100
B000WMFZMY,100
B00KB01QEI,100
B00GOT10SM,100
630300203X,100
B000B6H1YG,100
6301758110,100
B002C39SQU,100
B01GWCDFT2,100
B00RDEIRB0,100
B005KG4EKQ,100
B000031EGT,100
B003Y5H4ZW,100
B004QSQMG8,100
B00000IQVM,100
B00008L3S9,100
B009YKFH6E,100
B002XKKX7K,100
B0002F6BTC,100
B01DWXO08E,100
B00HZVX14O,100
B0112HPX1K,100
B005FUTBWS,100
6301697758,101
6304094973,101
630264223X,101
6303140157,101
6302655897,101
B0007IO6V4,101
B00584A7MY,101
B001R88C72,101
B00005JNT2,101
B00B58FWYA,101
630310374X,101
B001KEGR7U,101
B0029W2V9U,101
B00004CYR8,101
6304437226,101
B0001CNQVM,101
B00DYQ1G78,101
B001AQMBF0,101
B001AQR39O,101
B000SSQ7JW,101
B00005JND2,101
B005V4X8PO,101
6304437544,101
B002DUJ9Q6,101
B002OMIKHC,101
B001GLX6US,101
6304346166,101
B00JO9O1WG,101
B0001FVDG4,101
B0002TT0MS,101
0767835069,101
B00104QSOC,101
6302274001,101
B00005JPLQ,101
B00ENO3RXG,101
B000DBHX4M,101
B00OYSZP5E,101
B00BUYWJEA,101
B00008WJD6,101
B01FMROEJ8,101
B008WAM2E2,101
B00000IQVS,101
B00079FUI6,102
B0009GV9E6,102
B00003CXTL,102
6304108869,102
B000IHYXJO,102
B001NFNFN0,102
B000068UE9,102
B00LJD5642,102
B0018CWW96,102
6302970040,102
B009LDD3WY,102
B000KF0DFM,102
B00AQBDU4Q,102
B00XIF8GF0,102
B000A9QKRI,102
B000NA1WE0,102
B00116VG3M,102
B00WQT3UMI,102
B00ZWC16CC,102
B001U1RM40,102
B004Z74X0M,102
B00005JOHC,102
B00FRKKVL6,102
6303593666,102
6305210101,102
B0035JHYGQ,102
B0112HPUW2,102
B003R0MF1W,102
0767817648,102
B001D7T6A4,102
B003Y5H5C4,102
B00005JNBN,102
B002OVO18A,102
630356822X,103
B0026ZQBK0,103
B006NVU7OY,103
B015WVHV4E,103
B00001IVFF,103
0783240066,103
B0062KMDGG,103
6302763835,103
B00DVD5STQ,103
B0097RU2LO,103
B004UXUWEC,103
B003L77H1E,103
6303257348,103
B0159OSRNI,103
B00005JLIC,103
B00DDT0JB0,103
B00915G6TE,103
B00MP2FKLU,103
B00DIR2PIW,103
B005WC9LBK,103
B005WAP2V0,103
B00005V1YG,103
B00169E5JQ,103
B008P9M614,103
B00005JM39,103
B0049TC8C6,103
6303047025,103
B00003CXHG,103
B01ELI9E9O,103
B000065V3X,103
B000E3LIO0,103
B017W1P79I,103
B005LAJ212,103
B0047BXQZY,103
B017757OCW,103
0783226799,103
B002OCX6YO,104
6300215601,104
B000K5FPNW,104
B00005JOTJ,104
B000006DAL,104
B000055ZF1,104
B0139TET14,104
B00E3HDW3I,104
B00P7RWOF0,104
B005ELMC1U,104
B0001M3MXY,104
B005TMXXX0,104
6304697988,104
6302797713,104
6305538018,104
B001D395NG,104
B005KR6NNG,104
B00006A8T3,104
B00170LCWC,104
B00DUD7VDI,104
B000FC2EXE,104
B001HQZJWK,104
B0019N8P2W,104
B000G1R39E,104
6304923082,104
B001XURJCS,104
6304401892,104
B000YDJG0I,104
6304437617,104
B00FJWM04S,104
B001BAWKQU,104
6300246868,104
B00000F7AE,105
B000001BTW,105
B00005JPI6,105
6304089627,105
B004QL7K70,105
B001AR0D40,105
6303945317,105
0790732149,105
B006VUQIYA,105
B00004CT8J,105
B000VTHYAE,105
B00005NFYY,105
6302156815,105
B000FVQLIO,105
B00003CXUP,105
B00008DDVT,105
B000C1VBAA,105
B002CLKP00,105
B0000065N8,105
B000OCY7JE,105
B0000W3QS6,105
B00WU5B494,105
B005EVY8MQ,105
B00005QVVD,105
B00008YGRT,105
B00005QW5X,105
B00005JPK3,105
B000056HEC,105
B0009VY0OM,105
B000R7I43Q,105
6300183459,105
B000AC5B7A,105
B000EXDS7K,105
B001JA8UEI,105
B000NA1VI2,105
6303521231,105
630210176X,105
B00NV6K02S,105
B0019SYV0W,105
B00CYQXBSQ,105
B000NOIVT0,105
1421367912,105
0780020715,105
6303153305,105
B00116GEHU,106
B00GHP8SH4,106
B0031XLT3U,106
B00000K2X9,106
B00061Q6VU,106
B005K1VPY4,106
B000V4UH08,106
B000056T5K,106
6300269299,106
B000AXWGRC,106
B001MAA6WO,106
6302101743,106
B01BKI6IF6,106
6302241693,106
B000053V7A,106
6303114946,106
B0007Y08MY,106
B00006LSJI,106
B00280LZAE,106
630401743X,106
B0006SH25C,106
6301966899,106
B003WEAW18,106
B005F265CU,106
B000WGVEAC,106
B00E688AZE,106
B008UZA8FY,106
B0000VV4OK,106
B009TE9GZI,107
6301966465,107
B00BTFK09G,107
6303982662,107
0783226535,107
B0014DZ2WS,107
B00005JP3M,107
B00AREP9VE,107
B00VKX6V9U,107
6303854311,107
6303980813,107
B00080ZFZC,107
B0007KI9LU,107
6302289009,107
B00I2UULIG,107
B01H1VTEMK,107
B001L9EXUC,107
B0030Y0I1Y,107
B00005O0SO,107
B0001ZMWYG,107
B00004RERO,107
B001DWNUII,107
B01A5NZ2MC,107
630522661X,107
B00005JN8S,107
B00579YI1G,107
B009CWQOVQ,107
B000SMNL92,107
B00005JN3W,107
0790731266,107
1573471917,107
B018TNKDOW,108
B0011V7PSC,108
6302712920,108
B001RVPOPW,108
B0002V7OEM,108
B00NP06DJE,108
B000EBGFQI,108
6301763041,108
B004AFUJGG,108
B00QJ64AZK,108
B00H9LKHGA,108
B00006CXHZ,108
630027151X,108
B0000DGBEY,108
B00D49YDR0,108
B0001I2BUI,108
6304707622,108
6306012052,108
B00005JPQE,108
B008H5J510,108
6303954138,108
B00GWXI2X6,108
B000068V9R,108
0783228686,108
B00005R273,108
B00065QKPS,108
B00GSBQ2HU,108
B007L6VPL4,108
B00005JLR8,108
B000B62N44,108
B0007PID84,108
B0016MJ6GA,108
6302757096,109
6304016859,109
B0079J28NW,109
6300214028,109
0767817486,109
B000FBUFUY,109
B000P6R6Y2,109
B005HZCLXC,109
B00OY7YOZ2,109
B0107GC2AM,109
6303072798,109
6303338569,109
B011OCMQHW,109
6304844964,109
B000A1IMFY,109
B00OGQUAU4,109
B00000G0CS,109
B004ZBA9P6,109
6303073107,109
B00E8G5HQE,109
B003PU82CU,109
B0042L0P1C,109
B00005JLOT,109
B00JKJ13EY,109
B00AMU8K8C,109
B00003CXC6,109
6302689724,109
6300268853,109
B00005KHJJ,109
B004YM6IZ6,109
630186316X,109
0784011532,109
B00527QYOW,109
6301334523,109
6304798466,110
B01BZE7MNW,110
B0020TS5EM,110
B000X07TLA,110
B001LM6VV8,110
B002BZTNIC,110
B0001DMUF4,110
B003FSTN84,110
B000FA57H6,110
B00BEIYRYM,110
6304475055,110
6301744128,110
B0112HPVEY,110
B000065OZ2,110
6305604819,110
B000BOH8Z0,110
630451087X,110
B006BZ8O3I,110
B00KYVZ03W,110
6302271991,110
B00003CXRY,110
B001C8W7EQ,110
6305554420,110
B01AHK50AC,110
B016JB0JWC,111
B000WOQKD0,111
B00GSTHC7G,111
B00014K58W,111
B00015GA8A,111
630416923X,111
B000QXDG4S,111
B004WOQFOA,111
B00471JT50,111
B00008972L,111
B000069HYD,111
B009INAC12,111
B001OMU6UM,111
6301928555,111
B005HFI7IU,111
0790741644,111
B003X2P98U,111
B013JA9TIG,111
B000077VQ6,111
B000003KCU,111
B0043VUHXC,111
B0000022WA,111
B003ZJK4HW,111
B00MO21W2W,111
B002945DU2,111
B009AVCALC,111
6301163788,111
6303451535,111
B004UXVFIO,111
B00DC5K2J4,111
B0018AQ2RG,111
6300184242,111
B0053WQE6O,111
B00008972B,111
B00009Y3P8,111
6305364206,111
0792841840,111
6303968163,111
B002TVQ48K,112
B000CDGVOO,112
B0095E61U0,112
B000BWFWFK,112
B0000E32X2,112
B00VNX5S96,112
B004EE30C8,112
B001MVWRNO,112
B001R10BJG,112
0790750414,112
B00OU4MP0K,112
B00006FDCR,112
6302623294,112
B00BNH9NCU,112
B0060MYK7G,112
6302424909,112
B00QMV2TBO,112
B00004Z1FX,112
B009DS5Y6A,112
B0001XAPX8,112
B00IF0KAYS,112
B00J0IPLBQ,112
B003L77G1K,112
B00HFWETZ8,112
B002D1XK74,112
6301599225,112
B005C4444C,112
B001U7IJVO,113
B00A4Y61ZU,113
B004LWJ6RG,113
B00BYEWR2K,113
B00DI0135K,113
0783227892,113
078322740X,113
B005GT3X68,113
630516584X,113
B00008YGRQ,113
B000F1IQI2,113
B0077PBPVE,113
6302096243,113
B00008K7AM,113
B00KH7D0R6,113
B005PPMI00,113
B017GZFDXK,113
B004Z7AHTI,113
B00IF8PTVO,113
0800141741,113
B000EBGE82,113
B00E8AVN9U,113
6304118937,113
6302365937,113
B003UD7JC6,113
1572524421,113
B00KTZAL78,113
B00DNF1RM4,113
B00DL47XES,114
B011T0C73W,114
6304981643,114
B000VEQU36,114
B001FB4VZI,114
6303542344,114
B0002V7TNI,114
B000YDMIN0,114
B000O179DG,114
B000YJOGDE,114
B001B3LIOC,114
B00M4KXLCI,114
B00WAZHS0I,114
B00028G748,114
6305599033,114
B000EQ5V86,114
6300147630,114
B000Y7U97I,114
B000X7SD6S,114
B00005JN4H,114
630229455X,114
B001IUOA2U,114
B000LC5B7O,114
B006Z7Z3KY,114
0793961009,114
B00MHIKJUY,114
6305963126,114
B004V6AISS,114
B00406UJZG,114
B000096IBH,114
630279742X,114
B00004XPPK,114
B00024JC3U,114
B0000048YO,114
6301174240,114
B004X1Z14C,115
6302801133,115
B000XCZGXG,115
B000FFJYE8,115
B00BX8PG5M,115
B000065U38,115
6303206158,115
B00004WG4J,115
6305162042,115
6305492042,115
B000093NOL,115
B005Y423ZC,115
B0000CE684,115
B003Y5H51K,115
B007FFUMKQ,115
6300270122,115
B001GS7AZS,115
6300276740,115
0783230346,115
B00382S9MS,115
B0038M2AOQ,115
B00KE7PC6Q,115
630422513X,115
B0009YA3OA,115
0788860119,115
B00003CXMY,115
B001662FIW,115
B00005V4YF,115
B00DQN6IOK,115
B009A9EMYM,115
B005K270VK,115
B00008OTTG,115
B000CDSS0Y,115
6304645635,115
6300216934,115
B00I83WKTA,115
B00005QW5Y,116
B000UAE7IQ,116
B00D7AM2YW,116
B00005JKIO,116
B0009PVZBO,116
B00QJAZ514,116
B0002KQOH6,116
B0009NZ2KG,116
0767818105,116
6304392907,116
B00QYR398S,116
630505116X,116
B004SKI7B2,116
B000JYW5BE,116
B0058YPJOU,116
B000VDDE18,116
B00023BLXK,116
B00023E894,116
B000UX6TJI,116
6300251217,116
6301976045,116
B00003CXS7,116
6303109918,116
6304078110,116
B00005JNP4,116
B0000CGNEH,116
B000003KE0,116
B000004918,116
B001LRTT9E,116
B0014C2FX8,116
B008H6GH9W,116
B00TB6JUCI,116
B00006472N,116
0790732521,116
630571312X,116
B00XWV8W6I,116
B005K8QIS0,116
6302484405,117
B00L2YY0EA,117
0783114729,117
6303265715,117
B004QXJZXK,117
B01DJ63U12,117
B0000797IO,117
B0002WYU02,117
6305230226,117
B0060MYJRC,117
B00005YU82,117
B000ATQYQU,117
B000H6SY6E,117
B001OQCVFQ,117
B00CC6Z0ZK,117
630133275X,117
B000SM6FKY,117
B001HZXYDC,117
B00CBJ53HS,117
B00005JLZW,117
B0001HAGQK,117
B0152AW1A4,117
B0036TGSJE,117
B000RPCJB6,117
6305428239,117
B00005JM20,117
B00BFO5PN2,117
B00772M1D8,117
B0001JXPPC,117
B00G251WYK,117
B004USUPAI,117
6300273210,117
B00000K3UU,118
B00006LPJ0,118
B00AMDA2OY,118
B00000INCI,118
630542828X,118
B00FWMVVLS,118
B00000F5KA,118
B000243E2K,118
B00A8PPBM4,118
6305191883,118
B002QW7ALW,118
B000009O12,118
B0000039LU,118
B00PKPGLOY,118
B000H4JH80,118
B00C7C014Y,118
6304340532,118
B009H3LP82,118
B004EPYZSA,118
6301959728,118
B0023TZ3QC,118
B002I41KLE,118
6302182840,118
6304147074,118
B00005LDDB,118
6301491920,118
6301179544,118
6302428122,118
B0009JE57Q,118
B00J2MQ06U,118
B000FH8H7Q,118
B00IZE00MQ,118
B004LROMS4,118
B001CDLAT4,118
6305076456,118
0780621956,119
B00DWGO02I,119
B000MX7V5W,119
B004J35K0O,119
B000HT3P7E,119
B00125WATQ,119
B00004XPOK,119
B00006420D,119
B000286S2E,119
B01011KJKI,119
B00018D3LE,119
B00005JLX2,119
6303396623,119
B001TOD6N4,119
B000BX5X5I,119
B002P7UCJ0,119
B002AL2TYW,119
B0006TPE4M,119
B008G4T5VM,120
6303486894,120
B008IG0DJQ,120
B0013FW05Y,120
B006JN87F2,120
B00004W3HE,120
B018LBR12Y,120
B00LDCJ19A,120
6304606206,120
6303269869,120
B00UHJ7J8U,120
B00EKFI1HA,120
B00915G6NK,120
B009TT0BSE,120
B0002XKOWO,120
B000QFAFNQ,120
6300250512,120
B000A5046K,120
B0001HAHNM,120
B00070FX5U,120
6304414145,120
630341964X,120
B00GV8AZI2,120
B002CAWNDS,120
B003XFN1Z0,120
B003XM707S,120
B016JB0KN0,120
B00N1JQ18W,120
B00KB01MO2,120
B00KAEIFCQ,120
B014604U5K,121
6304435096,121
6303265774,121
B00IT3KQWM,121
6302030919,121
6303095216,121
B0009ML2UG,121
B0012QCZ54,121
6302656125,121
B000A9QKSM,121
6301216156,121
6300183416,121
B00W1LATOS,121
B00AZI9JP4,121
B00005M20M,121
B00567TCD8,121
B000CFYAMC,122
B008CMF0P8,122
B00CYQXD2K,122
B005LAIHAE,122
B000K15G7G,122
B000063TQS,122
6303929583,122
6304008716,122
B00N4W4YNA,122
6305320950,122
B000EOTTUY,122
6302484383,122
0783114907,122
B015JLUO5A,122
0767804325,122
B001B73PO4,122
6300987531,122
B016WU7GOO,122
B001RXB4H2,122
6300268128,122
B004EPZ0AM,123
B004L03B3S,123
B000MGAW8W,123
B0001DMXEC,123
B00EK6RM92,123
B002ZG98OQ,123
B00GMV89QI,123
B00005U8F4,123
B001DJLD2G,123
6304167725,123
B00H8KRWKG,123
6305082448,123
B00000214T,123
B003YVP5FM,123
6303315305,123
B00GHP8T1Y,123
B0017S66JI,123
6302491940,123
B002BWP2JO,123
B00A34LX2M,123
6301105915,123
B0000AGWSC,123
B001BTERXK,123
B00FL2F2UK,123
6301758641,123
B00005MEV2,124
B0060MYMFQ,124
6305037728,124
B00GHH9IRG,124
B00003CXT7,124
B001EXE2Y2,124
B0015OKWKS,124
B006MEVCCS,124
B017RR6JYE,124
B0000E32WJ,124
630414069X,124
B000O5B4BU,124
B009EU6F1U,124
6301706498,124
B00HHYF5EI,124
B0050N0UR0,124
6302224462,124
B007UW9W8W,124
B006Z7Z3IG,124
B0051T480I,124
B00CAATSME,124
B000022TS5,124
B00ANGICCO,124
B00005YUSL,124
0782010040,124
B003R0MF3K,124
6304457375,124
B0068RHSCW,124
6304680694,125
B005N4DNDY,125
B000A6T2BM,125
B00006RVJR,125
B001OQCV5G,125
B00003CXPV,125
0792838947,125
B00D9EJFZA,125
6301973259,125
B001G0MFME,125
6304155972,125
B0007Z9R66,125
B00004WC7H,125
B000OHZKZE,125
B00UITXKTG,125
B00M6X9ZOQ,125
B000BITUWU,125
B0013J30YU,125
B00ALTQRRK,125
B00BAXTY6W,125
6301528565,125
B005TK21WQ,125
B00AMQG8NU,125
B002VPTJNQ,125
6304216939,125
0767821408,125
B008HYKH9U,125
B0008ENHUS,125
B00005JLH2,125
B0084K6IF4,125
0792845765,125
B00UOB45SS,125
B000069HXC,125
B004LWZW6A,125
B00IO03I6Q,126
B000ANDBTY,126
B01BPQG3C6,126
630245333X,126
B001M6SHA6,126
B00005ABUB,126
B00T3IKKR8,126
0783245130,126
B000E6TVSC,126
B00007AJKI,126
B001U0HBQK,126
B001J4E1D8,126
B000PHX8RA,126
6300216241,126
B00HPX33MM,126
B00I9KV1TM,126
B003P3DZDI,126
B016HHKX7O,126
B006QWC2ZC,126
6305767866,126
6302800897,126
630581001X,126
B00005JXI9,126
B010MJ851Y,126
B000V3JGIS,126
6301239598,126
B001B3LILA,126
6305940932,127
B004LVOX7K,127
B00BEIYKDU,127
6304864043,127
B0002MHDYW,127
B00003CXJ1,127
B004IY1AW6,127
B0009KA7C2,127
B0009JE7NI,127
B00J2FGZI0,127
6300159140,127
6302120527,127
6300181545,127
6304083149,127
6305972060,127
6305972079,127
B00KHA5TJ0,127
B001QOGY6I,127
B00U7DLSVK,127
B003FTM18W,127
B00000I1DU,127
6305074216,127
B000HEVTOU,127
B000CPWDHQ,127
B00000F31K,127
6304960654,127
B009OCR2U6,127
6300252310,127
B004I1K4MQ,128
B001MEJYAK,128
B001KZH2I2,128
B0001Z3IPS,128
B0006GAODG,128
B002LITRJ4,128
B007549W62,128
B0117UHFU4,128
B00K8835WE,128
6300215962,128
6304680236,128
0792834917,128
B00127RAIK,128
B001GCUER0,128
B002HRF68A,128
B0000ZMGWK,128
B00E6D4HHO,128
B0041KKZIW,128
B00TJFXH02,128
B00IZEATRM,128
B002WNUVJS,128
B00009RDG9,128
B0161H1ORS,128
B00IE4ER12,129
B001CDLATY,129
B005LAIH0Y,129
B000B7QCGS,129
B00005KA9Z,129
6301817761,129
B00FKPJ3VM,129
B001P3SA9O,129
0792836030,129
0790785366,129
6304813759,129
630196781X,129
B000BPL2EM,129
0792838653,129
B0090JBTFM,129
B000A0GXRO,129
B000R5OFOA,129
1559409002,129
B00003CXVP,129
B00005JP0X,129
0783241313,129
B001VLFE76,129
6305300887,129
6303269966,129
B00275EHFU,129
6303236685,129
B000A2IPQY,129
B0000399W9,129
B0049EOFCC,129
B002U573W6,129
B002VECLVY,129
B00BK86S4I,129
B00004UEDO,129
B003Y5H4ZM,129
B00005JKMQ,129
B00012QLB4,129
B00005JKXE,129
B012G7IWYA,130
0780630866,130
6305818282,130
B00000IXPN,130
B002FVPFU2,130
B00005B6L0,130
6304366086,130
B002AK9URM,130
B001JAHREW,130
B014DEGQZ6,130
0767819462,130
0783226896,130
B001US3XQY,130
B0002B15UQ,130
6303507565,130
B006GHA9VQ,130
B008VBSQLA,130
B00BUEUH6C,130
B017RR5HW4,130
B00RCPFF06,130
B00RFG788E,130
B008H1Q3YG,130
B003K7FB7C,130
B010R3ILY6,130
B01ACAEQMU,130
B001P9N9BW,130
B00JJRLFTU,131
B004AODY3C,131
6301798740,131
6300270211,131
B003FTM18C,131
B003GAMN6K,131
6305958181,131
B0064OUGK0,131
B00404ME1A,131
B00LH98QTK,131
B005LAIITE,131
B0040QTNSU,131
B00008YLUY,131
B0002B95XU,131
B000CEVC9W,131
B000TJBNHQ,131
B000053W55,131
B01BKM0ZRE,131
B00S4YGWAQ,131
6304907729,131
B000FL7CB4,131
B001QOGYFY,131
B000FOPPBA,131
B00AN10NU8,131
B000QUEQ86,131
B00LOCLDSG,131
B002H3EU9A,131
B00000JQU8,131
B00C7BZZRI,131
B0000639HO,131
B001CTDH58,131
B00BRBIABM,132
B00A2H9VBU,132
B01COPZYOK,132
6304383169,132
B003Z8ZCD4,132
B00005JL29,132
B003JZCVT6,132
B005NFJAWG,132
B00000JKSG,132
B00008DDXJ,132
B002BXGIPA,132
B000ETRA46,132
B000E3L7DM,132
B000E0RN8S,132
B001C4ZQCU,132
6304278691,132
6300247392,132
B003L77G06,132
6303213650,132
B00B5AP7NY,132
6305133514,133
B0000ACOXL,133
6305305765,133
B0018CNNV2,133
B005GT3XFY,133
6301969294,133
B00EIXWMII,133
6304507348,133
B002SYAGN2,133
B00MU1YEJK,133
B001OQCUZM,133
B001G0MFKQ,133
B003UCA4XI,133
6303248209,133
B0080QOL10,133
B00005JKMG,133
B00ANGICPG,134
6302994071,134
B00HLTDAGO,134
B01EIS46CM,134
6303257267,134
B00J0461UU,134
B000G1R4SO,134
B00K8GXBMK,134
B00005JOYL,134
B005M0R524,134
B005DVIOIG,134
6303575617,134
B015DFI986,134
B0001KL5IU,134
B001N5BDX4,134
6302098424,134
6303820905,134
B0007N1JC8,134
630362572X,134
B0001EFUFK,134
B000MTOM8A,135
B000FKP4BU,135
B005OZVXCU,135
B001BEK86K,135
B00D49YEHO,135
B00VKEWZQ2,135
1573624101,135
B000E5KUKG,135
B0068MNNOE,135
079079568X,135
B002VKE17U,135
6300185370,135
B002VKB0LU,135
B005BYBZKY,135
B00KMULA6Q,135
6304438060,135
B002KSA4F6,135
B001G5RSRG,135
B0021L8UZS,135
B0051CSIL0,135
0800114051,135
B00005JPB0,135
B008Y1YKTO,136
B00003CXL6,136
B015GR8N9Q,136
B00BTFK07I,136
B00JXFHSEE,136
B0001ZMWXW,136
6303957064,136
6301982746,136
B015H66J56,136
B000005XPV,136
B017Y01GOM,136
B000EN4R3E,136
B000P2A6C0,136
B000WGYMTM,136
B00005JN0A,136
6303422020,136
B0010X744G,136
6301797949,136
B00EECWCCE,136
0780626702,136
0790744236,136
B002SVP9GO,136
B0000066CQ,136
B0058YPN0U,136
B00UOW29C6,137
6300268799,137
B00JLDTBCU,137
6305781052,137
B00005JKMW,137
6300215989,137
B000063EME,137
B000BX8R10,137
B00HE1EEQ4,137
6301914090,137
B00003CY6C,137
6304111347,137
630497342X,137
6305310351,137
B001DRF842,137
B000CR7RCK,137
B0002ZMIV2,137
B004LWZW6U,137
B004IFYMWK,137
B005E7SEMU,137
B000JBXXYK,137
B0000DZ6N3,137
0790725657,138
B001JNNDC4,138
B003F1WA7C,138
6303082866,138
B013JA9QDO,138
B00005JM55,138
B00005UQ9F,138
B00004RJG3,138
078062582X,138
B005O70ZOK,138
B00O1D3BL2,138
B0007Z2556,138
B0002ZMHX6,138
B0015XHP4A,139
B00007M5IP,139
6303920098,139
B0009B16TO,139
B00BOTCHRU,139
B006PTL1QM,139
B000056PNR,139
B000N3AXPG,139
B00000JLWQ,139
B00HDEEU48,139
B0017ANAZO,139
B0060MYLCU,139
1586683950,139
B001KP2J2Q,139
B002M2T1UO,139
B001KP2J26,139
B01GWBZ3K2,139
B000GLL1U6,139
630368680X,139
B0015OKWL2,139
B0001L3LUE,139
B00EXPOEGO,139
6303257429,139
B0002KPHWE,140
B014I67SGU,140
B001BYLFFS,140
6304891784,140
B000JBWWP6,140
0790731517,140
B004ULNJF8,140
B00003CXDJ,140
B000FFL702,140
6302413737,140
B00005JO9J,140
B000SQFC40,140
B0053O89U6,140
B00J2PQYYK,140
B000BC8T1E,140
B000B5Y0CS,140
B004EPZ02A,140
B0012DUT3M,140
0005119367,140
B00I480QBI,141
B001MT7ZEW,141
B0013D8M44,141
B00EIJTLK4,141
B00KZJX8O6,141
B001QOGY4U,141
B00005JM7T,141
B000YAF4Q6,141
B00915G4IC,141
B000CCBC9O,141
B00005O5DJ,141
B00BLNDRKK,141
B002RBNNTA,141
B0065N6IRK,141
0767824555,141
B0002PYST2,141
B00DJYJPLO,141
B000050NS2,141
6304259158,141
B000N6SE4U,141
B017HP18WO,141
B00HP4W1M4,141
B00C9G22R2,141
B014E1TJUW,141
6302990114,141
B00023P4HY,141
B001E95ZNS,141
B004UQPM4E,141
B001AI776G,141
B01DL2EX6A,141
B00005JL1P,141
B00003CY6O,141
B003LSTWH0,142
B005GLHO48,142
B003RHZ6CK,142
B001CTDH76,142
B001TH92N4,142
6300216632,142
B01AU6P8XW,142
B003IY498Y,142
B000KLQUV2,142
B00MP2FHNG,142
6304978286,142
B00DNLZRLU,142
B003R4ZMPE,142
B005LAIHEA,142
0792844718,142
B00KOBUO42,142
6301528581,142
B0012XSNE4,142
B00IICFEX0,142
B0007L6NQM,142
B00018YCIM,142
630018675X,142
B00XQ2CC6O,142
B001APZMJI,143
B00NYC4PNO,143
B00067BCBI,143
B0021AENJG,143
B00067BBMS,143
6301217861,143
B00IKM5OTW,143
B001DPHDJ2,143
B005RVF5XE,143
B001LMU1KU,143
B012HTAGBY,143
B001MFNB4O,143
B0014T7ETQ,143
B000JBXY44,143
B000077VRT,143
B001RIZE3M,143
B00CYQXDNE,143
B003UU65QK,143
6300248569,143
B01G43HHNO,143
6303494080,143
B004919RHI,143
B01A9IV54W,143
B000Y5CHIE,143
B00009MEC4,143
B004B3PB74,143
B00JJJ3REO,143
B003GAMOL4,143
B001D27GIS,143
B004AV5GX6,143
B004FM2EL2,143
B0012RWQJ8,143
B00003CY5F,143
B00GTZWXYQ,143
B000NQQ4DI,143
6300216179,143
B002BVYBJW,144
630438386X,144
6304361009,144
B00197POXG,144
B0000CNY5G,144
6303248942,144
B0027P94CQ,144
B000MRA592,144
B000Q66PXE,144
B0081HLM2E,144
B013GCK51M,144
6300215881,144
B001GLX74I,144
B019C6X02M,144
B000BN6M12,144
B003GAMOLY,144
B002ZCY872,144
6304494378,144
B00003CXD7,144
B001CO42J8,144
6303515304,144
B00003CWPL,144
B0012EM5EW,144
B000LE16VC,145
B00005JY1C,145
6301095294,145
B001DHXT4S,145
B000021Y6L,145
B004ZBAB3Q,145
B002ZTNJ2A,145
B00FWUX94M,145
B00KDU8HQQ,145
B00MWP723Y,145
B00005BCKF,145
6301640594,145
B001PUTN3Y,145
B00013RC2K,146
B00UGPQXFA,146
B00A2XTJI4,146
B00BURN0GI,146
B00GWXI20E,146
0783226985,146
B003L77GHE,146
B001C46P2K,146
B0056031LE,146
6304017081,146
B00005JN55,146
B003R0MEZ4,146
B000GG4Y64,146
B00DMUFYZQ,146
B00D3LA6M0,146
B000055YVT,147
B008RA61TO,147
B0000DZ3EG,147
B014GJBTWI,147
B00003CXH1,147
B00079HZOS,147
630482615X,147
B00LT1JKN2,147
B00RFSC9TA,147
B00CBMWLU2,147
B00LT1JHLW,147
6303212387,147
B0007IO6PA,147
B0051938XQ,147
6301801709,147
B004LROMSY,147
B0000CABBW,148
B009LDD54K,148
630310245X,148
B00000F4MO,148
B006C0PPO8,148
6304535570,148
B007JG5HZ6,148
B004UXUUJE,148
B003FSTN70,148
B0014E29TQ,148
B00QJ9C7B6,148
B00005JOSO,148
B000VDDE0Y,148
6301973461,148
B001RTKKRQ,148
B000BU76YC,148
6303101178,148
B00N1JQ39O,149
B0021L8V2K,149
6303953344,149
B0006ZW7DW,149
B0001FT50A,149
6305971935,149
B00005JKIS,149
B005SOH84O,149
6300270130,149
B000ERVJMW,149
B01ACE4UPY,149
B011Q0FSC2,149
6304224621,149
B00BSN0VZ2,149
B000EQ5PU0,149
B000BMSUBI,149
B003L20IFQ,149
B00XVHKYVE,149
B000PFSYO4,149
B00HW3EZXQ,150
B001OQCUYS,150
B00BEIYPN0,150
B00518JDWW,150
6301797973,150
B00DNF1S28,150
B000GEAMD0,150
6304132336,150
B00EXPOCBG,150
B0013FZUQA,150
B000VHVT66,150
B0002DRDCS,150
B004QL7K6G,150
6301969413,150
6305810109,150
B00KE7PC66,150
B01ETYJ4IG,150
630394325X,150
B00DNLZOCC,150
B000EQ5UHS,150
B002ZGW92Y,150
B00QSHWZNE,151
B0046A9RMC,151
B000AKB1GW,151
B008IG0BBQ,151
6300184250,151
B008H6GHL0,151
B00005JL9A,151
B001JAHRF6,151
6302872669,151
B00009ATIX,151
B00004UEDQ,151
B00023ELYG,151
B001DSNEME,151
B00L4KRP12,151
B000M7XRYM,151
B00005JPBL,151
B00I4DSDE0,151
B01AJ7ELT4,152
B00005UQ9V,152
6302640504,152
B00006WUWQ,152
6302485010,152
6302426200,152
6305892946,152
B00005JMCT,152
7538445226,152
B00IJG5502,152
B00275EHC8,152
6302921384,152
B00004SPFR,152
B017RR4YG4,152
630533580X,152
B00IZZDVTO,152
6300270424,153
B001614F0S,153
B00002E23E,153
B0001CNRRU,153
B000MDFTHE,153
B00AY2DL78,153
6300216209,153
B00029LO5O,153
B00005JPX8,153
B00H4ZEFTQ,153
B00008MTXY,153
6303118259,153
B002FLZM8M,153
B00HNTOYQC,153
B00006JMRD,153
0790729377,153
B001FB55YE,153
B00005JNNT,153
B0037QGS0A,154
B000VXK6Z0,154
630120798X,154
6302158176,154
B0007OCG56,154
B001UWOLQG,154
B001UV4XHE,154
B0053PTFDK,154
0767839129,154
078322947X,154
B001C4CI8A,154
B01CUMHBJS,154
B015N8JH84,154
B00004TJFJ,154
B00HR7OOME,154
B000005QHG,154
B013P0WZ86,154
B00005JKWX,154
B00BD6KETC,154
B000Q66FB6,155
B00NWKWA58,155
B00C7AOAEI,155
B00DMEC0WW,155
6303534422,155
B007IJKQG4,155
6301973232,155
B00005TNFH,155
6305475695,155
B0009VBTQY,155
B00CX7TOOG,155
630560097X,155
6303398375,155
6305741921,155
6303058957,155
6304078102,156
B00VGQJLDO,156
B004EPZ070,156
B00BMIVK4E,156
6301788508,156
B005LAJ140,156
0792146433,156
B01H4FJP7C,156
6303141978,156
B017DSRZL8,156
B00BPEJZEM,156
6300248100,156
B000N3AVLW,156
B000638PIU,156
630428666X,156
B000PMLJMG,156
B002E2M5IC,157
B0169PXGUA,157
B0014BQR1A,157
B00128VA6C,157
6301008960,157
6304437234,157
6302990130,157
B0053O89JM,157
B00DP9MDE4,157
B0024NSFZI,157
B005TK23PQ,157
B000MGBM1S,157
6300218031,157
630248443X,157
6301094352,157
B00G0PXU1A,157
B009AMAJBO,157
B00005JLZK,157
B0002WZTLQ,157
B004MYOYFC,157
B000WSVBG2,157
B0036RPM98,157
6302158095,157
B004YM6JLO,158
B00063MAXQ,158
6300214117,158
B0012IWO0I,158
B0002OXRSG,158
B00AJEL71S,158
B0039UT3LK,158
B002OEBRJ8,158
B004RUEXVQ,158
B00006FHZE,158
0784011680,158
1560689994,158
B00008J2PG,158
6305963088,158
B000A5SR46,158
B001D7T6CM,158
6303686745,159
B01CUMITSA,159
B004HO6I2O,159
B00000IXPF,159
B004I11VZ0,159
B00008MTW7,159
B005J4TLN4,159
B0008FXTB4,159
B003R4ZMO0,159
6304132344,159
B000BITUF2,159
B00BEIYKX0,160
B00BBAQD8G,160
B004MW57BY,160
157362408X,160
B000B5XOUC,160
B003Q6D27S,160
6302720419,160
6303471390,160
B00005JL6X,160
6300246795,160
B000QGDY06,160
B007L6VP46,160
B0010XB1WM,160
6303022928,161
6300214052,161
6302994063,161
B000NOIX66,161
B001QB5SS6,161
B000R349JI,161
6304821522,161
B008H6GHEM,161
6301969316,161
B012DW8N0G,161
0767802799,161
6303481345,161
B003L20IJW,161
B001GCUO4S,161
B000A0GOQY,162
B00003CXIF,162
B00H7KJTMG,162
B000GAKBLW,162
B000GAKFIG,162
6302681685,162
B0158W4NT8,162
B01690GTK4,162
B00B04NIZO,162
B0001NBNF2,162
B000FIHN52,162
B0002XVKMC,162
6304286325,162
B000N6U0VU,162
0792841409,162
6304083777,162
0792843991,162
6304132360,162
B0041H55LM,163
6303382347,163
B000PKG8TW,163
6303269834,163
B000BGQSEA,163
B0029LI69A,163
B000053V8F,163
B004UXVDOA,163
B0036TGSWG,163
B0081OM6UY,163
7884063387,163
0800177029,163
B0002XZVEK,163
B000AD1QGE,163
B0002F6BTM,163
B001MTYRKC,163
B001F0TT60,163
B019EC9RBM,164
B00003CXDR,164
B0009J2HV2,164
B00RI4VBUO,164
B001KQNZXM,164
B00NPHD5KC,164
B00006HBUA,164
B004EPYZXK,164
6304457391,164
B015Q04ETQ,164
B00127RAJY,164
B00432QAKK,164
B003CWEQ7G,165
B00005JPUW,165
B0003035CW,165
630179849X,165
B000VECAE4,165
B000BYMI5A,165
B004I2K4E8,165
B00EV1YZD2,165
6303890423,165
B0009ML2KQ,165
B00008EY60,165
B005LAJ1K4,165
B00B96TGQS,165
B0119OFSGQ,165
B00A2LFXVI,165
6302250277,165
B003L77GVK,165
B00HGJB3MC,166
B003UD7J9E,166
B00003CXMO,166
B00005AA9G,166
B002BFBAWO,166
B0079ZWUNY,166
B00NKHC5RQ,166
B00C27E7S0,166
B009YQO3MW,166
B001993Y9U,166
B00H7E3T5K,166
B005DDN51A,166
B00DCS9TP4,166
B001PO550A,166
B00JWS9FYS,166
6302470021,166
B0050PYNO4,166
779913027X,166
B005A5YYKC,167
B000SFJ4K4,167
B00005JL57,167
B00195FUDC,167
6303990452,167
6304578482,167
0790748193,167
6303617719,167
B005CRMXKQ,167
B00KHA8992,167
6304285388,167
0767811089,167
B001UV4XWY,167
B0001ADAVK,167
0790740281,167
B00005JLKB,167
B0189HKF14,167
B001FB4VZS,167
B00QGQFOHG,167
0767815335,167
B00HHAX9BI,167
B000PMFO3Q,167
B003ES5JEC,167
B000B7QCHC,167
6302450187,167
B00NC61CSS,167
B005S9EL6C,167
B0006Q93BK,168
6303153348,168
B006H3Q7LA,168
B006LL3WP2,168
6300213730,168
B002RD55M6,168
B004LROMWU,168
B000YAA2SQ,168
B005A5IAC0,168
B00YZBF1YU,168
6305416192,168
B010H6NMKQ,168
B00116GEJS,168
6300198731,169
6303575358,169
B000006FKX,169
B005GP7EUI,169
6300214044,169
6302734924,169
6303165680,169
B00DTPRZ10,169
B018YGWQH6,169
630018286X,169
B0011FLM00,169
B002USF1VS,169
B00005JOWT,169
6304397941,170
B00061QJSK,170
B00AJLHVES,170
630413231X,170
B00X5ZSONM,170
B00005JLYW,170
B0192PEOGY,170
B005LAIHCW,170
B002D1XKB0,170
B0030DGHL0,171
6305013578,171
6301805429,171
B00005JP00,171
6300247651,171
6300268683,171
B00H7E8KVI,171
B000XT1P5C,171
B003R4ZMOK,172
B00C7BZZ32,172
B006512BFU,172
B001BP3Z9G,172
630542845X,172
6303022901,172
B005LAIGQE,172
B0009S2T0W,172
6304011431,172
B00C2A4SYA,172
6303338690,172
6304078145,172
B0038M2S2A,172
B00GMV8IVE,172
6304298285,172
B00005JLF3,172
B00FV91IK6,172
B0001MIQMG,172
B00BNAE6M4,173
B005F3XV80,173
6304196911,173
B003L77GPG,173
B00006IUH2,173
B00006JDSI,173
B00E8UKY3Q,173
B004X0MHEU,173
B0027FG29Y,173
630179799X,173
B000YABV7W,174
B000KLQUMG,174
B002ZG97M4,174
B00GWXI1AK,174
B005B0QYMM,174
B015N12RW4,174
6301744136,174
6300214265,174
6304209401,174
B011T0C71E,174
B006Z510Y4,174
B004DMIIPK,174
B0017ANB08,174
B00005V4XW,174
B00FGEO9NE,174
B00915G6SU,174
B000005QH3,174
B004XCM89M,175
B000XUOIQY,175
6304167660,175
B00TI5RQL4,175
B00003CXKA,175
B00938UVC2,175
B0001NBMFI,175
B000F9SO0O,175
B00005JLF1,175
B000FL7CAU,175
6305538972,175
B00113O7MM,175
B00CTMQ7WM,176
6304674228,176
6304342462,176
B00CC34978,176
B00HW3EI3I,176
B00HSKI8GS,176
B0021L8UO4,176
B01BL87PBG,176
B000RGN2IY,176
B00BFCMXRK,176
B0019ESNFU,176
B00005JOUX,176
6300247104,177
B00RYZFNZG,177
B002BFBAYW,177
B005LAJ1LS,177
B001AQO3SS,177
B00N1JQ1IM,177
B002DKGWSE,177
B01603ANBQ,177
B001TRDQIQ,177
B017DYVF40,177
B00O1D3C3E,177
B00005JLGP,177
B000GY75JE,177
B001H9MYPW,177
B002ZG99UY,177
B000WGTD82,178
6303079709,178
B00005JM4Q,178
B000E5LEXS,178
B00VC1YFFM,178
B00LOCLBWO,178
B00OZOIETQ,178
6303610811,178
B0058YPILY,178
B001M5UDGS,178
6305678715,178
6303824382,178
6305492247,178
B009HIKAN8,178
B00005N7Z0,178
B00003CXLS,178
6300181510,178
1415723427,178
B0001US67I,178
B00G3BVTKA,178
B000OY8NCE,179
B002VKB0MO,179
0790733927,179
6303433782,179
6303823351,179
B00DW5IKN4,179
6301221486,179
B00005JL7Q,179
B00UHAJ24S,179
6302685141,180
B00007JMD8,180
B000UY6OU6,180
B00E1LQRWY,180
B002JVWR4A,180
7799127775,180
6301971663,180
B001QOGXUA,180
B004EPYZOE,180
079073124X,180
B00AZMFINM,180
6305814694,180
6301798562,180
B000FOPPC4,180
B0001LQJQW,180
B0001NBMAS,180
B000EXDS0C,180
B000EQHXNW,180
6300181847,180
6304136242,180
B00005JNC2,180
B005N95QUM,180
6301798732,181
B0018CWEZ8,181
6301175239,181
B0014F20GM,181
B009MO5E10,181
B00RDCKLHA,181
6303052630,181
B0002PYS5G,181
B0009K75M2,181
B000CPH9Q6,181
6304429703,182
B000003KDD,182
B00008XERA,182
B010E1H2CS,182
6301065573,182
B00005JMIJ,182
B00BEL4QFO,182
6303471552,182
B00003CXWJ,182
6301562925,183
6304681372,183
B00029LNZA,183
B0001I551K,183
0790734966,183
6304340486,183
B007KAUWO2,183
B01AYDOI1O,183
B000059H6T,183
B00G7QQ1Y0,183
B005LAIH9A,183
B0000AQS18,183
B000GG4Y5K,183
B005HS4CUY,183
B000TGJ8B2,183
6301412761,183
B009KU2MAM,183
6304779607,183
B005DJ7AYC,183
985357456X,184
B00005ATQJ,184
B004KPD1IO,184
B000ASATZ8,184
6303057942,184
B00005K3NW,184
B003JZCVR8,184
B00O7LYMIO,184
B000AA4JKW,184
B000M343BC,184
B0010YVCB6,185
B00003CX73,185
B01BTDOSTK,185
B0000A2ZNX,185
B006TZPW2Q,185
B00APW2U88,185
B00008MOUP,185
B003P0W1KE,185
B00005JLEW,185
B00J3GJL52,185
B004HO6HY8,185
B00003CXIU,185
0780622537,185
B00005JNQA,186
1558908382,186
B00BIR2A3E,186
630557605X,186
6305428255,186
B00LM4A21A,186
B00HNTIXK0,186
0005019281,186
B001FB55M6,186
B0009WIE34,186
B004LWZWBU,186
B008VPCL7G,186
B00006WUWP,186
B00005MKXB,186
B001FB55LW,186
B000068MBI,186
B009OD8XQC,186
078322995X,187
B003OCWF6I,187
B000Y5JFNY,187
6304297912,187
B0001AW0HU,187
6302309506,187
B00009XITR,187
630197753X,187
B001PR0Y7Q,187
B00XX3VR0S,187
B00ANRG432,187
6304068522,187
6302254132,188
B00GDEZP52,188
6304308396,188
B005SH63HO,188
6305428220,188
6304386168,188
B00IK481FO,188
B004EPZ01G,188
B00GRZPQX8,188
B000P6YNSE,188
B006VRRGOO,188
B00003CX9I,188
B009AMAH9I,188
6302481791,188
6300249964,188
B000035Z1M,188
B000274T94,188
B002SAJ6E6,189
6304457316,189
6305416222,189
0783240473,189
B00U7M7UPY,189
B00A8LYYI0,189
B00D9EJFT6,189
B000B6TTBE,189
6302418828,189
6305622825,189
B00008YGRY,189
6303579396,189
B001FB55N0,189
0788812467,190
B00003CXPO,190
B003L20IF6,190
6301802322,190
B0039USJBK,190
B0169PXGFU,190
B0093DFM8A,190
6300248135,190
B002ZG9990,190
0767836359,190
B009AMAKBI,191
B001JQ31LO,191
B000TQLJ4Q,191
6302375770,191
B001G619C0,191
6300248097,191
B006WN5W5M,191
B0019LY5IM,191
6304056958,192
B008GM1012,192
630448187X,192
B0054K8JSG,192
6304331851,192
B00UOB45DI,192
B011MUA8B2,192
B000TBG98M,192
6302676711,192
B0000633LO,192
B000R20164,192
6305214522,192
B00OMCCI8Y,192
B00AKIPAG6,192
B00753MAXA,192
6304504039,193
B003B3V0UM,193
B00005JMCW,193
6305800073,193
B000I0RNVQ,193
B00AW9M4FS,193
B01D9EUNBY,193
B00000F3GI,193
B00LO1T5GE,193
B00GST8UH2,193
B00FR23QNE,193
6305922640,193
B00000G3L0,193
6303407188,193
B00FFB1KTE,193
B00UZ2O4D2,193
6304097050,194
B009AMAJVO,194
B00T6QIZ7O,194
630595805X,194
B003L77GG0,194
B00005JKWI,194
B000060OFU,194
B004EPZ08O,194
6301759079,194
B00006JDVX,194
B001B2U1AA,194
6305342741,194
B00388PK7O,195
B0012KJ0DK,195
B0027VST2Q,195
6301963717,195
B0012QCZ5O,195
B00DMK6WN4,195
B000JJSJO6,195
B017Y394CA,196
6300214346,196
B0017HRJ04,196
B00003CY5C,196
B00062IDLA,196
B004CFH9F8,196
6300214621,196
B00005NKSD,196
B00AENNHOE,196
B00006G8J8,196
B00000FYPB,196
B00005JP96,196
6300247090,196
B00006HAWN,196
B000X1Z0BU,196
B00GST8RJ8,196
B005S9EJVY,196
630156118X,196
B00005JOXC,196
B005LAIIAI,196
B000066HAS,196
B004UMAPUO,196
B002N5N5M0,196
B00NPHDBUQ,197
B0006210ZG,197
6303039456,197
B000068DBE,197
6302503795,197
B000067J3S,197
630200098X,197
B00HEQO9DM,197
B000S6LS66,197
B00006953K,197
B0094GWPOU,198
B01DTNVGYI,198
B00001ZWTS,198
B001FB4W0M,198
B00005JM2Y,198
B00BIYQOXY,198
B001ILHY2C,198
B0006Q93AQ,198
B00O0292FI,198
6300213749,199
B003L77GGK,199
B0001NBNJ8,199
0790743442,199
B001PR0YEE,199
1582704708,199
B0015ABRE2,199
B0013GS3WW,199
6300216977,199
6304362498,199
6303467717,199
B01BIC00KS,199
6301797965,199
B004QL7JYY,199
0783234287,199
6303625800,199
B0002YLC24,200
B00ZL4Q7NE,200
B002ZG98L4,200
0783116926,200
6303170498,200
B00005JNEW,200
B00003CY57,200
B00008G629,200
B00PZX2CT4,200
B00AAQHP66,200
6303631851,200
B00005NI7G,200
6304113404,200
B001OQCVH4,200
B004L3AR0K,200
B00PMDSVTM,201
B00004WG4H,201
B001HN699A,201
B001HN699K,201
B009DS6YGO,201
B00TPL8DXQ,201
B0007KIFIC,201
6305664110,201
B000HEVZ9E,201
B0007KIFI2,201
B000CCRMNE,201
6300216047,201
6304681526,201
B00E1LRCY6,201
B004LWZW2Y,201
B00005IC52,202
B0009TIAI6,202
630251018X,202
B002ZG9724,202
B001NPD9JA,202
B0021L8UG2,202
B01A9R6C1O,202
6300215555,202
6303929338,202
B000A343RI,202
B000CQO6IY,202
B002ZG996I,202
630428540X,203
6302969972,203
6303542352,203
B00003CXPD,203
B00005JM3C,203
B00E3UN6N6,203
B00005JP63,203
B0000040H2,204
B0090SI3DY,204
7799145048,204
B00005JKL8,204
B0001A79G2,204
B009LDCX1Q,204
6304286422,204
B000E1MTZE,204
B0041KKYDI,204
B00004Y2R4,204
B013P0X1HK,205
B0013FZUQK,205
0767817664,205
B00003CXWM,205
0783226853,205
B0059XTUB8,205
B00003CXJ4,205
B005F3XV7Q,205
B000035P86,205
B0000897EG,205
B00008YOD2,205
6303964788,205
6303964745,205
B000RXX5XE,206
B00ECFEL2C,206
B0032LV4NG,206
B000056PMV,206
B00BARKZ1G,206
B000LXH0AY,206
B0009ETCVA,206
B00HS2OWNO,206
B00HW3EXCE,206
B011KME78M,206
B000056KQN,206
0783231032,206
B0092QH902,206
B000089RT0,206
B00R041FXA,206
6303853102,207
B002RUNMMO,207
B00EAPC860,207
6303909949,207
B002R0ELCY,207
B018AXRKFG,207
B00M0GM2NA,207
B00FE5MX74,207
B0185P7LO4,207
B01HH7KC60,207
B00067BCB8,208
630251004X,208
B001OQCVI8,208
B00005JNDZ,208
B001J4E19C,208
B00006RCNX,208
B005HWAOHK,208
6305112878,209
B001AQO3WY,209
6303066720,209
B00005JLR1,209
B001BMGXTI,209
B001NFNFIK,209
6301643410,209
6304054777,209
B00CYQXATG,209
B00BEIYIUA,209
B000T2MYZ8,209
B000003KMM,210
B00R041CT2,210
B0049EVR32,210
B00FYPEEFS,210
B0053ZHZI2,210
B01DPW1A0I,210
B001AQR3LC,211
B0016Q2D66,211
B00KDF2NL6,211
B00003CXQS,211
B0017MO10U,211
0784011648,211
B00003GPEZ,211
630438551X,211
6304288433,212
B0083UH5U2,212
630402925X,212
B0002WZTCA,212
6304037279,212
B0113FXB9W,212
B00CEAXE7U,212
B001394S1E,212
B00005JP97,212
6305168822,213
6305574944,213
B00005JP03,213
B0007V6ITE,213
B0001K2L4W,213
6303124798,213
B00008EY9G,213
6304679661,213
B00LKCQONE,213
B003CPPY74,213
B000NDJGTK,213
B00DXLO086,213
B00DSAUH0W,214
B0084IHVUC,214
6304457359,214
6302409365,214
B000EULJZ6,214
B00QXIIZ3W,214
B0007Q6VXC,214
B005QODEEE,214
B000PE0G0A,214
B00TKIJGDA,215
B0002DB52M,215
B0019EXZY4,215
0767805534,215
6304416415,215
B00005JM1F,215
B01169SSOI,215
6304316267,215
B00005JKYX,215
B008SBXFNM,215
0783227361,215
B000U1ZV6M,216
B00005UV34,216
B000055Z8E,216
B0010YSD7M,216
1572522232,216
B00GOVRVTM,216
6302413435,216
B01DYX9W0I,216
B000777IJ2,216
B00JH4U9GK,216
0790732300,216
B003YKYX7O,216
B001FB55KI,216
B00N5AICVQ,217
B000FIMG68,217
6300216543,217
6303686850,217
B004A8ZX3C,217
B000LW7N6G,217
B000FAOC2M,217
630321245X,217
B001UV4XUQ,218
B0001DA0B0,218
B00IXGU2TM,218
0780622383,218
0780623614,218
B01AH3QQ1Q,218
B003BEDAVS,218
B00005RRG7,218
B0007QS22K,218
B00014NF02,218
B000ERVJKE,218
B0019CB5T8,218
6305238065,218
B00189PSQS,218
B001UJE98Y,219
B000BZISRG,219
6303149200,219
6302482712,219
6304458975,219
B000V86OKG,219
B000A2WP7O,219
B00440FO6M,219
6304961693,219
B005LAIH86,219
B001CQONOA,219
B00DHB3U4W,219
B0000TPA6K,220
B00000JQUA,220
B00005JKLQ,220
B004I9SJFW,220
B00005JLQ8,220
B00W3JQXUM,220
B001TGU6IK,220
B001HN697M,220
B004G5Z0DW,220
B0002COTDA,220
B000K7UBWK,220
B005FITIK0,220
B00005T33W,220
B000C65Z20,220
6300215628,220
B000E1E7UE,221
0792836685,221
B00DL47V1S,221
B000GH3CWK,221
6304196784,221
6300214192,221
B00094ARGY,221
B004EPYZNU,221
B000XA5K4I,221
6300213900,221
B008RV5K5E,221
B00MFCPURE,221
6305161879,221
0780621832,222
B0077MFBYO,222
5554454828,222
6303046436,223
B001LK8TEM,223
B000096IBT,223
0783225911,223
6304561873,223
B00006LPHA,223
B009AMALLM,223
B00005JMPT,223
B00JV0547O,223
B01GP4HSH2,223
6302380294,223
B00QTKCP58,224
B001AQR3J4,224
6302269431,224
6304481691,224
B01A9LM9B2,224
6300214710,224
B00164KYV4,224
630130053X,224
B001SO6KNS,225
B001HN69B8,225
B00BEIYLAW,225
B008OHV5R8,225
B018TNBX50,225
B000T9OP7G,225
B004A8ZWWO,225
B002AMUDK8,225
B005GNZRMW,226
6300267962,226
B0000E32X3,226
B002ZG9904,226
B008I34YYY,226
B002XTBEDI,226
6300215520,226
B009CW565G,227
B0000524E5,227
B002ZG99MC,227
B0021L8V3Y,227
B00005JMYF,227
6303464831,227
B000056OCJ,227
B004LWZW24,227
0792844645,227
B002UNMW7O,228
B00O9ZSKIQ,228
B0115NB7N4,228
B00008YNI2,228
B000YABIQ6,228
B00L9FLO5K,228
B000067IVT,228
B00020BVYW,228
630242335X,228
B00JU94ZPS,228
B00005JPKE,228
B00097DXFS,228
6301972279,228
0783217048,228
B00915G6R6,228
6302797535,229
B0000D9PNX,229
0767827759,229
6302238331,229
B005D0RDU2,229
1559408758,230
B00EEE999G,230
6304100507,230
6300185788,230
B0001NBNFW,230
B0001US8EE,230
B00005JPE3,230
B00006681E,230
B002JCSWVG,230
B00005JOZI,230
6300214222,230
B0007QS324,230
B0189Y6HHI,230
B000063V8U,230
B00149JKDO,231
0784011370,231
B004YM6JK0,231
B00005UQ9W,231
B000UAE7O0,231
B0000VCZNE,232
B00HQOFIA0,232
B004AE3QY4,232
B0007P0XBO,232
B0007P0Y7W,232
B00019HOR2,232
B0062P332Y,232
B000E6ESIK,232
6305017271,233
7883666630,233
B0079ILHRG,233
B004DY3N9Y,233
B0000CABE6,233
B00IQ8TT0K,233
B0038M2AWI,234
079074676X,234
6303450083,234
B001REZM74,234
B00GZ0ML2Y,234
B0083UHIPE,234
6304411448,234
630243078X,234
B005LAIH1S,234
B00005NFL9,234
B00005JKTI,235
B000TYV3C6,235
6301963725,235
B005S9EL3K,235
B0000A5BSU,235
B005BPTLIQ,235
B000MQCBSQ,235
B002QW7AJY,236
B007NU54H4,236
6305432317,236
6300214508,236
6305428247,236
B000Y7WGP6,236
B00IKM5L6I,236
B0009S4IHY,236
B001DTUTU8,236
0783227272,236
B00X797NJW,237
B0007Y3XRG,237
6305627401,237
B003Y5H5FG,237
B00WDQNYUM,237
6304111231,237
B000035Z1R,237
B013TFJ4SQ,237
6300214311,237
6300248089,238
B000TZJBP6,238
B001WAKOX0,238
6303696813,238
6305248869,238
B00005JN5T,238
B003UESJHY,238
B0053O89KG,239
B00P6VLL0G,239
B00930LIT0,239
6303153461,239
B006HGXGWU,239
B004EPYZOY,240
6300247031,240
B00S9XHJ86,240
630434063X,240
B00008NV4G,240
B00IWULSTC,240
B000BYA5GE,241
0790740443,241
B0019LY5IC,241
0783229569,241
B019FIFS9A,241
B007HHWJD0,241
B00CJ5BG8Y,242
B003L77FYS,242
B004JUJNNC,242
B00005JO16,242
B00003CY67,242
B017O74PPM,242
B00005YU1M,242
630426786X,242
B00TFGRY4U,243
B000OVLBG2,243
6305229449,243
B0011G6FDI,243
B00004Z4WQ,243
630179513X,243
B00005NB93,243
B00006AUJR,244
B00HUTPK4U,244
B00SB9SL3A,244
B00006AUMZ,244
7883631101,244
6305417830,244
B009XTF8JM,244
B000065V3K,245
B007EQR970,245
B0081FSMMO,245
B00TPN7EES,245
B00008NRI7,245
B0053O89IS,245
B009H3LNW0,245
B00000F2UF,245
B00003CX44,246
B000A0GYUU,246
B002ZG97RY,246
B000063V8T,246
B00OJMC8TQ,246
B0007R4SWM,246
6302728657,246
6301398912,246
B004A8ZWW4,246
B00DL47KWI,246
6303949436,246
B00006FI0S,246
B00TGF9GGO,247
B00005JLYP,247
6301008944,247
B00003CXO1,247
B00J8LXD56,247
B0000SX9MS,247
B00O4CTSHG,247
B003ES5JDS,247
6301971175,247
B00EOHGQPI,248
B000NE4SMO,248
630580706X,248
B00008YGRR,248
B00094AS9U,249
B0009PBLRM,249
B00003CY5H,249
B001HVZOA2,249
B0009UC7MK,249
B00BPRI6WG,249
6301932420,249
B000OVLBFS,249
6305171769,249
B002RD55NK,250
B0016MLIKM,250
6304039530,250
B000HWZ4HU,250
B0007Y08P6,250
B000QDLSR0,250
630347327X,250
0780635299,250
B00AWN5ASW,250
B001UV4XS8,250
B00015HVI8,251
B000BVM1SC,251
B00A6HL704,251
6301971809,251
B00062IDCO,251
B0077ATSU4,252
B00NO834N0,252
B00900WLBW,252
B00GMV8KGW,252
B00HUAH1H8,252
B004X181TY,252
B00695E1BY,252
B00DL477I0,252
B00ARA4SLU,253
B004EPZ03O,253
B0009NZ2W4,253
B001O4C6NA,253
B0007A0F4E,254
B004LWZW2E,254
B017SQVOSA,254
B000N6UF0G,254
B0195XEGJS,254
0784013470,255
B00DB43PLI,255
6304819927,255
B00Z710V6K,255
B00APH7PTC,255
6300214184,255
B000069I5V,255
B006W8CJ1W,255
B00005JPFT,255
B00116GEK2,256
B00AQAZZ40,256
B00005JPL5,256
B003L1ZWG2,256
B0036EH3X4,256
B00008KDGZ,256
0788832182,256
6303651488,256
6305718903,256
B002ZG97XI,257
B004ZDY400,257
B0009X7BD2,257
B01AKEGU1S,257
6303305520,257
6302662591,258
B005FISBV2,258
B003NKU9AK,258
B00AMSLDW4,258
8379891716,258
B0041KKYH4,258
6304946805,258
B002R0EIVI,259
B002IDVUJM,259
B000MRA58S,259
B001L2ZSKS,259
6304618352,260
B00092ZSQK,260
B00DEKKEPO,260
B007L6VRHG,260
B00005R874,260
B0002T7YEY,261
1424819210,261
6306012400,261
B002LFPBOM,261
B00011V8HW,261
B006U1J5ZY,261
B000M4RG0Q,261
B01BTDOSSG,261
B00APOQR4E,261
B000CCW2VQ,261
B00005MKOL,262
B00NT6NGT4,262
6304153791,262
B003Y5H5GU,262
B00029NLGY,262
630202028X,263
B00003CY5U,263
B00GTZWZH6,263
B000VM8YCI,263
0792145496,263
6300147444,263
B018IDVB6W,263
6305426651,263
B00NGL7JK4,264
B00006422R,264
B00066FPCG,264
B019WMTVLA,264
6300182304,264
B001MVYUQG,264
B0000063XU,264
B00009IB3B,264
6304795254,264
6305177473,264
B00DOBD482,264
6303313345,265
B003JLL2RW,265
B005S9EJGO,265
B00005JHAA,265
B0090SI42Y,265
B00005JLQE,265
B00AEK9BKQ,265
B001993Y2C,265
B0000640VJ,266
B000MXPE7Y,266
B002Y5UCOS,266
B000M4RG4C,266
B00188M5TM,266
6304844948,266
B0177ZM3JQ,266
B002QEHPQA,266
B0021L8UXK,266
6304285396,267
B00P8KD29I,267
6305958041,267
B004P1IXJ0,267
B00018U9FW,267
6300247821,267
B00Y7R9FWQ,267
B001QOGYAO,267
6300270270,268
6300267830,268
6303430570,268
B0021L8V34,268
B000FGGE7C,268
6300214567,268
B00TRK0ODC,268
B0012QE4Q2,269
B00005JPOE,269
B0017APPSE,269
B0027BOL4G,269
B004EPZ03E,269
B00K2CI184,270
B004EPYZVW,270
B001D2WU9I,270
0792834976,270
B0059XTUR2,270
B00008AOVL,270
B00005JNLQ,271
6301777387,271
B00HQF9TFO,271
B004IWR06S,272
B001QOGYBI,272
B00MEEVVV2,272
B005NKIPWC,272
B005LAII94,272
B00005JPAS,272
B001WAKOW6,273
B00HNX29S8,274
B001G0N22G,274
B00NW6KRZM,274
6303047564,274
B01F2R9WVS,274
6305438137,274
B003L20IG0,274
7799437278,274
B001HN69CC,274
B005LAIHBS,275
B004A8ZX32,275
B00VUK505O,275
6304107250,275
B00005JNQG,275
B00007JGFY,275
B0009DWL96,275
6301590740,276
B00AT6NUN4,276
B00915G6WQ,276
6300181987,277
B0046GDYLQ,277
B004B63M1S,277
B003EYVXTQ,277
6300269477,277
6304457278,278
6304675348,278
B00J9C0DRU,278
B00016MSVM,278
6304239149,278
B0009NJFPO,278
6301106482,278
B002UZCJ8Y,279
B00003CXKJ,279
6302541743,279
B0064JV4RY,279
B018V20152,279
B001CTA1UM,279
B003L77GMO,280
B010NDZJ9A,280
B009AMALBM,280
630468150X,280
B00004TQF7,280
B0012Q732O,280
B00BAQZDU0,281
6305128952,281
B000063V8R,281
B00005JOQB,281
B0046H0HZ6,281
B002AMUDJY,281
B009D4SQEQ,281
B018IDVB3U,281
B002AT4KA0,281
B001BCO8XQ,281
6302256615,282
B000E1ZK5A,282
B01DD4KNQK,282
B00BEIYNIW,282
B004P1IXHW,283
B00YT8SFR4,283
6301971345,283
B00003CXHJ,283
6301390725,283
B0093DFMJ4,283
0790733919,283
B00005JNX0,283
B00J5LXT44,283
B00006LA87,283
B001LM6VTU,283
6304406096,284
6303122876,284
B00BEIYRQA,284
B002N7HXJ4,284
B00BEIYG98,284
6303012140,285
6304698771,285
6305034397,285
B00004YWJE,285
630428845X,286
B000LC4ZI0,286
B005S9EK1S,286
B00LMJUOWC,286
B000E991HA,287
6304240554,287
B00OKB80KW,287
6303192254,287
B000PGTPH8,287
B009LDCXNY,287
B00IV3FLO8,287
B001DJ7PR8,287
B00HLSW674,287
B001XRLWPQ,288
B005LAIHHC,288
079073463X,288
B005OK721G,288
6305240655,288
B0007R6Y06,289
B0009UC7HA,289
B00B52F278,290
B000TJBN7Q,290
B0058YPL66,290
6301967275,290
6303167314,290
B002ZG99HC,290
6304415346,290
B005LAII62,291
B0009NSCRQ,291
B00005JOIH,291
B0033AGJ5Y,291
6301767918,291
B00O7LYUXQ,292
B005LAIGPA,292
B01E0833YC,292
B001FB5634,292
B0000060X7,293
B00164KYTG,293
B00KINIOVG,293
B00OBIA3KE,293
6303954103,293
0790729342,294
B016P01W4G,294
B00007L4OF,294
B000A6CLL0,294
B0072OFOM6,294
B00KO10QH2,295
B0021L8UPS,295
6300214664,295
B005LAIGLO,295
B005LAII2Q,295
B002VL5BWS,295
6300247236,295
B001AI7766,296
B0002Z16HY,296
B000BKDNX0,296
B0118S73VG,296
B0007R4T3U,296
B016BSPP4K,296
B001NPD9RM,296
6304872402,296
B00005JPNY,296
6300216748,296
B005LAIGSM,297
B00ZQ36R4Y,297
B0000AKCKI,297
B00004W46I,297
B000MRA59M,297
B00P2LVW9K,297
6305428115,297
B00OBIBCXQ,297
B000YAA68C,298
B00E1LSX44,298
B00005JKJM,298
B00DXP7L88,298
B00002E23H,299
630176031X,299
B00592CZRK,299
B004EPZ0BG,299
0784010331,299
0788857746,299
B00005JLT5,299
B001GCUO7K,299
6305006598,300
B000068DBD,300
B000ZOXDG4,300
B00IKM5OYW,300
B00GEKO51U,300
B0024396EW,300
B00LU7K55M,300
6303651453,300
6300184269,300
B00003CXBK,300
B00H5RYN5Y,300
B00GD9GNEY,301
B00005ALS2,301
B0026OE2O8,301
630339406X,301
B008U1ANHG,302
B000057X1R,302
B000R7HY0K,302
B004BLJQOK,302
B00177Y9ZC,302
B00AW9M7TG,303
B005FITIF0,303
6305076154,303
B00K2CI0HG,303
6303364438,303
6300213781,303
B001LPWGBY,304
B000062XFG,304
6302484367,304
B001GMAVGE,304
B00M4A93NY,304
B00008G8A7,305
B00ZRBQVVO,305
B002SAJ6EQ,305
B00MAMZ17S,305
B001CEE1VC,305
B001BGS16W,305
B004EPYZCQ,305
B00005JLD4,305
B00AIBZFDI,305
B00004RYKP,305
B00YS4V5BC,306
B000X1CMXO,306
B001GUYAZY,306
B00005JMET,306
6305326940,306
B00AQ5U234,306
B00DGCIYZC,306
B006ZL2T66,306
6301666569,307
B00FKT9DYK,307
B00466HN86,307
B01B8836R6,307
B005UXJNPU,307
B00DL47424,308
B000127LW2,308
B00PLEF4XS,308
B002EEOE34,308
B00UL9050A,308
B000009S2E,308
B00O5AJRAU,309
0792846133,309
B00003CXN4,309
B000RO6JZ4,309
630587493X,309
B015EVT7FI,309
6304359721,310
B00009RG46,310
B0002Y69LI,310
B005EWRJGM,311
B000QUEQ4U,311
B00005JPKW,311
6300215954,311
B0033AGJ68,311
B00005JMQZ,312
B005LAII0I,312
B000AE4QD8,313
B000059TQ9,314
B00NH0MC4W,315
B00LPPIDSA,315
B005FLCD1I,315
B017RR6YJE,315
B01G4N5Q0A,316
B0009PLLN6,316
B00FEHCQYW,316
B0053O8ALE,316
6305132143,316
B000W668R6,316
B012BPM40U,316
B0016KHA10,316
630266232X,316
B00005JLRT,317
B001GCUO0W,317
B01AJV0CSE,317
0792839072,317
B00E8RKHWW,317
6305537798,317
B00005JKMY,317
B00DCLT8RA,317
B00WRNGTRG,317
B001RTSPVY,317
B00C12ZIN4,318
B002AL2TYC,318
B004MYH08U,318
6304258984,319
B00XVJ3MW0,319
B00008DDVU,319
6305692688,320
6300275310,320
B001MYIXAW,320
B00A6UHBJM,321
B00R6HLE1O,321
B01EK44KXE,322
6303269826,323
B00000ILEA,323
B005LAII1W,323
B00003CXFU,323
6304044836,324
B00009OOFB,324
6304039255,324
B005S9ELVC,324
B00198X0UO,324
6302078164,324
6305365121,324
B00000ILBK,324
6302800420,325
B00KVFHBLK,325
B000IOM9VQ,325
B000WMA6H8,326
B00WSJL4JC,326
6305949638,326
B004QOB8UC,326
B004QO9H28,326
B0090SI55A,326
B001FB4W0W,326
B001N2MWGO,327
B00YCY46VO,327
6303257844,327
B00004YA66,327
B003L77G6A,327
B019EC9R4E,327
B00004Z4WR,327
B00004RYSN,327
6302946387,328
B009B8YZIK,328
B01G71NN3Q,329
B002VKE1K2,329
B0007N1BBC,329
B000003KHS,329
B0007LPLMY,329
6305470448,329
B00MO21WAY,329
B00CYQXGMW,330
B00SYX6J2I,330
B0058YPG1G,330
B00003CXI6,330
6305784906,330
B004EPZ06Q,330
B00275EHJG,330
B00150N8EY,330
B00M0GM72Q,330
B00ZPH4SAQ,331
B004UXVDJA,331
B003VWDK06,331
B000W07EKW,331
B004EPYZTE,331
B000BMY2NS,331
B00DY64BLG,332
6303118240,332
0788832492,332
B00005RHGK,332
B00005JPUN,332
6300213501,332
0792157850,333
B0034G4P7Q,333
B0001KL5DA,333
B0007RUSGW,334
B00O4ZC5A0,334
B000WMA6R8,334
B0011HOEY4,334
B000022TSH,334
B0001GF2F6,335
B00GMV8JVI,335
B00QHIRRSC,336
6303398480,336
B005LAIGY6,336
B003CI2G6S,336
B005HI4LMS,336
B000083C6V,336
0790729709,336
B001FB4VXU,336
6303972969,336
B003Y5H54W,337
B00R041BVQ,337
B00LOCLBVU,337
B00005ALS0,337
6302259096,337
B00003CXRA,337
B0090XUARQ,338
B0058YPGVQ,338
7885142523,338
B003TO541O,338
B00BEEKN26,339
B00FXWAZX2,339
B00005Y6YJ,339
B00BNWWVFG,339
B00DL47YY2,339
0782008372,339
0790736527,340
B000G6BLWE,340
B000059HCH,340
B00ICWO144,341
B000056VP3,342
B017NNN31Y,342
5554452574,342
B001GCUNWQ,342
6304383827,342
B00SADQOEU,342
B0002VEUTY,343
6304233965,343
B008220AGC,343
B00001IVEC,343
6304111258,343
B01CE00Q5C,344
B00CENSU1W,345
B0009I7NGW,345
B00505QA90,345
B000BOH98G,345
B0007IF19K,346
B00005JND5,346
B000VSDNF0,346
6304353634,347
6301963660,347
6301773578,347
B00076SCPW,347
B005N4DMMG,347
630420065X,347
B00915G6Q2,348
B0090JBD8A,348
B00683T51S,349
B000067DNC,349
B01ATCA3RS,349
B005LAJ1H2,349
B004C45AZU,349
B00005JPJ8,349
B000YABYLA,349
B000CEXEWU,350
B0018RWMNM,350
B00BEIYOMC,350
B000005QLO,350
B00IKM5LT0,351
B00AIBZJS4,352
B00005O5CM,352
B00006AGHD,352
B0038JE376,352
6305183023,352
0783241569,352
B004LWZW7Y,352
6301662954,352
B00000IRED,352
B0090SI39I,353
B0060MYL3E,353
B0000C2IQB,353
B00E00ORZK,353
B00005JNOG,353
6300988600,354
630347151X,354
B005LAIGNC,355
B001P9KR94,355
B005LAIHRC,355
0767830555,355
B00005JPNV,356
0767809254,356
B0046MOVD0,356
B001UV4XY2,356
B0013J55B6,357
B00000G3PL,357
B0059XTUXQ,357
B0059XTTW8,357
B001F76PD8,358
B013C6OW1Q,358
B00AEFXL5W,358
B001HC7XCS,358
6303521517,359
B008220BGQ,360
6303162290,361
630365147X,361
B00HLTDARS,362
B0013K7ZUE,362
078885996X,362
6303984088,363
6303194508,363
B00JJRLG7G,363
B000028U3R,364
B00QK4ANEI,364
B006OKEU74,365
B0067EKYL8,365
B00005JLJE,365
6302206294,365
B014GDAVLE,365
0792165039,366
6304613113,366
6305077754,366
B0090SI4LU,366
B00005JMUK,366
B00003CXT9,366
B006L4ZEDW,367
B000005QSO,367
6305962596,367
B004A8ZWT2,368
B000NVI2GU,368
B001PPGAIK,368
B00K80QGCS,369
B0000640VK,369
B00005JLPK,369
B006512I7Q,370
B00005JPD0,370
B00915G6MG,370
076780192X,370
B001B48C36,370
B000VWE5OY,370
B00M482XH4,371
0767803434,371
B00M7D81SQ,372
B00BEJL4XS,372
6300274195,372
B0090JBOC0,373
B01GWCB40Y,373
6301586026,373
B00BBTNOE8,373
B00L1TML1U,373
B00005JLBE,374
B006ZY0PDW,374
B00003CXMG,374
B0029O0ANW,374
6305297525,374
B00X3DC6Y4,374
B000IONJHE,375
B000OY8NII,375
B006512LWI,376
B0016Q2D5M,376
B00J9BZVQE,376
0792110188,377
B00E9FIFVS,377
B005LAIGW8,377
B00CYQXE10,378
B001AOHPXA,378
B00123BY6S,378
B004ISM6E8,378
6305358591,378
B00F37VHPM,379
B001589S0E,379
B000NOIX48,379
B00005JLTN,380
B005LAIIKS,380
B004UXUX4Q,380
6302637899,380
6300248291,381
B00005JKJA,382
6304107641,382
B00FZ4KT84,382
6300213714,382
6305657939,383
079072961X,383
6302010306,383
B002ZG98LO,383
B00003CXS4,383
6304953747,384
6303507689,386
B01F5ZY3JI,386
B002ZG988W,386
B0058N2SBS,386
B0099116AY,386
B00LY1YLKE,387
B00FRILRL6,387
B00N1JQ0N8,387
B00YHR5UW0,387
B00KACCIQM,388
6300214338,388
B005TC5AEA,389
0792153189,389
B014DEGTEO,389
B004LWZW7E,389
B001MDI9I4,389
B003L77G2Y,390
0790729733,391
B00003CXSO,391
B0013FSL0C,391
B00JPFTPDY,391
6300216721,391
B001H5X7JS,392
B007C3TVEY,393
630150528X,394
B00I6JOD8M,395
B00243HD2Y,395
0767853636,396
0790729687,396
B01AYMA95Y,396
6303212263,396
B001GCUNZI,396
B0053O89WY,397
B0049EO108,397
B00005JPAM,397
B004EPYZU8,398
B000FL7C82,398
B00005JLSE,399
B000A8NZ0O,399
B001EAWMGA,399
B003RRXU3C,400
B002CYIR34,400
B00TQ4PBBO,400
B00009W2GQ,400
B000TGUUFA,400
0792143817,400
6303365752,402
B003GAMOIW,402
B0152AVXUI,403
B00005BCPC,403
6305892806,403
B00JJ3EH6C,404
B0057GUD7C,404
B004EPYZRG,404
B00BGI07NK,404
B000IHYBT6,406
B00006AUHZ,406
B00104QSOM,407
B00000F4ZY,408
B0000VD02E,408
B000980GR0,408
B001KZIRKY,409
079284209X,409
B00008PW1F,410
B00AMR5FGA,410
B00URJFYEG,410
B00A2J92KI,410
B003Y5H57E,411
B019T8QBR4,412
B00JKE4VBQ,412
6303471501,412
6303965415,412
B00HLSW6YC,412
B008CFZQQS,412
B00003CXZ3,413
6300268748,413
B0030GCZM2,413
6303824358,414
B00VFVIJFG,414
B00007I6FP,414
B00HW3EY46,414
6303637574,415
B002VECMB8,415
6305897786,415
B0009B0GYA,415
B000YAF4MA,415
B01DZQ10M2,416
B00BMTYW20,416
6303111920,417
B00A2H9WW8,417
B00005JNEI,417
B008FCX2D2,418
B00M0GMBMC,418
0792833201,419
6300989003,419
B00005JM5B,420
B00005V3Z4,420
0767805712,420
B00BEIYGT8,420
B001HN6918,421
B00R8KIJ3U,421
B002RSDW80,422
B00RNELG5E,423
B000MR9D5E,423
B002KISB56,424
B004LWZW8S,424
6305609764,424
B00003CX8I,425
B00005JMYI,425
B009JBWOU0,425
B0053O8A50,425
B003UESJF6,426
B00FPPQYXM,426
B00127RAH6,426
B001PO5N6G,426
B005LAIHW2,427
B00AW9M3XQ,427
B009AMAKWM,427
B002ZG9788,427
B0038N9X3Q,427
B00BEIYP1W,427
B0142WELF6,428
630417893X,429
6303599109,429
B000FO0AHO,429
B005NYMXIU,429
B001HN6922,429
B0002YLCFQ,430
B00VK09FMI,431
6304119046,432
B004HO6HWK,432
0783243499,432
630211702X,433
B00RTKEFSC,433
0792839129,433
B005LAIGYQ,433
B00005JN2Z,433
6303027016,434
B00027SIUK,435
B003VS0CXI,435
B00UKSXN60,435
B019NB5EVG,435
6304328583,435
B00RD6DZL0,435
B0042AGNBE,435
078887148X,436
1563452685,436
B00FDJGL6A,436
6304030959,437
B0170FTFOY,438
6302548748,438
B00003CXQA,439
B0034JKZ8G,439
B0001ZX0OM,439
B00005JO28,440
B0006H328E,440
B005MVF65G,440
0790732181,441
B00XJ8HAHG,441
B002ZG975Q,442
B004A8ZX28,442
B00006FDCP,442
6303442447,442
B00JPFTW1E,444
B00UNONQSQ,444
B00005JMZK,445
B0001MDP36,445
B01GRU5CQS,445
B004K4FUUC,445
B002ZG97EC,445
7799146958,446
B0000E2PVR,446
B00A7ZHDOO,446
6300246876,447
B005LAIILM,448
B00004Z4U9,448
B001UV4XEM,448
B011LW42W2,448
B002SJIO5O,449
0767824571,449
B00008DDSC,451
B00005JPFH,451
B019PQ0NZG,451
B005LAIIB2,452
B005ZCSP0K,452
B002ZG9846,453
B00J2PQYWC,453
B00NGL7J68,454
630305725X,454
B003IHUI0O,454
B007L6VR6M,455
B00LG7VWIA,455
B001HN68ZU,455
6304602898,456
B000Y7ZBZS,456
0792838955,457
B000EBCJN6,457
B00005JLSB,457
B00005JPH2,457
B00HEQOD56,458
B000VKL6Z2,458
B004XQO90E,459
B005LAIH5O,460
B00005JMJG,461
B016HHR8G8,461
B00003CXP0,461
B00005JMA8,461
B00003CXP1,461
B005MQWJPG,462
B01DOQAKUQ,462
B00DV1XYTO,462
6305132666,462
B01F5ZY4YC,463
078322687X,464
B002ZG97Z6,464
B00HX0KIAM,464
6300274268,464
6302768810,466
B0041KKYEM,468
B000067S1H,468
6300213803,468
B003AIL24C,468
B0000UI2NM,470
6305568901,470
B00O20UHDO,471
B017E5806O,471
B008OPZD8C,472
B00003CXXR,472
B004R67RC2,472
B004LWZWA6,473
B004FK2MWA,473
B00005JP86,474
B000LE1DVK,474
B0000VJG72,474
B00005JO1R,476
B001GCUO5M,476
B00QKS2DP6,476
B00275EGX8,477
6300183513,477
B00J9PVE2A,477
B00005YUO1,477
B00094AS9A,479
6304744404,479
B00005JP0C,481
B002ZG9774,481
B00003CXXP,481
B00064LJVO,482
B00OUF232O,482
B00HHYF59S,483
B0012RLXAG,483
B0090SI4HO,484
B004EPYZQC,485
B00PV09C3U,485
B003NFM3JK,486
B00CZP9YWS,486
0783112750,487
B005LAIGSC,488
B00Q5NNMEW,489
B00005JPXS,489
B000NTPDSW,489
B00SHJLVWM,490
B006ZL84EW,490
0790733226,491
6303908306,491
B000GTJT0C,492
B00EJFEN50,492
B008220CQU,492
6304198493,492
B00527QY88,492
B00005JPXP,493
B00068NVMK,493
B00KPYT3LS,494
B00003CXZ1,494
B005X5XIF6,495
0800141709,495
B00VAVNN5W,496
B0090JB4V6,496
B004LWZVZM,497
B00BNH9O8I,497
B00HNGZK6I,497
B0007P14OE,498
B003Y5H5BA,498
B005LAIIS0,498
B001PR0Y4O,499
B001S3GDT0,500
B00L4K3MLE,501
B00005JNBQ,504
B004ULEEY8,504
B0000640VN,505
B0067EKY7M,505
B00005V7CT,506
B00IRD8JJ6,506
B00005AQ65,506
B00H9HZITU,507
0790729989,507
B005LAIIMG,507
B000TJ6PBU,507
B00005JN0T,507
B00005K3OI,507
B003U0AHBO,508
B0058YPKIA,508
B0046ZT40W,510
7799144076,511
B00000F5OT,511
6302320488,511
B0090JBAPG,511
B000QXDJLI,512
B005LAIISU,512
B00B74MJOS,512
B00NYC7PG8,512
B00GBZVOEY,513
B00CZB9BE8,513
B0001KL60C,513
B0019M5C0Q,514
B004C03TK2,516
B0064YOWCI,517
B016BSPTZA,518
B0007CNXUK,518
B000068TSI,519
B000BYRCR4,519
6300214087,520
6302712017,521
6304500831,521
B01GJQCZ7Y,521
0767834739,521
B0002NY8PI,521
B00UARSZXC,522
B00AW9M54I,523
B000FTCLSU,524
6305499365,528
B01GJQM5JM,529
B001BYLFDA,529
B003UESJME,530
B001L57ZZG,530
B00NJ4U5U4,532
6303574289,532
0790743213,534
B0001WTWDI,534
B001UV4XFQ,536
B002BWP2IK,537
6305480869,539
6301773551,539
B00IKM5MIA,539
B01H2JPTDO,540
B002ZG986E,540
B003Y5H5HO,541
B005FITIGO,541
0788821075,544
B00J9C07GC,544
B00005JMQW,544
6305169187,545
0792102320,546
B0000640VO,548
B0002MJT0I,548
B0006A9FKA,548
B00BEJL69U,548
B015S4DRYI,549
B0002XVQSU,550
6303921248,551
B00JLC57OW,553
B009MO5960,554
B019WMTX72,554
B00AJLHUYO,556
B009NNM9OA,556
B0007TKH66,558
B00DL47RQ2,558
B004EPZ08E,559
B005LAII5I,559
B003R4ZMQI,560
6303212395,560
B014GQ8118,560
B004EPYZQ2,561
B00SJC9WV4,565
B00560317S,565
6303122647,567
B014LIIYPY,570
B00N8JIGT2,570
0788802194,573
B016LGTB1A,574
B0021L8V0W,575
B00003CYLJ,576
B00395ATT0,576
B0009KA7BS,577
B001FBV55W,577
7883704559,579
6300213986,579
B00VSE0IMM,581
B004HO6I4M,582
B00008W64E,582
B005MYEQ4U,584
B00SFRHKAI,584
B00UI5CU6Y,585
B00Q8KCS60,585
B001GKJ2DY,585
B000MGB6N2,587
0792842111,587
B000GYI3PY,588
B00X7SIALI,589
B001FB55I0,591
B00S2LSA5G,592
B00NQE6X3A,592
B0092QDMQ2,593
0783239408,593
B00003CXRO,593
7883685635,593
B0053O89YM,593
B00005JNTU,594
0800141660,594
6304401132,594
B00H7LJ2UO,595
B00DRDBTT8,596
B00003CXXI,598
B00HUCF420,599
B0001JXOVC,599
B00UZJO7UA,600
B00005JMXX,601
B00DHB419U,601
0790729644,601
B004UXVEUS,602
B00EZQOLKA,603
B00CMHL3GY,605
B0009AK57Y,605
B001P5I5ME,606
6303049079,607
B0009WK5CW,609
B007REV4LQ,609
B015S4DRZW,609
B00005JMJ4,610
B004EPYZP8,610
B009AMAK54,611
B000A6T1X6,611
B00003RQND,612
B00FQY4C86,612
B002VWOMZ4,612
B00005JN5E,614
B0031RAOVY,614
B005LAJ23A,616
B00005JL3T,617
B00VMIWA3O,619
630442972X,619
B00JBBJJ4C,620
B00003CXRM,620
B00HLTD6E0,620
B0072GPQNG,622
B00HEPCRLE,624
B001UHOWX8,625
B0002YLC1U,626
B000A3XY5A,626
B00006ZXSK,626
B0002KVUKW,627
B00364K7AU,628
6305265496,628
B00FEP9PQG,629
B000A59PMO,631
B000E1MTYU,632
6300215695,632
0792158202,632
B00005JPTK,634
B001FB55H6,634
B00005JM0B,634
B004MKMQJW,635
B004QOB8SO,635
B005LAIIFS,635
B01CP0Q8S0,636
B00AZMFONG,636
B009SCONXQ,638
B001FB55JO,638
1562550888,639
6302168465,639
0788814664,640
B00L16P1QU,640
B0095HHM78,645
B012DWS874,647
B0051MKMNC,648
B00CWM7EPS,649
630574999X,649
630573240X,649
B001PMR2KS,650
B00003CXR1,651
B001N26GFM,652
B000NQRE9Q,652
B00006NT1R,653
B00005JPI2,656
B003A8FET6,656
B000E6EK3S,658
B009AF5OY8,660
B0049P1ZZQ,662
B005LAJ1PE,662
B01B2CX0LU,663
B014TC60LC,665
B001OQCV2E,667
B00NMF8SEK,667
B00005JPNO,667
B001HN6940,667
B00005JOX2,667
B01AHWLX2O,668
B000E5KJDE,671
B00008YGRU,672
B005S9ELG2,672
B00005JPXY,673
B000EULSR0,675
B018FK66TU,678
B0000VCZK2,678
B015S4DS1K,680
B00003OSTA,682
B00M0JU1XU,682
B001DXBUCA,684
B00004D2X8,684
B00J9BZOXY,686
B002BYYA9A,686
B00AZKY0OW,687
B004BDOEZO,689
B00J5JSV3A,690
6305368201,691
B0067EKYS6,691
6302091632,691
B00GJFX8TA,693
6303142346,695
B00KD5HFJG,695
B00005JM5E,696
B00683T5L8,697
B00H9LHVHI,698
B005LAIHUO,698
B01CUS6508,699
B00005JLWN,699
B0079JMM4W,700
B00O1D37NO,700
B0064YON8G,700
B004EPZ07K,701
6302787068,702
B00OZJ2Y38,702
B0090JBFE2,703
B00JA3RPAG,703
B000ZECQ08,705
B00DHJSXLY,706
B009AMAOTQ,711
B001KVZ6ES,711
B00G2PA0ES,714
B005LAIHZE,714
B00005JMAH,715
B00VSG3MSC,715
0783225857,715
B0177ZM3MI,716
B003UMW69I,716
B00005JPA6,718
B003UESJHE,718
B00Y11WX90,719
B002MZZMRM,720
B00D2ZF24O,720
B00WAJ8RBI,724
B00005JMFQ,726
B00ZR3W40E,731
B00BEIYNDW,733
B0001Z3TS4,734
B00KQTGWPC,736
6303212379,739
6305836663,742
6300246817,743
B00005PJ8O,743
B00A7MSQRK,747
B00PH1H6TK,749
B00000K3AM,749
B0089LX8II,751
B0000YTP02,753
B00HUCF7AO,754
B00VU4YPR4,755
B00DHRLK84,761
B004OC006Y,761
B00JVSF0T8,761
B0056IXS7S,761
B00BEJL6JK,768
B00BMRTPEM,768
B004A8ZWUQ,770
B00005JKDR,770
B000M341QE,773
B00ZS21J6E,773
B00003CXKT,774
B009NNMAZI,777
B00EV4F5TC,778
B004BDOF1C,778
B00BJ0RERM,780
B00DHJT200,785
B0087ITBT8,785
B00HW3EZZE,787
0782010792,788
B00005IC54,788
B001UV4XI8,792
6304176287,793
7883704591,795
7799146915,799
6305828075,806
B001KVZ6HK,806
B005LAIGOQ,816
B0090JB6DC,821
B005LAII3U,823
B004A8ZWVU,825
B01013C5IU,827
B00005JO20,828
B00A7ZH8GM,828
B00MK1RA4G,829
7883706837,829
B00O2IZPD8,829
B00683T5CW,831
B00DHJT5Q6,837
B01723F80E,838
B00BLOKNVK,840
B005LAII8K,842
B0021L8V1Q,842
B00QUFHWMS,850
B00003CXE6,852
B00UMDF01Y,852
B004EPYZUS,852
B004LWZW4C,855
B00FF9SKSK,857
B00GMV8M2Y,863
B00EIPEQLW,870
B00YI71PN2,880
B00HSJ2CVQ,881
B004LWZW4M,882
B008YV11JQ,886
B0000DKMK0,887
B009GG2T3A,891
B00Q7WBGHG,900
B00JKE4SVE,900
B00006JE59,901
B00MI56U6S,902
B01127XNEE,903
6303454038,904
B00BC36YWC,904
B00S6MBGY8,906
B00QUFHTMQ,907
B00B18FA50,908
B008OGIPJA,913
B00LY1YOGA,916
B00147AJQ8,917
B0032BWL10,917
B01BLH8R50,920
B00C8CQRQ4,922
B00NCDVVLY,922
B013XD39BC,929
B001ED8QRQ,930
B00M4LP84Q,931
B001UV4XIS,931
B00AAA62TI,942
B00DY64C8S,943
B0060MYM3S,950
B00BL1BIP8,955
6301966554,957
B00UJZQF5A,957
B00TYJDQ54,958
B019A3QMJA,959
6304233639,963
B01AUH49W2,964
B00005JKZU,966
B00AW9MB4W,968
B00Z9YZRVE,972
B00H9L28OO,975
B00ANT85VY,983
B001GCUNYO,986
6303482295,989
B00004Y56D,991
B00H2FPY20,999
B005LAIHQS,999
B0167IE0KY,1000
788370091X,1002
B00MEEVVYO,1004
B00M0GMC26,1006
B00005JNJV,1008
7799120991,1009
7799128836,1009
B00P1WGHLI,1013
B00EHK2S04,1015
6304994540,1026
6304994567,1026
B00XQ2EQH2,1027
B00DPL32ME,1033
7880879625,1041
B00HNH3HIU,1041
B005LAII7G,1042
B004LWZWFQ,1043
B00C888NFQ,1048
B00AIBZMD6,1053
B00HLTD8RA,1054
B0009XRZ9M,1054
B00GUO3C3W,1068
B00J22YU62,1071
B006JM1ZTI,1074
B00005JLF2,1078
B005QI4U0W,1084
B00BEIYSL4,1086
0792151712,1086
B00005JKZY,1088
B005LAII1C,1088
B00G4Q3KOC,1092
B00CWZUOV6,1102
B01H4FJR5W,1105
B01D9EUNB4,1105
B00IKM5LXG,1105
B0083UHZK2,1106
B00005JPY0,1109
630356027X,1110
B0067EKYDG,1111
6303042503,1112
B00BJ0RGCU,1125
B00LSW76MO,1127
B005LAIHSQ,1127
B015HM3E8K,1133
B00W1XYVWW,1148
B00YRV20HY,1150
B005S9ELM6,1156
B01HC3880G,1167
B00DHJT4DU,1174
B00WNBABVC,1188
B00HLTDCLM,1190
B01BDUS0NY,1194
B005LAII4E,1195
B00W605FDO,1199
B0002ERXC2,1208
B01CDT609K,1212
B00AW9M8N6,1222
0793906091,1227
B0055EAJ7A,1258
B00DJYJWVW,1262
B005LAIII0,1263
0790729628,1268
7799133104,1270
B000VS20M2,1272
B00PK7HXDU,1275
B00003CWT6,1282
B005LAIIJY,1290
B00947NAHU,1290
B00BEIYHT2,1290
B005GYJPYW,1291
B005LAIH2M,1292
B00ZGDIGZ2,1297
B005LAIIQC,1301
B008EHZWOU,1301
B0002WYTWG,1314
B00EE6C4NW,1327
B0001VL0KC,1328
B00IT70F3S,1332
B00J2T18XS,1332
B01D64VSYI,1352
B00G7M190U,1359
B000WGWQG8,1369
B003Q6D2B4,1377
B0090SI4BA,1386
B004LWZWGK,1409
B01A71FC90,1473
B00G3D732Q,1475
B00BL1BJFW,1509
B00OGL6S64,1535
B00EXPOCXY,1539
B005S9EJ14,1552
B00AF6B22E,1577
B00PC1FD9U,1583
B00O4ZC57I,1595
B00GQQ77IU,1614
B001GCUO16,1616
B00A6UHC0U,1619
B0009ESTDW,1628
7799444371,1632
B014HDTT84,1668
B00543R3WG,1673
B01DKLQMM0,1682
B00NAQ3EOK,1687
B01BHTSIOC,1714
B00GLPCKX8,1732
B001AVCFJM,1733
B00XLX0Z62,1783
B000E372ZY,1805
6305837325,1844
B00M0GM4V0,1858
B002HEXVUI,1865
B0090SI3EI,1938
B00D91GRA4,1982
B00M0GM4DS,1993
B005LAIHY0,1994
B00AQVMZKQ,2033
B00XQ142MW,2056
B00YQJRYGY,2057
B00SB9Y6KW,2119
B0063FQREO,2232
B006X040NY,2241
B0059XTU3G,2243
B00XRZU2E4,2282
B0059XTU1S,2288
B0095HHLMO,2290
B00DY64A3U,2328
B00M25EALG,2350
B00V950K3C,2351
B00S1ITA2W,2373
B00AS1Q8FW,2454
B00006CXSS,2584
B00YSG2ZPA,2606
B00NYC65M8,2632
B00FL31UF0,2633
B00OV3VGP0,2726
B017S3OP7A,2789
B009934S5M,3552
B00Q0G2VXM,4193
B00R8GUXPG,4194
B00PY4Q9OS,4196
