user-id,0,1,2
A10175AMUHOQC4,-0.018287448809392592,0.005230333653061609,-0.00549295417954956
A101IGU6UDKW3X,-0.018246077201496954,0.0013093068013851116,0.007189845261593681
A103KNDW8GN92L,-0.018263192366113176,0.0008850358960818572,0.003830895891917638
A1041053SID37WN8GTT8,-0.018303432726655487,0.013958373981189131,-0.009285588368724723
A106016KSI0YQ,-0.018227421206823212,0.0009238045538031612,-0.0037912795291115808
A106YXO3EHVD3J,-0.018268556042169135,0.0007144145759105672,0.0066987939478960964
A1074GBGMK6136,-0.01832815966733533,0.028680232301766247,0.0021365335913069833
A107ZX1O8JZCN5,-0.01823762455409884,-0.001219446672139021,0.00543773160764171
A10872FHIJAKKD,-0.01824032268252738,0.0008680275746982723,0.0008315344933056593
A10CJINP7KBR4W,-0.018255330308946067,-0.008251111241091545,-0.008980663664837622
A10DB0H2NZF11E,-0.018242348786460062,0.0017891468726591122,0.0010700231878842652
A10E3F50DIUJEE,-0.018245667026205673,-0.004249234664143524,-0.004287703467182642
A10H47FMW8NHII,-0.018293587041378484,0.002135866138290705,-0.013223970032574812
A10H52874HQ6HH,-0.0182836776060813,0.007631812834770151,-0.01030297218190518
A10JDPEQ8GJ2K1,-0.01823376343781516,-0.004666541905334561,-0.009131750092673545
A10KEYE8DO4Q0V,-0.018275791342292777,0.002379923891408255,0.004194690993006713
A10KK981NCHT9Y,-0.018273373872181888,0.005635124612528201,0.010903691739614994
A10M1X244SBWTD,-0.018287421727404274,0.011363077176277577,-0.004905719586372452
A10O7THJ2O20AG,-0.018328974981058045,0.01878334045054914,-0.01569462049752214
A10ODC971MDHV8,-0.018431723584632832,-0.022330153620062788,0.0051910967423284765
A10OIC8PYVCDOS,-0.01831472881452365,0.026897416230159465,-0.008311722309763533
A10T3NAGJRU4EE,-0.018261207167164513,0.0026474131532394397,-0.004187244409077849
A110FNZSZQSKCP,-0.018279511148581073,0.0005291750668065301,0.0033414406649172447
A111CSAB9KUP7V,-0.018266572625508095,0.008937283979743972,-0.006789355030353315
A1129LM24YWSZV,-0.018247540608610027,-0.0016053940554073855,-0.0024036320095301117
A112HYBLMBS7P6,-0.018277979554095405,0.004394436583021286,-0.00265968846610524
A112NIDJZLT2RY,-0.01822883974101486,-0.010042421460935503,0.014429424175380292
A113YU3OXKSKQU,-0.01826659619884027,0.0028129087975517315,0.0029026943944223875
A115DNKESW9EAE,-0.018272275505856906,0.00022921130368224862,-0.002137026182574727
A1180YL8VBJH8S,-0.018295645789397852,0.0027193412930570215,0.000350637662915855
A119YSLCAGGM25,-0.018246358705425327,0.003417288040497467,0.001994935334310263
A11C43I615R52G,-0.018264954620582686,0.0019216097786861443,0.0011262616324763572
A11ED8O95W2103,-0.018192863168948265,-0.017196534643773707,-0.01922337969298173
A11EPK2YPTYF04,-0.01822026700509959,-0.023520051619742507,0.008997734920601054
A11GBTUGNRGCR8,-0.018301151503606866,0.008113616523770021,-0.006359054724384591
A11HXVC8Q42MYX,-0.01829577149749126,0.003839010601406438,0.014407274909456725
A11IR70Y60MNKT,-0.01822494649191934,-0.015875436133578877,0.02057836328158685
A11J6CFP5DCBTE,-0.018329636578062337,0.0036847427156670902,-0.01656009661823588
A11PE8VFYDJL8J,-0.018236340841528212,-0.0030067614142344724,-0.0025220305069028953
A11PTCZ2FM2547,-0.01814802684763563,-0.03616497870413927,-0.027319097529140902
A11SPSEM08VIXX,-0.01826156926439181,-0.010398028275561891,-0.005475290548453467
A11TUHEHHENLBC,-0.018152484391826776,-0.04538848781546348,0.042687524577468286
A11TXTVCFT246T,-0.018314087048137296,0.009287465615739758,0.01474585115152888
A11U69E7T7R7ON,-0.01830113504222319,0.005692339157524681,0.0034208138263093894
A11VF5HT9155MY,-0.018280898737897008,0.006741194055888175,-0.005724839638490915
A11X4QN3ZHR6E4,-0.018253923583289047,-0.0020622036086933053,-0.0003329591957448315
A11XKY4EIU2KNR,-0.018199928687723004,-0.0051392337260169575,-0.032191758386685816
A120GIT50UISJP,-0.018254402335850902,-0.002441579748253134,-0.008858704711533168
A120UTHQDQIJGH,-0.01809820809780654,-0.06940940991000087,-0.0020633487040077054
A121660P9WJSER,-0.01826386544381742,-0.0030274319667294254,0.0011120473467974214
A126KX6FVI4T66,-0.018089455174969474,0.0003645304792768798,-0.04049122971285139
A127ZVBDESPQ2N,-0.018298768337415318,0.005798714017003295,-0.0077674072660404965
A129YBX5BVNW2,-0.018269949332453024,-0.0013940844554366932,0.002187228900445123
A12A8LU93A132U,-0.018227701272371846,0.00029536707400859417,-0.013887183183285965
A12CBDHX1MJLGZ,-0.018281649961477648,0.0001711780018344678,-0.0010146716163354098
A12CN8FQSR18H9,-0.018331350889113113,0.0194902506798691,-0.008659318558531104
A12EYBK36QCIDG,-0.01824045670540043,0.0009420015832462896,0.0014680063858240105
A12F2RP2OV3O62,-0.01834286187566072,0.005213353415338903,0.030701238877202174
A12GNKYTCBF15B,-0.01829888698586695,0.01023299356635374,-0.006760827988879637
A12GORCLUEQ40U,-0.018315258801929097,0.03537257407241578,-0.026236082400120084
A12IDQSS4OW33B,-0.01827543327249628,0.005440844397636179,0.01991254355939138
A12IRGQLFE4EBA,-0.018261371703125015,-0.0053768731100439894,0.004731620516928516
A12LKEM543ILBK,-0.018187203339022084,-0.020230424416464457,0.000144050865193762
A12O6IA0QLZSGW,-0.018304956210790323,0.009274391095824163,0.001132267521827299
A12QR7VLSRYGDC,-0.018270641794029173,-9.836747015581637e-05,7.260095830604726e-05
A12RMAJXRPQWTY,-0.01826598907048255,-0.0001692400001164333,0.00016952647282635473
A12WB1XDQLPYUM,-0.018278849892419576,0.0035051730402703516,-0.006355321289168006
A12X2J7AVZ04IQ,-0.018449140590635297,0.01079895533235843,0.03210434513935644
A130KZO1FFDTP8,-0.018328565232973895,0.022822401680534694,-0.015371697275532163
A130YXZ5FZ1X0M,-0.018264790447472125,0.003750388048049007,-0.0029124603742022434
A1345VRK5MYG7,-0.018240609600188064,0.0014145167588753298,-0.00022989179038167455
A136MAOWGCU2C2,-0.0182114694475743,-0.005934034395067738,0.004290484582965903
A137WEXVKECX61,-0.018270062490146517,0.0027679767912469674,-0.004708203707656696
A138826JMC0J3T,-0.018270558553835716,-0.0011328191071403092,0.0017155110895375456
A139DAOZY53V87,-0.018266531299005847,0.006478512948864618,-0.001415969909309708
A139ZF7CJVVTJU,-0.018174049199772516,-0.020975178478701825,-0.006282886178968367
A13C6NTJ3HO0FX,-0.01824167868998332,0.003150081073315543,-0.0008006629052771851
A13DQTXG02HZC1,-0.018201423167781287,0.000407612493673595,-0.016972053514542382
A13E0ARAXI6KJW,-0.01815771636698744,-0.017563574574269495,-0.02836162956416141
A13F2IV3ME23R,-0.018282221334565026,0.006419607775124479,0.02059863861095267
A13G1TKIKHGV3F,-0.01824318034878563,0.001234963568444615,-0.0008185691715507327
A13IKSGDYNBNQS,-0.01822424892916461,-0.010062945518615623,-0.02187564395314796
A13IS21RJOCHF4,-0.018275067074476105,0.007960720260505956,0.0012268450079627536
A13J5V22IPFWNU,-0.01816278772801093,-0.03951369861096147,0.03330609922699547
A13JU88JAHN72I,-0.01832492488694775,0.0030139214610361547,0.0037235489862059196
A13KXWTN0DT878,-0.018284938096446886,0.0031813308024395068,0.019331155988101964
A13NRN13UEJIMZ,-0.018278732051784596,0.010819029155175252,-0.00592359517387848
A13OMT8D4GPIBV,-0.018317036066335602,-0.004266520580571496,0.009138069186821595
A13PPQ2GI1IJYM,-0.0183555467858156,-0.006550826835288254,-0.001240458570438851
A13QHFSGN6HCZ0,-0.01828248704751818,0.0016938825527262492,0.0021796224782906757
A13T1KWBX98HZ8,-0.018272661474661205,0.0023115008289322026,-0.002992767084682007
A13TO1ZFAH9SVN,-0.018293655795524423,0.0034445287507300477,0.015615085299169176
A13TO5TU4A68LD,-0.018176104407190447,-0.0028847230661132625,0.009046685267132969
A13UAIE3K517CQ,-0.018173663506537763,-0.03454826189620965,0.008878010391870677
A13WA3SCM778LO,-0.018252062143520015,-0.004230821203625322,-0.006282905900065444
A13WOT3RSXKRD5,-0.018300758539399286,0.011183280176649258,0.0012529863160911073
A13ZYNXXVYGNIE,-0.018270288142135282,0.0018325829973307982,0.00491605630150212
A140XH16IKR4B0,-0.01822554110448844,-0.0027772892172357117,-0.011624385872315844
A141HP4LYPWMSR,-0.018269740847576574,-0.002946299458226732,0.0004894095918683776
A1435P5AMCPB3X,-0.01824591851781287,-0.0022422959059749527,0.0004482895686632133
A143P0NKQDNWYL,-0.018244947628590212,-0.0028885075303362014,-0.014727846173077897
A146TZ5JNG9FIH,-0.01833298719554277,0.023614191356163553,-0.01269550641003064
A14B4MJ7KZE63B,-0.01831178962917533,0.005836877824007032,0.005777137245472075
A14GK0E64J0WAS,-0.01826430302064905,0.0010139078857603122,-0.0013952326251294753
A14JTRQUNRNJZP,-0.018280486130426866,0.015489846139575015,0.008521384143235824
A14MOU9MF0NNVB,-0.018265487737451635,0.004665843599512258,-0.0008642668211688939
A14NCP569TX1NR,-0.018299458767879383,0.00785643509837033,0.01716887550896912
A14Q6R4481YFFG,-0.01819285927452793,0.0032898081044149593,-0.012021574837182199
A14W9BPI39A25E,-0.01827042913787758,0.0009069328800581466,0.0077849028792768464
A14XW8BJGEBM91,-0.018304299791633998,0.008866573238506403,0.0032058035005906676
A14Z0Q1DU6CBJJ,-0.018135346013120304,-0.047128552031515,-0.023515466728477565
A150VDCYFRA9M2,-0.01827879033975165,-0.0008833838661131465,-0.0006974205170120299
A152C8GYY25HAH,-0.01814463985603417,-0.012608302047158374,-0.0650473610691534
A1534MBU6VJXYN,-0.018291199659279337,-0.0012011909111710492,0.012423977164297904
A153NZD2WZN5S3,-0.01818481103174644,-0.0038091530927197507,0.008571045125656545
A15G70V9OBTOVO,-0.01822815644896475,0.0011905814952543163,-9.636902742346455e-05
A15MEFTPZX7M43,-0.018268545342145802,-0.000259931926875152,-0.0010714166667963993
A15OIIXX6Z0PAW,-0.01831946978361515,0.025800105538374998,-0.011239263446251554
A15OVG5Z4UORMD,-0.0183094305953223,0.02004310317961363,0.003717980460809267
A15Q7ABIU9O9YZ,-0.018267237126851438,0.00025807069449580613,0.002875088601591366
A15Q9YEG1XPEJN,-0.018210320360817274,-0.006944704506886012,-0.02174175771405461
A15QA95CCXW0KV,-0.018293368430608352,0.012994987780233891,-0.0017519358902926458
A15TGEV8WM84JV,-0.018275720314528864,0.000862929327252532,0.00030048360033765344
A15TNUM2PBS6F0,-0.018206899231293202,-0.005805052692704293,-0.030571607118337896
A15U64VGUV6RBF,-0.01827289419490141,-0.00044074437533610076,0.009129987904657981
A15XSFP3JC8VXL,-0.018239942675666716,0.0035924060848547632,-0.005049844035235654
A161ANWB62G3M8,-0.018261040122940175,-0.005448181538577017,-0.006277105305931502
A161TDO99KM1IV,-0.018290841631499064,0.020133456207894734,-0.012930727349564266
A16342W88H5YWK,-0.01818850071191165,-0.0231870526681303,0.017590021085370885
A163Q615ZR10U4,-0.01825829113138395,-0.006518562187640865,0.003701165206035732
A1655SGPPUUCRP,-0.018283277529933844,0.0015769090316268474,0.010860179504756247
A168VXSISJWQN9,-0.01821715614894592,-0.017187066499925508,0.006167025814716741
A16A23O0UEKPCF,-0.01824007247685139,-0.0023370817151200612,0.005764803185044233
A16CZRQL23NOIW,-0.018510088265059545,-0.016446375575902516,0.004260869366014874
A16EOVPHVX467D,-0.018223456043328177,0.0003460771579224832,0.0019098922266484243
A16FSM2IS6Z4NV,-0.018240669120469462,0.0025655697296499925,-0.00011163489691977128
A16FUU8WW76QFY,-0.01822611922433249,-0.010695253576884622,-0.037094772855527265
A16GAIJJE39T1S,-0.01829007680631042,-0.002147244279802409,0.000858446787233096
A16HM5IJDLDQOP,-0.018219920843239278,-0.00825454689956686,0.014603672353779424
A16HRN81I4S9WI,-0.01826779880529577,0.0028511498297957775,-0.003414588555913748
A16HZ6TIC9VZKC,-0.018238712250938847,-0.008239577349072975,0.002520752506770843
A16IITISD2LAX0,-0.018250205602369497,-0.0055299587963714815,-0.004962187678790355
A16J2ZXOYM661W,-0.018282083268482924,0.0008268007849453332,-0.0007198678356755559
A16N5JS79WO5DD,-0.01826643963703288,0.003125539557034495,-0.002691403819022299
A16P5N8MNTXXU3,-0.018244291097337793,0.003945249485476771,0.003860461087996968
A16P7VIXBJC56H,-0.01823531751404986,0.0034184233601672934,0.0010472990619445784
A16PYJK6EYGML3,-0.018296719770378625,0.00559716475903294,-0.0076384250238338445
A16QODENBJVUI1,-0.018347088937254948,-0.012524091862762715,-0.001451709653556867
A16X61RLY1YJL7,-0.018347373226790288,0.00868788509068527,0.04661309783763395
A16X6PP9NIRPDS,-0.018229971136213528,-0.00892775609977284,0.013737712427416006
A16XRPF40679KG,-0.018268495994059806,-0.002580705484232522,0.0006307489583719805
A16YCLRKOU0EV3,-0.018273629742354604,0.006852910437499794,0.007006499337910727
A17639YIJLDS1G,-0.01825451024605992,-0.012509536234344646,-0.0022279337360477944
A178NV0D96MNGJ,-0.01821660955671397,-0.008014213159799829,0.01054787516775929
A17BT73RVRQYSP,-0.01826236924153786,0.0009552596284742603,0.005372525771556237
A17FDL5LIGS1U0,-0.018291172233489042,0.00031204234615003757,0.011342462464240867
A17FLA8HQOFVIG,-0.018288701419765394,-0.003998039113412644,-0.006676079963975044
A17HECPXPRQDXU,-0.018276321781969345,0.0033746668907688967,0.0010650190749027773
A17ILR0VCGTPI5,-0.018269539913080633,0.003103132896587754,0.002242306188261166
A17J1LVPIWZIK1,-0.018253749610262538,-0.00031990133334767004,-0.0002340523039795704
A17JVVAKWEB0M,-0.01826852638467311,-0.00028814473654383455,0.002505888565616352
A17LEYMZI8OYOQ,-0.018314110429723446,0.000651238911366558,-0.011587749451974669
A17LSEN4UY4XZQ,-0.01824106877508257,-0.006077771641125151,0.0032000746321791803
A17M7W86I9DBTR,-0.018261244543177634,-0.0022565112120448995,-0.0006852500098289068
A17MMA26E4SJ47,-0.018290653596960717,0.017242429785639495,-0.012432122290920387
A17PP4GPCOOKIM,-0.01828873694288884,0.0017874649283074057,-0.0035172610884613652
A17S2EJKFJOVED,-0.018279423238591143,0.002061443289693645,-0.0010423342309437967
A17UJLZKSP01V7,-0.018217946570331486,-0.010015799547882053,0.011811845909280316
A17WER66R17JEF,-0.01821125031240939,-0.016435502350462147,0.016398030727647353
A180L437DJ52VC,-0.018251865347157756,0.003780003253746103,0.0029861128121454997
A18758S1PUYIDT,-0.018230833267365125,-0.034102777700522134,-0.02128479975833017
A187O3DQN82H8X,-0.01831943588425027,0.027225614922248526,0.01714206289017689
A189IVTU8N8IOK,-0.018315802968118557,0.024209893006117898,-0.014712348026784944
A18BD98SU49UB7,-0.01827891419205202,-0.0010543248666366385,0.008817100833140377
A18DX1AT72SY95,-0.018256096700896528,0.0018028795191753206,0.0024807537126651435
A18E5D7S4CJ5M5,-0.018268128842792143,0.0005588828320297081,0.0035555381833706225
A18EXIAW8NU3DP,-0.018356260508279317,0.031866805144234,0.021924484097578394
A18G7GG53G2X8A,-0.018206618045286515,-0.010192922768940554,-0.0029596841866908656
A18GP1PWVTKXQQ,-0.017770162357333207,-0.09882326456758761,0.11840087588379981
A18HHKM6WGEF9D,-0.01826580492152165,-0.004140980384127694,-0.004572348469859813
A18IK6YI6T3RK2,-0.018243832850699835,-0.002068727058100918,-0.0102334928822203
A18LMYMKHT65PO,-0.018274469654909184,0.010240732463634517,-0.0024692887618234863
A18MBO1U4DPY20,-0.018133735621375324,-0.029750649552513657,-0.01292058372479493
A18OUQEK7IZ2F2,-0.018239058303042826,-0.0007985408686570969,-0.0061966340073712775
A18P0T2NZTGWYX,-0.018181333094113294,0.002520954042858615,0.017883851146987727
A18QL4VNZH7DJY,-0.018248969916016086,0.0017443511952661508,-0.007319082412111658
A18RQ2URRGIIEA,-0.018284564404269513,-0.0027753084523908494,0.0045661755364991745
A18SDN3HYFVH2L,-0.018240903546976682,-0.005147386953511137,-0.01403365139523674
A18TN0OUGN38LG,-0.018339243851724075,0.03548839385556286,-0.021737319180432615
A18UBPBIKPQMPE,-0.018169326659419335,-0.006862749150038349,0.014119700441429048
A18WAHPUHL2EL4,-0.01821716583398066,0.00165597095343162,-0.0008689551636631898
A18X704S5M9GYA,-0.018303098644408444,0.0025086294245339077,0.005858460236844895
A18Z4PYBB9L9RY,-0.01822361197483945,0.003433199104791275,-0.0010578824396248313
A190THQOEMER69,-0.01821561471282617,-0.009929069651075316,0.008841839247549478
A191O3K6SS65N4,-0.018273815981184667,0.0023106833069990833,0.0024784122432924957
A193XGF3YD6X4D,-0.018217613126046733,0.0005950981065955755,0.0051880966998899755
A1952OCKD92RJY,-0.018295236182128756,0.015334494828257831,0.0010830930197659556
A1968AEVLUL2ZR,-0.01828069927714867,0.004212383584380213,0.007090633502028577
A19BS30XX0JE85,-0.018303909975582733,0.010704401465556844,-0.0015417947372331738
A19ELFMMKB83HC,-0.01825899638245379,-0.0006557987307791733,-0.0008255482615661105
A19FLINPS8PLRB,-0.0182998800231403,0.0023522788273168805,0.009320139110719492
A19HCQSC5FVOXW,-0.018246097372791016,-0.0011588868013192844,0.0005889508915482227
A19JYLHD94K94D,-0.01826877032704793,-0.005829641907787528,-0.013508400446293175
A19K46GITRI5Y2,-0.01833218580839982,0.002453594853713647,-0.008929450858506568
A19OQ7LWE2YJL3,-0.018188505824110315,-0.017810129630780346,-0.004166088649207182
A19OXFY4DO4L3H,-0.018288357166371012,0.009600119848880519,-0.004833561689199201
A19SBIW8TFMZ5S,-0.01787212940377028,0.01173286518287465,0.06101937713662128
A19V0VJMKKRMC8,-0.018332476864469795,0.007975208274322574,0.04605700244204328
A19VMQDCB4HZ9P,-0.018269783280823067,-0.0019888760351667025,0.005020921981204169
A19XE6G6NDZFPS,-0.01825537168004338,0.00043553096386774067,0.00035675051832432196
A19ZXK9HHVRV1X,-0.017610738108143047,-0.13041094990313562,-0.24631272817150027
A1A170N3HM6UHY,-0.018292466708595155,0.01835479017643611,-0.0078049051434568965
A1A535W556ROBQ,-0.018212165968361338,-0.01264114630929908,0.0028899504256589773
A1AAKBCCJUO12K,-0.018257922766660873,-0.002530134635947021,0.001881882034363264
A1ADL615ZYH2ZZ,-0.01831343564420081,0.005186294199064727,0.028947884734213704
A1AFROWZLT4H40,-0.018409629759565546,0.05095615804645375,-0.0019615000949507392
A1AFXJ8U72MD6L,-0.018165345192938536,-0.020896807085220997,-0.0007437636998875876
A1AISPOIIHTHXX,-0.018272152790787255,-0.012041567449791358,-0.020012573555905345
A1AJ4V2L8ECE44,-0.01827854275272013,0.00827037654565208,0.0004503050177565443
A1ALOIPRR8Q06J,-0.018160497902484977,-0.028966554096173033,-0.03207771331740155
A1ALVTBS2UO10,-0.018285672908462603,-0.0030529368007048935,0.0018549229891376923
A1AMUWXKYEU429,-0.018236619360899656,-0.002292607639434864,-0.000469459320639647
A1AMVA4R3G58TV,-0.018298555614709458,0.004802634561326138,0.020769380699041697
A1ANEM8DX4IPV9,-0.01830482889172682,0.02031309739532865,-0.004642241151648933
A1AQ8JT2A3UWMY,-0.01821202701957305,-0.013978425976109123,0.009926671727140316
A1ASZPY95CGLJL,-0.018280846376272142,0.0011059110581299876,0.004747953961537685
A1AT4OFBVBVL6Q,-0.018286270287206374,-0.0017440803538064712,0.0005643761033396501
A1AXBN25KBBWSC,-0.018278787502526254,0.00011430395476419909,-0.002966176865161991
A1AXHNRDJEQ0B,-0.01825046051055712,-0.0011728790264123145,-0.0047781674259066795
A1AYN3IIUNQCIA,-0.01833057647233394,0.0070401275882563735,0.029182751034465448
A1B05INWIDZ74O,-0.018265527159180832,2.849991030463982e-05,0.004639392788709142
A1B26TNQEWHQ4K,-0.018267077491534084,0.008075462658066204,-0.0007816508126964418
A1B350OHYHQTGX,-0.018186343938749832,0.001843103530562075,-0.023758005533895614
A1B5VH79ZIKCC4,-0.01826703030734018,-0.003113809008734022,0.006020320736810531
A1B7Q22I53WHQJ,-0.018260172077443314,0.003317093639264626,0.0006372769591133903
A1B8HI3VREI1H3,-0.018243339997395518,-0.0027397014249457255,-0.004849369382034331
A1B9FFH93HYK6R,-0.018244820990458863,-0.003872055045421114,0.004789624410270097
A1BA72K4VK1UN1,-0.018265987385277387,0.00019922281563259305,-0.0010913187121211541
A1BATHNY2QAZI2,-0.018298842588900806,0.0047788476482505116,4.917123362512988e-05
A1BG6VEC91KOOZ,-0.018307297517529846,0.009534633992156592,-0.008148688544913955
A1BHWWL4LVF16Z,-0.018252463096203736,-0.007256277681057249,0.0008449783498181322
A1BJOEQSRX2IBM,-0.018256345216226082,-0.003218956610575023,-0.00761145205609565
A1BKFLPCEUBZTJ,-0.01818495417275794,-0.014473222716372271,0.005716586010121105
A1BM8WJDDRNG5B,-0.018286385645834874,0.0030946448356631265,0.005484304306207547
A1BPQ54X4F54SZ,-0.01827629841690408,0.00018523571798551895,-0.0009207916527735416
A1BT9J2I6DC246,-0.018251825575271323,0.006549253073176548,0.0024107414394646197
A1BWDLZR1SO3U4,-0.01827572783432151,-0.0001676775143149206,0.0001397643782119048
A1BXJ081N0B20J,-0.01827519065510811,0.006252666646113569,0.005635118452120388
A1BZPJEAA3XCZG,-0.01825872745659159,0.0009504822679575304,-0.012777908853419276
A1C0PHJN6AUZT6,-0.018272387117362014,-0.000982461571215356,0.0031414736637132806
A1C2I5LZIFDHIQ,-0.018297544036817114,0.008306886544873389,0.006322091576380447
A1C58YXM2A30CY,-0.018254989269907693,0.002910002794133122,-0.001608284655465859
A1C5SPTHO01XXO,-0.018274276615529952,0.00184988106752274,0.005719051353407656
A1C7BWPATO40VA,-0.018171602676076374,-0.02745464371095977,-0.0020081391294419003
A1C80B497LCYKA,-0.01825467669461644,0.0023954195419468222,-0.0058425634500026075
A1C9GCHR99WX3F,-0.018266974051049708,0.0031097497217781865,0.005439543338995544
A1CA1A1MGW0I3J,-0.018159782999977142,-0.0052930391497023705,0.003248728454358058
A1CAL5K7CR2O52,-0.018279192266206445,-0.0007840092932491715,-0.0021748886288885873
A1CBWE1YZQ4VXG,-0.018255484954290996,-0.00011998506511199233,0.001875557052236574
A1CDNTB7377YH2,-0.018288855559875444,0.002454696770695522,0.011513583690378778
A1CDZNPO7U4E6N,-0.018182097243344447,0.0012825885553066096,-0.015377147023139814
A1CE48O15OIQ09,-0.01826767827215906,-0.0008601767055293268,-0.0007675498051415765
A1CHM200OEN65X,-0.018266102792392675,-0.000551406646520223,0.002787609177116723
A1CJIFDTIUQMQK,-0.01828136624012108,0.01766995196644322,-0.01389509087175003
A1CLHLW9PFKG9Q,-0.018183499208043845,-0.02367814018718453,-0.024224869152491352
A1CLOQ3FD8S7QR,-0.01823608386980593,-0.021600711276770823,0.030206113535358407
A1CLRMKWODHFOP,-0.018163752673869056,-0.003944257520914825,-0.0006880626108816232
A1CNQJUNPP8HUO,-0.018284681989456878,0.00541583201649289,-0.002413564442673914
A1COG8T9MPP3KA,-0.018195067397348306,-0.005050630553794758,-0.031207745425364104
A1COW0UIB5HA9J,-0.018471774674875898,0.01407891136107818,0.04986815996688778
A1CQGAPQMN41LV,-0.018215324309052188,-0.011291171662902746,0.0012178760591770464
A1CS70DT7ZPCJJ,-0.018255143433595685,0.0001765354481236748,0.0005491673732017678
A1CYOHNGQ1WED1,-0.018213885349546953,-0.005124240807583841,-0.0192082297639385
A1CZDAHQ4CPE1V,-0.018222688465934767,-0.0056728884123183445,0.040301962839211156
A1CZICCYP2M5PX,-0.01827661471363201,0.0030168582091334587,0.014078114229737329
A1D0J6HLM2W847,-0.018245595830234173,-0.0015324474989200567,0.0018214426984999293
A1D1MIFRSG50Y3,-0.018350658684265473,0.024151012884024624,-0.009135640892388865
A1D2C0WDCSHUWZ,-0.018138391523855442,-0.07510793043041292,-0.05148139211042963
A1D2ZN57YG2NMH,-0.018309772000535757,0.013823910472898151,0.043911639700139705
A1D4EDILSKB5FA,-0.018284673794744875,0.013105665842450294,-0.012124785867913022
A1D696068E7EOU,-0.018252150865166326,0.0014454422786956973,0.0019648853840103114
A1D80AJD68902K,-0.01828236589938591,-0.002045228758612833,-0.001308442631956372
A1DAOL3NMHEPLS,-0.01818452555627488,0.0011639254179023463,-0.016812829871882467
A1DJLUH6JQ1RHQ,-0.01822868410128302,-0.005447906508119516,0.005664588427135908
A1DJMQJ3NY7TV5,-0.01822850246670575,-0.017335792807551532,-0.007869003043482665
A1DK5AZMXS1QA3,-0.018173882931901388,-0.02710847897131849,-0.043559174233733525
A1DKTADWRPKNYI,-0.018333494290819704,0.020408068428021547,-0.020424843074621637
A1DP66S1G38WEG,-0.018229717668896608,0.0011842708078920227,-0.0010123389602634159
A1DRM3JV6T5O6P,-0.01823477444732947,-0.005089806864516583,0.0017331145360468053
A1DSOF0EK9G06C,-0.018266347876540856,-0.009661978224408055,-0.011659718279540293
A1DUAZ17KKWCE8,-0.018299137493813112,0.017024761289180575,-0.002127187844785722
A1DUT6O3BWXEJ,-0.01821588348427379,-0.0268034638334842,-0.001094052776754673
A1DUWRMZVLRKAJ,-0.018188835628778138,-0.017459285345662465,0.008405941626541036
A1DWTRFHUT40RI,-0.018290663550201928,-0.0007798860517724883,0.011878639510391224
A1DWUPXRD1HN1B,-0.018212489436451068,-0.01966149118980406,0.010857419283220815
A1DYTDQ0OXNNL,-0.018301938868069766,0.00530364657251788,-0.0024917275246582396
A1DZKOOMMJM1MI,-0.01824581846086933,-0.0031492439734081717,-0.012118383595463324
A1DZU4AQR7KD9R,-0.018165570117947488,-0.015680272149835153,-0.005355640821836468
A1E0ILXNP3LKAS,-0.018393706235857822,0.03219114126658696,0.018700770921851604
A1E11HKN4IRY09,-0.01821011479431721,-0.008272304546506586,-0.03367127828340829
A1E15WYG9C47X1,-0.018267670043377315,-0.004309828534112113,-0.0026822092648166903
A1E23YTGHD2RD6,-0.01819668004357448,-0.021576449936075593,0.014465179520467997
A1E6JS6C205VZD,-0.018170647455233835,-0.019860525538578883,0.020231903860054263
A1E7ALBLZV25CZ,-0.018261939017202498,0.005779988931067735,0.004686440968714937
A1EAFFJQ2NDHGC,-0.018215627852848717,-0.004685382176573268,-0.006996570681143437
A1EAMAQ8BSI0LY,-0.01815656885428723,-0.0012963975948193183,0.00450180567202947
A1EARN5PUVIF1S,-0.01822333206812552,-0.00821062077647679,-0.001002679807718881
A1EBV706Z2AM38,-0.01827880126064376,-0.003080822294161952,-0.00018609375016728064
A1ECIKAFT7Y5T2,-0.018262096806901856,0.00928234259531873,-0.0063465519035026145
A1ED1L5SQ0QTVZ,-0.018238997927311356,-0.0026146171419778636,-0.009647027948682892
A1EEG7YJIYN60B,-0.018248156490340017,0.0009362338244569342,0.00037586437010789453
A1EFS5PV3HOFDI,-0.01826478355371076,-0.0008200475052280478,0.00011451716200919159
A1EGJJ3N19G4E8,-0.018255999183364714,0.0006716442033718008,-0.00015994743935019714
A1EHTFVSD0H7I6,-0.018253370823987605,-0.00048804462468958666,0.004336139030901118
A1EI65WJC85U68,-0.018231289401839292,-0.0010038842974355849,-0.008341290372323278
A1EIIGQBKKVDT0,-0.018372004832418853,0.03325774835072329,-0.0322053142618893
A1EKA9XSI641C9,-0.01822962374629174,-0.008680405701566881,-0.020489716314748375
A1ELOBOYQD6UMQ,-0.0182696290692572,0.0004111734637706125,0.0008627382714111728
A1EMDSTJDUE6B0,-0.0183138465121984,0.0017841962234852473,0.01990259119912748
A1EPEKOOPWUP2S,-0.018238265423319154,-0.00018638989802894715,0.0032793705516824534
A1ER5AYS3FQ9O3,-0.018285460202440547,-0.004181902430548737,0.00017794034359186155
A1ER6IYOMM8VCT,-0.018144456476708537,-0.03276425755248845,-0.0643024814900735
A1EU2I0LTRWN2A,-0.01831864188434921,0.025716720409009703,-0.014684599172531936
A1EU66488BUQC2,-0.018075472492045375,-0.05135024616051989,0.04118995422872826
A1EWR0BOJ9TWL6,-0.018242291395954992,0.00014431264057956876,0.001102460036416097
A1EZMV5DSWU8TU,-0.018262603532295505,-0.0009869918844829682,-0.003529748554220886
A1F1FOR46702YF,-0.018270698278512774,0.0057238455233789174,0.009473615877241125
A1F2EYORWOZ3G1,-0.018234134230644707,-0.010363591853389687,-0.025367740739265374
A1F4FG2F7I116O,-0.01828921996838196,0.005834337592902995,-0.0038983894442174588
A1F6NAV7YSDOF5,-0.01831474345526754,0.011118142377817428,0.006819580420916083
A1F7S3AZKMNTGF,-0.01826315326711045,-0.000563917675760944,0.00023509199323027167
A1F93NA8HQ47IU,-0.018264042124540192,0.0024508629980642144,-0.0013840983437133593
A1F958T2GSWCEK,-0.018290017227249676,0.010132953892006757,0.0044516620569749
A1FCBJNIFF4PPU,-0.018251961303992724,0.0008326089263611142,0.0015167141579317627
A1FD8NRIMGD7UI,-0.018306201530646205,0.015426257094908594,-0.0012321185626150853
A1FDW1SPYKB354,-0.01828308759767242,-0.0031352411597412202,0.003048051551803113
A1FG91CM8221X1,-0.018320866000901014,-0.009895172489923467,-0.00598266293404695
A1FGBNH7J31ZYG,-0.01827254592836691,0.0040610644077138415,0.002205214229593274
A1FJ4WAOIDPEF4,-0.01824690195051496,-0.009959330759686967,-0.005804279118686473
A1FMJJKSVQDDQ,-0.01828203508569881,-0.011286053333207039,-0.0033293075876549188
A1FOXDQ37C4ITI,-0.018331986457875187,0.011066130724112956,-0.00017023267302938093
A1FWOX5ZLLOGQM,-0.018301059363690596,0.015242022283658934,-0.0018119022667948195
A1FYUCCC8CX1E0,-0.01826634985215522,-0.0010523514655266734,-0.0034602058707518192
A1G0VFQ9198IUF,-0.018360552913602765,0.012246850966428167,0.0245651345135468
A1G3JMT6R92LTN,-0.018259088294461292,0.005142627463128129,-0.007189193857797914
A1G56KHOUOFWDW,-0.018262057746880504,-0.0004588283237207635,0.0018422525126043372
A1G5LJ8T1IGYC5,-0.0182279660027933,-0.006236962164786144,-0.019584675813586642
A1G5Q9HBN0EGDV,-0.01828992953494391,-0.0020022176887757584,0.0038954787390845197
A1G69BQLIUMWPN,-0.018281349279167344,0.002635215920491355,0.011753658869898933
A1G7SQAWRXLVWI,-0.01825518800804737,0.00035817789334535835,0.0015864722614424972
A1G9FX1KV45N41,-0.018293752177233,0.0013654734626442797,0.006151483219339427
A1GB0HW46Y2EB,-0.018158979379147937,-0.02283258661734356,-0.006005714612796767
A1GD1G8XXPRYQ8,-0.01827529977995656,0.014105538052883608,0.008197141102617406
A1GDC3CVALB87G,-0.018235791845739337,-0.016063765313822094,0.013511825845211635
A1GF7BR6K22GZD,-0.018274104835148623,-0.0024659720403281556,0.001066097492120474
A1GGOC9PVDXW7Z,-0.018284117600137536,-0.0029591305999523664,0.003871021079590151
A1GHUN5HXMHZ89,-0.01824569964777546,0.011917819781344622,0.016280347427056727
A1GJ0SYG0RBWAX,-0.018287909511699625,0.018289720683934512,-0.00875975432804571
A1GN8UJIZLCA59,-0.018262213702011948,-0.0026228820240312783,-0.0026181742135500427
A1GQAKL9CGQLP1,-0.0183051001882555,-0.0013354459648617974,-0.0031070948949115866
A1GSJ4TMAE2MYC,-0.01828988563127072,-0.001097958199190629,9.509258315612056e-05
A1GSR7RGCG1QYZ,-0.01815251407174102,-0.0028924105057573364,-0.04209358560228487
A1GWB9ER5OVKQL,-0.018309649883131267,0.019128437974226913,-0.0009070892323845446
A1H16VPL9XKGGR,-0.018323165975657918,0.03187339621141599,-0.03138487749854401
A1H2WJSALF3E9U,-0.018283813384000924,0.006716087481398557,-0.006968689297003812
A1H4NFXAJQRQ2K,-0.018205813221331493,-0.025924493684108537,0.007529582565213397
A1H59LDZJERCIC,-0.01831888164680154,0.021708846899810084,-0.005805610754060324
A1H5E7O5BW2J13,-0.0182067464897301,-0.001013289986062647,-0.014959987646133939
A1H9DB7BDXDL6P,-0.018271355570379743,-0.00024775903758574854,-0.0010008147715216751
A1H9EF4S5I9OKX,-0.018290730423985428,0.002888592581489844,-0.013809367727674124
A1HBRMO4GD50X,-0.018234030615809152,-0.00016684250308050786,-0.004834280494331082
A1HC9TMSSTNLBI,-0.01820190329789846,-0.018737852437658454,0.01658770530155706
A1HCCW38EQQBTY,-0.018319992956179598,0.020807406784504972,-0.01763153465901893
A1HCV0VRVP5ISS,-0.01832285338119425,0.015702401956137216,-0.01938534067163201
A1HDB3VY2P2EO0,-0.0183052171501902,0.01578330706240358,-0.018008730466949025
A1HG2DOSBZEX4I,-0.01823554000487905,-0.0004449050877598385,-0.00827461611350894
A1HMBIRR0RJ1NI,-0.01825815761580635,0.004611343553261547,0.001730639073827925
A1HO9J4DCQDGP9,-0.01829815851481577,0.0056634550166401385,0.027963419160710948
A1HPBQ7G7WYJVU,-0.018227750023576225,-0.013292293422564322,0.014997183700644989
A1HWFZIOI88PZH,-0.018277235203827537,0.007314239679422348,-0.008685892185374924
A1HX00DL0SZM1G,-0.01828103311916161,0.0019887531127314537,0.015378055478594296
A1I1U2M5KSPY1R,-0.01828536101395592,0.0009084019222267869,0.00213917478513457
A1I3D47EC8T3XS,-0.018287647819107584,0.010746845770534816,-0.005044706357754189
A1I41LGT3OK9TP,-0.01831336630622848,0.004629983347451324,0.015963974958174948
A1I4ORI9EUEXQ3,-0.01829448802698797,0.006562394886083492,-0.001626468069505847
A1I5LC05HZJ9CF,-0.018204634138610013,-0.007947417995756186,0.0010815490447478088
A1I7GHG2XNYO3J,-0.01825497508286049,-0.0019350178381405713,0.00432986551675034
A1I7QGUDP043DG,-0.018352940895332855,0.00518265099302842,0.029333910661737326
A1I9B4PSCDDWOO,-0.01821092652220283,-0.00481461722264724,-0.019816600262713844
A1IANEBSMVGHS9,-0.01828617751622614,-0.003906386224293205,0.0017769362550271984
A1ICGNUYBHHEWA,-0.018290057715323563,0.004890818882760158,0.01637732450451805
A1IGZJIN29DBJQ,-0.018288701326126207,0.010811081214740469,0.010601204297714916
A1IGZQ18WCF9KJ,-0.01823827307442563,0.0003949015160040765,0.00443531241544974
A1IKOYZVFHO1XP,-0.01827451441733366,0.000474229505892335,0.006767733250756919
A1IL9EYL8SKSPT,-0.018233254103421873,-0.0011435568234911659,-0.002780798298014283
A1IOJE0W1NXOSE,-0.01825744852376738,-6.706545412851276e-05,-0.0028190100723302983
A1IQMDY802I1MP,-0.018273570657185274,0.0003644700285957197,0.0026719952302648987
A1IRFAUJUS0IWY,-0.018233196834236184,-0.007631434473127612,0.017820300895796268
A1IRYC885LNRU4,-0.018298924071255572,0.011935620064978376,-0.002763007575571526
A1ITK3REEMXTGO,-0.018276126242233355,0.0009124692670422354,0.005730353275984589
A1IUI3CJUMB7J0,-0.018203089658412573,-0.0012918972230065214,-0.011224138184055939
A1IWR4YH4ZA9BM,-0.018398873760545758,0.04969290129800639,0.0032547960948385406
A1IWWRZJOXOSYP,-0.01827915899501216,-0.00027168876540510694,0.0027459483165212834
A1IXI1A6S5YL1C,-0.018291571241882562,0.005407198741451758,-0.005343641745315497
A1J03J0HZ7KU5T,-0.017957078218986098,-0.08874479767514108,-0.03625032428722492
A1J0Y8FJVA2V21,-0.01818547350246607,0.0002466522333176698,0.007152645792562241
A1J2931UBBJPXM,-0.018272511394256043,-0.0061444001434675655,-0.0023037193906640507
A1J9S070L0MVWX,-0.01824608955044996,0.0041373808746394975,-0.0018655095370342766
A1JH5J1KQAUBMP,-0.018117406522848,-0.010734453846465477,-0.04991979186869956
A1JTTJ7M7EC7Q7,-0.018322447203791482,-0.00044398398274049256,0.007302897525657128
A1JV4QKTEB7QBL,-0.018233048680843723,-0.004396446749385117,-0.002225513286046998
A1JVSIWDF0WT22,-0.018220972617838522,-0.013539208514493275,-0.02076834761200023
A1JXE27STRRE0H,-0.018244890154647513,-0.003319018334546256,-0.006443645406807966
A1JZFB7ERLTK9T,-0.018330125269275445,0.036411451755603494,0.000990660575297377
A1K0UT3GA4QQG5,-0.018196441241552192,-0.008352821352174994,-0.01187739009750601
A1K2ZXT12U5RQK,-0.0182314476509,-0.007520426678319623,-0.0039370340132582025
A1K31NF81TS0CO,-0.018264987741111245,0.0015355624595308794,0.0013596893121660028
A1K3NQAO49LXL2,-0.018243976150540502,-0.01540126882478214,0.006242028016562166
A1K3SFTY71SH6Q,-0.018217966965442485,-0.037953676535919655,0.028821284396709272
A1K5QEV309ORYK,-0.018249727298073316,-0.0071816598457327555,0.007209971057533978
A1K6C3AOX3V44H,-0.018254253765756272,0.007829717534451016,-0.001477653949744628
A1K6K23WG0IBWE,-0.018179712809176227,-0.01725253935005699,-0.014035274199243972
A1K9IW99EFBZ52,-0.018260997467240487,-0.00017512052699321653,0.0009768058645785774
A1KAR9G699RM56,-0.01818671120562827,0.004965224679081893,-0.018919146583674537
A1KBT3D1O0LA7L,-0.01825105856865534,-0.0005262728130272698,0.002480170298355102
A1KD8NJPZ01R37,-0.018244759170700654,0.00497205297492894,-0.0012036659717222695
A1KFBAPAKMEQUF,-0.018276188560683096,0.0031450187883128875,-0.0023289291910510387
A1KIOJPJMMETO5,-0.018308442391923564,0.013045227908836032,0.006422452102111672
A1KIQ4P4ZW3ALF,-0.017614577950225793,-0.28943352481439477,0.17870207938483876
A1KK1C0M71H7AN,-0.018309837736528983,0.025687322549459067,-0.0038335199003747366
A1KMF9130CHALE,-0.01794910472238273,-0.048854192389575286,-0.010249257630198188
A1KMG1AIUS00DC,-0.018165812835097613,-0.023440943997839452,0.0008956335922430589
A1KOO19G6CFBZN,-0.018302852685158747,0.010945114972824743,-0.005077761490790678
A1KP0IVWU0RQ0A,-0.01823840787034874,-0.00927483137084836,-0.021402229270945844
A1KQQSLPNLPUNH,-0.01828277855253534,0.0017602255401790404,0.006819528474766929
A1KW1K1BQMBIIF,-0.018268643374120482,0.00395156447047838,-0.003654159072615154
A1KZQ5DIX0YUE1,-0.01829676279041434,0.017825957319018714,0.005808339379853508
A1L0XOHKZPVL7Q,-0.01833873815274029,0.009662871381307118,0.013098976180286968
A1L1GM88JCXGLQ,-0.018266399023433726,0.001574886462906089,1.2485713281514187e-05
A1L2DLWYRNHKDR,-0.01808704313627411,0.012815687640312049,-0.004127838574124852
A1L43KWWR05PCS,-0.01826937517802871,-0.0034427592452995702,-0.0021189412181435927
A1L46HSISUIDB4,-0.018243076631527046,-0.0008466530562374386,-0.0011697011785091341
A1L4SL2FTPES5E,-0.01825656174781768,-0.005486790620507145,0.006190809779388709
A1L5FQ4OWCFL99,-0.018237889336111777,-0.01520684680889996,0.00983592610749979
A1L8HRCM60W0W7,-0.01816354644713589,0.0015868011980690818,-0.023376673683750068
A1L93WV3A0O77X,-0.018240305746392866,-0.01348547134599459,0.007002104362844072
A1L9MIIBI7409N,-0.018242088222346558,-0.0062944392203346765,-0.0034438583866009077
A1LAAZUR8YFRW8,-0.018266565215396883,-0.0011839444391554721,-0.00038506943662808474
A1LACH6MLQWZ,-0.01831612442028147,-0.0029373227192284975,0.003640649590143329
A1LBGXE29GG1IR,-0.01827691834458825,0.0007516205893632885,-0.0004162609355779679
A1LDCX85SBWZP7,-0.018302405378572473,0.0177315219746167,-0.019793659659915867
A1LDIMQISH07WK,-0.018294115153997183,0.002987104708035117,0.016733285329659526
A1LEHHZB9RUFEG,-0.018291292059211043,0.017186408182258247,-0.0037405447448033615
A1LEV4H5ZQ55J2,-0.018263321514553184,-0.0011293091585028528,0.0005098296588330266
A1LG1DKUZXGJ6J,-0.018243616911268547,-0.0020381432462845705,-0.0009935881456801486
A1LG4Z0HBKK3RD,-0.018267476977063185,0.008288553387671442,-0.0045631515307135275
A1LKGV72LBL92M,-0.018293294266126258,-0.0003294991158939497,0.004772667985013171
A1LL3PF2OD3RUP,-0.01829032194216525,0.010998106022680669,0.002099812812974484
A1LLFJHOE7DZV,-0.018273807834971553,-0.00179861495484141,-0.006155017485282429
A1LMBOI3T91P87,-0.018120643600968787,-0.05182188456997252,0.027155017743177613
A1LMSPR5AXJ0US,-0.018305348675220143,0.02048461477351708,-0.0048772697554568525
A1LOACNK0QV9T4,-0.0182557930362066,0.0006378477710152247,-0.0027078755583706767
A1LPKQWRHTAHQN,-0.018265082127255135,0.002340290766256874,-0.001808274194453207
A1LSDDSM4PGOU5,-0.018231586677740514,0.000504530317019532,-0.0028249928752381538
A1LV1W45P7OYAM,-0.018383304435712164,0.03400479620836521,0.017314247717978137
A1LVZOK9F7K4CN,-0.018241141297927175,-0.0029367054243859972,-0.014777195802022315
A1LYJ98TV7QZMI,-0.01829549677147287,0.010405812663388202,0.0010186467315627566
A1LYQL40IB7SBL,-0.01812019074453195,-0.07540709368072307,0.03983400963447263
A1M0OSCFOAMAZO,-0.018129120041797182,-0.018834004151310892,0.030558053984921906
A1M0YAZ6JV488Z,-0.018227533329333658,-0.00909374672259647,0.003821805648225789
A1M1XT8CYFBDKR,-0.018292508730954646,0.005833060882397412,0.0033968879116746883
A1M3NVR8A3O627,-0.018299366618059733,0.015048680862965949,-0.006799668144156393
A1M4NJYP0WNL8Q,-0.018288504021012713,0.004570212917066319,0.021435077013992984
A1M9DQDGE07Q0U,-0.018087484925440957,0.02209817023080014,0.004804676270042319
A1MAQHECJKA2OV,-0.018324717195947096,0.01165707292320062,-0.015523385533600866
A1MDO8RZCZ40B0,-0.018230807898093882,-0.010864981862145063,0.006742816069472937
A1ME7N1ORVTEG5,-0.018329165870343396,0.013337618423968321,0.01963700593702527
A1MECEHZHFE5PT,-0.018301661628745837,0.001465838042050631,-0.0016821049827502918
A1MK02HC440QT8,-0.018243947393094147,-0.00034296091410250274,-0.003362459592364305
A1MM6PU8E3VZ5L,-0.018241478565739225,0.003263301524358571,7.534639659294709e-05
A1MNUAXPWP8BUJ,-0.01812421770947321,-0.033100741308017635,0.016910239903747275
A1MOXJOSJ6A2KW,-0.018305144916006464,0.021721001543276736,-0.0225899234691184
A1MQJI851YPWG8,-0.018123075516813882,-0.03976145224699116,-0.012665874794817839
A1MRL66BXLXD1A,-0.018272177817500228,0.010638884562789549,0.003580670804127284
A1MX6D3JK6IKDW,-0.018245528242638802,-0.0005366571274242856,-0.003976827941106127
A1MXC2SH327F50,-0.018271606747241542,0.01086940108764498,-0.009155901071795631
A1N0LCPR7O7OLL,-0.01823743940661563,-0.0023663614506813854,-0.013872535654361575
A1N49TOJZFG48H,-0.01825828521302378,-0.003349891345068233,-5.298149818624816e-05
A1N63KPEPN5HVU,-0.01834799235207347,0.021789983251943472,0.01339378838903982
A1N7YA81ZI4KAF,-0.01824136404314381,-0.005366933128948556,-0.0038391160700656946
A1N7Z6RBVRNIWL,-0.01830864933248447,0.015847750256271612,0.026647150970018133
A1N8AT1SQ294K1,-0.01826829655042992,0.00514363640671654,-0.001754544755478583
A1N8K1X0OLLADY,-0.01818089891405828,-0.019732807943123057,-0.06610767409707256
A1NE9F5ZNH2WZ0,-0.01820251536360943,-0.03352020808809918,0.025017339693670388
A1NF9WS7RR82MX,-0.018278269882730465,0.0016747471137105831,0.002127834344644788
A1NGF5NQ22VAVX,-0.018363132180215635,0.03625056612589793,-0.029053388618673716
A1NI0VOVXZBM7Y,-0.01804393306197776,0.00785834089228458,-0.026746752551750224
A1NIGUK4M2ST8,-0.018246217784460637,0.0008557329064166908,-0.00175999278941341
A1NJ33WGE3K2LX,-0.018304426201937844,-0.0008143438039297507,-0.0008998418241535519
A1NO01K5S45TUL,-0.018285149385108158,0.0036046290348358536,0.0010287571006494562
A1NSDP9YZXLMDX,-0.018342564080825293,0.019212997483195382,-0.025772794033338934
A1NSMQIF1C2VCE,-0.018219108705178358,-0.008923879206256324,-0.024464360577168665
A1NSUJJCG73IRF,-0.018195013088672638,-0.008147162184226023,-0.03667852047133247
A1NTXJPTFP1G03,-0.018226969308506674,-0.0033866287986263053,-0.01899303752385468
A1NV8HZTGKIPXQ,-0.018193655032828247,-0.015960809798223535,-0.031613079520113066
A1NW9MUO9N09US,-0.018279690022524643,0.013673306355680573,0.0029498112546348866
A1NZLRAZJGD99W,-0.018235902711651965,-0.0152041591010524,0.013201522070149897
A1O0MYEXZBV208,-0.01829406680350729,0.010194493537168359,0.00913479557054402
A1O2G0C5J015I0,-0.01822122276267003,-0.0033951109136468034,0.004707342087219652
A1O3TR94QGSKT4,-0.018288883502549803,0.009509316934495245,-0.0016686059331395293
A1O5ZPBUQVNYMG,-0.018243308027787508,0.0025305432151678836,-0.001968235237564404
A1O60LWGEJFGUD,-0.01828003085990584,0.00030718419397798635,0.0031085802880158977
A1O60Q7LBN4MQ,-0.018244025411537145,-0.0012146374180804155,-0.005959710287142168
A1O97WKID9L3IA,-0.018277046326769995,-0.0005576559325720883,-0.0010340726767654013
A1O9GTS2LD7TR0,-0.01827345066475877,1.65653644542684e-05,-0.002338028894429034
A1OBF92OHUHKP4,-0.018253247477356908,-0.005845240217331823,0.0037653734664665067
A1OBJ2263JCK5,-0.018293146420795863,-0.0026031331742657547,0.0054761982462116585
A1OBPHRXHZF8P6,-0.01823200096356208,-0.004037271181745955,0.0019692746774912988
A1OC44Q6V9TT0G,-0.018294173691243268,0.02667057129386425,-0.016351240479366036
A1ODIT5QV1PU1I,-0.018338410502626704,0.032350183829733335,-0.01426477882460288
A1OGL5UUS3DY18,-0.018268232043510066,0.00391858724074633,0.007146775083971576
A1OH0GXCXPZ6MK,-0.018302417412254766,0.012578208149763879,0.009843229248602866
A1OJWYT8U3DC7U,-0.01823043031800028,-0.0017524433059090219,0.005359859312586415
A1OLF7JAVB69B6,-0.01828343012770638,0.004441396454353186,0.0010045091980336025
A1OMWH3URAZQLW,-0.018286020960979928,0.007570423303609917,-0.00022509786946812768
A1OOQKIX5UE6H8,-0.018256083420372108,0.0009662206260304173,-0.0012559670941828778
A1OPCBU44X8KC0,-0.018298051128290596,0.00859192154795115,0.013721549245355546
A1OPS217DE4ZRP,-0.01829325873180637,-0.0017519096954128693,0.0005032864818466209
A1OWK3WT3INH4O,-0.018291481822605298,0.015871792197221065,-0.008479713511344857
A1OYW08VVPMP3Q,-0.01823548406069428,0.0007675807387052449,-0.0015389645594230494
A1OZAYRJQAERTK,-0.01820082161150756,-0.006158276486126516,0.01887273651366902
A1P0VW7IXUNUM2,-0.018198776091892226,-0.011745325253177492,0.012737756238411798
A1P2NBM3P3TS2X,-0.01819335918690663,-0.029820537343207814,-0.02747896120215705
A1P6NRWDD1NT4B,-0.01822229868462948,-0.005377781274006919,-0.01145106193783855
A1P7O2PAA8H1DD,-0.01817229485763836,-0.031241261316100024,-0.041310043650557446
A1P98DMX8YUSNW,-0.018222194401553933,0.002937205443580771,-0.005820841794454727
A1PCQHQ6NPGL9F,-0.018225957882895504,-0.006510341995619274,-0.01943386180942575
A1PE1GH4ZQH6IK,-0.018265755739473907,0.0021908468315929514,0.001375295990684703
A1PFQOK0EVMNMF,-0.018311358562165387,0.013303152099577355,0.0010522395431457727
A1PGC1GEBY9CZU,-0.018446688939744483,0.04334522299968221,0.028994531388076037
A1PHUCTJ9X9EHJ,-0.01828354719286615,0.006050587783257636,0.0006123429193863286
A1PJY4RZYFBLU6,-0.018288131239801105,0.011369780960358407,-0.007360483546124796
A1PJZKEZQGREDY,-0.018214321810332838,-0.011256017125853094,-0.00164799983840423
A1PL8JA0TEHBVN,-0.01825568427445986,-0.0016056827228909905,-0.005499748875769331
A1PLAVBF6MTRXO,-0.018270653720238533,0.0018222890492054606,0.0029410290009179076
A1PME65QLLQSLA,-0.018317440410600835,0.014449544694069723,-0.01579789603617673
A1POFVVXUZR3IQ,-0.01832143652288584,-0.006848706981012906,-0.003945888678999822
A1PUFWBFXBOFYK,-0.018257356762175544,-0.011701634349780207,0.008052693950884196
A1PZGUWM9C3W4H,-0.018275072108971325,0.006374644348489376,-0.009864691290434742
A1PZU88ONVYUHB,-0.018294825526410152,0.013892850651396959,-0.014467952111768668
A1Q0AQ2HVNSYYW,-0.018249455524486403,0.0003960955828592753,-0.003250961976830226
A1Q15TP2FXYYMF,-0.01830534270073142,0.003573183839434266,0.023719452016303568
A1Q1V4F9610DB5,-0.01824269288063606,-0.005172630947854175,-0.005037898857762048
A1Q9Q0EAC3TB02,-0.018371731767934073,0.011015686892299696,0.010676844325205314
A1QFQ9SQZVGUK4,-0.018165210807764412,-0.008386811129151113,-0.05197779524601801
A1QGMIQD8ZYDS8,-0.018273800747308507,0.0007645196874396597,-0.0025189771506707965
A1QIF5JZARLE1H,-0.018241994364473768,-0.002344155164705415,0.003142392073747916
A1QK4B9YJUHR4R,-0.018287745432213218,0.018859358703922097,-0.013347599662728705
A1QM6YSI7EY2M2,-0.018305135795225858,0.0090601035845564,0.00924245420924554
A1QNLOV3985VUP,-0.01829172698869917,0.01009692858328751,0.0012064044256135996
A1QQPIUXWD4G0Z,-0.01813114778503452,-0.005843340122522134,-0.057121362535287226
A1QRR06UY3LI9G,-0.01827462020272344,0.0054144639945700275,0.0011704389580466804
A1QSM4J5IKE4BQ,-0.018271385240786565,0.003844606093063965,-0.002950335087779517
A1QU2SX55FHNED,-0.0182918955752374,-0.0033078723530191047,-0.0011563119707289093
A1QU6BHXXFZGYQ,-0.01822943753589382,0.003941340150405852,-0.0012021481112186583
A1QUILLLNTPNBD,-0.018332258236296403,0.037289362880939265,-0.026203336944908787
A1QWGK4SXTRXMD,-0.018289403283975828,0.020930002400218608,-0.002880699736412065
A1QWQF0CXTE41E,-0.01829817869443985,-0.0016443768540238687,-0.0033835838965891726
A1R09II733292R,-0.01825323357552925,0.0038621775841743864,0.007529669428489551
A1R2ONSLAI3M2X,-0.01822541211344722,-0.008369704222032526,-0.02702698419070778
A1R2URG8OHNEDS,-0.0182667391328232,-0.001982171217040954,-0.0016789637207891982
A1R583OW6QK5CI,-0.01827933571598101,0.0005306158568108702,-0.0014715510604930593
A1R602SXNGOMJ4,-0.0180769535539017,0.0077319160841373465,-0.062227296572815616
A1R8LZYZR3377O,-0.018163107827112796,-0.04267228724720556,-0.01500789441534954
A1R9GZ8FC44MF5,-0.01822768500494147,0.004903869929463119,-0.0011439676199326751
A1RCAA8NAWTFMY,-0.018297654729179047,0.00654416626292448,0.010982475820200949
A1RE7M7NPEQHU4,-0.018265578211741663,0.0012270824556118404,0.0003283747348747711
A1RECBDKHVOJMW,-0.018286447963431807,-0.0021605887493738258,0.001153155924127675
A1RGTGCP7UG4ZA,-0.018232640007149175,0.005194528511246687,-0.003098011759198052
A1RHD1DB36ZFWT,-0.01829104109084655,0.01422853126062798,-0.01785970059055445
A1RHMQJ9KQQ6LS,-0.018275891171702176,0.003510414224816216,0.001152506168726236
A1RHP6PX9UPJ3E,-0.018146916026148634,-0.05126438035242882,0.024515178076893792
A1RJHZYKUNPJQ2,-0.01828488713382004,-0.003013953368814055,-0.0028032938480192413
A1RJVM3POF45U4,-0.018304748377413672,0.0175521690372032,-0.014882908180547664
A1RJXK6KF3LL5R,-0.018295020305022155,-0.0019834081504020813,0.0078035036989577275
A1RKD1I8MW1LG6,-0.018230294239448917,0.003172020309810894,-0.004151740060317319
A1RP6YCOS5VJ5I,-0.018370927323282098,0.014496406594309147,0.06257600369882013
A1RPBUKQ5WX01R,-0.018232215287043267,-0.006617060100937739,0.006946553570777083
A1RPTVW5VEOSI,-0.01826381314464997,-0.0002007597724503266,0.00041861554473661183
A1RTL8Q1JUJLJI,-0.01826215649901623,0.0017467189765576643,-0.0009065805237373147
A1RV292L5DDD6M,-0.018206307617090755,-0.04317641386541482,0.03339871072147306
A1S1BJFTA644TU,-0.018116226537494735,-0.037896161018894134,0.04405842310343702
A1S3HHMAB9LLXK,-0.018274037239790236,-0.006082527163369432,0.0017009140567084576
A1SAAKWYLYZSH0,-0.01830918171675712,0.014471444845217282,-0.0008197117299979564
A1SAJF5SNM6WJS,-0.01826350491153354,0.002361259962761518,-0.0032376139590025448
A1SCD2NYTIAQTY,-0.018269746440374105,0.0011455446820330755,0.005852533289341322
A1SCR87AFN1IUV,-0.018279331958738647,-0.0002653644172819835,0.005333446356294753
A1SDPA1J98UP4L,-0.01826360357348863,0.002297197902040909,-0.00041170124485440313
A1SHLQKJSPCCNZ,-0.018264511136018194,-0.0020579347548014557,-0.0010288585498473546
A1SJ4MTL9K5UWU,-0.01828031283761768,0.005521212487912601,-0.004170573760242344
A1SLXPLLL962ZU,-0.01831914700516677,0.018649361700859995,-0.020635033811772407
A1SNRWYQGH68S5,-0.018291612943088557,0.014814378638860964,-0.014437963715638791
A1SPB225CVTRUU,-0.018260118090168243,-0.006741295188923387,-0.012601646506228125
A1ST1XBL6EQTBV,-0.018282785807999354,0.001178590418180469,0.007228149739416313
A1SV801RJVXY38,-0.018221684802694326,-0.01034821865040419,0.01075038261362061
A1SVXJZ3386U2D,-0.018257637871248407,-0.0013671401614491578,-0.0012567030607719726
A1SWLQMDCKOZHU,-0.01852923500162073,0.07022852399099884,-0.04665865404791448
A1SZUPMDG6BFXX,-0.018187196954925686,-0.005241924579241595,0.004319984579601667
A1T17BYSWE5QBE,-0.018231592396570635,-0.004547658266802773,0.008059589744828316
A1T6MBYEFFG4LH,-0.018272303953979933,0.001309321103320257,-0.0019600111680357396
A1TA5QYECZP1L1,-0.018296633081155526,0.035504412308747735,-0.01470495151611422
A1TBCYLGKB9W7D,-0.018271276388408173,-0.002101415634942384,-0.0020707775139422293
A1TBSKSPZHAYHG,-0.018265386481908046,-0.0026177246513286053,0.0006891496617622196
A1TEMNM9ZEOLJ6,-0.018173129662115536,-0.002429416467992241,-0.022967102975718086
A1THSBWV04YAIK,-0.01820314397269331,0.007365027339072599,0.0017713106553462832
A1TJFB2ZAH23SY,-0.018348843828057945,0.01921032740757051,0.014854861591297647
A1TJIJKKN15KR9,-0.01799607158396966,-0.05256950954967583,-0.024496699220504722
A1TJLSSL0J0ZHA,-0.018166414674388554,-0.046592906599590825,0.0425157253343549
A1TJPMB7N776WS,-0.01824994677375997,-0.00191779290709492,-0.004310710480604525
A1TK6R2JSC97HL,-0.018163301387364227,-0.00614181915936746,-0.012649316987611405
A1TKM36EYEQNSM,-0.018297467619518223,0.008231038715801754,0.0174457503094064
A1TMAVN4CEM8U8,-0.018298190812203182,0.0033949170573856894,0.013495841986462342
A1TN8A6PENVN8D,-0.01822576591915117,-0.008057448023323756,0.008125057290346389
A1TO1P3NV7OAU6,-0.01834850313493436,0.01698102500367104,0.037220706947649514
A1TOD9XVO76865,-0.01829447949522757,0.0019315511191906397,0.004115756992035666
A1TOH8S8I1VT9R,-0.018240169987550882,-0.0024728094807757793,-0.0034598412677160815
A1TONI9A0YFOD6,-0.018238252199134896,0.0017275378465286906,0.000363679573793255
A1TPW86OHXTXFC,-0.018268349973980823,-0.000506730708708764,-0.003372978042120849
A1TS45JWJVOSSW,-0.01827551416828104,0.003964307103823244,-0.00264585152049234
A1TU904JG5QQNY,-0.01827288238883665,0.004333524016845377,-0.004474426065997567
A1TUVJBY0X4M5O,-0.0181366289716268,-0.00755239283036792,-0.011667839698045464
A1TUZL12O7X1A9,-0.01831317244391462,0.01304715333560717,-0.001889378289172294
A1TVV2ZZ52SC1U,-0.018283043955812865,0.013991142159269531,-0.0036911884885222797
A1TW8SVK7QJ8E5,-0.01831531168154272,0.022518049595233926,0.019833457075324624
A1TW9ZGRDQQZ2Y,-0.018297442371025444,-0.005833573812862037,0.010085645407308098
A1TWP6OKFKS9T3,-0.018254637183585772,0.004221388121959981,0.0018513472744687723
A1TWTULVD6F22O,-0.01826567824564712,-0.0006379703997631671,0.0015852598403981602
A1U33P030QUSH4,-0.018319476023374227,0.029046023625699056,-0.01407533293206272
A1U360OMVQRPUB,-0.01827753221718974,0.0062081107323143465,0.017434865996099426
A1U5279S68L0XL,-0.018285798892893303,0.0016467359602686353,-0.0027232388476381496
A1U6B2LDK3BUVU,-0.01820247041263596,0.0015355811833535492,-0.014698410141185232
A1U6XPYATU9OPG,-0.01829952277216989,0.015144178433576053,-0.0001452679692478503
A1UEIAIRVH070I,-0.018272220636613802,-0.003650380409515793,0.003920761198784102
A1UF75S2SG846N,-0.018249322061947966,-0.005260591880665037,0.0057095983508612305
A1UFV4HALV2OXW,-0.018333247346136713,0.0035780442101489437,0.01335984584113156
A1UFY2YWV81UZB,-0.018266245492742614,-0.0006387575384285303,0.0007029983644921417
A1UGKTZ5611JHQ,-0.01823508626747986,0.0015100594687100235,0.003883430558824035
A1UI1DY6CPWHY5,-0.018215082285951992,-0.009803584465270751,-0.0019127323934843268
A1UKLVVCX2NNU9,-0.01829661676099501,0.01090177412733763,-0.010227757907954042
A1UNJ46NSB352E,-0.018270787700442343,0.003686621484591875,0.006202137989047851
A1UREZ3YUK9ZB8,-0.018268729004293875,0.004427994157600936,0.0068089210519258715
A1USX2AHE53K12,-0.01823971596077648,-0.0052245951430994735,0.006182845161466244
A1UUJVQZOMYI9F,-0.018255893759521115,0.0022395494678327885,0.002527732718011876
A1UWMOFWP3NTF8,-0.0182715508028637,0.004533046252292381,0.003652568269762568
A1V176RDEFNDXO,-0.01823509703344192,-0.0066320230233866085,-0.0014937182551146607
A1V1JZQ5D44CBG,-0.01822610087930296,-0.0008102294834775373,0.006188002394442815
A1V3IO23FZFF9L,-0.018172078248327596,-0.007485855007982906,-0.04958646193362335
A1V3TRGWOMA8LC,-0.018130547977003694,-0.0626003914165409,0.029063992308187715
A1V666Y9QXUUWP,-0.018269368722436986,0.0026514276037370482,-0.004060196199286367
A1V68CETC0BXV7,-0.018250622876748893,0.0007314485444816498,0.0014329852442710354
A1V695PU0NJW3P,-0.018274197472854622,-0.0009605990726615066,0.0022889356564114276
A1VABWDOUQLULZ,-0.0182236948796707,-0.007400351788625239,-0.017482573838877007
A1VAU4V7HOE90T,-0.01833421264965253,0.007050925348512417,0.014015994322304213
A1VCLTAGM5RLND,-0.01830334668948273,0.006361509893362922,0.029902606982953498
A1VCPMT1RRS7K0,-0.01826069669522725,-0.0005628717364898185,0.0030911028399160825
A1VD9ZTCVUURVT,-0.018226617906476877,0.0028702395610239136,0.001454211283025545
A1VDXE2UOLGW0P,-0.018298953851912804,0.005806607141989221,-0.0024649884154141445
A1VEKMVQAU3D4I,-0.018253341019846887,0.0005177583508302722,0.004337332330373236
A1VF0102Z9VITO,-0.018177515823091003,-0.02709163625867635,0.021398742449838252
A1VF4BV5ONRSL6,-0.01827426811311901,0.0009860119768376038,0.0008828467155008109
A1VHK9A4VLJTHC,-0.018213559922125224,-0.008322860700482772,-0.0353995522146725
A1VIZFPC5FDDI5,-0.018331171779921183,0.05144771357133838,-0.007869607615627052
A1VJ4D9J9NUUYI,-0.018300338661033855,0.010338869302016461,0.004905807625793935
A1VJ7HYM1EC94M,-0.018282523461677355,-0.001277870220671996,0.002437313839926057
A1VPNWK3IUF0KB,-0.018244718481845345,0.0037498685976392657,-0.0006028057236389621
A1VRZQZBK4YVH9,-0.018154625736606596,-0.022860340498080646,0.010535409193195263
A1VTFZ4K6CNNN5,-0.0183162174470278,0.024447816765614822,0.009693871315823848
A1VTIQMM5L2ZK9,-0.018267529393683254,-0.0007340439694544461,-0.0013477808118960168
A1VVOHRZXFSITK,-0.018268111888731512,0.000913712485800982,-0.0022271202359770807
A1VVVV1Q6VDRUR,-0.018284198391667547,0.005091096734231617,0.004562271986835548
A1VXEL8R0NFPJE,-0.018276093879675423,0.01513807548644905,-0.0020528754760124656
A1VZ0SF3WGAHIY,-0.018243733916908936,0.0016783937010443858,-0.0014196923510965125
A1VZLLDNLURGJB,-0.018286708808019286,0.0029027950298436338,0.00042801637142624054
A1W31ZPTV5OMGZ,-0.0182715369832346,0.0074447839329395025,0.006319265888202815
A1W4Z3QXMJ0UJ2,-0.018264144826181234,0.0019818782784452238,-0.004092333536349418
A1W5GG6K8WEDY1,-0.018335202903033483,0.017543068827071753,0.014296116674826258
A1W5RUAJRI8ZD3,-0.01828206272536377,0.004520957807662726,0.0007154507420161588
A1W5U6443BKM84,-0.018249582924001376,-0.0032606617646564703,0.001656156823382332
A1W702WG1LC6R3,-0.01825078657591388,0.0025071112910948113,0.0033941521213671703
A1W98Q4MZK80VA,-0.018215816586146915,-0.002627193032635789,0.004522275063907702
A1W9JB3KRSDEQD,-0.018289888396192566,2.2821883959206187e-05,-5.525858271176618e-05
A1WC70JT42H0FY,-0.018282745885710803,0.010649596466633033,-0.012450050480598352
A1WDQ4J8I0RGQZ,-0.018204964216628962,-0.011202127390242471,0.010438501583891374
A1WEJH8YFQD9YA,-0.01829537126391111,0.01564620706355036,0.006135431839793534
A1WG543QAC3UII,-0.01827014275973972,0.0012304517421388563,0.009422423682907596
A1WK41KVPNDWUF,-0.01822205145855945,-0.005590442712757166,-0.006641780956568919
A1WN0BY551YN8Y,-0.018268273802258112,0.0003567755836436181,0.0006157681825572171
A1WSFHRBY2ZD1R,-0.018263095676007805,-0.001155307929741948,-0.0013987107879813202
A1WSUBZEB2WGBM,-0.018247711680468584,0.004043735848605197,0.00019569019980662065
A1WTP99BOA0PGA,-0.018268828632419132,-0.0033059830195098193,0.005710199307900929
A1WU7YMHX6U0DA,-0.018263218630804594,-0.0035030912774647732,-0.006830527450480025
A1WUMTJOASEL5F,-0.018219004479145203,-0.017554466611938446,0.02277033585802734
A1WVA7V02PQOY6,-0.018313244100355616,0.011782825329079781,-0.01017944985809463
A1WVGB7T5KB2L8,-0.01837133010282369,0.03556075562400895,0.0007399058720371796
A1WXO1LU9O7Q2O,-0.018263256797361595,0.0006475458871635501,0.0004565301870501003
A1X054KUYG5V,-0.01796765682811156,-0.010536254809537224,-0.08316072591201656
A1X0RAIKUE5UN0,-0.01823051673202029,-0.0032185051889269175,0.006560499328670204
A1X15AQVSCKKRG,-0.01828996663910942,0.00550096799777199,0.0006947911679704939
A1X1CEGHTHMBL1,-0.01838667561554478,0.01956760870637388,0.021768028320402703
A1X2RLL308LP6Y,-0.01831792744122064,0.020312472839074183,-0.014343107421788587
A1X5SHBAAHF3LS,-0.018235203932769204,0.004952717733301285,0.002996103914325669
A1X6WS9PPQC3GI,-0.018275763531643376,-0.002555837049158416,0.023174044283355375
A1X7FS1H4R02W1,-0.018256899161616772,0.0005672680212172773,0.0012732690482388097
A1X7T3M5LXNAP4,-0.018269180967042466,0.0012382252958430973,-0.0016165689936939204
A1XMHK9HN5MW2H,-0.01826590221329175,0.006806060017496917,0.004259180403068319
A1XN6MBYDBTX16,-0.018276224479412313,-0.0023141074087797697,-0.00014905255469761021
A1XOZW9A8TL7JY,-0.01824871195298838,0.0013468596506395509,-0.0004595365378714783
A1XRYTTY66KNO2,-0.018294917956427594,0.014502188478955456,-0.0032738649125300125
A1XS60V1ZOIK03,-0.018432248626602064,0.07047681125269277,0.02212669070217858
A1XT8AJB7S9JJG,-0.017971741475282806,-0.1053510270132906,0.08417362782503286
A1XWFC2CF0W3H0,-0.018234339913603872,0.001413339828340442,-0.0019532552852247085
A1XX5797TIZT5Q,-0.018212009018262563,-0.0018539092390985647,-0.01931988169371974
A1XX7ZG1DI7E39,-0.018271797926722916,0.007249162699368212,-0.0011645030096986788
A1XXMNLOLKNO0I,-0.018306579778234463,0.022529769407874982,-0.007672055247959214
A1XZ4EAIC71NZV,-0.018245304399784022,0.0007227248145319333,-0.0009634126835390561
A1XZJ32DJS8YV2,-0.01826675570351326,-0.0005062459026456322,0.0029292622812495516
A1XZJAK9FLFSQL,-0.018214587455423266,-0.0036086369931358124,0.01451620973504594
A1Y09QLADQYQJG,-0.018300887541924243,0.008404370578102189,0.006695068291602346
A1Y0HX12MCT6OR,-0.01818388389036817,-0.01251527908024823,0.0019063431551617327
A1Y19SOGNP3CQO,-0.018284909962111816,0.007413998771321773,0.0019153006434189377
A1YB29BIDULEYE,-0.01825440683393334,0.0016720684047944166,0.0017063021306737353
A1YC9XEDFKXPLK,-0.018274472849661345,0.00028942169508503466,0.005022540477030307
A1YCW7P7M44W4T,-0.018282639021365288,0.015344651037707716,-0.016558895607410695
A1YF43T1MG74PM,-0.018277526668701763,0.010103337908860555,-0.0012946489748140875
A1YHKSTVSYEYTU,-0.018244167972767993,-0.0026478266829286857,-0.011042763623011894
A1YMPN984KO6N1,-0.018350946813241356,0.006376487809766801,0.020670796353160752
A1YO38P4WUOA3Q,-0.018277830812052993,0.005637101885562351,0.012176024338557445
A1YQ6QB2127AJ4,-0.01832902919373217,-0.006818277076312851,0.012070326583645498
A1YVDY3TISDRE1,-0.01823693186490742,-0.004699483282626333,-0.002599144659017769
A1YZB5M3ECP3H8,-0.01825878475776348,0.0013202732116504895,0.0014903546404272693
A1YZMGEC9ELI4L,-0.018290034403582536,0.0081242599558053,0.007948638679972935
A1Z1NQJUJQ5CRO,-0.018051200672560094,-0.06006846125110163,0.017498370090249783
A1Z2ZN39LL07GI,-0.018274972804573256,0.0035881883474302265,0.007094150429102265
A1Z79KWBZ3U9J4,-0.018275347633351174,0.0011624070203584457,0.0016234280870050827
A1Z7HE1UO6KXGW,-0.018238190769579516,0.017434292093321233,-0.012913282554885934
A1Z9JJN43A5T3W,-0.01824669574434535,-0.0062989337580334065,0.006358906270246042
A1ZEKK71YKEEG4,-0.018238783059659692,-0.0038787892094079516,0.016576717932963735
A1ZFE2XLZ99X68,-0.018290453400955437,0.004817994534961291,0.007479643590869287
A1ZH9LWMX5UCFJ,-0.018254201955677587,-0.0038474998760000246,0.0026820781596981085
A1ZOE9J3OPTQFE,-0.0182921695211611,0.007662851331620439,-0.0008073024288686274
A1ZOF747O5EB6R,-0.018262464308790975,-0.003461499238719782,-0.002432342871824992
A1ZQ9W0RYWG7OE,-0.01833443330518196,0.022943134288623254,0.045272788452491365
A1ZS82R4RC0I2N,-0.018097649145398968,0.007789372614709855,-0.04398020193216007
A1ZTE3K3EN4TS3,-0.01824525184157997,-0.014986940951278381,0.007490041081707547
A1ZTSOBAPOWT3,-0.01826280817241774,-0.001762529467593245,0.004830544982872424
A1ZUQG0G6550I3,-0.01830775397760458,0.0152377336559015,-0.010546433781139255
A1ZVHON412U9JX,-0.018254939150315813,0.004532957878548757,-0.00799397394446721
A1ZWDTXSH1ZV8E,-0.01821971993244096,-0.009474522921717314,0.006383279534010085
A1ZZ2EB6FCY8MW,-0.018251386110759084,0.0012906155045645082,0.0018581585410600008
A200KMUEGHWONL,-0.018213628120044546,0.000777923105788547,0.00109036671968566
A201SKPNZLX3JF,-0.018285928220738917,0.009607295255663444,-0.00942579623021903
A203GFDF90DSWD,-0.018290538903306626,0.01158208222061052,0.001283651664858992
A2040XJMKQEV1,-0.0183272013331684,0.02462833179798079,-0.020917696896105672
A205L9OMMVXT9W,-0.018192988052529387,-0.037336108102889176,0.03338995887571284
A207IYGZTAF0DS,-0.0182300584768746,0.0015530908021742875,-0.0004370038405520931
A20BHA430QDYV2,-0.018287799360668922,0.002845407568940677,0.006511491282945038
A20DOIT275Z4BJ,-0.018265298272320898,-0.0020555329311949546,3.3167143356332165e-05
A20DZX38KRBIT8,-0.0182648624423797,0.00011811889475327757,0.040804359666494594
A20EEWWSFMZ1PN,-0.018293655411652492,-0.04947428616795646,0.004624818997820146
A20FK68BUB1IVA,-0.01828116107412005,0.0018009534028176506,-0.004092620247919957
A20GHWCXICZZFJ,-0.018265290660273988,0.0028366739725921753,-0.003527024477350099
A20IIR0422G3A5,-0.018283584461561864,0.0002130538705969985,0.009647936659030822
A20J989QAU0H67,-0.017903500617449292,-0.047385921055605525,0.1319716289108174
A20L037OGCIXJB,-0.018291240421737485,0.006529658865629127,-0.005925390042370399
A20LY8E9NGYA4M,-0.018222867977075195,-0.0017016881122027556,-0.011076579816515525
A20NJAPECFGIR9,-0.01817677926591934,-0.005729638167177974,-0.009165809052464882
A20TJ5P97W5MS1,-0.018309071169506187,-0.0022302106037606923,0.00447769887931934
A20YK8VEEOIJQE,-0.01828508101509866,-9.040059688503668e-05,-0.0009685181157326705
A20Z437RMKI47S,-0.018272041813386243,0.012302954143448182,-0.011789476823382002
A20ZCHB9EV90D4,-0.018323279490808378,0.016351723384029838,-0.0005646233223792897
A20ZPKPVFOFH0H,-0.018224867538585956,-0.005136630825165627,-0.002222852788084099
A21279TEPJ8YJ9,-0.018281020930910604,0.00046525434493726,0.009130072077405018
A2161MAS1NMMZ3,-0.018240845100487457,-0.008013551934341083,0.0034427685940975707
A2198FZZMTJ38H,-0.01821104601771403,-0.0030290681048791685,-0.028192281867720385
A2198O25QYUPXE,-0.0183097790605041,-0.0011118931419729099,0.00020808062458772892
A219METCL6ZIVC,-0.018237194243152753,0.00030014055705065556,-0.0001661123689287474
A21A82RP1TJDH5,-0.018314527724787276,0.000389010892644588,0.004969551090589959
A21ACKP1NWDCDJ,-0.018246257901279848,-0.0051957689228950095,0.004996076261119791
A21B2TJBWCSK1R,-0.018315771923853086,-0.00031125797995706575,0.011099078972345168
A21EYLW1TG7KUH,-0.018279528123152086,0.0017579539391379367,0.000392275631519347
A21GGD9JZ189H0,-0.018221051158725562,-0.016496073774104066,0.024096183335930266
A21I4N7CQRQH1F,-0.018262060123981523,-0.0006838673359538781,-0.0004116687763181388
A21K28EQ023UUU,-0.018270111713151613,-0.0012879450123992387,0.009567867432376207
A21LDIFT02EMXX,-0.018236506563462103,-0.0016211489430202662,0.005466520168432445
A21P8BFX88A9PR,-0.018271327303628085,0.0007955680982792852,0.0035232729580255712
A21RJ6PVI5KEVW,-0.018304708619907337,0.012429810987419094,-0.005303726736939601
A21U3WUMSXT1NU,-0.01828623897036356,-0.0015763435653268702,-0.0001407498127973722
A21VGNU5959O85,-0.018227341274237526,-0.019422036732135228,-0.0391032397823515
A21XVS00AIENLX,-0.01825563750123061,-0.002526285746890305,-0.002461295086810212
A220FJEQNGMSRN,-0.01814621686494527,5.197141534815089e-05,-0.027827504547899496
A225KOTGHS3BRA,-0.01823982291577682,0.002582800100651808,0.001333650793893111
A228JH8V9Y700G,-0.01823042541906981,-0.004893215008580171,-0.003350506264417238
A22BPC7LRSGSYQ,-0.018267132403014915,-0.011726842934435176,0.0003977402280755816
A22CJPTFPQAWEJ,-0.018270241803523213,0.007998037719447314,0.0012930041180424143
A22FZC7RRGEBAJ,-0.01825289952849447,-0.0008742882746687689,0.00359825874870351
A22G4CIN8K98TH,-0.018266344959445895,-0.0015765437318785546,-0.0011568575126334158
A22GJ2SRENMZS0,-0.018248029590751773,0.0030079580752530454,-0.004998048786874173
A22GSAZR0B1EJ,-0.018275203479354026,0.0009441249129945729,-0.008476195761590656
A22IFF43YU0HP6,-0.018236476952839014,-0.014401996927923216,0.017844694046550817
A22ML2C7EXDPMD,-0.018217965262535624,-0.00910251184824318,0.012885123990610628
A22R1X2P28BFCV,-0.018234793558394285,-0.007892541607623059,0.0020229757944668007
A22RY8N8CNDF3A,-0.017928461997659045,-0.023709606290358686,0.012681098592813644
A22TZUXUKA11SQ,-0.018251249154688,-0.0033104671939071877,-0.00861294503606336
A22VKGIY6EYVVJ,-0.01832567551900948,0.022533843926855982,-0.0002044997959425643
A22VNXHU6IZ5MT,-0.018333198910904576,-0.00232983669785989,0.009518279943169066
A22ZN5CJ3YQHVC,-0.018327181241693087,0.016739311282179023,-0.018807087534436114
A231LDOHWO3C4J,-0.018277020023481274,0.005955734029180552,0.002452885474567771
A235KCW5P29N09,-0.01819661551194373,-0.03061704453139309,0.02365936813781991
A237E0FTADYM58,-0.018294489857438003,0.01342420706383665,0.007306396339320624
A239PPUVV8O0U0,-0.018275249050725802,0.0025416655324387474,0.009757951367648959
A23ADL6IBETWH3,-0.018277023931242423,-0.0005729817474397591,-0.0004158117658441013
A23BTLTIHMJN01,-0.01818655795886844,-0.022118237938474842,0.004880341059896085
A23EQ735FFRFQP,-0.01830064608750278,0.012461272056457839,0.0005758947814590928
A23GFTVIETX7DS,-0.018252041061009576,-0.002934535447068352,-0.007905140606654785
A23J4S3ZHX48AU,-0.01828659295259927,0.00764328425569578,0.004578833542472366
A23L2BR07AOBG1,-0.018235045946267577,0.0004497566524338276,-0.0035935611885709504
A23LK95G7TWHZ9,-0.018200900243063096,-0.024752354409123933,0.0018860554533780948
A23M34LR1SQHS9,-0.018310302834888742,0.0017105521470949397,-0.0007892690896255771
A23QOAXJSWIBS6,-0.01824784936865471,-0.003528222443822558,-0.007680006695820392
A23SNLBXAJLKKY,-0.018304003894107104,0.024784053740344758,-0.011978916157244173
A23W55M32D2AC,-0.018272280974374548,0.009631825661457281,0.0033762332542671444
A23XVF23C7BHP0,-0.018255209814752142,0.003535521997471177,0.004775804010020011
A23Y6DXVZTTXKJ,-0.018281019470418845,0.0009480968532439955,0.002752015948578763
A244CRJ2QSVLZ4,-0.01829897679748961,0.007669465024186328,0.0258758689102401
A246D56KFO5CG,-0.018392365324684565,0.021547553119559342,0.0004139521539349945
A2490GBIRZVVJT,-0.018318720269640987,2.4904846239992876e-05,0.009756910992951178
A24AMW3M97N9VG,-0.018255617458928973,0.0014144135865280343,0.006639083222181215
A24E4JWAKKK3FL,-0.018084719865758363,0.01837312047121066,-0.014115568345471313
A24H4MQR1BU7CT,-0.01827632135908633,-7.417099622867614e-05,0.004464316628864917
A24IJY3V0804WJ,-0.01819358411425979,-0.010157295546216243,-0.013867805296217055
A24KSFA19N69US,-0.01828638777360474,0.004691765254926225,-0.004947849432718068
A24KZBAAUTC83R,-0.01826086464208024,0.005632000210144132,0.0037939678644441995
A24PTVSZSM8968,-0.01823723491471965,0.001809965534421448,0.00178772499764496
A24RM8EQ4LL1IA,-0.018248410351155347,-0.00397670406954362,-0.004228352249682486
A24SJQQQFYD2G1,-0.018300787868331357,0.01151690840483218,0.009078129151333995
A24WYDXEJ1VQNV,-0.01828555694878584,0.006088798885790169,-0.006065066573205589
A24XP03W94OU1W,-0.018305762971910097,0.0020312132729518456,-0.0036819914190472673
A24Y96B9RZL0HK,-0.018302790625262067,0.003953664606752517,0.0032553351401688824
A24YMWBNNH7A6S,-0.018322489857676594,0.023147052422444185,-0.0009076345642659858
A24ZFFRQ4MG3XL,-0.018280207026101253,0.00042332099578463236,0.01115852622438876
A24ZXXMB0R5IDG,-0.018307221589612996,0.010450184502969853,-0.015506554946998416
A250AXLRBVYKB4,-0.018221567735132796,-0.02005660739868711,-0.013627702723949696
A250BI36M1IR26,-0.01826871017040868,-0.0016672753313077913,-0.0001710733385016792
A251X7FM6DEHSB,-0.018287736602451046,0.00047476472660528925,-0.0011085152079967136
A252OLCRSNA37I,-0.018275836267921314,0.0022038853657795486,-0.00012905628812011105
A254D6I4JABZYN,-0.0182416656833762,-0.0016187995919581149,-0.00032266411668800167
A256NE61EDDFS1,-0.018244323266715635,-0.010903979009097292,0.0063883437738827525
A257SH0JF2TWTI,-0.01829335485608466,0.008339135683386196,-0.0034023116716475816
A2582KMXLK2P06,-0.01832094493580339,0.012364189033456983,0.06332591479983857
A258EBXKVPKQ9C,-0.018176189043307908,-0.016566651908621218,0.016276562205027587
A25AXWGBGJ5KBS,-0.018273314956040437,0.0016201662437768992,0.004155520313515015
A25CMSI6S7S63C,-0.018245168658546276,-0.009161330846714407,-0.001811964938085277
A25D54N9GTA1VA,-0.018277322669434815,0.0005876904221637179,0.004897573111903641
A25GAS44MY1ARA,-0.018285869007259585,0.01897775406886734,0.006143129026535706
A25GMONBLGQE1U,-0.018203379201936196,-0.02503837893231414,0.010447812798911646
A25HYPL2XKQPZB,-0.01819017151893181,-0.0007277613782431561,-0.02331754152963418
A25II7WBPQ8LWI,-0.01827605929006496,0.0015723222059447217,0.0008145159319675583
A25KKXUQQ0OLWB,-0.018293918543117328,-0.0034411870478238057,-0.0010283883766563891
A25PM9JGHPU8EI,-0.01818519044881129,-0.008566671959057496,-0.051103671890438046
A25QJBK33C4O0R,-0.018238195565176193,-0.003993745143948471,-0.004398826589967964
A25QWSHH6WW3X5,-0.01831262228017399,0.018216792555110783,-0.014635525419343667
A25UZ7MA72SMKM,-0.018314644830400625,-0.003969267080270774,0.022385680737849783
A25V2V2ZUIE9S2,-0.018301069504445072,0.007246419842402432,0.014087104405216436
A25XWFC8NMM08D,-0.018156272290239223,-0.05140630727539261,0.03460276099188955
A25ZVI6RH1KA5L,-0.01825550539280607,-0.005724987273942878,-0.00933987536512394
A262XKLCCIVP1J,-0.01833299940725542,0.023043636449690517,0.009438398426933446
A265D61LKBQH17,-0.018244737489977944,-0.0027083791909710635,0.00583323705895475
A267IXCC7UK1HY,-0.017996045023772264,-0.011786837787519487,-0.026183219610056097
A268EEWUXYCA8Q,-0.018260651118739146,-0.00106223441265857,-0.0008586795016667034
A268W3C0KXBNC8,-0.01831057537401179,0.014149543623738724,-0.0016000577267495494
A26A64X86VL1R4,-0.01825369417794375,-0.005769209375903344,-0.004503703538004783
A26A8T38C2GQD7,-0.018244269990060392,0.00017134877141964142,0.002395543843792334
A26BWRBPP4V2WF,-0.018181803059150944,0.0026610568605018505,-0.01514406260999177
A26D0U6FTDT8NN,-0.01828027783936268,0.013690024662514896,-0.005382452997906268
A26DMTLIKAT8DN,-0.018260426982462902,-0.0012349593487246597,-0.0022120496175983438
A26F0H4X95PSPN,-0.018231425363644096,-0.0041043152609391695,0.0027788400486991834
A26GUT2H0407Q6,-0.018308496813935753,0.03842127861485053,-0.024077215975433042
A26J4NS3G3DAU,-0.018300846776869984,0.007165356813807057,-0.0045616149339058176
A26JGAM6GZMM4V,-0.01831384781778349,-0.006828175574486901,0.0035156025702725827
A26LD9FQHTM8ZH,-0.018234611687682294,-0.009268576548734288,0.009386524061128464
A26MJME9IBNETY,-0.018233850645594647,-0.022366696868655268,0.008462783533008437
A26N27LJVQNVI1,-0.018176094375269063,-0.008328744027629594,-0.011887331870205978
A26O0T192IBKY1,-0.0182637932437713,0.0009800290093595514,0.00020117264203088088
A26PYUBZBD3E80,-0.018339958468624882,0.035251603590193754,0.032651194403532875
A26R4PDCZX5SOK,-0.01827277567074772,0.009606853608635564,0.010442404792937659
A26WVK274IA7DN,-0.0182495506073522,-0.001958540831875598,-0.006194190852334079
A26XOOCIJWDITO,-0.018246842172991638,0.0002543102414093652,-0.002808138792590564
A26Y7GIN7YDCYN,-0.01833706871929708,0.03111968379851667,-0.013602704116952058
A26ZUQ0T6P5DF6,-0.018274794933871213,0.001842254076579703,0.004506682754992444
A271QDD41UTD0S,-0.018294676449516944,0.0028348436733583986,0.0007131769852857397
A272RIGQ5ILO66,-0.018234038166156662,0.0008036371247215874,0.0003244856469183541
A2764UZVBFC61W,-0.018234045447774194,0.0011891881138212026,0.0011094763668279403
A276M3NSIY9B82,-0.01825166029561117,0.0005929219586356872,0.00041627913433818834
A27A88BCLIGDW6,-0.01823945224117648,0.003551049270076854,-0.001376871444116137
A27CFNHYZG6WS8,-0.018223786744183464,0.00027010762550743064,-0.010494987135342913
A27CHILBK6HIL2,-0.01825167283413181,0.00048291323140757454,-0.0009911844975209667
A27DSB3LM9YKAG,-0.01831545342584074,0.017736642983027535,-0.010974760009602649
A27FR2C67JPDRS,-0.018313728230206903,0.0028655818087793953,0.018419851477909522
A27IT55XY4M9WX,-0.018287843868798295,0.001991692814594159,0.008534125322290392
A27L0ISEV7ZF5L,-0.018246913889355686,-0.017350832816217403,0.013244649188438765
A27NQQXW2G3FEH,-0.01841760365164332,0.047957698958281655,0.019993187249766207
A27NTH2Y9DAR31,-0.018275843033205955,-0.0021217353279796573,0.0014082307974925144
A27P0MW8TE1JQP,-0.01828463233706578,0.0036600394151237686,0.004842358452622035
A27PSZX2SE0B51,-0.018266409206728878,-0.003526220415520165,-0.002783305008788282
A27PVVXRXRLIES,-0.01821800987241721,-0.01809355757252719,0.028283300431266305
A27R9Z5RZ4YSC4,-0.018300244243062126,0.014294808510746167,-0.0008949437353279625
A27RJ30RN5K9MX,-0.018302215150394145,-0.001991405324135579,0.010945940266974104
A27T25M3GEM24,-0.018259532809537012,-0.002711353341085073,-0.0008825935960125764
A27TQA0XCZUXZY,-0.018237330982236667,-0.0013602151641694943,0.0012534742927627766
A27W5AJNP6YX7Z,-0.018242802512887648,-0.008870932016665419,-0.007701592944137505
A27XXS9XY18H3Q,-0.018277107461417825,0.010528820518355698,-0.008838437949747402
A2809U2S14N0K1,-0.018154468178996935,-0.0397306897212679,0.02360377664661859
A280GY5UVUS2QH,-0.01829007825704588,-0.002213503204383429,0.0018708166383362222
A281387UUS2IN5,-0.018274973650885547,-0.0022944624190088555,0.0028359553630512547
A281NPSIMI1C2R,-0.018295697836242505,0.0020095590448617386,8.260039981995717e-05
A28284HBJODBF0,-0.018238906727708632,-0.0019701432764355382,-0.00035026831698218116
A288QENIL0GB1N,-0.01825294130890494,0.001420578013588405,-0.006306983813188186
A289788T1M7A9F,-0.018183981515332164,-0.007182549959230399,0.01700246914619657
A28B7IJR80M8KE,-0.01824876191532364,-0.003397561569596626,0.0030291328273340996
A28GCEHD00JFZG,-0.018229901788330435,-0.004620071875067268,-0.014574623306601971
A28ILXH590CMRJ,-0.018260785354051432,-0.002437030085998766,-0.002826201466622513
A28JK8TWOMD3TX,-0.018246621916653785,0.0017141594246738805,0.0030691294184124556
A28KRMOGV9ZVP6,-0.01823219769011747,-0.013425707411659547,0.023407695158986688
A28MM46KI4EQB2,-0.018293868230118145,0.017041316867509915,-0.001969037860702613
A28N79Z604LRCM,-0.018283544318507244,0.007081501533431574,-0.005837856117273585
A28OB1QLXN5BM6,-0.018245472151670824,0.0010997927801817736,0.010327773537025395
A28Q2LJTX52PMI,-0.01820406171947268,-0.024053476886851156,0.02783527391629147
A28V8XJMS2T89Z,-0.01825758651135995,-0.0016337061800711695,0.0013115184147821867
A28WJUJF6D2ULA,-0.018227956541094662,-0.000786079484023084,-0.007957865392502353
A28YIEPGLBN3GI,-0.018281329557985476,4.6268119551488316e-05,0.0014897370911504061
A28ZU7Z39BGG20,-0.018246080437232772,-0.007107327444297769,0.004270697152786682
A2908FSWRQRFEY,-0.0182682540393209,0.00026626724064656186,0.0003471857579870184
A292UXMLXC60UZ,-0.01831139489503085,0.015028635165450974,0.00504608032699329
A29313797NGT9L,-0.01821010919682598,0.0014429948720403132,0.0015744153880195904
A293HA28PN3VO4,-0.01823306855117404,-0.0013374820042335045,-0.004690648940389707
A294DWRBQUOIK4,-0.018238388133829934,0.0013321672154600864,-0.0008983044190626096
A29736SKZFX9Z7,-0.01824951360366621,0.00320689115915847,0.0018291121265725972
A29776Y281PUQU,-0.018278942473903485,-0.0012388613455487007,-0.010725179495530396
A2983GV7OC64E,-0.018222413985169782,-0.007119563952360242,0.003252018810824678
A29CURRQW4I3ZB,-0.018280351746625848,0.005325632442043753,-0.00031400879844004336
A29E5I8I7KLTBH,-0.018272490311732392,0.003387795095174141,-0.00066728186094036
A29E6IO3DZG6IY,-0.01825699074042468,-0.0035166179610868413,-0.0048036954213185835
A29EREHE2HKK12,-0.01820958097579407,-0.012223266929307622,0.014531068183808357
A29IYGR7SNPRIV,-0.018252567543190153,-0.002369358321381032,-0.008797007780253673
A29MQGMFW5TRFH,-0.01821829054610609,-0.012002793100252313,-0.0026706630158205105
A29QA79VLQGHY6,-0.018239030255477906,0.003033327983920163,-0.0007943489746614116
A29R3O02O0PON4,-0.018274047027882934,0.0016123287790087513,0.009487123148259013
A29R4FCO6RFX4K,-0.01824553288485415,-0.0048106576333892355,-0.018779589790526362
A29REIC96NBWKT,-0.018338207489967222,0.015428499921153879,0.005639104350621122
A29RUNZT2H2GCU,-0.018279892798619884,-2.9099766093519023e-05,0.0033446489362759877
A29SJTG21BVWF4,-0.018211670072727608,-0.015280759502644172,-0.026698688146781457
A29TKSIWA3JKF3,-0.018144843115417128,-0.0303055899713787,0.025071288535853272
A29UK7GM2HXMIE,-0.018227150665039653,0.0028427283425262956,0.0028130054208050166
A29XKBB6SEYTN6,-0.01827495916337825,-0.00223783284128744,-0.0012327990266335015
A29XWXJ525HH7O,-0.01827047595432602,0.0009361962929775936,-0.0010766587824762553
A29YXBFTD7QUP3,-0.018254379499700903,0.002860399309543136,-0.0070396699067040635
A2A14JYNTGG9GJ,-0.018286866874091173,0.007144888180046578,-0.010270455072657468
A2A1HXFSAPA9A5,-0.01819813093835561,-0.03441864621946935,0.021326354597888106
A2A1R7X57XWUXN,-0.018164759444784552,-0.028594476445232248,0.02570806305931885
A2A36XDDO18X21,-0.01820733629845046,-0.015427119921538472,0.03248744102173181
A2A3XI1YHAOY1K,-0.01827941718787892,0.0036817005640858674,0.006167197353977331
A2A6NH6DPE0VXR,-0.018145118983791397,-0.02862017758805033,-0.019637743106128917
A2A7NHE5HTK79N,-0.018271397354724217,-0.001840854884443335,-2.0629589497483737e-05
A2A7XY78RAM5H5,-0.018210932658868126,-0.008188081996944907,0.0061647602303145435
A2A90VTWBVWVLG,-0.018251232865400497,0.005955758986956467,-0.0007221269821960026
A2ABJ4XM4MJ5CD,-0.018386474035918844,0.0315323887174736,-0.018768988269515546
A2ACUB2881HW0X,-0.01826498316516762,-0.00012546777973415825,0.001541248055070707
A2AILGW1AHN0BW,-0.018319585126685398,0.017125731923010104,-0.010441055142627512
A2AJNLI3V5O27F,-0.018262674244574895,0.0008080103221978393,-0.00025370910651907705
A2AK7ZFKW08HID,-0.018335306702510677,0.03811937726911482,0.012036412058311352
A2AKDKY2LNMQVK,-0.018298303414002532,-8.791901932183836e-05,0.009914442109159038
A2AOQJN018QK42,-0.01825624791136856,0.000948209859072226,0.00034308363019527747
A2AOZQ3WTNVVOK,-0.018257047945115946,-0.0021350723737643133,-0.0024313622531709315
A2ARRAMXWT83PT,-0.018291355558257536,-0.015004322441335061,-0.0010365768991255884
A2ASEBCEN9ZWTZ,-0.018278301070972933,0.002849687258337408,0.014567144574352582
A2ASIT0JYIGHTA,-0.018160847383985622,0.0028375131966104057,-0.027153750169284615
A2ATWKOFJXRRR1,-0.018179629285172434,-0.018344805989486703,-0.05235339763690751
A2AU4WCDT80U6A,-0.018280499584391433,0.0014688485657769026,0.004999342520846926
A2AVJH0HHKRX0K,-0.018330161990751586,0.026959432874632712,-0.006045503667822639
A2AXQ0P5ON6NPZ,-0.01822776190388986,-0.002151614929050963,-0.0056327829456996855
A2AYEHC9KUBWWG,-0.018243746587802322,0.0043062453662450735,-0.0002712259835150681
A2AYNSEH2GSP3L,-0.018259132948385524,-0.01868938129375437,0.013775083154620461
A2B0DPQK20LYYJ,-0.01810248758063218,-0.007378840353672113,-0.016064706327866614
A2B0QSN3IHBISO,-0.018296992054490625,0.010093371290022487,0.003050654587499147
A2B215ZBXN382R,-0.018274069207380325,-0.0005319390412010689,0.002595489754778465
A2B2G0IOGQB93Q,-0.01827819728703943,0.004565142118518965,-0.0032824655310767824
A2B73CL3QSYWLB,-0.01842488564108631,-0.006673463276235555,-0.0010497306945873991
A2B8DJ0CKN9FAO,-0.018274863925084036,0.0024788033655383517,0.01435487203036685
A2B8GXSCB1R05T,-0.01826096745584496,-0.0004676498312295811,0.0007470002678918351
A2BAAKZHSUGCDP,-0.018275874106539136,-0.0001322954907277488,-0.003550195572322902
A2BDBVNIOVZI3A,-0.018255511198028297,-0.0010845902458186387,-0.004218499367796513
A2BDZAU0Y4J6NB,-0.01828438317982911,-0.0010812078169869018,0.0003276822511342049
A2BE3MTUT0YBF0,-0.01825666282173142,-0.0004937421897399624,-0.0015509361754144904
A2BF9ZGV6T0HM4,-0.018250559920780604,-4.925302526183479e-05,0.0013481970019467865
A2BFH0JVPC7BT4,-0.0182614647658904,-0.0005113545338276838,-0.0002873471581936827
A2BFIYZYNK54QX,-0.018206175478765733,-0.043449314967118444,-0.021110412126279784
A2BIAR1V0PWO27,-0.018243100924938343,0.0006651019928099346,-0.0005275115250271746
A2BJURUTPLM7ZW,-0.01827570412218877,-0.0006459405334282973,0.002365337423897082
A2BLITJITO97N5,-0.0182060790387206,0.0035478769619110163,-0.0040242240487705395
A2BNSD19Y3W94V,-0.018215049393772463,-0.010600719728377627,-0.0011634534674783493
A2BPDFR58H9575,-0.018218808591789565,-0.002733580165145946,-0.01629058766977255
A2BQBLCKJHP65G,-0.018236596283477916,-0.006462907645725685,-0.010172440801395753
A2BQXTSS8G6ZL2,-0.018309662465880644,0.005295587186312074,-0.0018255703086992136
A2BR12BYIGV1ER,-0.01829060957798876,0.017174165565892966,-0.0025663162350920646
A2BS4LNORER439,-0.01823981734899152,-0.004217237785360641,0.009341752470827944
A2BSZPRBKYAB2K,-0.018295999161943792,0.0018073241529271223,0.007644333771423481
A2BT7IC8PT1ZC9,-0.018178784398197204,-0.003965104007703708,-0.04068360329109253
A2BTPFQKA8LT3B,-0.018259123945984168,-0.008063255702186595,-0.004131421057745597
A2BV0VTOEN6WRW,-0.01822879069254289,-0.0002442107025084451,0.001100192565589892
A2BX1HVGDHV2SL,-0.018368187869800077,0.032435665177658966,-0.010566479602292145
A2BX4L9O6ZCCCV,-0.018291810421862262,0.006177420367671577,0.0032439077246581697
A2BXTKDXE61DNF,-0.018281255389147013,0.00919718444999158,-0.0024714040714841497
A2BZ7MYTSNYMEW,-0.01825239067351395,-0.0030304677098287785,-0.0019112024139986987
A2C21DQ4FQARGV,-0.018242355645612628,-0.0018201536273453622,-0.0017045443064098167
A2C27IQUH9N1Z,-0.018270690086340777,-0.0028197722299190264,-0.0022511992332240973
A2C5LA07JCDWTN,-0.01825681187124509,-0.004542137201601141,-0.008876407421560532
A2C63L2TFNY44V,-0.018139988071593047,-0.02312787059552409,0.010588288979613936
A2C7BOQVFH1HLE,-0.018152790822001812,0.018009752599548318,0.0017031647052473903
A2C7M79A9NKF5E,-0.018244251926275337,-0.00357401363371245,-0.003927327873772776
A2C8ATU4IJX4GB,-0.018284512468571518,0.001662001048610512,9.70054495289817e-06
A2CBTM0HOSG1J9,-0.018214173269802583,-0.011788603087577605,0.008540319836026973
A2CCZSJNZAY1VO,-0.018220936522360013,0.0029498013204210163,0.0022702055813191317
A2CDUALA83E9X7,-0.018282149084746763,0.005653139359369977,-0.00749308274736288
A2CK0VXUDVXGMN,-0.018134478117040206,-0.018095323028485183,-0.010602061668319862
A2CMRXZ7VKIGEN,-0.01835959022657105,0.03191146782050671,-0.03240771496642993
A2CNRFKA1KOGYJ,-0.018312955458050388,0.02764639430613227,-0.007075487804099954
A2CNXXVWOAPE0B,-0.01828338804703473,-0.0016475442309037951,0.0008949779956524968
A2CQ7MZ33V6A85,-0.018312519803957084,0.013330175254897464,-0.006651816574941341
A2CQ99W0NFVGEE,-0.018317530504914036,0.024333561536035365,-0.013486843582293184
A2CT2SA6KFE8GC,-0.018241082264760407,-0.008072219099036604,-0.0345927948033137
A2CV12QOHGV93E,-0.018231604504877125,-0.0033963579837982044,0.009471764894871596
A2CVP31XTYSZFE,-0.018248198667099102,-0.0030855037231978565,-0.0009409435635876311
A2CW9IQAPFEYLM,-0.018266768336539736,-0.001914297610134096,0.0006253111927846538
A2CZPM110DW516,-0.01825343837920644,-0.0016077392657375049,-0.0037087334967934697
A2D1UD6WYNRU55,-0.018339661708669422,0.024432487690566253,-0.014217312703101016
A2D1ZQEFS1NBH2,-0.018246307232894284,-0.00016764167501489874,-0.003503413946308628
A2D37EP9KT2E3D,-0.018136765683283713,-0.033174358708492106,0.02792477602886232
A2D5FK0NKOFWNJ,-0.018204513647362575,-0.011919003288065118,0.021262960948914406
A2D7NX9ZYBJZ13,-0.01828863351901286,-0.0009950339053015473,0.004237530324807287
A2D86WKNV20TEK,-0.018318417929528336,0.01597571455497142,0.013559084714025718
A2D8CUJPOSRPNA,-0.018292037257419694,0.004141794823484041,-0.0008164827934745558
A2D9IEFJGB483Q,-0.018244172578427604,-0.0035675812160954738,-0.0026840142680457915
A2DA6HOBLBUQL6,-0.018274349438439506,-0.001363502791523215,-0.0015123094844893385
A2DAHERP7HYJGO,-0.018225071514103887,0.0026179543780087285,0.016268513989812286
A2DCS39GFBJV24,-0.01821988257115652,-0.004934104768457388,-0.003965381731676162
A2DDBYKXF1N0D5,-0.01825847950926901,0.002589856624554198,0.009747032496340256
A2DEH60UQKE47P,-0.01824418303371376,0.000873345029879649,-2.5756017368986788e-05
A2DGBV1K82QMHE,-0.018278106221453986,0.005207991910681265,0.0019437169490553717
A2DJ29D6E9VMUM,-0.0182769681814213,0.003279236744263427,0.00449637970267129
A2DJFYBB2L5VSN,-0.018261561164558956,-0.004129527262570278,0.011279068092742353
A2DJYERRIH5C8T,-0.01795168082782084,-0.009550602420896344,-0.0563239743229427
A2DLKD4AC5JV5Q,-0.018302310451190597,0.015883031922123186,-0.01338965056833635
A2DMV5X4LVQPD8,-0.018247497637678245,-0.002319144166279948,-0.004031472230155354
A2DO1KU8KJJU5W,-0.018242764494502135,-0.009561305009773265,0.010154250760552097
A2DRPL4GAZ0PAI,-0.018240959247546623,-0.007425736985553683,-0.00019592177978311972
A2DSN56RQA699G,-0.018275934204371524,0.006223643747941266,0.003887411091851115
A2DSXA1E02C86D,-0.01826749105599598,-0.003526702255788342,-0.0031082300044395885
A2DTZUZK9YRJVK,-0.018222138066986776,-0.015136214997535724,0.003345567139539344
A2DVTRWJHE8S47,-0.018280482034891753,0.0014812860074972197,0.005936122506745962
A2E0EZ8DO5YSU3,-0.018136469734529263,-0.018029072711798412,-0.02063908963872895
A2E1EFNIZL2FVA,-0.018259849360351153,-0.0006036037447102205,-0.002346641065368573
A2E2MQB0IWJS4S,-0.018207553869455252,-0.011758810759449512,0.007710836652132835
A2E3F04ZK7FG66,-0.018270750176028375,-0.006792564497932373,-0.00879911704176491
A2E5HVW8DMU76Z,-0.018280821570489613,0.0057939807264654275,-0.0071148610218908425
A2E9FH3QRKP962,-0.018258807902250176,-0.002472534808140881,0.0020357890428470515
A2E9TRM8096BXU,-0.01821790458552663,-0.00026484324647446715,-0.010801705250178642
A2EAOKEBPBTJL1,-0.01818055870450863,-0.03239042279541,0.02772628274296412
A2EBBUBFJJ9KGZ,-0.01828123678946988,0.002754133634447614,-0.002478920709100086
A2EBHVSUECXI3I,-0.018267235860301406,0.013748483296305108,-0.006380179133521017
A2EBLL2OYEQJN9,-0.018285434856682086,-0.004445463456982469,0.003057034520315924
A2EDZH51XHFA9B,-0.017908946404062497,-0.023765491784945858,-0.13819444082936247
A2EE75G9P3QLRZ,-0.01830945028416824,0.017879729603548965,-0.01680189174559813
A2EGK0YRDF4ZZB,-0.01827190499479396,-0.0010203142978544941,0.003645949946161085
A2EHSHZF7FEJJG,-0.018311086400444408,0.007961523162214674,-0.005543995263526529
A2EIK4L9730WWJ,-0.018300750352378947,0.004509439379639749,0.024543045227139827
A2EKSJ7RPATURD,-0.01822238901131358,0.0030976082900307294,0.0006902003249852201
A2EKSOLTKBGWTK,-0.018187973541907463,-0.026830602434629876,0.02510757581077261
A2EO4O7D7BA2K8,-0.01827697072701108,-0.005357953234547509,0.0008281532132957096
A2ERCQZNOZSAXI,-0.018141244600258573,-0.05004233589555705,-0.000979134140312645
A2ET041T5RG20N,-0.01825891643012238,0.003413522649838801,0.005877757413675849
A2F1P10GGZ7K2T,-0.018261448644468083,0.004243029505033197,-0.0073541605759956385
A2F3M93RRLFQNJ,-0.018224103841621285,-0.010502671626781354,-0.03239516596587023
A2F3SXHT6RBV81,-0.01820815722211894,0.0008663046058391812,-0.013785227693223701
A2F42D9XNVTM37,-0.01822716187410404,-0.0048734227218811136,0.01279513934267978
A2F7CCPK4QL359,-0.01826288185552151,-0.0030523669269900155,-0.0003826780065802699
A2F880Z6TN9N6H,-0.018220048802756128,-0.03225451045433997,0.03953081559452794
A2F8XZO3VAIQL,-0.01829214415284609,0.015493244139807783,-0.010393071860691277
A2F97THPERTLC9,-0.01829968026225251,0.016452040921492408,-0.009526991702434713
A2FB43OCYEBEUJ,-0.018364905381413835,0.04792084359398418,0.024117339958762394
A2FBIF1FKBC193,-0.01825237876505244,-0.0018509919007735631,-0.0072564637279592115
A2FE4OK3UPRQDW,-0.018257177958505826,0.0035092393775132077,-0.0016957465149580189
A2FEGRJQNU51P9,-0.01828356123804112,-0.004147770978251035,0.0022560981175943286
A2FEJIORC1MBG3,-0.018214232465646046,0.0037831648652361964,-0.009431514854754814
A2FFYQZPUGOX58,-0.018262393159147274,0.002195609152589987,0.001673829432129637
A2FL0EKQ2EQ9E6,-0.018213607617067716,0.001289921786112692,-0.01473154023556859
A2FNACF8M3K07K,-0.018197059648229666,-0.034683662653311714,0.023207178881984637
A2FOT0QE23VN6J,-0.018206875469420927,-0.010112628567538922,0.0008985281635874411
A2FPDWTD9AENVK,-0.018276885183752124,-0.009241402505657813,-0.004438048966470468
A2FPGOKMPRRI3I,-0.0182394151809389,0.0015855223713859713,0.0011805119882588914
A2FPSRSSYA24C6,-0.01829284621000072,0.013115999636760512,-0.00784263198309999
A2FQ1USWVZMPD8,-0.018289665496299005,-0.00028822908258382545,-0.003942543772267656
A2FQIUK70LUEMB,-0.018098617474070343,-0.045786697872306104,0.065746629023177
A2FRKEXDXDN1KI,-0.018280974651674543,0.010015561557800964,0.007186014844975811
A2FS38D943KX12,-0.018193495307859537,-0.0009140105769698657,-0.020388294925085586
A2FTHCGH06O4Y5,-0.01806155465952055,0.0007691457832010944,-0.006134018980955522
A2FU3G60IXMY3D,-0.018238771301344766,-0.0005295540580241759,0.004230297436758776
A2FWEZ0QS8N7A7,-0.01823043381113738,-0.0036690492919024585,-0.01705129983197379
A2G4F1QTM00GQX,-0.018255923329804188,0.0002632371673356935,0.0028657808948904504
A2G4OOTGXFEXFU,-0.018330371448239704,0.035866166010535445,0.023135872916994583
A2G5T794AIUMNM,-0.018233080786635752,0.0012739164463390754,0.0005086180740892255
A2G6VF7XDPKFG3,-0.01829329682255759,0.0034677152387784104,-0.001063980653663523
A2G8D1VN3MVB6F,-0.018238229061898634,-0.0016195917131074545,0.003211607256663291
A2G9SKPD1X44HF,-0.018270349598866756,0.011260528197704966,-0.0008168278924010989
A2GA2SO3YK6CXI,-0.018289461475234272,-0.0025611427882380237,0.0031256932258525586
A2GANR9I6XHTU9,-0.01823184229651842,-0.002487415923842145,-0.009969147428198728
A2GAUG7MPGJQ1B,-0.01826265010460358,0.00028937525936561387,0.0020699488146783606
A2GBBDNZLYC4A9,-0.018209878006592604,-0.009034167244227568,-0.00136946852414019
A2GBJQ9THOYDAJ,-0.01824193605779669,-0.005484879105043601,-0.00942593838435455
A2GFYQBPL6ZGT7,-0.018230606899992927,-0.00017571334122756964,0.002743267034092266
A2GH77WAYK07ER,-0.01827578719343194,0.00039717204718921987,-0.0008727252875250192
A2GH88EWEJQGRZ,-0.018342581910441035,0.01925927877973193,0.0016734289749781293
A2GIBFKJS5FXKX,-0.018238828433568603,-0.0010073652191151638,-0.001670844891083953
A2GK9SBFY1EMV5,-0.01825793006951836,-0.0024362205460195917,0.007325012171317942
A2GLVVN7QVTAV6,-0.018280038884348725,0.0035652253801945256,-0.001475315797956187
A2GMUNBN9HKRZS,-0.018216516799579793,-0.012128707061322797,-0.004641686730928506
A2GOGVE8UYBOAX,-0.018285569353005942,0.003960190659816786,0.0016532505813190667
A2GPEV42IO41CI,-0.018295697236412233,-0.009796208099085522,0.017369190380002925
A2GPLOLLE6BUDT,-0.01821878452746629,-0.0030292309524633573,0.008552187433305986
A2GPN2VKS8E77C,-0.018303813673904636,0.01539556839208238,0.04180414217504635
A2GPRA9HHLOC4B,-0.018251923827881784,-0.004977355731052584,0.004567986178398831
A2GT0MCMRKLKDW,-0.01827875119239671,0.0004913125894508663,0.001100158156136476
A2GU91ACEJYX4D,-0.018264635595092032,-0.00035615843097597553,0.0039217028922768835
A2GXZX0PTNE9VR,-0.018434268724298,0.05284464478262386,-0.020847487458491708
A2GYIZ74N28BI1,-0.01823003418099689,0.002626744898649559,-0.002325852885521575
A2GYX971VETQBV,-0.018220885728729715,-0.001409822495877601,-0.014971295440350562
A2H1WNB30JNAWU,-0.0182783904927335,0.0008730126939908462,0.009237783489096435
A2H22I2RWE0HOV,-0.01825924962274522,-0.0019808427843421065,0.001197706110847238
A2H3JURQZOHVMB,-0.018429276482738507,0.037313001009689206,-0.021732774751559124
A2H44WVZS59KKT,-0.018276462278954717,0.0130691046242955,-0.007922974902896927
A2H4AWIOK1REMX,-0.018216603059241273,0.0037519057046736404,-0.0033673277766845732
A2H7KI9ERGVCAJ,-0.018249467633712265,0.007576746662789526,-0.005657876466442834
A2H9UO8RYFX5MB,-0.018267229845077178,-0.002088051782742265,-0.005905123448021559
A2HD2P1KERM8L5,-0.018324871903587593,0.045259184426645054,-0.03456631463775883
A2HD9GK78IOAV2,-0.018400111820976076,0.053656836105816695,0.0011600617355783675
A2HFT9LTGLPCYZ,-0.01828117933637529,-0.0014078175346853622,0.0015837743998668083
A2HGVGBEVX1XE,-0.01817618122883471,-0.04281557731684517,0.026731410159511127
A2HII4U9WQ0XUV,-0.018235446221114338,-0.011702041121208878,-0.02175810589602008
A2HJB9J5O5CLPB,-0.01818133839688276,0.005273794820615949,-0.017791502961112694
A2HK6AY7D1FGQ3,-0.018305378102031276,0.015981568440040027,-0.004311247886231007
A2HL2W8LN865DW,-0.018266811787362044,-0.00113913395367246,0.0006852343132535268
A2HO26XOD5SXLL,-0.018247376014221592,-0.0159814160364163,0.021414729008747524
A2HOEZYY0SX7SV,-0.018279357592581234,0.005316752207041361,-0.0027753596400512995
A2HOIF0C8SW15S,-0.01830872666996258,0.006508686738887866,0.023858562276121358
A2HQ4F42L9O7XI,-0.018310849336336442,0.008236404882001199,0.0033202727410564115
A2HRG4PVXU76W4,-0.018264218524105893,0.00043185762253302357,0.0026720599229733983
A2HRHL4TBATK2J,-0.018308735350186026,0.017379566478224116,-0.003644886819900441
A2HRYI1NGKJEH4,-0.01826961827509307,0.0018097503443997096,-0.0021870747248838745
A2HUHOQS9RV2AR,-0.018278965098012925,0.0024054861106330584,0.00031015398756473975
A2HVL790PBWYTU,-0.018285720945083492,-0.015706763859870836,0.008750543324725758
A2HW33PQSRHLNO,-0.0182720177153534,-0.00816845270707147,-0.015020787988790136
A2HWD9PTM7RBXN,-0.018224249227104455,0.0018839749479876698,-0.008715647416506954
A2HYGTHB4LJ9FW,-0.01825910073614209,-0.001119437893349042,1.641907028000929e-05
A2HZSCP2YBACIN,-0.018248062788441804,0.0018035888909233258,0.020706819858672135
A2I2DE1DJUVQOO,-0.018170746901684666,-0.029614615626199853,-0.015541120202735908
A2I67VU62AOKMR,-0.018292376546900444,0.00031688827648160235,-0.006808575573307571
A2I6MHMAZZDCRX,-0.018194371517658094,-0.0038138320066311033,0.005101750613628026
A2I7NGKA8LPN89,-0.017919694113742474,-0.11547236719787816,0.1367180815540426
A2I7OXHWWVR3JV,-0.01820904927581922,0.005411568234867966,-0.0041586907903244175
A2ICW5OUWX2A2V,-0.01824601748055308,-0.00752349655317672,0.006936457447813259
A2IG55FX67ERKH,-0.01825101613703288,-0.0017535350640986954,0.002176964751399951
A2IHB3M0ZIKNOZ,-0.018287463301941552,0.0003806298396957287,0.004700914635620863
A2II09GQGWOMTQ,-0.018273237106167014,-0.011112808494987064,0.009417724765097979
A2IK776FY6MEMG,-0.01829620212922825,-0.008757669934606027,0.0011483141410009
A2IKQ0KPI3RTA0,-0.0182648348252161,0.002573660204779839,0.0006035878489279993
A2INL3AYAT6325,-0.018212101365269157,-0.009457535068526693,0.006356273702616992
A2IRYPS2I015JK,-0.01827609445012388,0.009222248753104532,0.0028752428986516475
A2IS16K96YSFDV,-0.018268815358084108,-0.0014307811412512285,2.299827429582706e-07
A2IY9M330NKBW6,-0.01817169461338976,-0.008859573512255296,0.006084163126615062
A2J1VVGF8FCO7E,-0.01826568433990695,0.0005669995340870185,0.0018961869423658338
A2J57EQ9KPGXR9,-0.018040144570722092,-0.03295367593071217,-0.11527006110073071
A2J61ONLQX1C8D,-0.018274671248129072,0.0038727582076005422,0.003985321647862161
A2J7HKC3K8RKWR,-0.018245118013405698,-0.004135134133565814,0.006809254911690502
A2J8TT7ELEO4L9,-0.01828243958475861,0.0060902896288361754,-0.0039036629502578486
A2J94RBT2849R,-0.018333771979869344,0.03476749206736722,-0.028770222787458388
A2JA59SICVG83V,-0.01832469448397912,0.022262928583427846,0.004115080229224473
A2JC55M4BFADBK,-0.018290184867338972,0.002550237070365693,0.002305139315465657
A2JDYUSI2RILEB,-0.018230573022951627,0.000990312368368169,0.0018442631270232576
A2JE0JYIZL5NU4,-0.018255713757227177,-0.00029500591999836496,-0.003188963086334715
A2JFKSHR0WQB8C,-0.01826084368273471,0.003451000737578926,-0.010116273245402405
A2JHHYYOOO4DS6,-0.018284339412093047,0.006198965801180185,0.005076585218433859
A2JHNAYLI03LEQ,-0.01827237723574198,0.0036448956132691867,-0.00047901080598460727
A2JHXTPZ5F89I4,-0.01829725897660903,0.004931700278493993,0.00124050527599215
A2JLSHTST2SP1I,-0.018238206917480636,-0.00522707122526611,-0.014016115550514095
A2JNZP8T4TJ4EH,-0.018259533612124942,0.0004396096559694392,0.0005176207462986907
A2JO69VQ005FZX,-0.018302103530716606,0.00022742773719655395,0.007986011074468847
A2JP0URFHXP6DO,-0.018203848798797134,-0.022435067044329907,0.010323768041736223
A2JQJ7S0LOXH1G,-0.018111395167727157,0.002897412611153399,0.005302086537509286
A2JRTHOWT8IZ30,-0.01828157313732871,0.004200485774749019,0.0038313497132391595
A2JSZ6OR4MRXD9,-0.018285874877481654,0.02041930797086675,0.002820956437299788
A2JTD6D79HNA5X,-0.018295630081178463,0.0034122336457509585,0.009437297059374737
A2JVSNULPMEVOA,-0.018253683866426212,-0.0025895433229746476,0.008559427645511666
A2JYIDH7JIG48H,-0.01825811230452174,0.0055160543160910095,0.009867345581356185
A2K2GSY6ZCYBM8,-0.01827535289781148,0.0014361557778265275,-0.002053987286702303
A2K4PH68WESPT4,-0.018292934915224542,0.004402213750587346,0.0007797546153854301
A2K53OYO4JJO28,-0.018253777109260214,-0.000700483509158031,0.00047533951036524363
A2K5ZAGWF99VBK,-0.01830586784427502,0.020677608616154433,-0.009819970525561755
A2K62IHNYD9CBR,-0.01827568500917658,-0.0015231083782481045,0.014492480917670716
A2K6DKERCFOCEN,-0.018260852852611222,-0.002153929702606862,0.012498773056372495
A2K6MRMBNG5KY2,-0.018312948195603283,0.021930680313195113,0.007598803224181448
A2KB14WCZ1DVE3,-0.01824717407920599,0.000504617335916108,-0.0014601016212243067
A2KD51SAC7494C,-0.018296877698047432,0.014795874624150926,-0.00041727951600838245
A2KD62P971YDYL,-0.01825128654035634,0.002454423137924661,0.004166092771403075
A2KFAN56C9UOS2,-0.01825718815556186,-0.0035714786034061127,0.0021555225083866713
A2KG8WLR1AKO12,-0.018276355338235833,-0.0024666334022661884,0.002026112306568254
A2KI1SGCZT2OEI,-0.018253169560807168,-0.0007206860710566452,0.0012497908784197822
A2KQK2R5QG9FRL,-0.018247738604247374,-0.008363010669478988,0.011568974803127324
A2KSRJFZ2R9JK3,-0.018303413276648223,0.009642084609607655,0.021816201803667817
A2KVUYPLEW4LXT,-0.0182946804664924,0.010199109509750108,-0.009942471534967788
A2KW2KWKABNYNO,-0.01824015003146057,0.003643059000174299,0.0004214915285997607
A2KWQ64TRHB3YH,-0.018456215851566902,0.049440129568493606,-0.018013608226047657
A2KXC33ZDH90Z6,-0.018252457878217557,-0.0017403549784629966,0.0012843397347113484
A2L167UOLOYOO0,-0.018296943840921714,0.003549144275319885,0.008304341374939291
A2L1LSYPF850R3,-0.018285039601157533,0.004014771610394783,-0.006624542646313191
A2L4I37XUUA6WY,-0.018228459785438893,0.0003921908957447117,0.003113762147979947
A2L7WYA5OENV03,-0.018229938413113864,-0.004082380130710875,-0.013374769901511253
A2LB4FLRZG6CUV,-0.018242987303549386,-0.005170323401863198,0.003285700849045921
A2LEIANN1UZTHP,-0.018270227291742363,0.007336876828538998,0.008509186318258012
A2LIACN9V1XZBU,-0.018232104287341493,-0.00020199038991034954,0.005440619602449701
A2LOA2R50C4FN9,-0.018235325491891937,0.0012505634879107811,0.0034362323067708483
A2LRUR0I68G5SE,-0.018280322104818825,-0.0005771595327721504,0.0025668880006632705
A2LRWMHJ1ZK36M,-0.018174301836327435,-0.012288764900373344,-0.018800693730371732
A2LVMEG7IP5F90,-0.018242407575775336,-0.0011442546819376484,0.005086327570638789
A2LYMKQ8D8LU4R,-0.01827832960120196,0.005345005151829386,-0.0046028835491904434
A2LZBXPNZ2AIQX,-0.018174785523777933,-0.029164917244058956,0.03221465131783441
A2M0FW9AFTG72V,-0.01834126669555432,0.008083375819323124,0.0393825879437218
A2M15WTRYMLHFA,-0.018259754479209106,-0.0007732406274386575,-0.0006191601994652957
A2M1N8G4W4END8,-0.01826542611550914,-3.1327902344495104e-05,0.0015665664226985464
A2M597GCCE1N2S,-0.018267110448604865,-0.00044553184287936503,0.0014719952380661172
A2M5FI4CB6VUXF,-0.01826397562377573,0.0006173823821582887,-0.0008681424459130231
A2M7CYCDDC4UPK,-0.01828070091300886,0.013239361314618808,0.006017521587315768
A2M85JGCPOR97Y,-0.018324477835781876,0.013042879283338884,0.0005426416480021624
A2MFNDNS1L7D16,-0.018224308096235854,0.0010063795175642317,-0.01701191889326226
A2MNMZMM6BGLTA,-0.018132525540040353,-0.02248184935758275,-0.07804955377902917
A2MNOHDHJ8VQPV,-0.018171755583867723,-0.05206429043045841,0.0329125864059623
A2MO4QXKPWJLOM,-0.01828693830760787,0.006057358904046363,-0.003595993267883667
A2MS6UV7ZGTMLR,-0.018249034083131437,-0.00041481940525865663,-0.0005024353413131545
A2MUJ66Y0IEG6X,-0.018279730153855752,-0.0005173595508784172,0.0042082644774280075
A2MVIEUB1O1OUA,-0.01827880102876582,0.0003081627767603697,0.009761410147625662
A2MWHPNXYBKQQP,-0.018273555378012393,-0.0020448858910591798,-0.0007849653176468537
A2MYUI8IT6UBUU,-0.018160415517670205,-0.017583675891211258,-0.029636226284889145
A2MZDXW018TVJE,-0.018263239573790634,-0.00241688880208169,0.0005554761796631631
A2MZZP3ZU9B5JS,-0.018262917948661944,-0.0034125381792785947,-0.00250135049838054
A2N0RBB1PXSAYT,-0.01822270444136491,-0.010491761234711018,0.012668202690541504
A2N26D08MG34FO,-0.018281579967881656,0.003514181706267747,-0.0038626201270510595
A2N69DJM8NVYZ6,-0.018257649389454587,-0.00098080399646832,-0.002980843800740692
A2N6K4RFSPY2GV,-0.018276693266332755,0.00296462732036525,-0.005722889234440094
A2NBOL825B93OM,-0.018276126920012112,-0.003674317380858248,0.0016600228596401652
A2NC9G399V3UF0,-0.018272381737696148,0.001934506958457865,0.0035506264602070806
A2NE7D8GC41UCL,-0.018260621842885582,0.0009401875214285549,0.0007779612903276301
A2NJO6YE954DBH,-0.018354221389312163,-0.009844702329423478,0.014265491417958574
A2NLPOCH2C5S4M,-0.018329418561750188,0.03186275180432284,-0.006515596112894851
A2NM3CYDIU5NL8,-0.018303406084054227,0.02768719941226414,-0.021353160024265017
A2NOLI10R74GTE,-0.018195948805172585,-0.00736115105009537,-0.01534405677079919
A2NOZB6VZCTOI4,-0.018247233437471262,-0.0059143769982818,-0.0018285084417111752
A2NP1B2ITW3J3C,-0.01826207507981895,-0.002887159626295917,0.010882940728933562
A2NP5ONODHBGDU,-0.01827605164930205,0.005087614667167649,0.0047559034670542075
A2NPYUJYAA243M,-0.01830078224280369,0.01605754156743025,-0.010910181166221935
A2NTORHW5M9V75,-0.0182389797839796,-0.008268427956984325,0.00883180397889417
A2NUHWMHA9XNKV,-0.018322922266763145,1.3386227239859556e-06,0.02458019152992171
A2NW4GICXSLUVZ,-0.018244893432421767,-0.006205859003209258,-0.0013857270487588362
A2NX5UZ6WEZF0R,-0.018255677855302826,-0.0003816559740452493,-0.0033824338118604315
A2NXA7KSN02AYD,-0.018301302738748915,0.02092182941508679,0.00644266381432606
A2NZAGMAS7N5ZP,-0.018234351287399024,-0.0031416436489089096,-0.011907528917672308
A2O3R0QFX9AOZB,-0.018243019421160724,0.00014011324839275337,0.002411085973520969
A2O451L6U4X8HM,-0.018276764863100148,0.002892579821201882,-0.007425791921645702
A2OA8TE8CGQCJO,-0.018276789699599942,0.017485107067182454,-0.004060927491346054
A2OCJNB6B46OKP,-0.018264757790659537,-0.010478541431144085,-0.007450167198143042
A2ODBHT4URXVXQ,-0.018304288185549415,-0.006049825084760029,0.006259285104543582
A2OFSDJB3MVQ16,-0.01827580339496978,0.00428394055741333,-0.00661354959380988
A2OG8HQEE0UD08,-0.018147797876806416,-0.03321314946543581,0.0466177131888571
A2OI3HU0KN4118,-0.01827484626961173,-0.000290868754664123,-2.7355044945587625e-05
A2OLJM7IREKPWZ,-0.018309247165106658,0.004163682796192695,0.028624678674457074
A2ONWRFRPAOG86,-0.01827512997261235,0.001004665356471763,0.001463707186015216
A2OSNLN1QCO0QD,-0.0182940443387301,0.009374122387654678,-0.003511894417230642
A2OTT4J4JLCL1G,-0.01826996305219551,0.002735371279071874,0.007967102434460586
A2OU415LB9I5J6,-0.018256324325098806,-0.0001385177255716301,-0.008329197200048547
A2OWKPODAEV4IX,-0.018308591474703935,0.01692136662867245,0.008943371272799438
A2OXDJP1Z3LNOK,-0.01823893073842921,-0.005027802871748473,-0.019075595848699518
A2OZBJ58CML9OS,-0.018252859552222743,-0.001755417719904204,-0.0032838292980685822
A2P0G4L51V99GR,-0.018263592290317633,0.00696232201269881,-0.003729523100213961
A2P0Y85C896QIB,-0.018213359465587813,-0.021632933904541053,0.020602892023679254
A2P49WD75WHAG5,-0.018278998706195364,-0.0007973104232196966,0.007528956916604395
A2PA624DT1CXOS,-0.0183057584055092,0.016336913978981876,-0.017312412486178673
A2PA9ACXDNHFID,-0.018213640353251768,-0.007178931929709621,0.008671759103788335
A2PBUYQ975Z92A,-0.018274114474321035,8.819765973863977e-05,-0.001083647984172526
A2PBV1899CX3TE,-0.018300646138294355,0.0011007775833375957,0.003932553371705212
A2PF232ZG07XOW,-0.018288484423752218,0.017166337971955943,-0.005636244413741097
A2PMD2ZQW3K003,-0.018313736049701435,0.009069895977171746,-0.003862908709672858
A2PMQH87R1H3QU,-0.0181847073621314,-0.021063970493382697,-0.033245307208417944
A2PN1VYDXBI1J4,-0.018197568240806882,0.006416506816011972,0.007088171660735248
A2PN7Z2VTHICL8,-0.018287578581485914,0.0016663266911940001,0.016274679865430998
A2PNTEDGMOLMOY,-0.018259858657915903,-0.013606034038732371,-0.00904859313792752
A2PO0FGZYPO6T2,-0.018275380647501567,0.017966591934923205,-0.011383689310625897
A2PP6MI5WVCNNT,-0.018233073961735676,0.003683542750331752,0.0020882052615715683
A2PR6NXG0PA3KY,-0.01827015678399567,-0.002006544419271433,0.0009218989728963617
A2PU0U7D41HGNN,-0.018296079330968235,0.013663222391007052,-0.010283529707028833
A2PV6GK1HV54Y9,-0.01816037914762846,0.004289517868782789,-0.04462243734261408
A2PVW85TT5U7MR,-0.0183317236446581,0.013468917035251602,0.017484546711233014
A2PXHFGJZBNLXB,-0.01824052760200512,2.9732892820814858e-05,-0.006402980772340558
A2Q13PHEXGR48Q,-0.01827103372468486,-0.0008317280084043182,0.0048852946848151856
A2Q1JBAYZBPVEN,-0.018327162011068876,0.030223057212356613,-0.028169576589238753
A2Q42ON9CEHR4O,-0.018215877055722137,-0.01574585909826418,-0.00957930130764806
A2Q457CES5ZUZ,-0.018262184040790684,-0.0016250483896280317,-0.0030275404106934914
A2Q5Y2EMS6KDWI,-0.01827676678684064,-0.0004870574624910827,-0.0003349617918141291
A2Q7YBUV8IPTLW,-0.018206123283396623,0.00040365638556055165,-0.014306962262477558
A2Q8LNA70NF1TP,-0.01837853713283665,0.057202910967690375,-0.02216163666924962
A2QBPR6O9STPL7,-0.018269328047257376,0.004614593485460738,0.012411655586445528
A2QBR0ZMJJCK92,-0.018296171634530106,0.01249387494451665,0.001812757175359636
A2QD4TPD0K4MOI,-0.018255974915992488,-0.005102226412019148,0.004458088782406388
A2QEZSN0PPOQY1,-0.018295789639746297,0.013556494102542178,-0.008887841424431112
A2QH5NMHW1KTJ1,-0.01829495036227816,-4.468347140296e-05,0.011359116874815724
A2QHM5HBSIXRL4,-0.018278157473207754,-0.0022174069707009483,0.0012422195111362084
A2QIN4FN4CP8PO,-0.018267188627422427,0.004962131659370512,-0.004739090587259267
A2QIZDHQIYBCNC,-0.018273558345188998,-0.000539259922208466,-0.00012874603858813603
A2QJAMBJL5D6N0,-0.018200988267838888,-0.00018579377614844045,-0.001499189840307231
A2QJP924WOJ1RM,-0.018359456727504747,0.036603406619791785,-0.028609347266090417
A2QKU0WN30GCEH,-0.01833219940144619,0.013689664400293934,0.008567487682192055
A2QL2XJV4NCTTI,-0.018301526088430473,0.019433970862708868,-0.006401841060772982
A2QM6ICCAHG9R1,-0.018197123644738078,0.006315464952544283,-0.005169343236673843
A2QO30JCFV6IDU,-0.018293087401297845,-0.002348876420780047,0.00033443140479975307
A2QQHIY23PL7H3,-0.018248388196959547,-0.0017369012863697236,-0.005481720953737784
A2QSDFAOO1K4E1,-0.018311182160142415,0.020489786704405426,-0.004460928987207751
A2QTQQPOGY3HGV,-0.018279597624630314,0.006507234014978084,-0.00829451450255683
A2QWF2BJ2FM4R2,-0.01824259368506091,0.0034418535015681715,-0.005828155211057755
A2QXO2X84ZIR0E,-0.018257641632528503,0.0023252130154126608,0.0034850699237425576
A2R164STV36F6C,-0.018241002659914574,-0.0071408930986531765,-0.010357610960897549
A2R1HAXRNU0QX7,-0.018166222140269285,-0.03694056078341002,-0.024647123797829733
A2R1SANNO5MD5R,-0.01830673319254609,0.02755290090601727,-0.008500600043200876
A2R1YK3THA0RB3,-0.01832638961497714,0.016285798277654986,-0.01931605478872472
A2R20IPR4Y4VYT,-0.018202951382231325,-0.0007020527947970953,0.006121496980795122
A2R3JI8YFCAK90,-0.018299260063387886,0.00046016265095085346,4.1313827084559324e-05
A2R3T3KUQUN8US,-0.01825448723662492,-0.004592027604452218,0.005006264786798927
A2R40C3P3AE0JA,-0.018247309181858084,0.0007928755883393885,0.0006673923140414947
A2R4XG0L7Z01V8,-0.018031802954306713,0.003931095835035649,-0.056352897287343315
A2R6RA8FRBS608,-0.01831729252907538,-0.0015862118225533305,0.0035434206693543985
A2RBE2EXK10ZTA,-0.018282613490775826,-0.00032146945935779297,0.007532104835099493
A2RC58KZZC41QW,-0.018327731133193706,0.03412104009115828,0.020829556909684636
A2RDR5G65D9H84,-0.018244883812453414,-0.018549605165241043,0.007824529547605694
A2REE7QK6XOXOH,-0.01831990209109588,0.012009265342012252,-0.004193722600420321
A2RFG9LI7JDILS,-0.018253242737317422,-0.004263111941930799,-0.01027511992118604
A2RH7ARWQSUVQV,-0.018253604918278498,-0.009354520372649383,-0.011071552713239133
A2RHQMV5GD18Z8,-0.01830593061953753,0.0019004305240141691,0.0023785055189709833
A2RKI7RPP5CJMG,-0.018224312243384732,-0.005755127933654957,-0.012322902627033547
A2RLK9KKVGEETZ,-0.01825626502242111,-9.077438921912851e-05,-0.0028923491246746805
A2RLZ2VD2AT8DL,-0.018211730828979773,-0.023525406802670085,0.02334906578683485
A2RMBNPJXM7DA5,-0.018285377084949355,0.003996625323726958,0.00694398622252165
A2RMSH73IB2JB8,-0.018176504090144846,0.000682740199526849,0.02154160562639255
A2RN2AO4BE6F4K,-0.018251039375131353,0.0002230345261301714,-0.0011857262413746252
A2RO2FSUH6RUK2,-0.018291393779795086,0.008430251710576677,0.0006305715823673695
A2ROIDQJX460T2,-0.018228188415386922,-0.007688801872340619,0.007180089000297638
A2RT3ALS62WES1,-0.018314874777875825,0.019337910906793966,0.013320613781343294
A2RVCF21L2NPU5,-0.01828573118592212,0.006069963695498982,-0.004021462576825849
A2RVER4CFGXQZF,-0.018236172439418066,-0.005915438636736603,0.009529909397196732
A2RXXA29NQNQMB,-0.018308288350205364,0.007954691221947948,-0.00900702703706475
A2RXZ8HIJ8ENOU,-0.018291118390417145,0.001871029269350776,0.007412318989281746
A2RZU0KHX6VX8B,-0.018263234069293425,0.001769487967022769,-0.000757672166579105
A2S166WSCFIFP5,-0.018259155974280072,-0.0016382655754423805,-0.0022185781961182377
A2S36TJIVV5XIU,-0.018272216134723886,0.001319201693563573,-0.0016742351976845153
A2S3ALXAUNH9FJ,-0.018290318461317883,-0.001902468083100099,0.011601570956573465
A2S3GVLZF1BI3L,-0.0181795449990214,-0.023153907911182308,-0.005175108538882036
A2S4W26H0ZS5OV,-0.018236226248769784,-0.005808455584854019,0.006994161686513562
A2S5N90GKXKZF5,-0.018289631355608207,0.00579291864107389,-0.0009860385091384483
A2SDAHS8Z0JPF5,-0.01819787993162652,-0.028070613930027723,0.027322166343524648
A2SFUXVK5RP8VE,-0.01828282568309701,-0.00016323820945694675,-0.00193746189798791
A2SGR7LE899LGG,-0.018239256781000062,-0.0036601025221770474,-0.014482233106424701
A2SH3B078WBQJR,-0.01823930278705276,-0.006263508038079511,-0.02647243624881997
A2SING6A22SLW2,-0.018268077885199463,0.0022598494342813175,0.010235431016146627
A2SJA970FO024V,-0.018064284219352123,-0.029159986397049843,0.014328691193960496
A2SLA0SXRQV8M0,-0.018203754681371184,0.003453431612294752,-0.004620909152811099
A2SO4XZK4UKBS4,-0.018267998357324275,0.005271116571931024,0.0005075264301321314
A2SP0JYHJEN7SV,-0.018290330891136488,0.013136280715877463,-0.004927834195250169
A2SP52NH44LRDS,-0.018182637749798457,0.007312248405495438,-0.0038314199698935053
A2SQJPUCZNHMZE,-0.018355083370997383,0.022059522327527104,-0.004414064388417756
A2SRZQU1SZG4RR,-0.0182930649164977,0.0006883753191725359,0.012212002116703364
A2SWRRNVKLMU8P,-0.018175174897092482,-0.01967979298014083,0.0023314491855934796
A2SWY5F2KLY3OB,-0.018285390219066458,0.008549859323895336,-0.004959614801997933
A2SX0AP507CQ1Z,-0.018269427373796023,0.005941862075840923,0.0013305755872053977
A2SX36HBYDFM6L,-0.01830672524754248,0.01742384786406736,0.007901873807858147
A2T049UQONS0OY,-0.018212041098283525,-0.00788532880682054,-0.018374100698998544
A2T3TTPUIGT7BT,-0.018103619939935166,-0.000467739734011932,-0.0037970625728129853
A2T4EW4DKJQP18,-0.0182880476427887,0.008431601632889082,0.0015524113952125023
A2T6T8JBP9DVCG,-0.018294202421394224,0.0015321345895457296,-0.003117857301076516
A2T7TZBOTP68C7,-0.018240137240272125,0.005264298269679071,0.00016588841148880925
A2TA5Q3W87GP78,-0.018279662985610297,0.0027794115622267637,-0.0011190515093635353
A2TAAFL2CH550H,-0.01828855685849678,0.0031275994343685064,0.0014997266455189062
A2TAPL67U2A5HM,-0.018266270102394306,-0.0022031059053971777,0.00020017625748683214
A2TDK8D4HEMUYW,-0.018228439622322987,-0.004566407590901734,-0.01634337280572519
A2TK4VNJTH4DWN,-0.018285907319982964,0.007883249258561558,0.009517745966466035
A2TKH60CAJ9HJS,-0.018244211124582698,0.004990843207674379,-0.006801319602304841
A2TQ85GSREOR58,-0.01831618572661803,0.010310390429032642,-0.012779556395358042
A2TRR8VUVHWTM1,-0.018240897155483687,0.007791261500327484,0.011374226361337867
A2TV03ELEWRXAL,-0.018281954161217487,0.0010363319364984716,0.007546812872174611
A2TXA58UT6ICFR,-0.01823354778956006,-0.0008864723266018689,0.0027897210750606302
A2TXH9QKLD4ZVX,-0.018245259676971257,-0.004496136036873831,-0.005517114341213904
A2TXR85WQLE32N,-0.018294420420792143,-0.0025598830012472187,-0.005898172053886533
A2TY359PR45ATP,-0.018323739930480316,0.01736169029765629,-0.019252423186402946
A2TZKXU6Q0EDNP,-0.01819659586656989,-0.0023378226444305,-0.03465911411760408
A2U0QAHUCW6ZGZ,-0.018258159810482334,-0.00015223704623363015,-0.002597103359088596
A2U1Q9ZA02Z4L4,-0.018301186779850043,0.022989277628455002,-0.018034524974996725
A2U3Y3V8MVWQVM,-0.01820177465254006,-0.02855027928800388,0.03684556998776018
A2U61O0KWJH3MM,-0.01824355633519131,-0.0004428328206549832,0.00026100722300027905
A2U6SFZY425T0T,-0.0182629645780232,0.005066534703393864,-0.0022323683499792225
A2U80IPZXN5V1U,-0.018252996042567405,-0.0011420178432163428,-0.003657345176120002
A2U9PBF79GQN6K,-0.01827413216988386,0.00040769694315658347,-0.0033176175928265345
A2UBSGFCP2QFNV,-0.018270072387859743,0.0004576067306929769,0.0004249507753637124
A2UEZIWTVVY2HP,-0.01822770197087088,-0.021701252237457065,0.002294394839738793
A2UG06VJA25TBE,-0.018326845095151485,0.020459014525738527,0.03568076255739563
A2UGMSO106SKC6,-0.018289527541488496,0.00894931918414269,-0.0019173812661572138
A2UIJNYU20SKLU,-0.01825287158649416,-0.0005100816789076866,0.0013367301853730576
A2UIJZ47F9MNLZ,-0.018247691161230227,0.002537467430913428,0.003972320634469748
A2UJVUFR9DXVNM,-0.01827979383533975,0.01156904270685748,-0.005616079518604487
A2UKC1X32PBQZ9,-0.018360001970701856,0.028151872261746584,0.006843114532282117
A2UKC6QFG9L5GV,-0.018289872177906275,-0.002171218496573664,0.008316818167986179
A2UL0A8GJB4318,-0.01827703341998541,-0.004332973714641062,-0.006056482916726556
A2ULQD5SD7NUXE,-0.018292420372166492,-0.0008587613964210544,0.004879499111168024
A2ULSA0IRUE09E,-0.018220849339983584,0.0012801525963051117,0.003375732281474758
A2UNMXBJSVIXFB,-0.018303983504147886,0.019519023866927467,0.0035555386644754434
A2UOLBK1AD31O4,-0.018335106505584637,0.04077848858969739,-0.0011923751833427315
A2UQIIJ2CD8REE,-0.01834576272990682,0.009064620294105036,0.023141089112714446
A2UQJK29MKIPGM,-0.018227450615162594,-0.011214487351343824,0.014033390984950985
A2USVBMAB7GRKI,-0.018292008430772614,0.0022108773633117184,0.004245701594229359
A2UUP58XPQW3GF,-0.01823768403030312,-0.008622778217614792,-0.013265105212334115
A2UV8NASPTNGLX,-0.018308689370754107,0.00837887129172171,0.018125579435873163
A2UW83R0JOZZ6,-0.018255202863643107,-0.003631448335348738,-0.008347677077131896
A2UX5ABICURKL5,-0.018295619548935906,0.0015825380017081077,0.01229804790604475
A2UYAFQ40U2PHS,-0.018192678230931188,-0.0035550438523028376,-0.022218139598321304
A2UZK1T3XNVYB7,-0.018313134480708884,0.030192191204802616,-0.013954986305442158
A2V3P1XE33NYC3,-0.018280084609932662,-0.0062125837706754035,-0.008265500274986992
A2V94L0FTSUCMF,-0.018291636194136835,0.006894681681289089,0.006890451015788377
A2V9RK4524HNLJ,-0.018289271337476695,0.003937970994227086,-0.0006150145654516624
A2VCW1OQD4GHC,-0.018325002414477067,0.012902200282563211,0.017424786405087253
A2VD2D1QHCMF9Q,-0.018190243961223915,-0.006655851942846815,-0.03692810147322154
A2VE83MZF98ITY,-0.018278793762451,-0.0008625588101776855,0.0032412857223728035
A2VFK53ICBGTS,-0.018275316250929357,0.005071278133299025,0.006787184608594719
A2VFN33XFSDW9C,-0.018237887910689112,-0.0025458484474755647,0.015191780428099537
A2VJ80PM1G00QV,-0.018258562042507837,0.012399369034974447,0.017162237983544985
A2VKBENU2H4VN,-0.01830638951842276,0.017355083299900646,-0.0011726059668656643
A2VMT89TCSF105,-0.01816173890456356,-0.03947885621788511,-0.011239691656108417
A2VNHNS58QI0NO,-0.0183014954114682,0.010066195636428783,0.0033368534768359816
A2VP7JOT3K7PFM,-0.018285882623624836,0.0055337849672384525,-0.005165660837150519
A2VS9HU42SW98L,-0.018282863162744488,0.00025352560064788277,-0.0017534106085241915
A2VUP5US1F5HG5,-0.01824488784053931,0.0013598560202488467,0.001836906956470877
A2W00XKTTF1G0Z,-0.018236986842892742,-0.027867771177921382,-0.01029235458406337
A2W2ODLRQ2L8LE,-0.018250515747518573,0.0005978720970353274,0.00324361811200539
A2W8C6B03IYGDA,-0.018255556266336306,-0.0007582463426139553,0.005216318587206582
A2W8GURWX2CGQ6,-0.018261414399217787,-0.0014438540301945169,-0.00186144344809296
A2W9J1ZCL5N1ZB,-0.018218083463953264,-0.00033844318523025514,-0.011780611657563007
A2WB4OWBUH2VQX,-0.018229695957933233,0.000753022776566186,-0.006845757525168681
A2WCRX5OQM6FED,-0.018242551616353724,-0.002758678868686394,-0.007877980926368891
A2WE24HCTKKM4X,-0.018231333607191057,-0.009053824956878172,0.004965377626664752
A2WE94927YC3KI,-0.01828165520551976,0.011510927189680643,0.024607302722773405
A2WL1Q04KRB2HL,-0.018242960145022247,-0.002621170477790967,0.0027782577631256964
A2WL9Z6FYNW8X7,-0.018273875714798608,8.686359357354725e-05,0.000675875419129254
A2WOJQ7BE0NL4M,-0.018293166278474902,0.007162704804554343,-0.003853427977918074
A2WPLMCSJEZIEY,-0.018322152103123247,0.004585717854634098,0.003851426598919148
A2WPRFT3JUQ6U3,-0.018258633063910026,0.0013417045188288653,-0.001664325718477265
A2WQFMRKLLAXEJ,-0.018278535305954958,0.0047778167128918496,0.0025676217017715735
A2WSI8HOWHFDOT,-0.018278059712630423,-0.0034823976539404234,0.0010693841414739322
A2WTBPGTI39HRN,-0.018312492617284234,0.026815775350644853,-0.0121523266234461
A2WX1UESDOLXRE,-0.018277840395948486,0.0006589917021237381,0.008762513012466841
A2WXH0N26SJTN8,-0.018300230762427,0.008655610306095818,-0.005681451397095642
A2WZ1B92F81LJJ,-0.018178827779356848,-0.023860189082743104,-0.010583522580119081
A2X0491EKRPTSO,-0.018276317148935402,0.006239984014302747,-0.002196905891918305
A2X06FP2PQ6EK0,-0.018229517176529642,-0.00877985912015066,0.01707419135234939
A2X1M9UUDW86OU,-0.01830422135764392,0.015450801009840476,-0.006213991105787629
A2X27FQSHP418Y,-0.01812586744883587,0.0012178982297584937,-0.0428118041912983
A2X6GEC6LCDN4S,-0.01826760168398815,0.0006092150744438482,0.0012584655001725718
A2XBPJ4V623SW,-0.018285172156113413,0.0060632290849581254,-0.00031227274550220185
A2XCLJRGFANRC,-0.01827366992736405,0.0011489503391966555,-0.000661543475892074
A2XED4ONNK85YP,-0.018239810975393723,-0.0026919461245799477,-0.0008486377435043425
A2XFDW9DUFH7NJ,-0.018285810628559038,0.0024553811552588717,0.004993654814602401
A2XFYSCHK1C3AQ,-0.018230770340704538,0.0009973802838829729,0.003550490697822122
A2XGJ56VCFOKKZ,-0.018258689912123777,-0.002415704053219511,-0.006856303340716501
A2XHOLOLKGV1FE,-0.01815665223831723,-0.03117919801184147,0.029571028182299005
A2XKQHB8VCUCJK,-0.01825137881375459,0.0004965010550295496,-0.0033826209974200665
A2XLGLF0V4O7JD,-0.018268152141652467,0.006272871200621902,0.00892938572584359
A2XNOB1T796Y6B,-0.018248202121597334,-0.0023803222851697236,0.0006252295583764206
A2XOS0D485JSMM,-0.018220977437913576,-0.02658354988175719,0.00880682132563745
A2XOV3ZKGDK55G,-0.018335183474689928,0.011131411429320297,-0.013447516274140226
A2XPSIX00001SF,-0.018270103273704784,0.0015589188797515375,-0.0037810221273204114
A2XPWG5RJXWZGM,-0.01832861261745615,0.016548216794259572,0.035147624076338146
A2XPYGJK9M61K,-0.018236648605521263,-0.008112297294439288,0.008643280311730754
A2XQ3TZDTMLG48,-0.018255044985908134,0.0013047071541448956,-0.0005949272815761109
A2XQMGE2YY88DC,-0.018220044086030333,-0.016118456220000833,0.004550444198050264
A2XRMQA6PJ5ZJ8,-0.018234362358946214,-0.010778467029281901,-0.0041489007892268484
A2XRZV63X79YSJ,-0.018246129699995485,-0.004450289749909962,-0.006570459642672775
A2XVRCU5DQBULH,-0.018225429339330378,0.0009438381303830002,-0.004563038716813819
A2XXV9HF169LCF,-0.018239144106854243,-0.007764334779239607,-0.00032544657249499484
A2XXX42CVI91HL,-0.018294497949379963,0.00827572712798211,0.006092302234581656
A2XZHXLDPD7KCK,-0.018279877149824663,0.008771412178126617,-0.007393259682015814
A2XZIMU8QXG1VS,-0.01828948243974685,0.007374728542831964,0.00723834711505259
A2Y68BUZJEX7K9,-0.018222141353550485,-0.010555693107929254,0.008220604116387134
A2Y88GKW26MRHB,-0.018279183106474705,-0.0017839570526401503,-0.0030141063680536296
A2YC6RPS5PS1KF,-0.0182853813305986,0.0032399565016653343,-0.0008669627264266442
A2YCG57S65QXUU,-0.01828930330325843,-0.0010247307509974662,-0.00014752524609419222
A2YCJ7XQ7HASKB,-0.01831633944120408,0.035820691134240766,-0.01933227457127505
A2YHFQ31ZV8XRO,-0.018273150054730247,-0.003983761260680403,0.010233194946164216
A2YKWOLQGKYOH,-0.018277421267952027,0.008634445444997125,0.00916066142350823
A2YM3KILJ1G0YJ,-0.018227964834016733,-0.0010870256460782566,0.0024184753004809437
A2YMP0GYNVPLNT,-0.018249466476797368,-0.005391389158872658,0.0036360369826509316
A2YP1HYB6Q0JEQ,-0.018294271077747462,-0.010700642649506847,0.01224110345412882
A2YPKC8S0EMVKQ,-0.018254257089669497,0.004078521433274098,-0.0007930554646095093
A2YTRUKN537J4K,-0.018239564063135715,-0.0018411086247086064,-0.0004225476143035732
A2YUA3H1LLU53Z,-0.01929851659029638,0.1973716208974442,0.1512114693787462
A2YW1GDT8MQB88,-0.01830952438689169,0.01233927367841655,-0.006282623706900014
A2YYS7P2HV3H5D,-0.018234854074884184,-0.004054380468864607,0.0057181172082541
A2Z28WKY1LHBKY,-0.018240436341674052,0.003522125667481378,0.0004110807892364287
A2Z326EY1WNGMU,-0.01827733950654787,0.009870804770523208,0.0013888237884579796
A2Z3643FSM4PAQ,-0.018181307232675803,-0.007692051948048928,0.01246768542267506
A2Z4VQUCFHNW1Z,-0.018289608693358963,0.003038293658709587,0.00539693755030834
A2Z4XZGB8M5CCZ,-0.018289552675656896,0.014766978892970774,-0.0066765133917912264
A2Z65D8FBYDY63,-0.018240348848029303,-0.0032798554698046834,-0.007123446469772464
A2Z6H4KFU9BDCR,-0.01830222278574873,0.011478124517833773,-0.004967740041802403
A2Z7TU96G2WB9B,-0.018244441445364547,-0.00032234631340685493,-0.004500127005123729
A2Z9XBCYT3AHHU,-0.018278273129261818,-0.0018776426212747629,0.0018809573677736947
A2ZA9MYCJTO44C,-0.01818690445302072,-0.039862092060720514,0.02491024840726465
A2ZB8B7VQONZA6,-0.01835425114112761,0.019081148975270162,0.007089591349520595
A2ZBHVUAF2QB6Q,-0.01827613764143081,0.0008629104476111599,-5.609702454408737e-05
A2ZE73RFY0GD3K,-0.018283054348261236,-0.0019608165739299316,0.0035002518403528813
A2ZFFOCFKWYQ7I,-0.018252532013753278,0.0016846961342912748,0.002229595470903285
A2ZGVH5DNCK8I4,-0.018282415870430602,0.0004681993357920598,0.0076167520775962195
A2ZHH7AK83JB5G,-0.01825784378976258,-0.0016692791660836916,-0.001879901885106074
A2ZHSORK1HHYTT,-0.018192799502990555,-0.015576214738715123,0.01658221311068791
A2ZKJVT3ZI97UK,-0.018273223316977835,0.006135843267870733,0.00404507782636651
A2ZL87Q398NIUU,-0.018249837672770334,-0.0002306804981610164,0.0017925678223006905
A2ZLROGIL2V7GV,-0.01832719899800462,-0.00437505120657861,0.017062108995147766
A2ZQXJD7YUIEHB,-0.018268055748114787,-0.0026711548291729137,-0.006696203886732415
A2ZT9K1PFBZ1L9,-0.01827288034681229,0.005800971128057146,0.0016046108896528542
A2ZVERVFM25MJT,-0.018237105753541823,-0.004441122967350978,-0.012956258712874308
A2ZYV5WM4YZZFG,-0.018275179559688305,-0.0020165388709407987,0.0016549695327776322
A2ZZHMT58ZMVCZ,-0.01830644183773276,0.007376364130992882,-0.005890133213489685
A3024VGX3BZCJA,-0.018308617393589667,0.007140476702264541,0.014965437448341097
A303U1MOXG5R1F,-0.01827223162677092,-0.0019595046440533106,0.00014939408964414488
A304MBA7ZRIOIV,-0.01831129597145347,0.031593149683244164,-0.0050539929162607905
A305DF6TYKD5FL,-0.018281467137170618,-0.003113676621567458,-0.00336965344344558
A306E4DQRYEUYO,-0.018326456838020325,0.024946484638587108,-0.006464187262345622
A30A5I8FG82M2E,-0.018159057873257733,-0.021826139190977614,-0.0012161415434835817
A30CV4T4I9Y89P,-0.018288895239924143,0.007152343368269647,-0.0010045289449679823
A30G56MZY7B4C9,-0.01828696100126735,0.010273443679413586,-0.0054444135432440205
A30H2335OM7RD6,-0.018277927936206258,0.00014719974083200854,0.005887368840271706
A30HWY9SO2Z81P,-0.018258357911309073,-0.009455063187712175,0.003941236914320871
A30JORK6GIZDSX,-0.018294207511797875,0.003907690534753828,-0.0029095743049745828
A30JPZ9TZ7I61U,-0.018267398571336423,-0.0018365525581116823,-0.0035089409977060193
A30L7BXXX0Q6AJ,-0.018311441371770407,0.019500565016598848,-0.01723110857942671
A30LMTLC9XVWKJ,-0.018237271951456722,-0.0036917228632226446,-0.010656923146332164
A30M9ME5AT8K12,-0.018270156003644705,0.00818384099331154,-0.014417574456604267
A30N4CJVI6U4XE,-0.018248638164274623,-0.0038919504464371797,0.0018439303018349441
A30RCOWI31IC5K,-0.018283437064759878,0.01352510894399107,-0.0105519589549062
A30T322UI3U93Z,-0.018303112546408082,0.026360031426123545,-0.02335524648922311
A30TK6U7DNS82R,-0.018306335511897212,0.006539244573871393,0.016956475483300912
A30TQET02FLSUX,-0.018225117390324966,-0.005846783051349142,0.001435698989849766
A30YRHJ3CMMGAU,-0.018269252316426315,0.0014459681188955988,-0.004679265048431832
A311385Y3QVWC3,-0.018256439306794357,0.0006757394614145222,0.004501596287452773
A319SKSB556033,-0.018036464121002963,-0.029213178163830827,-0.08336910263642801
A319Y83RT0MRVR,-0.0182367360995551,-0.005192273442636491,-0.011593448500171192
A319YRDK8Y39N,-0.01824442852662971,-0.00246857617955203,-0.008341933677823331
A31ARSC1LGY8WK,-0.018218742286435708,-0.002331893286316958,-0.012930434904566057
A31BBNT8C62MLU,-0.01825328367181965,-0.000833321114279398,-0.002046074712376478
A31BIRBM0DK4T5,-0.018307458552963955,0.03431504704542892,-0.01951712572036582
A31EL6CU0DY9TX,-0.018267904038220262,0.00656350180568083,-0.002106666299474813
A31FR57M9KMTEX,-0.018300892574591457,0.013519252173695859,0.016195946383129944
A31FZDLHGXW9WS,-0.018201464636541438,-0.002936207736837157,0.002452710051431409
A31G2F8FDQY3V4,-0.01829360300703079,0.0032041271841403846,-0.0025050943592003798
A31I3HXMD5H1EL,-0.018294487007514813,0.0005025949173505328,0.003519303680299895
A31IRFSY3RA4UQ,-0.01828397803493745,0.003085454622510459,0.00040456963858084155
A31JRSZQ76YA1N,-0.018113367467694284,-0.06484561407696493,0.04213878061530559
A31LS5N5M2NV9R,-0.01826406460083241,0.0018112052582729514,0.00023602256400021818
A31OPSNAXK3UA7,-0.018259047796385514,-0.01315799881657851,0.0003204815469628265
A31PWKSMT6DIA3,-0.01823292642983426,-0.0005526279377034784,0.0015253396873590285
A31RM5QU797HPJ,-0.01826802113817443,-0.004269611596590085,0.004875613567931786
A31RZMVAFMLB8B,-0.01820299527760348,-0.03272761067218201,0.030985807346638094
A31U2QT7SAL7K,-0.018256839043944782,-0.010775931774404229,-0.025908130814622097
A31UJ731BPTDEU,-0.018232375694825054,-0.010531975722726747,0.013834202939396497
A31UN01C95N0TV,-0.01825876865755686,-0.0003375175021890569,0.0007894187692374042
A31X9O49RQUNZ1,-0.018230437280307363,0.0032006776456277287,0.0022575287464554703
A31XZFSV4EVC1X,-0.01825620365263524,0.0010146910616131728,0.0015794049717569396
A32054N42263IH,-0.018188986652246823,-0.03035613583336311,0.03689829266991397
A320FWG10MCXHQ,-0.01823986246282655,0.0033112127089127614,0.00843982549552133
A324LY2450HRZ0,-0.01823249250339663,-0.011131718521007214,0.007080269037810083
A327YZ9EDPHDOQ,-0.018286123578586104,-0.00250023749666836,0.002378834097632729
A328547P5BGZC,-0.018300366385944785,0.0032986777279079785,0.013711933653146855
A328S9RN3U5M68,-0.018380117759202317,-0.03964503718861572,-0.03836163871769289
A329U9CDUPKXAC,-0.01824131899982979,0.008726443821988642,0.007413350505704492
A32A2I684P0AEJ,-0.018293510346105348,0.0039014497867233123,-0.005445053076092269
A32AK8FOAZEPE2,-0.01821499839617131,0.005625802710661831,0.0027098965554075583
A32B6XWNR55SRL,-0.018275797121476083,0.003589502196375625,0.0032639179475254768
A32DTCFBBB9WIV,-0.018137652605838297,0.0017562333206530725,-0.03488640101032233
A32EDSKLEUZ3Y7,-0.01822885588753441,0.0009692672332416622,-0.006364472996684234
A32ETQ9P4WYKE,-0.018293059415079263,0.007416366862569171,-0.001779834519024997
A32GAHCZ43R7NP,-0.018248147039000528,0.004052302064817637,0.0016658029190234503
A32GCOTGFJ9XC3,-0.01826977560082829,-0.0008064141630289578,0.0007984097381665622
A32IDF7JFAPXAG,-0.018226320106578445,-0.029520217924447874,0.008937508982029206
A32JKNQ6BABMQ2,-0.018173769840186434,0.0050130590512089766,-0.004263134478691997
A32JZ9XNHMNWOO,-0.0182315227122435,-0.005017458011282459,0.010512980278568614
A32OT3MOFBX1MK,-0.018215093012849293,-0.010845956995589283,0.009515823658750252
A32QUVO0DK7DVI,-0.018435990892115457,0.037588105667980716,0.010539007513254461
A32RD6L701BIGP,-0.01836770287638335,0.019153523452210632,-0.008911213288379172
A32ROXBTBFRT6V,-0.01831461586230806,0.010259376523932055,-0.013492131582035629
A32SQS35MUGM6,-0.018296081909626123,0.013118027500550232,-0.004732087451990473
A32T2H8150OJLU,-0.01830049815431977,0.007900512536842642,-0.0049550392904117715
A32T9T9P5AWBIH,-0.0182027514441841,0.0006995121967460746,0.00033217039961368374
A32V6BYPBIV2JM,-0.018361635118767282,0.0514938618071716,-0.03974478179468615
A32X4RRWMARB6K,-0.018250684024017232,-0.00010257718179275898,0.0004512305500049925
A32XW50ILWOXNO,-0.0181572048021482,-0.01789447622204933,-0.05060062114229844
A32YGX2KSVGFVP,-0.01833605352929646,0.024955225787185946,-0.005169494000327855
A32YP7TLINXUNZ,-0.01824838776616752,0.0014932909265274082,0.0011753563586642131
A32Z0G8WC39V0O,-0.018278914014529295,0.005648039557513279,0.0011102535519646609
A32ZOSZVX052IJ,-0.018321362328493136,0.00855565722550691,0.009707817534885324
A331OF34UX4Y1K,-0.018022702406051784,-0.0032178846202466443,-0.06253299384441213
A3327KH3Z7GZ1F,-0.018230769555451342,-0.00341850911168406,0.012546329568560494
A333SMDV91Q8W0,-0.018211519447559412,-0.019807694441822073,0.01901305376736109
A333TKE5KYTW0Z,-0.018294644785684495,0.00044967054619048514,0.00635952661090824
A334DYKDLA9K8L,-0.01819987592686399,-0.014052842293066218,-0.017625381440386913
A337LURQ9IG7GF,-0.018319768615096436,0.03086512474687657,-0.011020274332214796
A337ZBWBY9UC1Q,-0.01824842349447185,-0.00644362461224634,0.017153735154880095
A338FOOEB7FUGG,-0.01826512203797593,0.000649147381732599,0.001790105238946374
A33CLVW2K7SL1P,-0.01823050380146085,-0.009748028812171131,-0.0268526781672125
A33F1X573GZSNQ,-0.01825696199670325,0.0006505434577493,-0.003186990519670434
A33F8ZLBK7WWD9,-0.018264734793246692,-0.002357561026010791,-0.0029425641375313578
A33I7TEX4OT1XQ,-0.01828469960310819,0.006584164048091033,-0.0017744843792348187
A33L7G4E8CID3,-0.018248294695451143,-0.007461034649705318,-0.01921672432841599
A33M07VZBYRMPY,-0.018320588410746547,0.03296594416352275,-0.003993480076201295
A33PNAQ33DGBJG,-0.018192077667750384,-0.0039897461917095004,-0.00667022942842976
A33RN6T49VEFUO,-0.018232900271028078,-0.027405764320885054,0.01610999278191289
A33UL9XBKBB2H9,-0.01826275546790711,0.010269825295075072,-0.003871046406978335
A33UUT7UOAF5PY,-0.018267726920252997,0.004341863029587584,-0.004095447368449023
A340KTL9KUGYB7,-0.018249095129132156,0.0008265460538741005,0.0017589597993400098
A345WVAVMMO6F0,-0.018174889716566098,0.002634587124909798,-0.018129583714471927
A3474ZR07UN1CJ,-0.018275870317937745,0.0020956294280861723,0.0012159921736782152
A347JY96RJ80QG,-0.01830097167812164,0.012403079756857316,-0.0007276168180911809
A349A11Z5GRDJ1,-0.018310032987952404,0.015224108566355624,-0.0005134075052569901
A34D06JL7LC6MU,-0.0184090172986236,0.0022259448282661125,0.01623516402833172
A34D4KCP94ACJZ,-0.01824859918050855,-0.007157126617074825,-0.01747143653103989
A34EAIWRJQP4AO,-0.018315368286180276,0.03357740600789677,-0.01823554693151897
A34EY7MQR6QFRA,-0.018185838509880734,-0.0024561018386754607,-0.0043979698387258395
A34HL52AN3IZ50,-0.018262101336109626,0.0013748169814398823,0.0007420246025978444
A34IBXM7E8CPWE,-0.018168369984039028,-0.025115059693509113,-0.03419028691848283
A34JI9GIAY1RW3,-0.018273615617059077,0.001763228970967165,0.00011674943634017355
A34OD5GD02R6KN,-0.018206499379441698,-0.00023897768708192505,0.0063353406106379725
A34PAZQ73SL163,-0.018274072123721664,-0.0010002834764277068,0.004008127777718077
A34PHU91ZPOFL7,-0.018165584959863985,-0.03118379936431882,0.03559952660567248
A34PUCLNFN62D3,-0.0182062678895459,-0.008824587162676195,-0.00241500020902206
A34RAHIG6I5O0Z,-0.018272714220231957,0.0034657895498390553,-0.011602671275380833
A34RW2KH2ZQSNT,-0.018288953838480292,-0.00214033478970082,0.0031172087962152537
A34TF7RV7SWECN,-0.01817241887195418,-0.009074127457974262,0.011855021320976246
A34WDX8CYAXM7M,-0.01829534699983231,0.004763891165622658,-0.0077432744035868875
A34X20QSBGEMTC,-0.01825328523462616,-0.013981420125559375,0.01713352071737782
A34ZAYTNP67S83,-0.01824221911006799,0.00012313195155792893,-0.00461581096960231
A355SORV7PXI93,-0.018263756620014025,-0.000659901503764093,-0.0004182425998881249
A355WMP0CQBJFX,-0.01828663254734089,0.006164919040479038,0.02107636281962858
A356HRZZFCEGL1,-0.018237206787425336,-0.00810368014112791,-0.005486636940139619
A356IY21Y089VK,-0.018298172513664883,-0.00023490168965516247,0.020503585479826694
A356RFKNIG043B,-0.018215452964759897,-0.010286888885278886,-0.0175855058393226
A356TJCTCLDN89,-0.01822376234262964,-0.0042689208260124996,-0.018226868332216366
A359IT81FBX64Y,-0.018206262891226857,-0.0030128765807161473,-0.0022300525982857145
A35AAZY6FQM64Z,-0.01826652262383434,-4.766100634509696e-05,0.008413207130202
A35AMPDFAB8JLT,-0.01827683520599413,-0.0009511406605115093,-0.001376552834696251
A35DI28HRSEEP6,-0.01825661318104706,-0.0007257147259348918,-0.0005983602024137964
A35DKEXMX6P22R,-0.018248599166016316,0.0007881345458052517,0.004110249217629018
A35DVTKP3CBYNM,-0.018295852263074612,0.009384068771465517,0.0067871940020749495
A35E0VGWQKCADS,-0.018269566256914692,-0.0012988535803936502,0.011315507170195381
A35EQ7IKJK5I01,-0.01827451211972686,0.0032069099088360684,-0.005907727795067863
A35GL5HSIW28W8,-0.018285302094956636,0.002378759267817699,0.00829870615407649
A35GNQK1DC7WXU,-0.018486366465190758,0.04099023438765091,0.036607546815493844
A35HKBYVXWIEUQ,-0.01824004296577759,-0.010871113692514837,0.014447164223796459
A35JRUKMF5NWN6,-0.0182622336497111,-0.004167064099313104,0.004414444308653132
A35L2E8M7S59MQ,-0.01826488839757083,-0.007247394714351059,-0.01678021751911683
A35LWA8VY66G8F,-0.018237918757817145,-0.0035150491276091447,0.0030676772581153364
A35NYSTNU0JQD1,-0.018249024492007677,2.21372020327585e-06,0.00862449857409818
A35OZAGZX2YRBM,-0.018280636092289144,0.0036803265749126386,-0.005779490531196877
A35Q36CDGMSKZB,-0.01822666667625739,-0.019670619506938616,0.009391115116312812
A35R8PJSEURHHF,-0.018095024593010756,-0.055220038536464275,0.014228570202445036
A35RCE15OI0ENL,-0.01826698190549553,0.001126735769387475,-0.0008442886410330732
A35TR9OOETQ170,-0.018217603585299547,-0.006610025519138891,0.0140229182204674
A35VG5NCAWKUI,-0.01824658317900187,-0.009316627508134804,-0.023647533930949538
A35WSU67EMEGEH,-0.018270549678562814,-0.001108337261754118,-0.0009569360639916458
A35YWA2V4QHOJ3,-0.018325644056519,0.00698358661253065,-0.011578338334034783
A35ZK3M8L9JUPX,-0.018723226480968008,0.06515736583685618,0.2211545503012551
A363QRXP83K8ZE,-0.018239041480196335,-0.0012951383489496087,-0.008149729509227419
A365J1ESBPLXLJ,-0.01824735051411964,0.00023285779260703388,-0.003927621921205066
A365VIN0ESABZ8,-0.018279374204723225,-0.00087920550920844,-0.0008979219855320064
A366S12KCZ280V,-0.01826092630288862,0.0037917202708121446,0.0016614248313137588
A36B074YGBZMTF,-0.01825979380068831,-0.001256511952279033,-0.006434120334273756
A36E1WMU0OLNB9,-0.018227645370997095,-0.017370490079881548,0.0025323375242620044
A36EW68H08UOCS,-0.01830188976704066,-0.003951542957422749,0.003829771588231996
A36EZTKA504FAG,-0.018241463333958364,-0.005996503376512437,0.004952988774679792
A36H16ZJXUIMZG,-0.01826211313118505,-0.0023457161395458452,0.0046147936668183235
A36I012JJTZUZ,-0.018272466327629574,0.0015916872153123158,0.00816660763780465
A36I6YJW4ATZZF,-0.018293915096488256,0.013878544638541667,-0.004232769002518557
A36NUDST4Y5JBA,-0.018273445071818287,-0.0021752280140075807,0.00012445402710130828
A36QYTMMJ0O2IZ,-0.018282408726566605,-0.0040535040325327554,0.010174062499767548
A36RS7KTNOBROF,-0.018257452533636007,0.0007643602144692368,0.0005382902101174845
A36S72H1JKH2GR,-0.018306395060057556,0.020022479424196334,-0.00722322800367513
A36UHNAXL1A9X0,-0.018317882094443166,0.019285201829560603,0.003254286952008488
A36UY5KTEUE2A2,-0.018286151822035423,0.004177741466879644,-0.0021549716122018763
A36XUUL0ZFVJV6,-0.018299310446714376,0.01230880846793103,-0.0026310460714032142
A371EYWDGHVSAK,-0.01827605789533081,-0.0007741858042824377,0.0010890478161948176
A373LY69LKT8CA,-0.018206807245095814,-0.002254410346256896,0.005127001869055552
A373R1CJT7JEKT,-0.01826765663545103,-0.001029642615217325,-0.0066529723619079785
A374N6FTIT1A7N,-0.01824322554158493,0.002445737017772029,-0.0012772912259467605
A37BTU85F17716,-0.018338785769949774,0.0026729545419582348,-0.0012926780420132807
A37DLVPKJZGSQF,-0.018261998183394586,-0.0018901684174023581,0.0005784596053825359
A37E3NZOWQ7J75,-0.0182628314076836,0.0034366108906329304,0.00031261597701419397
A37FUJC2L7DSPT,-0.018234930110253428,-0.0039592640907655,0.003322985824712008
A37H4Z5YAD6PPQ,-0.018288003565219015,-0.0008920563161161566,-0.0003359306837709514
A37HZRK83X3IQW,-0.018239185195204254,-0.012651054438856392,0.003667171037661945
A37I38G8XXVZTX,-0.018277386160786512,0.007946326671288929,-0.005339696179874266
A37L96ZUY5WQKH,-0.018272656518666594,-0.0003191250451061478,-0.0004512681657727774
A37M1C40G34OJA,-0.01829058836944012,0.00157930083811127,0.0034797103780778915
A37OOQQLMMKYR8,-0.018256058760732545,-0.0008150666482801696,-0.002545660979819062
A37PV5GMP2ILJC,-0.01826238135886791,-0.0019479525430977523,0.002599533006765714
A37S3ACL57LN62,-0.0182477414143215,-1.4196072838457812e-05,-0.0019190747165411881
A37V77TS2AQRFD,-0.01827278666216821,-0.005195295507817762,0.002572575906955856
A37ZOGOK3GKF2P,-0.01825855864351544,-0.0006783720944433262,-0.0017572774109395773
A38063DHC5X7AJ,-0.01816834494907446,0.005038568778455688,0.0050908689815468335
A385J7MEM932DL,-0.018258433036740213,0.0010924454320151375,0.003193290727401882
A3873AV4WBE3X8,-0.01823820852234602,-0.0025645425735775734,0.006175439577373029
A387BD735MI50R,-0.018206417471003895,-0.005653353585754655,-0.006796695098039798
A389B0FI7SQ2U5,-0.018319048616106837,0.02531936530010219,-0.005865306935859499
A38AXXL7DMVFMQ,-0.018243350556750366,-0.0008892876277694605,-0.009995194189633776
A38BQKP5SWQN5O,-0.018135289275021664,-0.05381064483681792,0.06498212533585766
A38DIX88M5T94P,-0.01820294515843908,-0.03835010072050118,0.039229459963816236
A38F6G4BYEPQ7A,-0.018195811132533404,-0.019996992443572593,0.0118399140763006
A38F8ESYADGILH,-0.018302157848188155,0.014542187041576123,0.001883844720428582
A38GVBWEB58UAO,-0.018180650507508788,-0.004008309710158682,0.015203387221983278
A38HWKGV6ZI6HW,-0.01831267198228395,0.007531807405554327,-0.013140259494930579
A38IUSU3BC6T53,-0.018290587568058302,0.010962394132980975,-0.005856701818110172
A38N7SFDOB3MR3,-0.018245228647275617,0.0021473514372484363,0.0043157191946386975
A38QEATH3NODFM,-0.018256026817010926,0.0004288847474576897,0.005417041268576288
A38QJ7JUUTVLKX,-0.01825339351574469,0.0010484870759879827,4.386610355084134e-05
A38S169G91IWXV,-0.0182694343711066,0.017853405618137967,-0.013397752033816933
A38S8RD8XOXLVS,-0.01817972637823746,-0.01891283578780919,-0.04480076157116201
A38U2M9OAEJAXJ,-0.01823192248054653,-0.006514338855269159,-0.023132140829457415
A38UHOCEKSUOSP,-0.01825615037009855,0.003915354018495396,0.0012577708488220672
A38UNI88GFRH60,-0.018237276730001608,-0.0005794724665866955,0.002517547551446417
A38X3820MO0TAN,-0.018119300512357273,-0.04363384744297095,0.05096097751777049
A38ZEXS8T54SW3,-0.018258988687600734,0.00576744521392659,0.004097343086159988
A38ZGQA8TN0MYH,-0.018239093758827426,-0.007189832266243145,0.011316226897000714
A38ZTUNQJVGP6S,-0.018273224868758948,-0.0018757793312471633,-0.00037215123986899287
A391RY3TA1MCVM,-0.018202489984774622,-0.00952409138420524,0.022411320927649397
A391YPR0NFTCLK,-0.018340219415182695,0.019868429272830456,0.061160774888985144
A392CZ6KK0MH5X,-0.018320314771760934,0.01668812972984364,-0.02860718872009287
A394AF4TZK8WJO,-0.018264496203040565,-0.012747233144292932,0.008057413235057473
A394C81V05JW2Z,-0.01828879852166511,0.020794618757743365,-0.0002120350600628241
A3956O40ZZYFMY,-0.01827135937162231,0.0009500710146682356,0.012454837199310332
A396368VYIQU0E,-0.01826363376088272,0.0011807898580673455,0.007905851096797284
A39A4K1K2WZILU,-0.018283679410519296,0.007158634908301854,-0.0022078361982590597
A39AWL2FKWDFK6,-0.018273959510407615,-0.00571450055829913,-0.01054373920389234
A39C7SEMCJWVOI,-0.018288584715182212,0.00245020557773848,0.015554714688267801
A39CDJT0ZMHLO6,-0.018296889226731675,0.01677736127365095,-0.016507084663290504
A39CX0EE4BZCZC,-0.01825264474453413,0.00992606359554073,0.01650664522587056
A39GW5CBWTIWAZ,-0.018221661358346887,-0.00023367881650276286,-0.0012337357306303554
A39IBJB2PBVC7I,-0.018245555637407786,-0.004298255747068561,-0.012572422136081689
A39IY0JU5JI69G,-0.018171580221339072,0.0027923319840277216,-0.0031542398609258416
A39JZXGQPTFW60,-0.018290733688248444,0.012770137072326425,-0.0063218334329566105
A39MC854HO5GE6,-0.01827534471221209,0.00842082213928442,-0.0013203109521121171
A39NFSEF7BLR7M,-0.018272220716115027,0.0016875242844932598,-0.003261591346866987
A39NS429FYXAD1,-0.018269532650723563,-0.0024479122704207505,-0.0015926223353938903
A39O6XWKDUW72N,-0.01827484734518341,0.01391510449931587,-0.0014838214023774787
A39QYCBKS4D6E7,-0.018327725185071603,0.00653390125264422,0.011520662378349198
A39T9LASIYKN1L,-0.018215012664877437,-0.00015468748139222345,0.007768516849953848
A39TYKLUSITROZ,-0.018246923103057682,-0.0011086365680532352,0.005662679396624289
A39W3263A9HCMN,-0.01810457108428515,-0.0636122028668186,-0.030405014683208813
A3A2DDR265H7AB,-0.01826152752642852,0.001902676815037825,-0.0029584656425837305
A3A48XEYWLWH7T,-0.018235615300687215,-0.0026302650388625635,0.0038662679927781857
A3A4LBT28FF22I,-0.01827989479653728,-0.0009956169474755073,-4.427160363709924e-05
A3A4WQL80WOTMH,-0.01824176023102886,-0.0029011995816356773,0.005915281477808428
A3A79B8FRJ64UV,-0.018347756404654216,0.030677914639623417,0.018562294205694656
A3A81ZZ4ANLZ8G,-0.018266749981416305,-0.0007976417782897324,0.0010386839756862578
A3A89R9U1BJ65Y,-0.01828835906120759,0.0018178464178568454,0.0014869167732701441
A3AAK33K3BUUTM,-0.018268464700108924,-0.0018361181852505236,0.0004945605793947188
A3AD071UEP20WS,-0.01821324702741848,0.0026778600567884847,-0.004152633688168121
A3AE4VMFA71SCH,-0.0182482886799346,-0.00882238588247096,0.0038499653310825684
A3AEN6JWPGUWFM,-0.018225570885595132,-0.003207399192864444,-0.024997315585399568
A3AEYDNYCWH2IZ,-0.018297424768009055,0.00589367780854647,0.028853963647764186
A3AJSON8SXXBX5,-0.018324817392718743,-0.0003957422444134232,0.006575114276825125
A3AKPY4LXIC24O,-0.01831126919503814,-0.0006866641930081475,0.019052224096606046
A3AOKQCH0YBZDS,-0.018223093022478192,-0.004804505312131923,-0.016570456805021946
A3AP6H48QHX8BR,-0.01824184241214732,0.0010501254770975076,-0.003904296716100845
A3APW42N5MRVWT,-0.01820379091715261,-0.018781988808859958,-0.0001091655753627328
A3AVJCB1ZD6ZY5,-0.018300695376382885,0.002851888557165389,0.003763268012598935
A3AY3EV2MFRFGG,-0.01823769619919668,-0.003323287466895098,-0.010639818121541344
A3B167OS0BI0RN,-0.018249907073546533,0.000454163034088848,0.0058574171308960025
A3B1IPR94VFG1K,-0.01830762593891937,0.016219569879250977,0.0017063918714946692
A3B2WSZZXJCQJ9,-0.018347078112527327,0.04408548824285266,-0.018147236205811434
A3B6ZXQ7VUFRB3,-0.01824431056281185,-0.007816857553862959,0.008079582837575055
A3B7WF566HXAZB,-0.018238853452759704,-0.0028497804912402374,0.003550391565566922
A3B9DHWCMYQFD,-0.018309906382248674,0.01948316342948642,-0.01597838623939977
A3B9XTIDLP6BKN,-0.018141739308819207,-0.00908741530429158,0.014512337096453741
A3BECY8D9V20V7,-0.018254979966117628,1.718685031376442e-05,0.0034871795386288516
A3BEF4IHWI0VC,-0.01826447551441636,-0.001408877588854095,-0.0012384934235111571
A3BI08FJNQ9DY2,-0.018244335690840507,-0.01699019075797528,0.015575606374244882
A3BIV1X1K9R796,-0.018287264485629295,0.002502213389042076,0.0039480591484085635
A3BJOYY5ZWF5VM,-0.018190376075323658,-0.01046280669716996,0.0007230023412790743
A3BK0OMD8U6EE9,-0.018242926705255964,0.0031559295939283137,2.1327697115809707e-05
A3BK4862BVLQ1S,-0.018005641179560668,-0.12149644751389466,0.09078524214460959
A3BKR3RCAZ7IOX,-0.018244089946736576,0.0014368071553698917,-0.0002846652774415404
A3BMRSE8N1858V,-0.018281800901767592,0.0051913133341625495,0.00560884561110699
A3BRHTAUBZUGK8,-0.01827072516039299,0.0007547146686127824,-0.0024216990082296485
A3BRROYUZ0IQHZ,-0.0180321073869372,-0.06102840779801243,0.04200581758396207
A3BSS2M2DPPV4T,-0.018272371495751248,-0.001836556476973374,0.0006849499668298484
A3C39HNXEDZV0I,-0.018302371493583155,0.020636897044339905,-0.016644858344637796
A3C6X0DAM87GN4,-0.01818127576632859,-0.0030795525718519488,-0.03205135861483924
A3C7KNM7EQP578,-0.01829105418233121,0.0039008160817458563,0.003622857448570182
A3C96IWQ26Q46I,-0.01829644329705044,0.0037768499296026315,0.0067932295403818595
A3CE44SUJDTK34,-0.018192589450297496,-0.010675476281715411,-0.004524341763752468
A3CIEM0HFF44D8,-0.01826347885322048,0.005785436189022875,0.0012247667408789812
A3CJC7K4QZBYW5,-0.018207310348158128,-0.014885633008113106,0.015134065749619832
A3CL82UITQJLWS,-0.018154720343942252,-0.02255762473354158,-0.018103583605407186
A3CN9CCJUNIPKT,-0.018251265787431626,-0.00994950958336304,-0.017074970773856033
A3CRNB557EW50L,-0.018253401158130213,0.0014717613675067826,0.000587555183152206
A3CSDBDV77Z0VI,-0.018247389688787818,-0.003303357394432851,0.0034834132725549537
A3CWH6VKCTJAD,-0.01824802278917631,-0.0027159597530003123,-0.008809393209232713
A3CWLNCVLI0F64,-0.0182801483252848,0.002450374346293342,0.007347418268976891
A3CWVTH1M1ZP85,-0.01823725076532984,0.003961756005250245,0.0074650282273183875
A3CXEYHXHR5RSE,-0.0182870532718229,0.002483117940409921,-0.006251240132811096
A3D2VIUT2HWP0Z,-0.01837918195782036,0.029284294661499684,0.05191314910572988
A3D3ZCFYMJLZS8,-0.018271919844506084,-0.00017822265554040984,0.0014724018003035967
A3D4UYA9PDKJ8V,-0.018286205116844603,0.002256481152435626,0.011975965721350079
A3D568QT0D2L0N,-0.01829390465683828,0.008763112998119726,0.0131181771257769
A3D7XHEPZGD8UY,-0.018204529268985664,-0.03644594006613609,0.019503768079055756
A3DDPQ9342UNMY,-0.01826088586870052,0.000170024352459202,0.00043868720627219767
A3DE438TF1A958,-0.01835077927878592,0.009177626874107073,-0.0019536551396877777
A3DF3ET17R3QXW,-0.018199319279349997,-0.0267157883024081,0.030167955958008898
A3DG93E8TXMKZF,-0.018302483575424175,-0.0003600352864827681,-0.0006739779516688532
A3DGB4HN3QCGAL,-0.01812209242442317,-0.009002422233817154,-0.030979490108039895
A3DGVB3T5QJNRE,-0.0180953366724811,-0.05978647929330074,-0.014050461588264201
A3DHQ5WO80X1IZ,-0.01816317111560473,-0.01667754130416731,-0.040860203724603826
A3DIW9LH60V1DL,-0.01827913095105326,0.000236460986246408,0.0027374097415839393
A3DKRSB5HBGNT0,-0.01830883777941401,0.014857634232344263,-0.012593142188302662
A3DLVCGO7SP253,-0.018157082231847456,-0.0154173860576841,0.010467718950570396
A3DNRPAJUCE30Q,-0.018279631450533265,0.01815672776000829,0.005656811784563767
A3DP62DEOORUG1,-0.018229983069729866,-0.009528262065051868,0.013920780660459191
A3DTNUZALZDZPR,-0.018329009523554644,0.0007437169447944885,0.01164003636564839
A3DXYKQQSRYOP1,-0.018259920281852686,0.015557040688109048,-0.005930176936051966
A3DY46ZABF4CMQ,-0.01827631273008331,-0.003001769915632859,0.00016288838413252503
A3DZCNEU21MB6L,-0.018210994567147133,-0.020180491975333305,0.022508169056789366
A3DZT870KCFD1,-0.01811632542308402,0.013445691046727078,-0.011801373925409997
A3E03DOMMQORYI,-0.018204198343553364,-0.015163437462575976,0.012565205066108993
A3E0MATMQQQCFM,-0.018252443833505494,0.0067675219209538725,0.003935239324435666
A3E39I573I0RLZ,-0.018248695551214323,-0.0014896983214660305,-0.0027186536265188526
A3E3GD3TABXKU1,-0.01826737189341556,-0.013729320590220688,0.014700405685422559
A3E5OY3YLZMOA9,-0.018284121828142666,0.004320367970072994,0.012961101612549082
A3E5V5TSTAY3R9,-0.018291572686573943,0.005737424991490042,-0.0007742165002654747
A3E8QU9A1IJQNO,-0.01814023942715233,-0.039162462030568744,0.04050093416252164
A3E9KQ0H2QNH33,-0.018263430452249294,0.005026204722326029,0.0028320934950515314
A3EANXZM97V8YS,-0.018317733119765044,0.01120628215087769,-0.01137710987448009
A3EAU736LWTDCE,-0.018202185727953926,0.0034329678644181515,-0.010050535105755634
A3EDIPCXT15C3T,-0.018256395471492014,0.0024926197789595012,0.0009371102969483269
A3EE0H0NWQ9QVL,-0.01824326247806121,-0.0044336930100219996,-0.003110610168976676
A3EF7PUYTF057Z,-0.018261739090825815,0.001235543095335203,0.004714448447200697
A3EGU517EKK2UY,-0.018282764750173194,0.0021699370921044307,-0.003459574420792138
A3EJYJC25OJVKK,-0.01830687305086775,0.0023309651211943488,0.009756494347713265
A3EKNWZOV3EZXC,-0.01829697340173848,0.008396864887943556,-0.004725024919790612
A3EMYILKQKEON7,-0.018308742892187826,-0.004802190313900286,-0.0037292923406163714
A3EN5H154KY3GN,-0.018297470054668915,0.01143981962644089,-0.00646967599701776
A3EOVXI1VZIHUQ,-0.018243604479462515,-0.0018837667092926444,-0.0012978268800599864
A3EUSH8DPW75LR,-0.018296122329384736,0.0011579493720143006,0.0033713726719213108
A3EZHMGGWY74HY,-0.01827418021316395,-0.0003606129586601714,0.0063367339601984925
A3F0HT2YG3X6CD,-0.018258729318117416,0.0029203705618617614,0.0035325492264093616
A3F2JUHM6C9RZ9,-0.018203828586622766,-0.005075958261094984,-0.006071876177515491
A3F2VVIQIY6U64,-0.01821829797098399,-0.002280279022977233,-0.002186764553446117
A3F3B6HY9RJI04,-0.018247566413461806,-0.0014649355212858347,-0.004827476454614359
A3F3TYKEHDA4YX,-0.018325262227390452,0.017588726086712636,-0.014047355205059649
A3F4OHY3R93F78,-0.018285518288247222,0.01213052808561162,-0.002536464853763796
A3F8RN37P4WLNH,-0.018255954247035307,0.001626751203771425,0.0004932174888512591
A3F8T3BRXRX5P3,-0.0180062663721872,-0.07800070603898056,0.093046338648722
A3F9UAX22LLZWK,-0.01825358338866841,0.0004969900392328045,0.0013058513433551343
A3F9VH8916IA40,-0.018219798804387958,-0.0209868059146916,0.00594378907681655
A3FBTJCCNQXW2U,-0.018242898287021643,-0.002365729076516892,-0.010002219681210315
A3FDEI5P21XX6S,-0.01829564711901161,0.004370452617152469,-0.005869801954655015
A3FDO58UAHVQD1,-0.01826504682266795,-0.000878763431269764,-0.0006659303762333086
A3FEQXNCFC68KC,-0.01824326439919005,-0.008186965692837219,-0.0018008645074029236
A3FEYJ4CXJ8ILY,-0.018260608259406386,-0.00328909714653987,0.006608372413194238
A3FL6CIO8QIJ2F,-0.018463599838339513,0.02025657250073371,0.05581763189260063
A3FP0QHUEKT4MF,-0.018270210389369455,-0.0012893769349935362,-0.0010119267249943007
A3FQGOCTI5940Q,-0.018210481271447962,0.0011902105297306189,0.0035555863994989447
A3FQQ9FI93MJSM,-0.018314337867936802,0.027806332158970812,0.006530192763926168
A3FR4QXW7JF15E,-0.018260314383252933,0.0014211697915335374,-0.001379305948949451
A3FRD1P2CBU3K4,-0.01822870587682213,-0.013612565045780076,-0.00038131829396894826
A3FS7RSDQ7JSWC,-0.018340402030313358,0.012719739034136758,0.013921290532547937
A3FVAWZNKW9GX,-0.018229289414413055,-0.005035461925084185,0.002154976187012613
A3FY0L9P0D6X8Z,-0.01820871483992131,-0.02870159279068643,-0.005282965686703631
A3FY3H6F4249E0,-0.018353111933177114,0.04897948816259831,0.005072619521000253
A3FYKYY3BR4NN2,-0.01819594547426504,-0.010110891901861513,0.006773678908591248
A3G0ZPL89MCFAF,-0.01823955456487178,-0.0033544860972483585,-0.00815857940659483
A3G6G5BJ67W1KP,-0.018318364404125136,0.014236975947365409,0.026853525318861465
A3G6QZJBB466TC,-0.018337391087115677,0.030196719714058604,-0.039076303221384945
A3G7BC1IGTAMZP,-0.018323243289636453,0.036131704014562664,0.0030160439909697224
A3GA09FYFKL4EY,-0.018236432407365197,0.0047017987490738196,-0.004852279425576426
A3GD923K1K602I,-0.018243791703362138,0.002962672434464072,0.00795814950409337
A3GD9BKIUT3I89,-0.018267393871855435,-0.0010964352307985983,-0.0004603368488805753
A3GHO4XAS5GMHI,-0.01830907030670293,0.007218443433912009,-0.008854777058742653
A3GKMQFL05Z79K,-0.018313617875819053,0.022021101475685048,0.013683234362603068
A3GKOMCQTTWPUI,-0.01824814254207825,-0.003919908555154695,-0.014033350607069383
A3GKPMHV4U64IY,-0.018247179790482928,0.003956180652800467,0.014583080087743271
A3GMP5FBS5TBAT,-0.01824941614462293,-0.01077111394916336,0.003258357691902751
A3GNSD8NPCFAM5,-0.018299412349824698,0.005286830318057205,-0.00858353287681196
A3GP2P0KY1X6X4,-0.01821125056023691,0.004818512839373849,0.0032099057179784084
A3GPL5JEP3G1VS,-0.01826148997228604,0.00315029678861796,-0.0023560889792236073
A3GQKB1KF0CRPE,-0.01830469366410913,0.00048514297645526624,0.013429208463149751
A3GRN6J64F2C3X,-0.01821103005471201,-0.0005345532189868748,-0.010226302929222775
A3GTF3Q8KJ265C,-0.018262474355364704,-0.0005585488046466007,0.0007411972793656972
A3GW8A5TGK4U1U,-0.018294775606194122,0.019632141618731884,-0.015855118722587935
A3GXBI848QOU9A,-0.01828086838096077,-0.002669944845884474,-0.004087268292998247
A3GZ1EU36LDYU2,-0.018202961718807597,-0.005102487776113369,0.001979212962552101
A3H39FDRC26PBO,-0.01823138992866347,-0.004636381924668437,0.009521954687683748
A3H5MDZAMQV545,-0.018285073221523947,0.005756279957560833,-0.00515967966644766
A3H86FCI0QZH7T,-0.01827404632769078,-0.00044614195101856484,-0.0008064439274977597
A3H9JSM1SUTE4O,-0.01807486172251169,-0.036160743398871716,-0.03205531432945678
A3HAJBT5XS4SOY,-0.018344370228805806,0.030203519908666657,-0.029343462808998664
A3HBGSTBVQTMIH,-0.018236796722438883,-0.0036479484598247805,-0.002572457608348228
A3HBT2LJ06CZZS,-0.01829758938661449,0.008273426783708878,0.0036373107751288057
A3HHQ7UIJJAOAV,-0.01829446601715757,0.005343896465299287,-0.006638640057674987
A3HI22SBXHMGFY,-0.018289469753560147,-5.704183875144244e-05,0.004479941709428766
A3HJAIFRRFHUAB,-0.018249436420492954,-0.0010767514546230841,0.0023447378070736305
A3HL4CWBBPL1WW,-0.018208773262640317,-0.020003895703520274,0.003129214579719471
A3HM5G9IV1FTFP,-0.01826559482612217,-0.004037115373968873,-0.003246730820918878
A3HNBLO0KIJVTS,-0.018288888689396432,0.005039732574891029,-0.01104337470273133
A3HNT4WLKQ7E5R,-0.01824538591499491,0.00566548166157081,-0.0021176078014037455
A3HO5EBAI13BYX,-0.018304684489508796,0.030538541041333623,-0.027938348789419434
A3HOMAS5ODFCW6,-0.01829703127226124,0.013285309925986366,-0.0038617226235642525
A3HTX1NOTTWERP,-0.01828325870916798,-0.0012614236163388047,0.006174221453182685
A3HVFPZ16DO82Y,-0.01828124834221164,0.0024169674936183696,-0.0005186947556354691
A3HWBN95DDD7UV,-0.018360669905040726,0.061813887731353316,0.0009203070982367255
A3HWGPG57PV3VR,-0.018278172498471218,0.001094153158922336,-0.002313668450403541
A3HXDXQ20Q53BV,-0.018295957215197455,0.001587979187558747,0.008986383622833868
A3I0CQIZIS2VKJ,-0.018237259106609227,-0.00525464716895369,0.005547757535658699
A3I0OLUKWVAC1,-0.018289702411648495,0.010417268953459593,-0.0019331315953074906
A3I3CE8M4T789X,-0.018295286506438736,0.010372495484669808,-0.0018288379450616039
A3I4C4LS3ID7Y4,-0.018276058964946794,-0.0031070317881767284,0.001694097911288968
A3I69IXPTDVKQF,-0.01838041317811307,0.02291271948301126,0.07056342169681483
A3I7OX03X6KDMN,-0.01820535092272181,0.00019954221523631213,-0.017049622843230992
A3I86L4OXK4CXV,-0.01823580189531767,-0.0009035551429194266,0.0010974828571044153
A3I9RGOY1MOWOK,-0.018261702065548783,0.00375901039084237,0.0028640906187890128
A3IB1W0SVED0Z3,-0.01828248567716813,0.0005838609375377807,-0.00613988631789321
A3ICHEO78NFE4Y,-0.01818301317714718,-0.006606518721913757,-0.04138285204472456
A3ICHXVMIHHNFN,-0.018267959702390413,0.0016622555446409383,0.006715974873637309
A3ICVJQMZAGQV5,-0.01825429294901082,-0.0024900907108075516,0.0007719269523055967
A3IDMLOWLHWNDJ,-0.018213457637575464,-0.018502543515158582,-0.045846068778969795
A3IE34MBDFKJ53,-0.018199354948374956,0.015416090015059407,0.004384446640689333
A3IF91GC22N2Z9,-0.018246951185976745,-9.774375834466886e-05,0.0027343338267709705
A3IGA729Q3AB5V,-0.018258003903456426,-0.0023071018200224143,0.0033605926300360684
A3II1ACACC5MTX,-0.01825059791060433,-0.0050564173133120375,-0.002232247542192904
A3IKBHODOTYYHM,-0.018206085967270812,-0.008218214339725678,-0.024067534429945695
A3ISCBELBLTDQ3,-0.018254676394919466,0.0019773059935058617,-0.001407433251093791
A3ISFNQ9FJSPFP,-0.018268071936985097,0.004449442295698074,0.0037662504067345172
A3IXZJ1L73DYTA,-0.018209014474681134,-0.008877471581757708,0.00840254805022805
A3IY9HIAMJQ7HL,-0.018184578584138106,-0.013209379807261496,0.008374916907405007
A3J029KBNG5MNP,-0.018273793658154132,-0.0007590612001450027,0.0007298288827648199
A3J1RXFKSROXJ2,-0.018267479147121624,-0.004939707977001854,-0.0022203925271325415
A3J5WEY9BS9EFA,-0.018261719267293607,0.0041441034417506635,-0.0021278040041915135
A3J82YP7GTGWDP,-0.018273452358317933,0.006667853159772931,-0.0030366875520755274
A3J8A5L5AF5TX9,-0.018241114856732188,-0.001409285922954868,0.0028147017136414903
A3J8ABVGK7ZL6H,-0.01823756191533628,-0.007172975042318903,-0.006797181743570207
A3J9LLWHZH15HG,-0.01822232908013807,-0.0022193741286473372,0.0052842471855141055
A3JAS1JIZEN6WX,-0.018206038441552625,-0.010557932210136572,0.01605235114057778
A3JBLXCH954NMV,-0.018288583744425324,0.015849233394255185,-0.007641211536525389
A3JCKCPZHK4CZP,-0.018273518711554342,0.002012401454928991,0.005218018936825537
A3JH9D4VAIOF8H,-0.01824947213210847,8.199192233647875e-05,0.0004279367016692712
A3JHTWMLK24DV2,-0.01835352524311793,0.009414584601300053,0.0033011630515976985
A3JJ21YCMGSKGH,-0.018374198248736453,-0.0034910211766702682,0.0021920833490545965
A3JJ825BC3H4EA,-0.01814996508805743,-0.01052538704267501,0.014305650643840446
A3JL15TG84TRSN,-0.018267384465691615,0.00043278561977314793,-0.0011700637945884199
A3JL8PMXWCGLT8,-0.018317883455303358,0.014205942638401999,-0.012844318565855415
A3JLOIXFM75QNV,-0.01809258959200952,-0.02988069685890152,-0.04944642821779639
A3JM0GBG12QER3,-0.018283419490558166,0.00882044566095471,0.011047453255160804
A3JNY2MSXKTXZW,-0.018247417757721658,0.0011236866360175282,0.002944500078693437
A3JOJJI31DS84B,-0.018260266387520797,-0.000814215579334959,0.000430888422529828
A3JSO0N085OQXU,-0.018250256401150734,-0.0008004365096551451,-0.00015281947190806035
A3JTA7SAV9NSDE,-0.018292180652364824,0.007015405923373408,-0.005351776300030754
A3JU9CWXUVHUPU,-0.018295068966985416,0.004244816303142607,0.004535103240453762
A3JUMX7IUYR7G4,-0.0183234587511126,0.012981657921732892,0.012010837448810336
A3JW194TSYNB73,-0.018253487358000826,-0.0002568610214686045,0.001121100690408112
A3JXBZ8F65100O,-0.018261312307370412,-0.0028052806050765313,-0.004032229993108179
A3K0E9JKGAHI5T,-0.018281567573674593,0.0036983270030091224,-7.922292510218547e-05
A3K65A33WMRPAT,-0.01829215038540915,0.0023870323805236975,-0.0050548314969172834
A3K6EFB5MWE2C5,-0.018302807136202384,0.010278772501309194,-0.009243125567128408
A3K80L24S9DH17,-0.01829007327849298,0.002386228348961826,0.003047719208062022
A3K91X9X2ARDOK,-0.01828740475987139,0.005018052055971551,-0.0027499398331961296
A3KB1H0S7T6JX1,-0.018339814689839577,0.025662208872913594,0.07159189653237782
A3KEZLJ59C1JVH,-0.0182481427242617,-0.006661561760348912,-0.0008203368600356258
A3KF4IP2MUS8QQ,-0.018361532072604072,0.0010962200987026315,0.039734005347740325
A3KJ6JAZPH382D,-0.018216191668224132,-0.010283260219301347,-0.03025231916015327
A3KJBPJ0T0MNPS,-0.018246686422959135,0.004278721994296242,0.002223754653525685
A3KKBKVYBSCXDV,-0.018318946290505074,0.015799979604158184,-0.002640380671303331
A3KKM0T1KY42HA,-0.018127817919696233,-0.03028443652193135,-0.029922616986943998
A3KKOJ6T4DCBDT,-0.018268258725518613,-0.004483987019837867,-0.0006481233745045445
A3KL7NXOAGKD3U,-0.018225986720515307,-0.002954820305667533,-0.014320799169165717
A3KMTOFTUUNFHG,-0.018278372070321226,-0.0010257609122444446,0.00487362106083594
A3KOWOXEUEHJX8,-0.018291245538634742,0.004852312808274217,-0.000829358479031027
A3KROYMQ61M7A,-0.01820810042529576,0.0035019375900595642,-0.0023144569111261826
A3KUUII2GSHN7T,-0.018254337517608365,-0.00011412686533194439,0.0031560563345227758
A3KVAS0IALLIHE,-0.018268672170649987,0.00564641760741549,-0.00046787532310761415
A3KWXO6QE62Z5E,-0.018274435259649915,-0.0010676303397868727,0.003996062246283706
A3KXZMKP8KKHSV,-0.018292119132153672,0.029446828745711837,-0.023910961224375773
A3KY68OTSNHM3G,-0.0183595311148591,0.02179196334774485,0.05400768421130795
A3KZTEUNNB20OY,-0.018158139623925224,-0.010677886213984406,-0.0023711568518642694
A3L044JLWY92WI,-0.018243632928685298,0.0012406132896795319,0.0015316538369502355
A3L2U581LL17EB,-0.01821351517649097,-0.007656272206767061,-0.028516216743013988
A3L4I6Y4TXOOKF,-0.018290958759958696,0.0007128996862679466,0.007886771313005001
A3L61G6N7AT8N2,-0.018091836776113847,-0.002224972611093335,-0.032128736831127755
A3L9E0YI7C5G0W,-0.018287958161594692,0.014405547212314677,-0.012598300307636753
A3L9FS7GNCV9CD,-0.018270432849746786,-0.0005283276900004782,0.002952100072144564
A3LBFWWQGQYV48,-0.018255918089545273,-0.00611021136481465,0.0035254125137928957
A3LD3BYJW79LI0,-0.01829560781208065,0.00819482315560862,-0.003528176077846965
A3LDO43KPFU9I4,-0.018317653548229024,-0.006540642673686621,0.0016680678101617444
A3LEA9O7LRUW0U,-0.0181881932473109,-0.06496610189396461,0.04072333605828037
A3LGT6UZL99IW1,-0.018205825322964074,-0.01819487838154301,-0.02035101783400698
A3LH77PBDFEO3F,-0.018270555768501492,-0.0022638450668420085,0.00620679671371529
A3LIGGDQCKZMWT,-0.018282578347838477,0.004789581520842024,0.002374277059840299
A3LJPQI9BLI2ZR,-0.018291521509569194,0.004722755838292554,0.0028293109436790943
A3LOBF0ZU1HE0S,-0.018188538116566583,-0.00491047284916119,-0.0344637594182724
A3LQDYVAAHHV2T,-0.018271584048952537,-0.005139909960543594,-0.01130019070101517
A3LQHATUJRT196,-0.01826566172500499,0.008363160141871996,0.0008203842381774218
A3LTZGHZBBBQX0,-0.01827193735609106,-0.011339465440556227,-0.004574496484526389
A3LU79BYMWZEW9,-0.018229425030476774,0.002934555326397053,-0.003844567829474204
A3LXTZI1R3O243,-0.018320259307424643,0.019569388811661516,-0.008653236252741657
A3LYFRATW68EX1,-0.018237689848128204,-0.016913243315280827,0.023340152174404508
A3LZBOBV9H1HDV,-0.018698850918431178,0.1505474133483595,0.06012019640770277
A3LZGLA88K0LA0,-0.01829303535617222,0.0204471566905759,0.04287353255843979
A3LZUPNX06NXHB,-0.018255197456499946,0.004978615228331568,-0.002730465975289859
A3M17XG8HL7JRF,-0.018226232490622614,-0.005967292867921162,0.007843002068575775
A3M2WW0PO34B94,-0.01802294785860316,-0.07290512139404776,-0.05620198736375474
A3M4FAZ29WK4WU,-0.018265439506067266,-0.0015568459102425236,-0.0023811463942063718
A3M5A4BP513G37,-0.01828271523867703,5.545299801792549e-05,-0.0050064320216208075
A3M5O6UHXO9IBU,-0.018086975821495536,0.005161871208982039,-0.05766757159697468
A3M6IX6OAS4I84,-0.01827946702003844,-0.0026296073618833136,0.02107651197677379
A3M6ROK3F294MC,-0.018269158184200253,0.000678544226061332,0.0004801244476959999
A3M6RVUVZOQZLB,-0.018313622054941615,0.008151090418103316,0.00568533336269848
A3M91J00QJYGED,-0.0183160796002537,0.03265222917218359,-0.024584800816166347
A3MC8DL6M9KHUR,-0.018272537509550178,0.0005401387832200054,0.003521161805697212
A3MCC5MAJYJYMD,-0.018192022838656327,0.0012073524728728868,-0.0197808105170237
A3MCEFHHX3IXJ5,-0.018239770489304627,0.0019224089975330213,-0.0002690717711005967
A3MCQSIBV7QW8Q,-0.01826756101891216,0.002169786248105661,0.008487972624447013
A3MD4IPLUUBQ38,-0.01819662351645981,-0.0019838690098437114,0.007311498904634166
A3ML2HRDE3PY5I,-0.018227354988635026,-0.00040365323624465445,-0.0033586523844375223
A3MLE9W9YYVGBT,-0.018293261589245914,0.0033534700839589764,0.003760573055379933
A3MLO4GAD2O9DL,-0.01824184573751006,-0.0007674098364161108,-0.005485920577630902
A3MN747KCKU0PT,-0.01831564129078006,0.021969231915940825,-0.0027924328064868717
A3MOWXAVA5BA9W,-0.018324008099909563,0.020499093941425166,0.03760215647316731
A3MPTLMGS9DHVZ,-0.01821811919348547,-0.020583722180172768,0.03222534314582297
A3MQ15651KGVLJ,-0.018266746412989053,0.0010848902937089667,-0.0014027177548731578
A3MQ672FYFNM7B,-0.018265582489528205,-0.0019260339520530707,-0.00022108507759029805
A3MSH2YW203752,-0.018308706130984048,0.00910085717315153,-0.005814026427267713
A3MV1KKHX51FYT,-0.01779838615463603,0.011642567435037329,-0.04949447061505662
A3MWI0EQEM231A,-0.01828138336926573,-0.00020789176015463754,0.0009872698671134063
A3MX96YM4NT6HT,-0.01829579184593518,0.009566982530402874,-0.012146568710050558
A3N0LBOUQAD1BG,-0.018213766828375992,-0.02764940531280843,-0.01570656019747492
A3N1OF1HMCE1TN,-0.01831230921379537,0.016923336148891608,0.004143175309379998
A3N2X41RGC6YM5,-0.01826789500408446,-0.0009145318694446593,-0.0008202216815201209
A3N37FO6JRNLK9,-0.018218839666348307,-0.01448890318808296,0.01096077245967099
A3N3SN2DDD4HCJ,-0.018261171034493616,0.0004955078357084437,0.0015403007657233492
A3N5XIM9R2OQH0,-0.018261770124630313,0.0002761842649365364,-2.9915664010933597e-05
A3N6GAJTEOF4MO,-0.01832017635662069,0.008701712238590984,0.026644005393181028
A3N8RZSXKN1OR2,-0.01826351938594004,0.009363016631625674,0.007537184557827086
A3N95R1VKWROWF,-0.018205568424446872,-0.00809414036600786,0.004695845733689511
A3NH7PYU4AD5GA,-0.01828785228839687,-0.002957249495729466,-0.00835639566418045
A3NIQK6ZLYEP1L,-0.018306683717742078,-0.003635659605053249,0.0072925836392844345
A3NJF6DH8FETN1,-0.018350315967009336,0.041445839993148055,-0.02638116896090357
A3NKFB39AIEN8W,-0.018266866123057262,-0.008987946528310264,-0.0002673543241254022
A3NLB3MA68Q3AO,-0.018194593523864943,-0.043300353268151515,0.049084214865084644
A3NLJZI5NEOT0K,-0.018250696323960855,0.00038513396487574307,-0.0027394777076273033
A3NM0RAYSL6PA8,-0.01812614508665236,-0.026570949551036564,-0.09150242779304686
A3NM9A98SZAHJD,-0.018200609499106908,-0.027098175383913046,0.028838327899107386
A3NMEF3MJ0A3PL,-0.01830642139884909,0.02240398292639311,-0.014963790243459518
A3NN9JT93XWW6M,-0.018266508220173977,0.0012936087762594301,-0.0033609556232442194
A3NQU1649SH0Q4,-0.01826562608279462,-0.00293600739868395,-0.0011402667192498834
A3NRHO869902K4,-0.018327450355168598,0.0170173260475887,0.0017515059370555642
A3NTCD8L26TEGU,-0.018284605169607702,-0.0020652625059193277,0.002511335479952847
A3NX40QFNZ8KTW,-0.018262202764305187,0.006540098067431122,0.000842715923840829
A3O2RCKAMSE9X7,-0.018239109267544604,-0.002591637490461827,-0.012113806311813587
A3O3GOWB1W51DO,-0.018241089936118244,0.0012792495374479506,0.003221317081297858
A3O505ATSSDCZO,-0.01828611211387819,0.02089764646368286,-0.014808590522250947
A3O536E2YOKK4Y,-0.018169251867432366,0.015164707820183943,0.008846084909726461
A3O5KZ6SAVPFEB,-0.018271535202002726,0.00909282075824809,-0.007341520275542185
A3O5T5VAQ3TD17,-0.018281700026047693,0.002579861237972212,0.012197944691954512
A3O6RCH7YT0OQJ,-0.018284063868079847,0.005549162259153191,-0.001559238448498484
A3OB8F6ZYKLROC,-0.01825077883068212,0.0050390410713427305,-0.0022651914642097776
A3OBJ6YTIK70LJ,-0.018319401127737483,0.02303029703767044,-0.0035638831221116124
A3OD04P0A831WB,-0.018268504580413094,0.003260350864865588,0.011380188755426363
A3ODXJGO1M7EGI,-0.018243059605547444,0.002850016640622368,0.0015792066075966194
A3OEECMCM2T4KQ,-0.01828359271459761,-0.0009119640631110189,0.005364025259435704
A3OJMDFRJVFIDK,-0.01828738833330695,0.0030094492594994835,0.004968322332834959
A3OJWC7RHEHD8C,-0.01828166311036891,-0.0013109260063191312,0.0012636690726171053
A3OMPSEVL59ZDK,-0.018192292910240992,-0.011742134424189147,-0.04943545635564974
A3OQJGMT9ABYL7,-0.018307601241641762,0.014282688662186158,0.0069244859461324105
A3OU8T2DWM38EX,-0.018291152325080256,0.003773377800480719,-0.0039108170105129686
A3OVE04AUPODOT,-0.018327597943925338,0.020917365507797655,-0.01067524679854935
A3OVQNY1M7CYFG,-0.018286014799517185,0.0012755878286432399,-0.004118831513207564
A3OXHLG6DIBRW8,-0.01827045508378112,0.00023814737889937384,0.0025292307302417563
A3P1508PZ0UADD,-0.018282232088772627,0.0015855906955276034,0.002832263916484853
A3P1EB052N9Y90,-0.018205988211096803,-0.008524082194433003,-0.0030008207694988656
A3P5BVEW2MOYOW,-0.01831876285595904,0.012697247482176549,-0.02119157553888478
A3P6UBW9N5LE02,-0.018252301457195023,-0.0014683280476320954,0.0025314595771359976
A3P7WNM0UHV4YQ,-0.017902347985761152,-0.007620290206746679,-0.0539438517275653
A3P8RIM4Q51PL8,-0.018275003113966435,0.0011784240570579339,0.0011399221082290926
A3P9D22KDEXVMN,-0.01826762004730394,-0.00027428829103336833,0.0014588089940144441
A3P9MYUEBPKSM6,-0.018293848009157374,0.0039271526363582054,0.0035670020759714593
A3PAAFCAKHNIWU,-0.018277250813653556,0.013110037525532183,-0.008531812697412317
A3PAJ9QTPY9Y4L,-0.01815408750072686,-0.04480353938452555,0.01762193627014701
A3PCTD8QM1BIXI,-0.01824842355602019,-0.005270158027274178,-0.012845853490414073
A3PD8BIJCWG3CC,-0.01833559120233825,0.028052035322956807,-0.012988407996442653
A3PGFD8XUNKZGS,-0.018287903365972247,0.004530913220638593,-0.009177417987232874
A3PHL18RYME2UB,-0.01833688049128575,0.009585915278303934,0.027599945602499946
A3PHTB9X7B11XL,-0.018171354772993937,0.0009961103840269174,0.0034829348643721243
A3PI6BQOHYGM5X,-0.018272490934316453,0.0009653784729980369,-0.005915645088140387
A3PIDQJQK13YMJ,-0.018229740516502772,0.0021483170575186316,0.003991532353485895
A3PN0J08MJ8SHC,-0.018371279827618946,0.008045054901393855,0.004481201200271138
A3PPRN1861IKT6,-0.018286429669513986,0.000730822546924477,-0.0057720990356995155
A3PPSZB0W5DZH6,-0.018243213202953766,-0.000492843652598214,-0.0016492504970933438
A3PPXVR5J6U2JD,-0.018188591583192325,-0.03360300363373881,-0.011930446044852785
A3PQ3K5RKNJYA1,-0.018227254485542077,-0.0051621351130714515,-0.012977600815564424
A3PRA7DAN3N3ZC,-0.018262778967034918,-0.008069616387729876,0.004937462108800135
A3PT1WF4F1TV3D,-0.0181053337367938,0.007207712317311719,-0.010294643874991913
A3PT6HRQCM1HE4,-0.018266160107764978,-0.0013935938882557735,0.00032519984422860106
A3PZ0H4BMZOFRT,-0.01822524366140247,-0.027675491741612848,0.005142433087429905
A3Q04XXGGED746,-0.018263846453349733,0.0007840997486858918,0.001225549881347847
A3Q1FVRV0CRYTH,-0.01834008109847746,-0.008132199332972755,0.015019347210918226
A3Q4M76VVC1SR2,-0.018283780809364544,-0.0016989732312028,0.0011729891655877242
A3Q4NULWZU3RI,-0.018256875226646978,-0.004002013321265663,0.0065771662706299245
A3Q4XAQXKKV6V,-0.018159814979496813,-0.027799299236715574,0.016363791302412084
A3Q7TA5KDPY5H6,-0.018227717265955692,-0.008932324887118705,0.010852192688903167
A3Q80KUKDAC922,-0.01829609613258527,0.009733216950186084,-0.008527586792847075
A3QAQUUPFIARWB,-0.01826057790929571,0.0004666564452821104,0.000800686650335254
A3QE2M2HTYQU2C,-0.018265807955608122,-0.0011044796340687613,0.00015031905760007317
A3QH6BEY6RYQR0,-0.01825685044398522,-0.01620729269428073,0.0008318756513990823
A3QJRRC3OBW1JS,-0.018302079981936597,0.014705197669590785,0.007194410480042992
A3QJU4FEN8PQSZ,-0.018085334010565585,-0.04393894646673025,-0.04116772821837065
A3QLAOOTFEHCJI,-0.018041821709905127,-0.06612916173241215,0.018615120203705423
A3QLZ79JF6R1A4,-0.01823664470507404,-0.0032305076601813944,-0.012289420271901294
A3QNQQKJTL76H0,-0.018258947354088947,0.0028160899820129544,-0.0011909645282454342
A3QU74B9N0830G,-0.018272385495561108,0.0025951689127278665,-0.007557069584084925
A3QVDK15HBBZ3W,-0.018199890305948246,-0.005241096014925622,0.013347476642972091
A3QWJ4VX8LWFSO,-0.018265435341548644,0.0015937320627927769,0.00368972319935663
A3QXT4RO4RBPCL,-0.01827275888565225,0.0004233485482286929,-0.008105554554858074
A3QZCA4LTTVGAD,-0.018287922026913074,-0.002167194086794425,0.009793933842512093
A3R1GJY2MY8041,-0.018268326627692687,0.0004861386304824873,-0.0016409301132086344
A3R2YB0WTTB0IJ,-0.018229973398777015,-0.00010159416731861047,-0.004481737118920482
A3R36DZQEWNVJ1,-0.018216721477802608,-0.007119980677961754,-0.026171532477081386
A3R5LVZCQUEU6A,-0.018281318034640708,7.701307033270535e-05,-0.0010909208303465315
A3R5YZRTQI4G65,-0.01828510758477038,-0.00014377087811079695,0.02064259894558082
A3R61O2YNXUU0T,-0.01829438526715598,0.009158738858183099,0.0045747262219785895
A3R6ST52EBN2FK,-0.018294220099655166,0.005676563423981869,0.022611914743730102
A3R7MXVQRGGIQ9,-0.01828334933047496,0.014385680086691643,-0.0007531418428488367
A3R8PXSFGY9MC2,-0.018260318233014102,-0.006627092034993103,-0.007606068566492594
A3R90OGE1EACZE,-0.018292824316016545,0.0010379367129911294,0.0062115100754665566
A3RAX2F4TYLLKP,-0.018310570155744835,0.025623305040231064,-0.02320848499450821
A3RB7JX2SPJOG1,-0.018255911893617846,-0.005952554415830511,0.01570352314175149
A3REYP3W0BLUNA,-0.018314948809244024,0.028239367918839377,-0.010398070948605845
A3RJ03OFKL2WYU,-0.018345562608697855,0.018904795287137597,0.007411526699486587
A3RJGRO0QAGERS,-0.018219186979236718,-0.0017254635314653422,-0.0034624225601449865
A3RMEU4GNP60BM,-0.01827240196452479,-0.0019276535195132379,-0.002675875147877629
A3RML7AM41FJ2,-0.018303283215454647,0.006938489855764991,-0.0017096466074626897
A3RNC9BGR4J1ZF,-0.018288826904128346,-0.0019419445854538774,0.0018943899662390178
A3RNP5X8ZGZIEI,-0.018253602842495116,0.0013149778375998661,-0.00014452751886603614
A3ROE64EVHDTTV,-0.018281292694852683,0.00617716247679277,0.010951689997626557
A3ROWYXBZ9W5EI,-0.018301049512248806,0.010381836493089446,0.0005853788854334017
A3ROZK0G84RGMZ,-0.018280204734752382,-0.0011499975828375725,0.006275296612648317
A3RPLCEFOTTVO6,-0.018332962406451547,0.04509476391598538,-0.0022041805803335005
A3RQ0VN4KUKH8G,-0.018313682930828808,0.006781550406725965,-0.006825212452011828
A3RQONX75VIIVA,-0.01830501251362025,0.021524313205388456,-0.013397917181245314
A3RSCUWHLNHHOK,-0.01827095897915395,0.0026537684810737697,0.0025215004566241286
A3RTBR3SF2BC8U,-0.01824120674828507,0.000378166265828009,0.0032972828568707366
A3RTG4U54DIKJQ,-0.018261356100672543,0.0013519906529955432,0.0004463259664216498
A3RTMB76CJWY9U,-0.01825851731732135,-0.00027074816671041394,-0.0007026223508336274
A3RUBIOZYJNY0D,-0.018264242566045655,-0.0003183641158559827,-0.00013683145977679657
A3RUKY53HEODK,-0.018285166198236884,0.007888820273086303,-0.004708360442518774
A3RURI0YCU92WK,-0.018347992173569423,0.04283937436539279,0.009180414615471436
A3RX54RU8R8OMH,-0.018238093961518712,0.001794107146364305,6.18553497981342e-05
A3S4SMTU1WJGRU,-0.018312766149048074,0.01768220147728429,0.023568245166192457
A3S58J9HNVKP32,-0.018229643822954562,-0.0021186560939927906,0.006939250734390596
A3S6DQ8LQ0RVVH,-0.018299736894223352,0.006391437514712347,-0.0029101375351756648
A3S7REHVBOSTLR,-0.018342709395541577,0.02453943148850226,-0.002919843469801013
A3S9887MZFNNH1,-0.01825394994875338,0.0010777062155724374,0.0012913993420275273
A3S98L5B1SR9P1,-0.018301723691016316,-0.011245796029885544,-0.01150763138600981
A3SA6OZQPI51UL,-0.018309415376377994,0.012603373449472604,-0.0011328958701813214
A3SB26W49Q0USW,-0.018269014926697306,-0.001414525213983338,-0.0002561710465230253
A3SBCDQ5AQLMKL,-0.018289924764252292,0.00392414910537382,0.00017916153347063307
A3SE85PZUVPZLU,-0.018269464899160433,0.007828666644451216,-0.005461044710652777
A3SFO2GSP5CVSM,-0.01812707380838977,0.004779192037738404,-0.03302816350260601
A3SGLVR09WCPP6,-0.018280682151006377,0.006959894745818136,-0.007496367906943235
A3SK5UBTV4H3C5,-0.018279719028291442,0.005532879339276429,-0.003069657769897471
A3SK6BFRXFQ9HA,-0.018305929830031625,0.018209284383124517,-0.021028881798264815
A3SM02Y7VRVCVV,-0.018280435062768947,0.013536436117573217,-0.006160000347228511
A3SNL7UJY7GWBI,-0.018220603845213876,0.0020345466985134237,-0.001118137568531596
A3SO2AGQXXL8LC,-0.018310027499894327,0.021066421636296257,0.0006045057390068441
A3SRSQWYWS7Z67,-0.018260926721173423,0.0024848037825521505,0.0002781435663464925
A3SS6VRWCTB7V,-0.018114757642115314,-0.07999921118352603,0.0601224247428996
A3STFVPM8NHJ7B,-0.01821200942490836,-0.006256151249146892,-0.021890833585368308
A3SV390XTKU2AZ,-0.018257519748641787,-0.0005028539508193905,0.004664200407388335
A3SYMLB8JSW5VD,-0.018260063636106164,-0.0015922664327985244,-0.0022671192619030055
A3SZ8584C7GNLU,-0.018279326509267488,0.009964190290247275,0.001264164512513816
A3SZLCAN60CZWT,-0.01828969164734216,0.00078754879296458,-0.0005596326455277515
A3T0OTH5072YRE,-0.018248217135429862,-0.0028589980569818066,-0.0031803557974518313
A3T11TPKHWDAM9,-0.018347697423647332,0.012177095486545093,0.011722736130936927
A3T1GOLZMYXSA8,-0.01822893283609829,-0.006542247015570152,0.007649150376628143
A3T4YO43IBJ7MC,-0.01831795257655652,0.009181067597713293,-0.007218682654102596
A3T5NSG7LMRY0A,-0.01824463239578576,0.002106709610490999,8.24863711664962e-05
A3T5WEYZM9U30C,-0.018286632112630694,0.017467448983629705,-0.013251631637282622
A3T6UQN45XHCEW,-0.018314673850537592,0.00811047260500163,-0.006618976508012326
A3T8G3FN3H3948,-0.018254817411347195,-0.0014040927191118844,-0.004701183722596402
A3TA1UJWRJF9NC,-0.018284900817295033,0.009692867641330578,0.014815614952880972
A3TAKA23TMYV7L,-0.01828947924783379,0.007514362652052348,0.02845668849149191
A3TD5ZIKOPE8BP,-0.018283812712450106,0.00012848197353116639,-0.003316145247382688
A3TIS263EUW4V7,-0.01827247884638695,0.0014096681314134294,-0.0004794968233912583
A3TISHGXRLMTTV,-0.018267043282527526,-0.00012001378843323473,0.0024984446578292774
A3TKLSDNUYGKFL,-0.018275886257516707,0.003112466070715216,-0.004022140487850204
A3TNM3C9ENUCFW,-0.018214930472651443,-0.006791855724895829,-0.013820608858123553
A3TPHG1RZTBEGT,-0.018309984498081175,0.020023684507623894,-0.0057783214611836576
A3TRZGMLHRE0XV,-0.018291032716671065,-0.003019544757864247,-0.003251755554462657
A3TSISFRUDG7M4,-0.018240777033611537,-0.010342249166391392,0.017268107123091705
A3TUZOJZM9008Y,-0.01827565427674526,-0.0009536949894439574,0.0014938648190173224
A3TY31K1VXAGSX,-0.018323476603560252,0.026460586184562256,0.036287088075783146
A3TYC8T6W81DDB,-0.018157289675759504,-0.047252671155625814,0.0012985512041883338
A3TYGS1LJ39QB,-0.01825391392883169,0.000611353641684751,0.012014113785711699
A3TZB9SXJCFMFJ,-0.018242887163799525,-0.0018587674073255677,0.002511784501515284
A3TZLMZVP5H5J4,-0.01819127419233805,-0.023510947622156355,0.013762963509706275
A3TZV5SXQ8F6ST,-0.01826321498347036,-0.0007578555497809573,-0.0008160754551400339
A3U0ER6TKM83C8,-0.01829586110293339,-0.0008312130539789354,-0.0009312757668900916
A3U30ZZFIO4178,-0.018288887052032608,0.008356503991937915,-0.00037275124789790717
A3U3BEZMH3F01Q,-0.018216609893115715,-0.006717044672716891,0.007462504608774236
A3U5JCXIXTGSLN,-0.018256392982904626,-0.0029593591008129135,-0.006609479961658977
A3U6JVBPROK8I6,-0.018305188416819128,0.022881213361824613,-0.0034040199281551256
A3U6UCZIWVT1D4,-0.018211095388665353,-0.005715714227269153,0.009359271660883997
A3U8J6HOIYKIFM,-0.01823469616633912,0.0010678146279802145,0.0010132591396059838
A3UA046AA3DXFD,-0.018258396327710483,9.48916070869594e-05,-0.0031952002689365276
A3UDYY6L2NH3JS,-0.018449938741486097,0.020448921060642666,0.03837095032023552
A3UEX9SBBICIJX,-0.018305893244257035,0.01942041743715828,-0.01255564252720461
A3UGILCWBKAR1H,-0.018191982664773284,-0.030163236231052794,0.032397391688992416
A3UGMWHO9PYRNU,-0.018283305567410355,0.008530821962160678,-0.006102924325135698
A3ULPB81JD4OGA,-0.018185911580818222,-0.027215518100159434,-0.03327471477835597
A3UPYGJKZ0XTU4,-0.018141665942407622,-0.028137072348474575,0.02897744603206078
A3USRUCHAOC3MT,-0.018302052815299022,0.005423042712943751,0.01160684743358475
A3USW46J1R317P,-0.018282631877648524,0.001047171891186152,-0.00036592363876726487
A3UT8282ZPMDIT,-0.018229547049841706,-0.003948484163243884,0.005436655580371106
A3UUGZRTBS81YN,-0.018232401713050815,-0.0012317858165126624,-0.007665515931530129
A3UVGHUDOY77YR,-0.018262178526883274,-0.0010546085044475528,0.00575478979387465
A3V0D97QKXDN5R,-0.018182224228119045,-0.0221803528223313,0.01719050111905391
A3V0NOZORAMPUW,-0.018244026940816883,0.003240198861074109,0.0008177535068945727
A3V1A3C9DTLPME,-0.01828171781944904,0.010165507625708252,-0.0008060273436667364
A3V1JHRWLS1YLT,-0.01830579084246112,0.015689399010709284,-0.00042984352678859155
A3V3YVNCXUCQ3Q,-0.018326126845703724,0.026426338663729107,-0.0020260199487860705
A3V43IU15LA3HA,-0.018214420807361038,-0.015097561706535468,-0.005721866799850276
A3V5DUZ5KXPGQA,-0.01825564370288631,-0.0015662028775675465,-0.003694337930188429
A3V61K0EF38GP4,-0.018334092638050473,0.01007899719435887,0.018461235358308205
A3V6Z4RCDGRC44,-0.01829898161541726,-0.0006562489586515775,0.004267790020033558
A3V9HAES7Y5EW4,-0.018352521411880453,0.051272914414521725,-0.023736892130936944
A3VBV0SY31K4VM,-0.018271633674318947,0.01837268079173307,0.003273248402781045
A3VDXQLTDEO6UP,-0.01830302894839716,0.024894106781109,-0.017011373039059335
A3VERKFQMZ69R4,-0.01826481974482866,0.0010503696968290073,-0.0025483140408255026
A3VFRG9YVQCUWO,-0.0182854065400561,0.002007329798130326,-0.0004385798314019248
A3VHUQ85RH0BC3,-0.018288816921197795,0.0017368833486026487,0.016338531983812733
A3VIOCJZ22JZXT,-0.0182892058332303,-0.002569822286836726,-0.0016124724668292074
A3VKSMT3N8TECH,-0.01824965892313591,0.0015288740603520308,-0.00035655407278725504
A3VLX5Z090RQ0V,-0.018241078475309088,-0.0024535538851128942,-0.00896404480799083
A3VO05LD5WSO9F,-0.018185845898434864,-0.02474502180185698,0.009043430949994043
A3VO0WDV1N3OSV,-0.01827372343829537,0.002309035187064375,0.0016866328665654103
A3VOQGQP69N299,-0.0182714986506204,-0.0016266132182545523,-0.0012341287479359917
A3VOR11ZV3E4YR,-0.018264931843967932,-0.0011512354907843552,0.0006655815712873365
A3VPMDCB18WWIE,-0.018290277511161985,0.0020164089436739674,-0.0034258060924281706
A3VPQLKGJO22OQ,-0.01819307143965387,-0.026719526912839187,0.023033647418089158
A3VQLTB724O77W,-0.01822588568114312,-0.008934977808130217,-0.005823768774431622
A3VQSFORKH8B7O,-0.018318181699877777,0.012719589391718772,0.04374120848154063
A3VVUETXYMRFZM,-0.018117124252096828,-0.06506720018773736,-0.02735567287731058
A3VW2V576DTJFH,-0.018240339700006013,-0.006595757589775883,0.010780827947308478
A3W13VVBRY5GL7,-0.018163416124231904,-0.0038723965446863114,-0.03043326636695193
A3W1JJGJHRPH4Y,-0.018201724705411253,-0.014095746796364014,-0.03809471809159231
A3W3LCVPTB133O,-0.018299389762233553,0.013536664397258912,0.006889230346868092
A3W4VE2L5G4HN6,-0.018196722171558717,0.00037778736170570237,-0.003095532783336795
A41I67QYRAOSQ,-0.01824357777049211,-0.0006339676673312237,0.002937452410363238
A41XDR2AM962G,-0.018243126855658702,-0.002002236578569429,0.0030425258819711744
A422TIGQH6GJ5,-0.017822843229595237,-0.11637186465434612,0.06213083380061434
A42DNERQ30666,-0.018285632483066444,7.287489639744166e-05,-0.002015750774315949
A42GFMF12V7XR,-0.018233005839113848,-0.011749388919078795,0.01151876808997492
A457S8SW690NM,-0.01823722610956645,-0.002956202239384708,-0.015631041779285898
A45KG7SRDS0ZI,-0.018322516444795066,0.023951377972300056,-0.01713019683766134
A461VTLW9G9YB,-0.01818044414210093,-0.007659206134327033,-0.03975223254456924
A471W6ANJU6W9,-0.01833367436487821,0.012925396481459737,0.014955696131036063
A48DNVYOHUYG1,-0.01820288489396729,-0.0003816372913343076,0.004817355341943792
A4D5MI11F41LY,-0.01830067484965118,0.019871109515818827,-0.007078023093003193
A4DXI79ISF2T1,-0.01818155415125319,-0.018713553698600692,0.018155467355674648
A4F8CJ1L4348V,-0.0182974874153122,0.004709374368928564,0.020016841449556743
A4FX5YCJA630V,-0.01825410026048115,-0.0031814658971012597,-0.0016248975282271583
A4GPHAI2LRIQI,-0.018232035676823088,-0.008102763215807652,0.004542984961211778
A4JHEO7H330AF,-0.01829443305279602,-0.0022345358415909178,0.0011787943504067253
A4PPZNQF1X2IY,-0.01817067258936103,-0.019498782591441555,-0.00980144437726603
A4SY5RCGC5CH9,-0.018239145305957365,-0.03282004311652899,0.011327084902379627
A4UDHNVRH5GR3,-0.01828186109549681,0.004077571814790128,-0.0021323336405187827
A4UKBG3M5U5TI,-0.018249242030385516,-0.0044382927629227865,-0.005712766850444738
A4YXKE5F62II8,-0.0182351950080061,0.002263236862642589,0.0059387162080393185
A51DWA4NM73FR,-0.01826780724929096,-0.0003424760533130419,-0.004813714879453788
A551XY0L7WQXU,-0.018300589810253558,0.009180380388992462,0.004495573020263095
A55DWAFXRTZXG,-0.018226348276829746,0.0009717981256758478,-0.005128060729594546
A567HBSX35U7X,-0.01829895909315186,0.02448194220119899,0.01678227482996184
A5A2QE6NECFR5,-0.01824033563347821,2.919114191286659e-05,-0.002953981466107166
A5A2URQBFARLT,-0.018294378694139725,0.0030991550916496754,0.0009899911524879378
A5AIEA4LXWJH3,-0.01825191527058522,0.010315834702497376,0.008907742797522418
A5DIAZ5GT3MC,-0.018198392203029712,-0.009203478277796905,-0.041364372727592115
A5DNUJI2V6XR0,-0.01820724493499757,-0.014262311963494978,0.009736520249223224
A5H8U0OA1J2QZ,-0.018244837536427104,-0.0013587874811973439,0.005995543661235373
A5IJSRZINII14,-0.018178054281929763,-0.014031865664435749,0.012657919628467946
A5IPEZBOFCV5Q,-0.018271472818531486,0.00936630060391,-0.007978637507039085
A5JLAU2ARJ0BO,-0.018161635363972792,-0.008441144335035997,-0.03482096347888475
A5K5WYVYBKQQU,-0.018288507388682828,0.00504027926935117,-0.0008543331541721631
A5KJVGJ43ZDC9,-0.018214513724963653,-0.001085724464292501,-0.017335464604109105
A5KKASK7J5YSQ,-0.018269656441663392,0.003656594808269189,0.0036836532639651517
A5KLP39OKXD5P,-0.01830254667155092,0.001343797325940274,0.013954147655058409
A5RBSN4NW6DGZ,-0.018194866560503044,-0.017673894627767844,0.01937363747590388
A5TZXWU8AALIC,-0.018058781828789686,-0.02650397998202125,-0.07346002120470854
A5UMUVEV1RUS9,-0.01827334818367969,-0.0024049766563162796,-0.00040301693595238907
A5UTPNPBS5YMZ,-0.018321266984599165,0.01559067077304003,-0.0016389118758312407
A5V1EF2BNERO9,-0.018278754102949907,0.0024722766073047645,0.004934241882805814
A5V22CUOYLCTA,-0.018305535524836682,0.008927986853493506,-0.0023169627411903063
A60D5HQFOTSOM,-0.01819904454649455,0.0016663478075625675,0.0028262746277896264
A60F2GOL7U5RO,-0.01828347147306888,0.0011356816164414115,-0.002892447452811155
A61J00KQPWV0K,-0.01829034180931308,0.0035549271587585326,6.626950358113954e-05
A67LMCVAH868U,-0.018254703711469603,-0.0014436269323532583,0.0014545591485750605
A68N0H9JX0QRE,-0.018254517796812114,0.01618613934779585,0.0017378821502512486
A6ADO7B6FUVN,-0.018229569886552176,-0.018701274136061347,-0.04598928233058045
A6BWGNPPFHSNL,-0.01826731387334516,0.007053041066488416,-0.0027062063431026653
A6D2M4JLBHDJ4,-0.0182806020807185,0.003841014749278365,0.003486499072054139
A6DOCZ10B7JAJ,-0.018245108070333894,-0.004894853975669173,-0.0034081295071698753
A6FIAB28IS79,-0.018256708786088607,0.0015359859449637283,0.003383417320504231
A6L7OGUBU4JFB,-0.01828890586667301,0.0023675049704078386,0.002369978347143914
A6N14MTMJRPJI,-0.01831463433357259,-0.00045673046154439805,0.016141768758144256
A6N70B0B6O8XE,-0.01821717512270767,-0.0091849516370706,0.009287581951247133
A6NTOTONJ35P3,-0.018202197597615127,-0.01750383674823302,0.02278311263029788
A6QGK1NOWS4LP,-0.01830623087629296,0.022610287085251764,-0.008411816064812871
A6T098A9B0GZC,-0.018232018680878086,0.0036028085123081814,0.008818585814465426
A6TDSL1XGSOY2,-0.01820709408638698,-0.020466826769200665,0.00860761101584111
A6TYHY7LOFTNW,-0.018266286054451818,-0.000511187522648853,-6.985499698325924e-05
A6VXZ1EEPRTLV,-0.018205100328940686,-0.0053701649990787696,-0.004465174354993731
A6WIURPB86RR9,-0.018299501238589626,0.012752191609777915,-0.005239105979243223
A6WZVL0SRQAPY,-0.018276732637328555,0.0028663025204554242,-0.004977754722541734
A6X6LNZO1C3EZ,-0.018212157082397016,-0.013742283890090261,0.009601503678738086
A6ZKAHCONUHX5,-0.0181937203860246,-0.02363310392991966,0.005953257330441542
A74MBG8PU1ZYK,-0.018316681194793304,0.012498123253421922,0.02311418827381659
A77SH4285YSLC,-0.01821795892718196,-0.010142409678607198,0.009133941714722942
A79795W58QDW6,-0.01825814845145788,-0.0024112190101252175,0.0017380537110037219
A7DAL9PK7F4M1,-0.018227109421044427,-0.03623833999691357,0.018539571273730987
A7EJERNB7IK3Z,-0.018280011681870875,-0.0042474032078318805,0.0016410168422447255
A7F1IA4BFSDEK,-0.01831421659185461,0.009282570258863532,0.004799477331695478
A7MMWVZSP31FJ,-0.018311205837274577,0.02451262126881903,-0.01111654301535874
A7MNE3YARYII1,-0.01813986812567869,-0.011434924729985129,0.03505684743367216
A7P9LPMSBAAME,-0.01827182390775945,-0.0023202373546770414,0.0012022436022444162
A7PBI5HADJYER,-0.018223432767251423,0.0005007651477931074,-0.01251536040606664
A7QZOJZX85TIR,-0.01829216577099123,0.00997496265521922,-0.015991227854184383
A7VOYAAV4QNP5,-0.01828601800718162,0.004802075722456302,-0.0046393834397349355
A7XGU8I66GV52,-0.018258935178269414,0.0007263682081686352,-0.0012270282831349352
A7Y6AVS576M03,-0.018405477079289388,0.02246299484722986,-0.03805694003115667
A81P47EIXM8HA,-0.018227513855502434,0.002342389754009153,0.0010699287203642996
A82LIVYSX6WZ9,-0.018148003220528452,-0.0241651478615259,-0.10082978114860251
A82R4WKX62LEK,-0.01820115049549219,-0.019165806074642997,0.013764711027018785
A84UFSF2SZS2W,-0.018149606236031825,0.007439009023144513,-0.017743052620679566
A89ZMPWJTT2EX,-0.018288822905283268,0.004456428469073976,0.004898558883013126
A8DI0COTCMRDV,-0.01829126379487669,-0.007140085127604566,0.01648970963904712
A8E1J9IDU18V9,-0.018213466875219776,-0.013960455684080192,0.014967697996249012
A8F2AZWB20X1H,-0.01823519660221514,-0.012792043691363506,-0.005968293884481775
A8G9GETA2OLMZ,-0.018221508997945796,-0.005559477065897799,-0.01382003826642465
A8GSG42HISSJF,-0.018261032484423557,0.0035382554341381344,-0.0014537736340049573
A8KV7KFETKGT1,-0.018261458410499653,0.00016317405870485714,0.0026676971039891768
A8LL0UL6IQRZP,-0.0181974770527485,-0.02519417196402474,0.010109872468292647
A8M0UYU8ZFJ42,-0.018304827890510075,0.019279682057725688,-0.00852862342437371
A8M4WE1MT4R4O,-0.018234242159900164,-0.0037018927587559912,-0.020284068486506913
A8PN1RSF23WQX,-0.018164667962530932,-0.042684498373593324,0.02491673060099691
A8S11VP9Z36D6,-0.018257419067995218,-0.00010549559851911458,-0.0031517538665108468
A8TFMX8D0EVS8,-0.018293429289302953,0.0150474238116315,-0.010898395668830886
A8VZ1VLL0NNQ6,-0.01832689626774399,0.027429477395654996,-0.011085278454265268
A8X8D4BUY5DFU,-0.018265713861382458,-0.0015857149799509737,0.0008958697592738093
A8Y5B4E1LG4G1,-0.018239144710784673,-0.002120303537221006,0.005528658744541597
A8Y5NVL1JGJD2,-0.018379628382885253,0.044755553703946946,0.0026995191287447814
A91BK8S5QH98K,-0.018255444593803318,0.0030059349936489553,0.002905147280837521
A94QJ3Z8G7936,-0.018273582407119255,0.0006873263728715151,0.0030280229720024204
A94Z0RZNQHAWS,-0.018297507099574763,0.02099431948615679,-0.0009747100266636051
A95KGQNI25IDN,-0.01826629787925378,0.006887094189055866,0.008336937198357257
A95NDPDWJV4NS,-0.018327869770268485,0.03305279055289514,-0.010855776036385349
A96JD9312DHWC,-0.01830628576756214,0.0025183191079283483,0.006342818913711665
A96K1ZGW56S2I,-0.018231216156746066,0.0056461528312086555,-0.008205771536459275
A971AEJ4T7QMU,-0.018258576056055548,-0.0014718976806518155,-0.0014015819625483464
A98M1UJWF8D92,-0.01821611441544213,-0.012998827571524837,0.014680454152778627
A98NK8N0GKFM2,-0.018254164911744725,0.0007140022911391921,-0.003365714372455502
A98R40JVMHHMO,-0.018257261590506873,0.0015896657393424153,0.0021178862623537015
A9BD7JH7VJS5A,-0.018270503492124533,0.0008409103270891106,0.008979971998263565
A9BN9L8T4JS59,-0.01815389711168513,-0.00588863900962934,-0.017883518755132718
A9DIYBDBJDOJ,-0.0182944900746044,0.00766852944801999,0.009397705914834699
A9FXMNZ20582W,-0.01827839297845602,0.009609432762650206,-0.015786284964400033
A9GFQR1VQSTI7,-0.018265974698686946,0.00018761953714138818,0.0002135171841560812
A9I40WFF40R4,-0.01829801409695422,-0.003191156181769588,0.0017598116725164978
A9L6L5H9BPEBO,-0.0182388361508586,-0.00825953023938483,0.0025791824316768776
A9LAPV8XNKZVZ,-0.018072821084983353,-0.045576053770866244,-0.041278319245020074
A9LD90OZASZ0N,-0.01827436996962453,0.0007237395653630242,-0.002563407060314146
A9LX66EQWDRQ5,-0.01823411145690432,-0.0014356113976129817,-0.000976122703065915
A9NCQGVV5W8N0,-0.01822366318204395,-0.010266839315490035,-0.004138401361092933
A9PRJA8LIZL9S,-0.01818114112241788,-0.021848700848497188,0.007838679974025512
A9PW5SK3GQPA4,-0.018302821055694533,0.017393014809330466,-0.002592065893605018
A9Q28YTLYREO7,-0.017961444868421893,-0.0032425634045899826,-0.06896227193340118
A9RNMO9MUSMTJ,-0.018172161435314676,-0.012237640763548158,-0.0008655393108074919
A9TG2NFA614S9,-0.01829440491651545,-0.0018222709994133463,-0.002680028951193551
A9WB5O25YGEHR,-0.018254023209085757,-0.0005646440853599692,0.005954130749223858
A9WFV9DEWY4S0,-0.01825805085209294,-0.0019037944926798324,0.004883122334007433
A9WHP5C59EMZZ,-0.018283687220195542,-0.0004985307477322025,-0.0032545933366923806
A9ZT45HWV8N9D,-0.018295713800402496,0.017609857792801067,-0.0010716760674558043
AA7JZ6KTMAR81,-0.01821565823103328,0.003803003497133263,0.0012538873772688119
AAA9VK0SBM22D,-0.018282175151833256,0.006476852554013456,0.008446618751411226
AAB2UG7X51G0D,-0.01828456348652424,0.0005601126263597727,0.0025560573058673016
AAC1G5QQYXTCT,-0.01823177613786081,-0.002309436847752329,0.006055505811317194
AACJUD2Y4DXWV,-0.018325141308495947,0.03452053628262404,-0.011087168663406475
AAD4JSCYZLMXZ,-0.01826375015891388,0.0009574082477991511,0.0034416779642026246
AAEP8YFERQ8FC,-0.01825093512404601,0.00015094463632363614,-0.0014641307575975614
AAPAAN2ONO5UP,-0.01826333120376293,0.009152847789353649,-0.008296759154556443
AAPT0IT4F8ABH,-0.018290010650237047,0.00275103908524919,-0.005511664170643842
AATS9Q7VJ4PFI,-0.01824076917858858,0.0011134407065998709,-0.0019171905457749227
AAU7CAQIN5BAE,-0.018170028620098082,-0.004138280632955106,-0.03217570092648546
AAUAOPPH3PBB2,-0.018253313720524366,0.0012170278258621114,0.0012059542484360204
AAW58LG72PG7I,-0.018250065568514735,-0.0038788755421407845,-0.0017904782983172909
AAXDQ45SRDKUJ,-0.018288378521183122,0.00020534366819508436,-0.004642155083609436
AAY64O191S6ZL,-0.018284807832544495,0.005821233803283273,-0.0012255971370385718
AAYE34TCTNV2R,-0.01823034759140081,-0.006825179231544141,-0.004120454735338839
AAZRWLML88IZK,-0.018100027904436544,-0.05676243019864742,-0.0052412612973101345
AB094YABX21WQ,-0.01826804054945505,0.0005599128015391901,-0.0028333669526643596
AB0GGIQBNB36Q,-0.018211245919186086,-0.01145818526917895,0.007571860528363771
AB0W9GTNGHSI3,-0.018244903717115256,-0.002134869825978334,-0.016576485212134805
AB1GXBDULF6Z,-0.018262207744983196,-0.005702570476221891,0.014997226099289402
AB1UMC7SB9D7Z,-0.018237267727380328,-9.806785856721298e-05,-0.00541438657773724
AB34G6VKP28L,-0.018229368183326516,-0.0033146249521713925,0.0013859534483529662
AB3I74FIW58XI,-0.018264308999217625,0.000688335894602391,0.0026636892608951656
AB3OI5A03FBNE,-0.01826108513910154,0.004731306892241136,-0.0019633249388921457
AB5M1SO1RUMP8,-0.018222470770199502,-0.0005222035323124552,0.006991992364173345
AB6AU0BL4XDDI,-0.018301786403777612,0.017153772862472515,-0.00038672380076554464
AB6QZWTQR54XU,-0.018286046769043055,-0.001616122216949183,0.005957694155629168
ABEEBPEUAWSW6,-0.01819730328539177,-0.025169377226756953,0.027104381752441405
ABGP4N5RGOHAT,-0.01826778664829409,0.00010331506121996377,-0.0041354120926780915
ABH4G7TVI6G2T,-0.018274916996430416,-0.0020573181890555865,-3.7646566198437546e-05
ABHW7QYH90ECT,-0.018362808032437585,0.034107520949354986,-0.014010108708013789
ABJLL66NMY9ZG,-0.018281059710072295,0.0021489999667020487,-0.005027930840808572
ABLBRUT8DALNN,-0.018051586999976228,-0.016385670386336808,0.016575743226521236
ABLOQZIL42W7I,-0.018243410767805297,-0.0004718985590450583,-0.002077941574040637
ABN5K7K1TM1QA,-0.018259590571989906,-0.001970528348268136,-0.0027514978024669634
ABO2ZI2Y5DQ9T,-0.017605250951760326,-0.20712206710655165,-0.024491136151742893
ABQUJ3Z6EP5GN,-0.018295308092201243,0.0009582210635590107,0.0012461257671838861
ABSX5TGEGRH76,-0.018294638974673802,-0.004398182621588296,0.004483074280097129
ABU4LUKJU2QOY,-0.01829468927114675,0.019723045041831398,-0.014093992941630856
ABUZT5MJQZZP3,-0.0182660381861505,-0.003067305261831104,-0.0058625322914716595
ABVC2GMDZ6FOI,-0.018268216965607067,0.0007363167238171299,0.0021284816436239478
ABVQ4VI0UHIK2,-0.01822704830592837,0.004475672665156037,0.005292252601936559
ABWHLZFEM5SZY,-0.018259712001790884,0.001075288201755112,0.002686671076347904
ABWTM7CZLTPXV,-0.018287343617108476,0.0037808516157678326,0.012693400306375455
AC0HPFQVBZVGY,-0.01827507148712371,-0.0007646999984587117,0.00098871113009734
AC1K4OQOZ90RS,-0.018276718762473818,0.0036141353414558056,-0.0010377296912855263
AC1U7PPQJKA9D,-0.01825023591634335,0.0005109279829514729,-0.0026898924640514285
AC1UOIA4ERNS4,-0.01826082425382598,0.005945035374095535,0.00028545514159533615
AC2UWL76NGUDD,-0.01823255987593858,0.002371131213887423,-0.00855309574658957
AC55O7UXZ200W,-0.018381117934135206,0.02919665910331917,-0.004014237325314981
AC5OIB26P6LK2,-0.018251394780707777,0.0034407593927361815,1.870730491453025e-05
AC8J9720ALDAT,-0.018306829163176018,0.010275012526309532,-0.005004197146673419
AC95L79HY5MDF,-0.018262200441269593,0.0011218376774830513,0.004044032454250834
ACBTOEVL2CTAQ,-0.018274872733513397,0.01063737079579274,0.0011943478030014489
ACEA95FQS1AVP,-0.018263363766848957,0.004578099029190835,0.009845300772421593
ACGZJB74QLDMA,-0.018277467716400438,0.0026114864389809853,0.007048167867127651
ACIBQ6BQ6AWEV,-0.018212710599931767,-0.0032280482485297075,-0.011197542397305197
ACJVGDN8G386P,-0.018269797652569655,-0.014435132070972646,-0.0014878242100947096
ACK9Q4NLXTKS8,-0.01829693640367934,0.017388071010058792,-0.010389493057069524
ACKDSX71VI5HY,-0.018260268927791597,0.00013792522780023322,0.0012755424103442735
ACMAUJEBY6GJF,-0.018186239680215953,-0.011388988957116588,-0.030538623283034864
ACMFU7RUEFKIX,-0.018169601403838585,-0.02095312985448903,-0.007039234258027494
ACO20QL72D1E6,-0.018283155028558984,-0.0038978812776207994,-0.001982342008588631
ACOO1NZKALM44,-0.018251446950671248,-0.0012815294699075822,-0.0013806514553839151
ACT1EPHFS9E7V,-0.018258390173159028,0.0011299211681067888,-0.0005627712277485742
ACTEAPEPGDV8G,-0.018229615250341658,-0.009461183154223325,-0.0012057851013037137
ACVFTS9X2MKJ8,-0.01813971508259777,-0.029946561768281827,-0.03693017300728319
ACWV7LVTO8MZ9,-0.01825965094385974,0.0010392505802885165,-0.0004541112859873415
AD0J5KK4WQXNS,-0.01819300691623278,-0.001632439243507777,-0.025231780942227333
AD0PJCYBU92LL,-0.01830931249809642,0.022159511813037006,-0.014459438182486616
AD2BIAIH78QI5,-0.01821688508472054,-0.0044605193327318495,-0.019788121679125685
AD39QGHGWAOPQ,-0.018260343638368527,-0.0007030464101137555,-0.0002672923284033341
AD50CYPEWH6NN,-0.01825951986169457,-0.0003412349226594779,-0.00032273912387716173
AD5JI9UN98JPH,-0.018288862424445766,-0.0009040309077552799,0.005733489577694572
AD6TAXGA0NZ57,-0.018259587772153817,0.001846827947351291,0.000622851088123951
AD715R3H0H7GJ,-0.018107587226109195,-0.01693806562408452,0.0015707745656890985
AD71YN0O07VQC,-0.018269076558098098,-0.002556076147057206,0.011750619695385078
AD81H63G30R01,-0.018279668890151257,0.007086915524759081,0.002023797598025748
AD8VUECIN6BMC,-0.018293883439189498,0.007358161602538662,-0.0032295061196722
AD9WTAOAFUZA4,-0.01826483143361778,-0.0027778531693108564,-0.004807721902397576
ADB8XCKNSDY5Z,-0.018254662805310462,-0.0013759329612038833,-0.0013101784181744145
ADCC3WHSZNW1R,-0.018250072958130453,-0.005695460866522497,-0.002173202793932465
ADD68RRL8H3B5,-0.01827766260515699,0.007888112570560974,-0.0024171889039252222
ADDBX5P9ME978,-0.01824866156278039,0.0008776450544797995,0.0007807615998426308
ADFL2CSMYH3GA,-0.018306164831602714,0.026140729439670645,-0.018122961326081835
ADJBUPS8SJHTC,-0.018279946848001907,0.0010327637326684694,0.0004193222809353775
ADKA2MJQQCMTO,-0.018182676940928497,-0.0074095173759761625,-0.03430581584603573
ADKKDZGDVEVWZ,-0.018274577540813845,0.004854207683738438,-0.0035988186613444863
ADLK6NNNB33TY,-0.018265019612607587,0.0064946534481250704,-0.0030319693158458506
ADNBUKNODH7OX,-0.01826887137240095,-0.0045422897856230455,0.004429070588942069
ADOLBUXJDEIZB,-0.018273120056338868,0.005853085748539106,-0.0018082909765665196
ADQ6T9J8OPN4D,-0.018349792942589593,0.03305662899939748,-0.022083692277603127
ADRFT7SYU1V69,-0.01826560138391455,0.009071955265500498,-0.009692928711194572
ADS5APY1NKTL4,-0.018296435153443914,-0.00394360992043655,0.0012557716694264322
ADWQPR0LJD4J,-0.018191325386612462,-0.005741867640744469,0.003672860347542563
ADWSD45P3NZGU,-0.018209361880354477,-0.018578700994439395,0.010107042571942957
ADYAK0FRP91KN,-0.018287158758094037,0.011677357265369082,-0.01042808738324552
ADYY6PI1PLEFC,-0.018225314617561394,-0.00826936307942373,0.00872583018760525
AE42JLYPXUI45,-0.01830444169373133,0.007020252333540159,0.026774329838408033
AE48173ASWFYI,-0.01831702172916726,0.0035732642309393116,-0.000704851169767137
AE4FX7DNAUQXS,-0.018295311256258544,0.01025645364071071,0.004457603828434922
AE4JNORCLW8F6,-0.01826282238406393,-0.0028449318667830583,-0.00014667944120124005
AE5GAOK1C4A2T,-0.018266393393643783,-0.001712015420487103,0.00397481487665393
AE9GUE3HHOX3U,-0.01819592342198332,-0.02695647470044782,-0.017182474471536438
AE9NP2WIYTMI9,-0.01826974248685783,-0.0005499600850518661,-0.002275039280568685
AE9V37MS6QY8D,-0.01824910594200212,-0.0015064793390949464,-0.009091515271880585
AEGHI86I3X9H0,-0.01821960317776909,-0.003577941067589546,0.011314048410984295
AEGR40GALMDJ4,-0.018273957139861206,-0.0033133600943215883,-0.0010376958632867857
AEGYKCHYY809X,-0.018200012195821166,-0.008307351681115262,0.012017347767029056
AEI82KMLXAQ0D,-0.018323326641944096,0.0173427977669727,-0.006265146645927483
AEL6AD2AL2UX8,-0.018283807903342518,0.00020872919076542318,-0.0013499826952537526
AEPW6G2LRS1X2,-0.01829514933206403,0.0044107192440799485,-0.005104185555182722
AEQFYOI6YJ83Z,-0.01830663407739175,-0.010755910874176147,-0.015064298409465797
AEQSPI1IHEG4O,-0.01826891977391682,-3.8471370514688054e-05,0.000178936169143164
AER15RIMV8E6D,-0.0183556701752262,0.03678184922006266,0.03341013381777158
AER2CRRW2U50Q,-0.018286670820781614,0.0047075609258884375,-0.0019088684250812998
AERLH695G6963,-0.018241730814723377,-0.002249568834954338,0.002329562292379178
AESWJXEYLTTR,-0.018261833635438564,0.00031397225403601947,-0.000295906119379792
AETU6WZAUMX53,-0.018190612558132646,-0.012780059286487042,-0.02202209434899281
AEYCKG5AOFHVH,-0.01830624313388417,0.005751562541986461,0.015326088316157595
AEYFNY8MVXBFS,-0.018278442582805525,0.0032231887959901172,0.004385444391807197
AEYGX6L1KJQX,-0.018242193304543887,-0.006720908431716507,0.006405180980085143
AEYT0S4O55M6E,-0.018246432668040703,-0.006914819428580386,0.004954650909357426
AEZ8WH06SEW6K,-0.018448371262803444,0.050186533151257005,0.03580258303629606
AF3X7J0XC391L,-0.018259180017838068,-0.00012171751374818324,-0.0014208537721309396
AF6JZSTIURXN,-0.018293958978935126,-0.002218191092154375,-0.0016097814485551605
AF82S1QAMDS4G,-0.01833283593043222,0.027563239477875406,-0.008718071683347052
AF8C86SGYLH81,-0.018303602708924335,0.0040333167872744135,0.0009724304162225792
AF8TYZ2XLVNQN,-0.01833408981999062,0.008801780726547605,0.01483207731799707
AFEN54UGJQOK9,-0.018291552268148506,-0.0010969255093602516,0.0028609004768111713
AFFVUZEGP1FDQ,-0.018240610429945302,-0.0008736933956548727,-0.00730377732188929
AFIIKJK6FEM9Y,-0.0183104762068121,0.028508598092928095,-0.014868817006208505
AFJFXN42RZ3G2,-0.018292441019263004,0.0039335932045085,0.0011181545129377876
AFLQGO7CJVK50,-0.018461236177506928,0.06474107288230399,0.0326646765548105
AFNEAHTMMMQM,-0.01828340381882078,-0.0020744573479182424,-0.0004865007390514472
AFOK05KDCHSHL,-0.01820383626916713,0.0012045442055923074,-0.012900293300831443
AFTVY8HD8513Q,-0.018211626667291782,-0.01365108954652427,0.020064802610394984
AFU8Q0K8UR1Z4,-0.018235357949257857,-0.0035725330867279804,0.0003315609505194545
AFUHVCBFHXB89,-0.018235986827648484,-0.003898763202846906,0.0023546192361887323
AFVI95TA0JM5X,-0.018218755538568,-0.007846432244349713,0.020415242537945924
AFVROUVTT63XM,-0.01825334354486149,0.0005401028266426857,0.0017248407829121883
AG0R008VC9JLQ,-0.018265320894277053,-0.004278269863369364,0.033331805877344224
AG0TA24LI0XV7,-0.018217586712857777,-0.002189434465331008,-0.008205235425416284
AG1MDK0TA0GUM,-0.018280484171955085,-0.00019458337782345505,0.0015129938193107597
AG2Z8SMS9DPE0,-0.018214876892429798,-0.008082415566557094,0.017532691481399177
AG5CL3UGUZPWS,-0.01827802608793139,0.00367362783775635,-0.0027900138813904776
AG8K92N37MT27,-0.018237491285826295,-0.0007709300032413607,0.0029029010319423345
AG8M7ICZ9MFU3,-0.018288779795223184,0.003022429097291,-0.0037893251947961476
AG8U6F6226GBZ,-0.01820610845859644,0.000711806415030501,-0.0016896534121718565
AGEIT17HENDIS,-0.01819672538445229,-0.0002657123607637239,0.000505656635404874
AGGGB72VA3VGG,-0.018279169527633567,-0.0009852158878316324,0.0021974202450071654
AGGNI1ADS1C3Y,-0.018324308174810806,0.03171008796620477,-0.02624130832107776
AGGPXI0SS9GUK,-0.018306994144483658,0.008884231264944704,0.009349421049934298
AGHJF2TEKY063,-0.018259906140170316,-0.0025269996864552527,-0.0009233255427514833
AGI3VJ0I04QO7,-0.01820633103680284,-0.005733391653481512,-0.023046088771062172
AGKPTMTR3UX1R,-0.018221311218573472,-0.012930720172967126,-0.01411851746959068
AGLHCU1KX96DZ,-0.018248862721513905,-0.003820205436004115,-0.0022923261015278034
AGNEQB0L6NJ1K,-0.018295919500020286,0.008431648361026348,-0.0003370133339963404
AGNOPNCN6FHB6,-0.018053217660955852,0.0031720748205403305,0.01057775547421746
AGQY11NLQJ2JL,-0.018262066680846487,-0.0004965627590364274,0.00194524350117407
AGRR05FH945HR,-0.018300302170273796,0.00015670909464806791,0.003767700986862641
AGU2ZGUBFCJTJ,-0.01822512786663124,0.0005449504589058675,-0.006365590160490527
AGVWTYW0ULXHT,-0.01822154415641866,-0.012425635549156175,-0.008484761051718174
AGW4PTW7LGE8F,-0.018220371429952295,-0.006568619738724419,0.013692496801765696
AGZVS6M8XJGN6,-0.018194002731685505,0.004014234730430522,-0.008178469659426556
AH1M9A3JTV7C3,-0.01825425135550095,-0.00491760812762365,0.012435430158690688
AH67MG5IY0IN6,-0.01830360972744363,0.010431426924610281,0.025237226275645286
AHABFECTNE15I,-0.018032247839966733,-0.002451876044878644,-0.05395484057047224
AHBNPMHDWZ7SB,-0.018265923169658332,0.001500150033948119,0.0034766900664299862
AHF97M45JFCB,-0.01821067399511221,-0.002596057763204592,0.006256441049990172
AHIK7BUXFRMT8,-0.018283725634172826,0.006360591732889043,-0.005476862031606972
AHL35XZ3OND2Z,-0.018213998246567022,-0.01457711951191578,0.007362415898509676
AHL98CA2CJHQF,-0.018194552265616334,0.0068015063272420205,0.005777996479529144
AHMXKO8DK85KH,-0.018254176259921203,0.002278549109640444,0.0025552956862352227
AHPCWHAKOVZXS,-0.018275618115593327,-0.0005988977006666104,-0.0022344112150916896
AHQBXGFFMBBC9,-0.018212585059149466,-0.02249195405773458,0.012802558021673627
AHQTCQF3Z47RD,-0.01827456958145456,-0.004614413045325756,0.008899982093947212
AHRQOLXJE4CBV,-0.018242188485215527,-0.001550207993072247,-0.004423738452250486
AHSF06670DDN8,-0.018224510682000133,-0.0073175671370552505,-0.002886392253090876
AHUT55E980RDR,-0.01829207769901693,0.004954068967323424,-0.009189213971268075
AHVQMPMXO0BRM,-0.01822127653333205,-0.00689733283815189,0.013378024203795035
AHZFHJ80AP04Z,-0.01824432658260427,-0.0003423456669920149,-0.004848412791518234
AI1IMWOZBQK0E,-0.018247284999523137,-0.0064839445198759055,0.004044105422036479
AI1Y40T5QZLNU,-0.01829808500478302,0.014585781885008482,0.005590076781067881
AI4Z7VK5SFV1C,-0.018277385230685016,0.0005793037018157956,0.00457796939778376
AI6FSRPE4H54Z,-0.01828880936733784,0.007526732791758047,-0.011404730692796695
AIBSC3DOO3UHR,-0.018206644374584576,-0.015172904121487566,-0.010294095426272834
AIFNOZKR9WTYI,-0.018170685454780428,-0.004294358075317739,-0.045386931417121884
AIFXFHO2N9WJB,-0.01825868878058456,0.0056160450147768656,0.008675869695368727
AIG9BO57K9359,-0.018270385665883206,0.004495949999264325,-0.0034256738330698446
AIIR8E34EDKCQ,-0.018273919649505966,0.000491533504740632,0.007374110111634286
AIJ8Q8B5SZPAF,-0.0182301937489099,-0.006534777765595769,0.00915146342020519
AIJQT0PTK109N,-0.018217144131041897,-0.007397159375964696,0.014713665752067763
AIK7I9BYWV9Q1,-0.01817521936549152,-0.03464340051153645,0.008641412499335628
AILBDL6ATVDCJ,-0.018292177932484513,0.005599192763246478,0.021055453067528155
AIMR915K4YCN,-0.01844600611060224,0.0010767564164032488,0.020256724053653058
AIO247KHD2O40,-0.018241730597067476,0.0045126253945479795,0.01346254158346158
AIPYDAUL9YUWB,-0.018261177595027215,0.005811018490794658,-0.0031172591552057695
AIRHRV3D8X4J1,-0.01828186478073491,0.005652680107402055,0.008380804407013744
AIRSZ0NG0X9LA,-0.018272081753941773,0.001991913336336852,0.000676534234074223
AISKBK50F6D9G,-0.018248196231900913,-0.011630206344277647,0.011552996633027437
AIV9MT2BIGX6Q,-0.01828426208353248,0.011170455697880955,-0.011060818900950318
AIVTZDMB297BG,-0.01825870397058509,0.0007992369414915953,-0.001276129433957389
AIXRIFT1NK6H4,-0.018279536651433965,0.010251944952461105,-0.005448080341269775
AIY4H4KWR2KWZ,-0.018232548663321115,-0.01860644855899765,0.006911611271081672
AIYEG9VA07EZS,-0.01826220337386255,0.003873616221327551,-0.009280281807250212
AIYSLCRQYOSLI,-0.01830192298286043,0.013240222853305797,0.0057398081844088475
AIZWM3J1HG027,-0.018324532113830182,0.02004019900358742,0.010782274407668295
AJ0FCUO24JKKJ,-0.01826759802857664,-0.0009659465961333854,-0.0008076629221260791
AJ10FJE5GG1JZ,-0.018266503556901296,0.0047148364959834176,0.009483820511523256
AJ1EAFVK9A6M4,-0.018197053311329724,-0.012652568351022679,0.005717965903698744
AJ33JM8L0QKWC,-0.01830673728227686,0.009288955173824595,-0.0005950606817683735
AJ67XK98LBPHF,-0.01824856417353572,0.0013617016894281583,0.001471666371856197
AJ7JE7FSQJGAL,-0.01828933335336836,0.012314594225346307,-0.005777322425851424
AJ8M6GVFGIRLS,-0.018307367100275546,0.01534756820472682,-0.003277933497727098
AJC7PEKZT4KFB,-0.018269549405661542,0.0007567044518244946,0.0006781820311184194
AJCNH5XSFG0CU,-0.01827627873638658,-0.0015503088699178958,0.0015862295301201272
AJD9EA658HCFW,-0.01824480096007391,-0.007409577838103776,-0.0026663885357893703
AJEJWJUBPGXR7,-0.018274498352321818,0.00013695160836036248,-0.003385475937244307
AJI52T0U3U19X,-0.018230022173718535,-0.01020221037079887,0.013231920230598151
AJKWF4W7QD4NS,-0.01818354161354714,-0.059045605017761446,-0.10010765982707986
AJLPNPDPR5HAB,-0.01827278971977543,0.0035891106336388037,0.0004867716791260755
AJLYAY1G5Z8GE,-0.018289518042880322,0.0050527982765473855,-0.004622555539832414
AJM37F8PBJXUX,-0.01827985007146438,0.002159747934785206,-0.006042874768415807
AJMO63REZRSVK,-0.018275609607124724,-0.0010788290536303884,-0.007434457166908186
AJMU8VVFKMZI4,-0.018239981155667793,-0.0010228279287721083,0.0013301993610050306
AJNIACIPB2I5P,-0.018295392023229023,0.007982189754342462,0.0049563705008486315
AJQTFDN0HDRMV,-0.018304349657078993,0.014029438704488606,-0.0028894026505927165
AJRFZ0VZ0LD26,-0.018243484482184023,-0.016238181264572125,-0.005404567686951922
AJTQS6KM9ZV5L,-0.0183021656146189,0.01588184271731816,0.007948132791336732
AJUEE2C2EJ0V3,-0.01823125549025443,-0.001676450307981009,-0.01228397485304617
AJUFIGATSP9AQ,-0.01833177277919,0.015859888056889742,0.02738184606467767
AJUT5IQDSDU6J,-0.01829866057016696,0.010129999127618741,0.004089501869666444
AJVFPC26GHXGF,-0.018271886286499284,0.012414592010795433,-0.006532337510554935
AJXPU0XOW4B2S,-0.018194938408647932,-0.024879386768628428,0.026807180748519135
AJY9RQA2EONCE,-0.01825056591677817,-1.6680444060708495e-05,0.0042618200065514126
AJZ05YTL63CQK,-0.018266317181896242,0.00063182001666818,0.00021290397971647496
AK0CENM3LUM28,-0.01821968439548977,-0.005301896561364804,-0.01798452763288518
AK0DGZWVCOXUY,-0.018222022197815744,-0.015616965363749163,0.015329884127561826
AK1OBVI54SY73,-0.018235865114979287,3.557868240023592e-05,-0.007545177923303737
AK2AQIULQDFS5,-0.018269069226368295,0.0035852323096996416,0.015015466944521143
AK61LQI92GTCH,-0.01821812344599226,0.002863040995519386,-0.003941159690608168
AK6O6N4OPBSNC,-0.018309153283250536,0.005280376335568134,0.0016546200874302398
AK7CAW3N1XZV6,-0.018260210585151065,4.9628828503337496e-05,0.0011703508306434422
AK7D1BHZOSOL1,-0.018267120344676428,-0.004683319996350569,-0.004732040607939661
AK884KK342T8L,-0.01826154697463507,0.00037715583995479344,-0.0017884888585266428
AKBRU20R5P51O,-0.01825982317517992,0.00040250651901653717,0.005602022473573652
AKD3NT9SO1VT6,-0.018309947418579345,0.016216694541080903,-0.0035047004828740107
AKHM9DWR9FOT9,-0.01821072349577962,-0.0072382333739772695,-9.111440025533354e-06
AKJ9MEE93DG5O,-0.018177746647916087,-0.035403727508766795,-0.015322761633590894
AKMEY1BSHSDG7,-0.018286170174476143,-0.0002121176610111973,0.003256391466742028
AKN9X08DTF849,-0.018176803453106818,-0.03489338099147238,0.037365157827544085
AKQCLDNF04AFR,-0.018262395714830026,0.0018779476264845353,0.0034124131381878375
AKR6UK8O6DM6X,-0.01821707422011866,-0.012651442977237994,0.008650984955868888
AKRYJH06IZYMK,-0.018287014439868424,0.006345217690086815,-0.005948949485598569
AKS9SJTHTU0OM,-0.018280566831883435,-0.0018518092424748037,-0.000513834263550849
AKTYKLTL32BMH,-0.01825661298909479,0.0024299339103289954,0.0007529831008168081
AKV2BGUT50B1X,-0.018286854286086146,-0.0026019144868126972,0.006682439609763403
AL1WBEKIEPUPE,-0.01826288902404086,-0.000811254629717958,-0.0027093490214736117
AL277B4AQCWBG,-0.018220542918626653,-0.00903513296108181,-0.03305168686881168
AL4MKKO24563R,-0.018228770401474144,0.000373371980730368,-0.009769975641789542
AL51TV7OIZJ4G,-0.018267123633203278,0.0028424642876526867,0.0015857909809162472
AL5OEDM8TPTKV,-0.018290073553735943,-0.0030172672176089284,0.001380668954472218
AL5P6IG4WZ57J,-0.018279695184592396,0.005467956906919332,0.008149012305493515
AL5TQX7VV6BJ5,-0.018257604196067437,0.0006335219785714665,-0.0009762119330857501
AL76ZXAYKV9YA,-0.018272322568140435,0.0027609606560001347,0.0023003547749068376
ALD1CRUBY1365,-0.0182458348099644,-0.00547135458146081,0.00016667840217964619
ALDOED9AP54DV,-0.018239213095881862,-0.002790669388533926,0.0031932860225764503
ALH5NL8EKK58Q,-0.01827884583881168,0.007245587920544155,-0.003608572541797846
ALIBRR4PLLLX2,-0.01825208033117389,-0.00758208716951506,0.02371957209435905
ALJGB7XHPFCR,-0.018267564162382878,-0.003152901353115312,-0.002414571466152685
ALJGJQ5QX1CK3,-0.01825187979292045,0.0025709852471997485,0.0018796627914784377
ALJLONJXLA3OQ,-0.018260642658321072,-0.005558147515247086,-0.00621668827301832
ALLIGF5OZM1I6,-0.018273287136170706,-0.0029954026133107033,-0.0050054819641258625
ALN0TTRTLHA4E,-0.018191344329151576,-0.001451164627860684,-0.025591724990907342
ALPVOGRMYOCT7,-0.01822129644776959,-0.008033272785232318,-2.2003326334656513e-06
ALR35EFI69S5R,-0.018287236396783688,-0.0011856413527388885,0.0061199464357754325
ALTNI5BAFUAQY,-0.018158598504525194,-0.029360038235335215,-0.030645146814153205
ALWB64XOXNMDP,-0.018348717832113157,0.021015192076778228,0.01935387035202391
AM09L0X6NO8L8,-0.0182880288111963,0.01201558940818626,0.0006771644556068433
AM0Q2JUS910ZQ,-0.018253448815177008,-0.0011670849848381144,0.006725480355478556
AM2PV53UX1JEQ,-0.018257390598606524,-0.008188606945629496,-0.01793762697960762
AM44WOBIJQP9M,-0.018271277404277676,0.002950249989557983,-0.0014630969399535957
AM4MMIYIOK7CN,-0.01831362569860217,0.002868063841694367,0.012479230524003454
AM5G0RHY51UJV,-0.018258941379831247,0.0011984091368293212,-0.0012156280204926645
AM7Q5M3W8CZMM,-0.018221456157721395,-0.011468899177269017,0.007610247790398803
AM9COTSUFH2LU,-0.01822672885069305,-0.004097355317302192,0.0008619197719822197
AM9JAZXCVWQWT,-0.01827381559499765,0.0025448576073651558,-0.006358078075867111
AMG2LF8MLUDN1,-0.01825216790309851,-0.004124697686640793,-0.006363533107061447
AMG88KV31ZIIO,-0.018037302551755306,-0.07300959076540335,0.1294624541175424
AMGGZCWY3VNZC,-0.01821376728343085,-0.01316835455014746,-0.009001459660537777
AMHLRPLTM9ICP,-0.018260584557184247,0.0014243933251889536,0.0014783057344082602
AMIGVTZZIWS6I,-0.01823102731637621,-0.007607698700752683,-0.007573505257477002
AMIOLJHCQHGBE,-0.018271754034001938,0.0022715713594735564,-0.009635643683121208
AMK5M14G3J6KR,-0.01825744892125467,0.000663162932971165,0.003096622802928659
AMKZHBOK7VMQR,-0.01826630256208751,-0.0009480868042979056,0.001540736256356278
AMM20XSJM32PA,-0.01828824224707504,0.008482956817660798,0.010815607995181489
AMMEMPM9MPS55,-0.018236767456819125,-0.00019608838978976353,-0.0049966510485924725
AMMNGUJK4HQJ5,-0.01830199859233772,0.014381139015831976,-0.00777746173405034
AMMRGJ5V3WP3H,-0.018260025589184926,0.003328932100577312,-0.0011119591843425538
AMNNPDX9MFEUD,-0.018203460061689353,-0.015967143137941724,-0.010386489289157762
AMP7TQRWAIE84,-0.01823613913146484,-0.0017710612140820468,-0.007529157266318987
AMPOTVVOT2X9Z,-0.018265562338605143,0.003011252848077952,0.00287556983954847
AMUQ066OXNH0P,-0.018275419367372245,-0.0035986120568600654,0.0016787455228424362
AMW1OYXWOGZGJ,-0.018323909609133666,0.00670031194277257,-0.0013689199814479584
AMWL7XIWIPXEZ,-0.018224426721644763,-0.0010213773491446713,0.003703867024858627
AMYMJ96STIRW,-0.01823013904357717,0.0023322224161117064,0.014047516253166154
AMYW43AHO16SS,-0.018241434897902125,-0.004530168522464017,-0.010176283168699209
AN08HFRHB54FB,-0.018275784086155614,0.003148725605796615,0.002057792783425902
AN2N97XEH04S2,-0.018272765288919055,-0.001085100190734029,-0.0029235444175151944
AN2W5U5RDCTL7,-0.018275714301650068,0.005609438990885181,-0.012992449470273495
AN2WDDRGJTSML,-0.01825866266294531,0.002882859344321742,-0.001313622943518565
AN8GALY0O06SZ,-0.018287536310042637,-0.0035891375812303686,-0.0010675544188800267
AN8M401S8Y6DA,-0.01826647597466896,0.0006833065305474683,0.004344040375041961
AN9J46667D80O,-0.018279736176532235,-0.0017459664700634682,-0.006963442775142976
ANADE9ADNNBJP,-0.018277080930065543,-0.0026031164715557688,-0.004632410702046005
ANAYSRE3LX8GZ,-0.01805248712822134,-0.06339057019450857,-0.07590042856812733
ANBEJO2TLASQX,-0.018296259338330397,0.018800167640951833,0.0030124470917592236
ANBQIWHO9JRFS,-0.018250612873861163,-0.003165755679216833,-0.007235171637160104
ANCJ0F675T25Z,-0.0182525955068279,-0.006886853248571131,0.011840886086141238
ANCOMAI0I7LVG,-0.017915446158159192,-0.1316445752034668,-0.20818911886419547
ANDGSI95Z077J,-0.018279891893925114,0.00383525977429269,-0.009147555634942593
ANDQ728IF31X3,-0.018230367418775782,-0.0004773933015011283,0.0016521368868627016
ANEDXRFDZDL18,-0.018214659292351568,-0.014310571202769845,-0.019752501772531805
ANGFDOSY7R38L,-0.01824435219805972,0.002159054214642352,0.000929105941618021
ANGH6401L9Y0T,-0.0181626706911943,0.024774413858832126,0.01261338576490028
ANGS3A242MPLP,-0.01818756615280307,-0.020565203136965856,0.025305754354609408
ANHTCXAG77MBM,-0.018362675277876533,0.03555209798318589,-0.013060020139540874
ANIMV3SPDD8SH,-0.018197224049886794,0.0002201971180957072,-0.020531225817733693
ANIQWW6NR8RLE,-0.01831463121424361,0.003965655626688786,0.009369191095400643
ANO91XX9GNSCQ,-0.0182642595672239,-0.002132415613992951,0.009564478345894458
ANOAF9M5MTJHN,-0.018244813684896288,-0.012860967613661766,0.009022304191078837
ANP0AC5FJISWH,-0.018256924018973556,0.0014010620114565564,0.0026055224043868594
ANPYWAMDON1CF,-0.01829568080039857,0.007514476928330922,-0.00877058622193461
ANSIJUQ6IQB9G,-0.018312612947559676,0.0029039192817005973,0.008244212438988048
ANYDQIA5YVBMM,-0.018286918437310954,0.0019098150837750588,-0.008736428830169852
ANYKKMEHB0ABA,-0.018286928871602933,0.007656502094130259,-0.0068164868227476106
ANZ7C7H704IZT,-0.01828189039274946,0.0017261412176454293,0.0009528030599497952
AO1Z0TQWCRGL4,-0.018324380201698947,0.002687762627513823,-0.00594497942566707
AO4J90YPX5RU6,-0.018227585861357393,-0.00118757379675263,-0.019156457452121113
AO4ZG16RR30OM,-0.018313085084839652,0.00600710872511518,0.00931146082341861
AOG975LXYLX3D,-0.018329018952669397,0.022492544574991665,0.005316011850715052
AOIK5Y70IZXY9,-0.01818538532587462,-0.02126116181226356,0.02304465992351874
AOK0LO4DK3ZJP,-0.018304580286102948,0.016206646158605103,-0.009005642473907248
AOMDGKZTVIE9P,-0.01825951721970382,0.0003370061461067212,-0.0009283017654671171
AOMPYFMZU7S1O,-0.018133263772443356,-0.0563693629826971,0.03265857607921044
AON2YU0JMNLZY,-0.018313102771246054,0.010906178061415969,0.007300871349327173
AONJH0HAQ1S48,-0.01826123306072692,0.003944828913281821,-0.0017506291461437408
AOPQ0KA1B7BFD,-0.018283831571216085,0.00114891178400296,0.0029828960555596524
AOVJYIUATQKR5,-0.018177631819495596,0.004379091774281495,-0.0008022876483885549
AOVU5A9GVXHFT,-0.018267815177944353,0.0009105240592251202,-0.0011043348939341266
AOWZQAE1TO0IA,-0.018127303321300428,-0.03931406582590893,0.01806826549520392
AOXL514GEE4AA,-0.018257445130428984,0.002488220745185334,0.008588074526735979
AOYTQFRLD8VLP,-0.01830276288937872,-0.00018399291870430185,0.006981444085709597
AOZGOFPVAUMTB,-0.01825837495110211,0.0005558387938061056,-0.0017133653587708241
AP1WE2DB14IL1,-0.018240192294852704,-0.015187758912032244,0.0005562125862081761
AP839YM0XJ664,-0.01825401291586333,0.0007289776576325883,0.00025926751693005365
AP9RVNCXHB3OB,-0.01827490488705237,-0.0021132590506944093,0.0011705094800490306
APBB297H3ZA5E,-0.0181304969022123,-0.01766850541206348,-0.006284916471692414
APC8ZBGJ0UVFV,-0.01829287888302113,0.009600105382450621,-0.01378229692714498
APF42S0MLC69D,-0.018253361116114447,0.006891202477640954,-0.001110339338614186
APNO6CZMHWOXZ,-0.018252039218527586,0.000902555440489786,0.0025508315867958393
APOGXH3A74CM3,-0.01828508240721388,-0.004626452966903905,-0.006980460337190708
APOUYO1BEPK22,-0.018254180816763554,-0.0004392690619923435,0.0009846573308948162
APP5MBH2BSX6I,-0.018247677728153743,-0.00095672089564201,-0.006251839703571721
APQ8N1UKS1RDC,-0.01826510924601327,-0.004720369366688987,-0.00598452231383401
APSWQV6DHA3DW,-0.018255957731401144,3.5735149345235115e-05,9.579949709346624e-05
APWDWABVDKN0P,-0.01829282000773699,-0.0003585057993000141,0.004304587124549517
APZ9MBMUKD2W,-0.01827081571089637,-0.0012693263914384156,-0.0006919843313366985
AQ01Q3070LT29,-0.018197692339195708,-0.013131818517159144,0.011422652477990835
AQ0EO10KTRJ4V,-0.018105690930725175,-0.03660404886192579,-0.02702196931940367
AQ6SV7LDSMGBE,-0.01823644163478226,-0.009810378239313558,0.0006169103132810761
AQ7AA5G9G224E,-0.018248495880031187,0.00032304174892561747,-0.0009309457417891168
AQ8DU6XVA3USJ,-0.018277430195269083,-0.0012361771780088127,0.004262840356566552
AQ8OO59DJFJNZ,-0.0183212100670528,0.015448178255708793,0.02254412658405015
AQ990HW13DP08,-0.01825404989938577,-0.0009432787587149241,0.0004439178578195984
AQBRMBQ99ESI7,-0.01823214260140844,0.002594119341515733,-0.00023938890077223094
AQC6ULHGZFWZK,-0.01826952725620324,-0.0006035859091779129,-0.002248697981973823
AQFS5PUUINYTA,-0.018265833499449116,0.0026797512587972082,-0.00028823934733089346
AQGM89HZ7981H,-0.018264809892624505,-0.001304968177608731,0.0009160170313887163
AQP1VPK16SVWM,-0.01818997273669937,-0.016000080879468546,0.0025983491234669027
AQSVTRAXNKQXI,-0.018299866496327838,0.0067059714532839015,-0.0087773104851299
AQTMS6U0VL6C5,-0.018256527085535986,0.0030212685724356966,0.0007258062542018066
AQUVTQFFXP4AC,-0.018192803263650685,-0.02184858882235697,-0.03444169107069899
AQXG8FJANG281,-0.018255442852647484,-0.0077527731298835945,0.00950641894236775
AQZCE5275HBZJ,-0.01830600056317442,0.006235465612948328,0.00813794173545507
AQZH7YTWQPOBE,-0.018188100708607314,-0.0347921788746304,0.027093075982812832
AQZNYJJMU2Y8X,-0.01822271934745591,-0.0014098043901820592,0.002327357962614856
AR0BHE8D3J5LD,-0.018322971165824556,0.015463856749398019,0.00807361025407337
AR1T36GLLAFFX,-0.01825675914177802,-0.0016312338743177484,0.0020244998870851223
AR2DE47VCY1C8,-0.01826344886501424,-0.001072247065073754,-0.0016325765093726005
AR2ZNBYLIUYQ6,-0.018202809494355737,-0.011062146862365632,-0.001933163167356709
AR37967IAR6ZT,-0.018252896164359943,-0.007591445965783614,-0.014694179626330493
AR7CVRJRHA5O7,-0.018293497779794603,0.005104009299863026,-0.002462530801393975
AR80XDZDR4RE9,-0.01827921436108162,0.005510894785878668,-0.003509609472455443
AR8JRW08OOEM6,-0.01828150188176989,0.013667826206685958,0.0190797435324288
ARA48345JZPZR,-0.018290700125412555,-0.0017044413471898386,-0.0029260788131685
ARBBT2T3Q3DNH,-0.018264231049634146,0.008205891655101294,-0.0037330468436020153
ARBRWSZH1CP70,-0.01829531005515065,0.011635353194824043,-0.012411977111042518
ARDNTJLKLIULD,-0.01826614238636079,-0.0017543394206341984,0.00087676892701241
ARFCORBCTKX1J,-0.018160026307171357,-0.023121589390582627,-0.01568384026924583
ARFPGL7OEATYH,-0.01819086007181007,-0.04188921841308727,0.026070159408753988
ARHBQ8UGA8UJE,-0.018299687682442955,0.007122535473532219,-0.008018077643843376
ARLGLS7NUCS44,-0.018365239132591842,0.030478012284749324,0.035404920620213685
ARNEUO7BF3J55,-0.018246231123086164,-0.0020418352799644545,-0.005598093995484766
ARPP0NYHJ0A9Q,-0.018226846250095775,0.0032228091331978044,0.0005143214935889956
ARXYVR1TPTY6P,-0.0182149373839934,-0.011052006173078823,-0.0009327097570017313
ARZQ0P65QPI65,-0.01828271322636784,0.011343463431268127,-0.011433070948275873
AS0Z0GZ3EKRFB,-0.018204514063032664,0.001869478956943427,0.012977524278495104
AS28WVBBZ3G99,-0.018261223217741006,0.0006696474447633354,-0.0003073935425015621
AS2J1Q4Y0ZM5A,-0.018233785914919625,0.0006606617486337607,-0.003176254617867245
AS2SJP1G389FE,-0.018299212571685288,0.003982156207313063,0.004504575386559143
AS558SNWF1DXG,-0.018219736819153436,-0.007392001110045456,-0.00732540495825487
AS6SH2JM2YY3H,-0.018218130043758784,-0.0032979792791677067,-0.007296019615639374
AS7BAIZ5KOHA4,-0.018284845865503132,0.0029948826361968356,-0.004359625961170482
AS7CWNEYCALMY,-0.01826262242930562,0.002813155507744272,0.007003870543768986
ASCR6RUWOU1F9,-0.018301554461605862,0.0023457986328411905,0.01838577110845069
ASEBX8TBYWQWA,-0.018277443972790224,-0.00044510080783308404,-0.00541100988070014
ASF2Z8OJR0TP3,-0.018046107173913372,-0.006267990053357288,0.014832601049616102
ASIA7V7CBSKD3,-0.018246870474212057,0.002632577164787018,0.005719877629977356
ASJ0ULDCBVYNE,-0.018310071406158156,0.021613750704792874,0.011383658851337096
ASJ89T42CIUHU,-0.0182638512461411,0.0007832852661697494,0.00362661845784985
ASJL7M1M9XFTX,-0.01827529590660337,-0.0007343962573849506,0.0010816925824172602
ASQ8KNNP3A7FP,-0.018189662047322912,-0.009534592991472563,0.008238905558888532
ASRB35ZZQZGB,-0.018313289895612223,0.005291517438745975,0.015434195591974523
AST8PY5VL069N,-0.01807967419532162,-0.08641236494753697,0.01370560599517883
ASXW7UQXGMNJL,-0.018236799331506078,-0.0002461716704445894,-0.002125888802714408
ASYKUKD5MW46V,-0.0182489918078113,0.000964348640923263,0.007685450277127468
AT07UZQQR7ZEH,-0.018278108168562093,0.00041909442511475786,0.006489548461980697
AT14CC9QK5BEO,-0.018272001671315354,0.00307544892385088,-0.009173758150159929
AT3NIL6Q0G44I,-0.018269102331457763,0.0016776645560496169,0.0013429533886203382
AT6CZDCP4TRGA,-0.01821771006426172,0.0015828572230122506,-0.006902196347147376
ATAIWJS7UAV4R,-0.01827881547623523,-0.0032854983305607957,0.00086411116578208
ATCNPH85QAOTR,-0.018274529934018954,-0.0031022980977675895,-0.0010893863988431995
ATD6WEHLDS2W1,-0.01829575036058122,0.01740737951513561,-0.002791245432942572
ATE5SA1VTJNP8,-0.018255247066225225,-0.0015614738691490972,0.001116824274125369
ATHTCOG6BB6WK,-0.01829031175390668,0.009006942574123381,-0.001682093702963796
ATISNKWYBTL0Z,-0.01822531472365231,-0.0017651259967729417,-0.0007660781369024257
ATJ22NADXNLD9,-0.01823578856951048,-0.015120674764388388,0.024236596298360964
ATK1PI2HWROER,-0.01825569754310995,-0.01563958706521341,0.009437196325975407
ATLPIKQ2QZZ73,-0.01826531900800983,0.00017157992103301422,0.002259023317692729
ATO37N3ISK12B,-0.018234815809869683,-0.010837324049462275,0.01152788867392357
ATOHBACMBJQQP,-0.018312394327150053,0.01076042690250625,0.010208881775248545
ATOSQVSOA3D8Q,-0.01824169228487909,0.0013988653637332993,-0.004916809600517328
ATOXHSD1DJUQI,-0.01830654509586625,0.004676786428132498,0.010921056035321565
ATR3ZQJJEBRIM,-0.018271318223599634,0.0027357684207511583,-0.002317780105238458
ATS1HA5M3EPZ4,-0.018247488725436738,0.0021216677824652647,0.002852355519567228
ATS7LYGLUX34L,-0.018265292449046743,0.0023612558455037417,0.012667968150102394
ATSFS4004URM7,-0.01825996150480738,-0.0008085451722647654,0.0002915908570260164
ATT44BYJLR56A,-0.018311842318325184,0.02390111112825778,-0.006891217942850849
ATVBRG0VSWU1A,-0.018213027152822373,-0.002590611413125834,0.004577309255594217
ATXL536YX71TR,-0.01825069618461659,-0.0011297853077366752,-0.0027081596093254875
ATXZA9T8CS1U6,-0.018346370798553058,0.038517839890526755,-0.03289688433962583
ATZ1LTONGHOP6,-0.018228636755677215,0.004037873267193701,0.0038354195465447475
AU25GMX57XBVO,-0.01822284161502388,-0.004965118681082511,-0.006161803079665155
AU3PO882GSVB,-0.018299230999750435,0.005414785775130204,-0.0075067233892111935
AU4C8YKQXU96T,-0.01818614795759787,-0.04536243956481035,0.03766649178092515
AU6FJZNUULV59,-0.018227960100127717,-0.014296547414178622,0.0006746065695339261
AU6NNPEF2A2UC,-0.018342219628101966,0.003248612689250924,0.01677364520598314
AUA15GOQSMBH0,-0.018261378576682606,-0.0001501356808114581,-0.0013770975122155088
AUAIE76LILNQQ,-0.01827148422776512,-0.001376997828739414,-0.0004064987424994144
AUBB7WK2JJJR5,-0.018294868529711798,0.009959720565353608,-0.0016981345872327165
AUCISQA1YXX86,-0.018154466350568683,-0.02184586285183172,-0.006296180288602525
AUDSM2CTLLW1Q,-0.018245710481943615,-0.004390051335180438,-0.009731626126718494
AUDXDMFM49NGY,-0.01829185239651402,0.008844779032122685,0.0096111577008471
AUEHG0DB54B7K,-0.018319071115097632,0.017295989666474876,0.011783944506477658
AUGABW5AS2OXM,-0.01833961968601143,0.0187275011825505,0.025271880965858456
AUHG8KSHI529U,-0.0182994272351934,-0.0013378015801615618,0.007847935006542649
AUK79PXTAOJP9,-0.018311376258668438,0.02104915859752931,-0.002380683492218868
AUM3YMZ0YRJE0,-0.018170224451181827,-0.023126760747959742,-0.03144813881306809
AUOFDVOZV0JKA,-0.018278687535486768,-0.0014287577368046539,0.000540691579469148
AUSLDE6RFBM2O,-0.018358549862028697,0.022219805299780303,0.015905948854153976
AUTBHG6070SL4,-0.01817180962230554,-0.034146199454024466,-0.016440886167429034
AUTUYKL8525WP,-0.01826414209966081,0.0059124378352273235,0.0012232592652927073
AUUH6Z8MSGGF,-0.018239154740324143,-0.0037377009936919265,-0.003719642892126218
AUWUHBDBD7B6D,-0.018116339199418012,-0.011141260326853385,0.005105236974749934
AUXUABCSVKL4E,-0.018294175077761203,0.008685906354223298,-0.005805585163787088
AV0K5U21ZWOK7,-0.018181284886405212,0.0036137315091686545,0.00890150404008021
AV1KYJXHOWPMD,-0.01819495727584234,-0.008150465112239097,-0.03395086246756184
AV3PA7P5P3G4Q,-0.018263815856551475,-0.0037653803927855064,-0.005393165592271376
AV5G37VFE5NVD,-0.018263926267932457,-0.0058883870733146175,0.0007478632621992196
AV5H2I9CHN8YI,-0.018208453774544824,-0.0028781265916819794,0.003994693615535194
AV6QDP8Q0ONK4,-0.018354056682841676,0.009270830660716524,-0.023857316558988068
AVCRD98TH48RN,-0.018228562744009757,-0.00830998226881492,-0.029285896092081827
AVF60NZ99H9D5,-0.018210183229907664,0.0027339613373923246,-0.0027032760431939355
AVKHYC2D7MD56,-0.01826967384733499,0.0012924644305878006,0.0014359338293757913
AVMCZ9X7WE7BB,-0.018307088000366838,0.01548755444887354,-0.015254375066342463
AVNVBCEAEW0YT,-0.018181161368633375,-0.00450219115848295,0.004445238605743996
AVOCNUFOXUCA6,-0.018207162543829085,-0.009559118914918853,-0.018540470692163632
AVOYFP00SUIRQ,-0.01829082452803659,0.006282627471452742,0.006869681179864832
AVPH7U905TW2E,-0.018370738920600545,0.034216549764483226,-0.0024413047442683397
AVT9Q9PTUCDMR,-0.01816951827068182,-0.014383327379301324,-0.004957219501815064
AVTLF1QPVZO5K,-0.01826780926369275,0.0005083577044072089,-0.0027097892521674334
AVUGVOCYKH5PE,-0.01827942607235202,0.008289071271328143,0.007760746921259396
AVWU1O6TH3SXG,-0.01823846318071797,-0.012062087702947557,-0.003334182907778703
AVX30YHHRC3UC,-0.018265167012341443,0.0006992729806234796,-0.00028361138287914247
AW003H7Z3OCHA,-0.018301199843580838,-0.0010827478797899998,0.009720015282324697
AW1493ZQTQ2ET,-0.018251865745242953,-0.003689515943028077,-0.0031638413563426565
AW1AELBVKBFTD,-0.018269995992983255,-0.0008631474618658653,0.005487615560805966
AW3FTPCBPVQNB,-0.018271007798457282,-0.0014138512634040048,0.0013693850645728645
AW3VZ5O895LRK,-0.01837572029687867,-0.014967136460322737,-0.019765866101614526
AW49JMBA62NY6,-0.01826348424417038,0.006346625422635857,-0.003790110783921617
AW4EHPFTNGSM8,-0.01825670759916306,0.0026818131281128774,0.0006282485875475042
AW4GZC67BC8A,-0.018305199167059243,0.019773521181291522,-0.011679812671056734
AW4MT9WP95TVD,-0.018160823877069122,-0.02441295692778175,-0.0355111201623775
AW5NMNDSD6FYG,-0.01821699181109188,-0.00019788818638493425,0.004160523148758054
AW8G5VS3T7IB3,-0.018275290166203592,0.006193662956254227,0.004081994807950043
AW99SBGWEXP0J,-0.018267254207789307,-0.0015029179953964884,0.0076462190836303675
AWBH12BXHPBZ7,-0.018302418727001987,0.011872402061067827,-0.011648820305753604
AWD6SR6I52C5C,-0.01837939333921235,0.040324178971217275,0.01034263974748345
AWEOR1WZSMBEZ,-0.018253221948180288,-0.0017989992323459228,-0.005779779678642596
AWF2S3UNW9UA0,-0.018309031042764465,0.01362183714959016,-0.0015962286250486802
AWG1LIHKVGMN4,-0.018296450254880896,0.01404306172925326,0.008203466790740343
AWG2O9C42XW5G,-0.019026679250757267,0.277429996552336,0.07505620082392017
AWKRTLXGSNRES,-0.018193694430690244,-0.020939226060530437,0.01128196973614708
AWL114AQ4UN1F,-0.01825899495110456,0.001843069709145239,-0.0011223006844979114
AWPODHOB4GFWL,-0.018276586741815353,-0.0006932362855275493,0.0007794942853017312
AWSYTZ2I2MW0V,-0.018269524324203024,-0.012886198051995479,0.00018368188583852647
AWU6S35EXAWWC,-0.018259338464948576,-0.001235024106010464,-0.002896151785939031
AWUUMER0F3WF4,-0.018331490156015033,-1.7711862550970675e-05,-0.009837992271413437
AWVFU6NCFSRV4,-0.018269143658211202,0.001279317254993022,-0.0004889481229097155
AWYITJ9IUMYKH,-0.018270281733235173,-0.000948254019715069,0.0006630564913583674
AX2QKKU8IAL94,-0.01822931181575441,-0.012381236431088344,0.02273730353253502
AX2SYEP3NT2RZ,-0.018256334505214276,-0.001483522065235322,-0.004668098596226871
AX4C8HLZ1K4FV,-0.018308583999461017,0.013818418429594439,0.005337013260127701
AX9HWSU7662AX,-0.018262949230102726,0.0013557225237569215,0.0013575701421627928
AX9J0U8J6XTCY,-0.01830901548099671,0.006016987406141489,0.03316385524615388
AXA4KBW67OD6Y,-0.018238743315173327,0.0011388507572107848,0.011594587976970334
AXFI7TAWD6H6X,-0.018275749967010944,-0.0020080419637873406,0.004567576387292856
AXO4PQU0XG3TG,-0.018182280947405708,-0.010206107634409508,-0.0032047990166512493
AXOX48S8K994V,-0.018258101992070362,0.0012772412609551834,-0.0012128971572528506
AXOZ5BWOEDL76,-0.018466823883852807,0.031695521700648405,0.011876393389740504
AXP8ULN4FULTS,-0.018320409537534655,0.02864094172190601,-0.015352230660353768
AXPAIEE0732A9,-0.018222637919436787,-0.011731917004365693,0.009453709726775658
AXQ8T2D9IT6UG,-0.018272835936816043,-0.0011751351724732188,0.0023253169062652864
AXSH6O4OP5L4M,-0.018260857358408822,0.00402042382551227,0.007273487063597687
AXU5QTMVWFQK2,-0.018291628226931037,0.000732860994468035,-0.004050156283688571
AXV9GS0TMSVW,-0.018265959981292823,-0.0040972955653659545,-0.00198069750171794
AXVIRD5FGUGVD,-0.018285156077993765,0.007311219254395471,-0.0030824924264770915
AXW6VKS3TSNZ3,-0.0182709571901898,0.010830677709380548,-0.004245761872040942
AXYEW4EJR2BIA,-0.01830007493556838,0.004598878007281975,-0.007503505540513257
AY01LZPPQ1JTQ,-0.01831237783702661,0.008182887010120371,-0.007672944705479858
AY12DBB0U420B,-0.0182670003572833,-0.006151569939581428,0.002083037241788124
AY18MTRVK3F5Z,-0.01830063011949823,0.01405607646207917,0.0010456887922463587
AY3EENC2BGTGK,-0.018268517991206337,0.004508772035159228,-0.0029166096640556786
AY3QKK2Q72O86,-0.018285217997583446,0.0015439819953398366,0.0019643447989818232
AY69ZK7G6CNYJ,-0.018307522705713713,-0.005533285617676473,0.0027386680081974693
AY8FI73B2HWXB,-0.01822673201933815,-0.011407301987900131,0.001383917954200957
AYB0IXBPBJ20A,-0.018119600925507857,-0.021667687692331752,0.031607161461139774
AYBL30P5NXNZ4,-0.018216484657728006,-0.014219438480588431,-0.010411142625587988
AYDY5HOK5DUF2,-0.018189831660309984,-0.013422386692766297,0.017859949670476556
AYGEKID3G7DPW,-0.0182504239520514,-0.002591241580344428,0.0018666144823722918
AYMZTWBG0V53W,-0.018171196117036836,-0.010939572641784757,0.011343006534507892
AYPCUQS6ARWFH,-0.0182339448624121,0.0022909223192801222,-0.00324079461823539
AYPQV9L9TM8X7,-0.01828813727780823,0.005474169740884518,-0.005869050401042759
AYQE7GG145J0,-0.018186931584181536,-0.03299278860465096,0.027008483574544394
AYQF4Z1EQDACU,-0.0182552947238015,0.002141062781853302,0.007058801280433683
AYQN1EPLKBA3F,-0.018273388571325804,-0.0009433351130955116,0.0018920494061283818
AYQPFHN4F0HD1,-0.018220212579286618,-0.0064993761077727545,-0.005501219423269053
AYTRIH0C5TT24,-0.018333070972039272,0.025305999298947078,-0.019130114724331876
AYVQMWDUSGL2C,-0.018239165671312296,-0.002481739491372827,0.0009723334683736318
AYWAY5MKLAITN,-0.018290386685344998,-0.0025713683617139597,0.006184355101208488
AYWSFRCIMOAYE,-0.01785358322546634,-0.12285101426660475,-0.16384312336825674
AYZ141IJXKU9W,-0.018277299892950245,0.0019748569479863362,-0.0006581016826982521
AYZLXLVMJGTJV,-0.018261735516972258,0.00042743199931058614,-0.002271707694900961
AYZV1PJP6NXPT,-0.018185134520331585,-0.006395847707787485,-0.013855805587081976
AZ1S8432KCTI7,-0.018237719279047788,-0.01354991028675464,0.0029440373986619923
AZ63RPBK0S2FA,-0.01827437011182403,0.011058614584667397,-0.00634603128486698
AZ6TN55CWXZMW,-0.018235607781549326,-0.010401718665026514,0.0013750544395863026
AZ78HT7H9DVJG,-0.018243823376728033,-0.00222948475766588,-0.007960548124114232
AZAEJB1ECT9HC,-0.018263951535490458,-0.0035053718374524704,0.006906469915029241
AZC562U18BK2S,-0.018241206383558584,-0.005073184926448613,0.004771549577644348
AZDH08P9ZMWKJ,-0.0182361556928497,-0.0017958979019846698,0.0026014804579737173
AZDVOFC2MTIM5,-0.018264395043288497,0.0002640296564543262,0.0034660867351498275
AZQ8EITRKV9GS,-0.018279504457853594,0.006714319968404883,0.0007249621497686543
AZSN1TO0JI87B,-0.01827971303694685,0.0018821406086380371,0.016033967230549003
