item-id,0,1,2
0005019281,-0.018207399095474922,-0.011322186217518841,-0.004424164179064192
0005119367,-0.021686179635674378,-0.014036680255405944,-0.005255965735717675
076780192X,-0.019704983801671096,-0.006068120506941959,0.011713262385980904
0767802799,-0.018587035859817636,-0.014312185386877917,0.0017314897541301172
0767803434,-0.018283556142337717,-8.2268380209261e-05,0.026113679860146854
0767805534,-0.018488171839585548,-0.004518568160774013,0.01664491437614111
0767805712,-0.01869590081320132,-0.008243710733555816,-0.011620402327246728
0767809254,-0.020423407521334473,-0.008275335131694962,0.009229901029524727
0767811089,-0.01940589890310145,-0.0124377145198889,-0.005777485310601627
0767815335,-0.017924082670682864,-0.0039462983120200695,0.011539537638836965
0767817664,-0.01945565848212915,-0.005850426482029765,0.0010516414811228508
0767824555,-0.020294552360866643,-0.012141285205087303,-0.0018761057539703647
0767824571,-0.019929584475376762,-0.012654783812657241,-0.008316695048459031
0767827759,-0.014096412118359665,0.006615406605348976,0.03870117389161177
0767830555,-0.019629809017075332,-0.012513820234930976,-0.0005748518389936284
0767834739,-0.015325877431974555,0.035799303195727154,0.08806024011563666
0767836359,-0.019439737019926538,-0.0073148631593297755,0.00041904441111598255
0767839129,-0.01429395498257011,-0.0053869384966427295,0.010739546913909402
0767853636,-0.01887878331147744,-0.004344948579410005,0.0013743827868141056
0780621832,-0.0201372359685342,-0.014597292401762605,-0.005522177357082461
0780622383,-0.020797489577518598,-0.010641583162392977,-0.00116710633710162
0780622537,-0.018188760998123082,-0.0009892148999109266,0.02339340513432251
0780623614,-0.018170848264369245,0.0006669719605899706,-0.0031237301004715464
078062582X,-0.015968480156601114,7.426449943904958e-05,0.020815358603119102
0780626702,-0.017444214501013976,9.444208404274412e-05,0.010010171461788139
0780635299,-0.017861601904849787,-0.0057877438233352235,0.018711638920324382
0782008372,-0.018501377602926684,8.844806612912348e-05,0.00991408975470865
0782010792,-0.021221259613623634,-0.014598166746548668,-0.0016578851885344515
0783112750,-0.01819966337602658,-0.012249284754169558,-0.0008842157932020954
0783116926,-0.01997449111381917,-0.01368758503181415,-0.0014242533338092674
0783217048,-0.020669747172512656,-0.00799923103153115,-0.0022297694062896403
0783225857,-0.021029301622336318,-0.016181631050817696,-0.005427062070484041
0783225911,-0.019222032337313944,-0.007696749356410497,0.003114533667049918
0783226853,-0.020743651282063808,-0.009535902241594769,-0.007802980345428439
078322687X,-0.019452569630876933,-0.008619205426430708,0.012242048618696166
0783226985,-0.01891573860954966,-0.00835936166593244,0.0028339719722066826
0783227272,-0.017697497122216476,-0.011023392808727946,0.013217405147145414
0783227361,-0.01752246214646765,0.000639494750634055,0.006847339587220968
078322947X,-0.019203118883873375,-0.010924597788402561,-0.000667754949053405
0783229569,-0.01700363036576508,-0.005688552257307345,0.014122605081253093
078322995X,-0.020263157820070335,-0.010878126304844814,0.004755537668440793
0783231032,-0.016183828108020257,-0.0030921582110100382,-0.001949056817468866
0783234287,-0.018915749393073302,-0.014441033413236689,-0.0020049774667601395
0783239408,-0.01837422017953104,-0.007534496609177471,0.01829143649522665
0783240473,-0.016613504372383535,-0.0002963704213977528,0.013374284804771604
0783241569,-0.018636642279987792,-0.012714768271116037,0.005500651087699369
0783243499,-0.01689861545341079,-0.005890685988604085,0.023043099390554413
0784010331,-0.018554669747983372,-0.008645801608685055,0.007516706246911119
0784011370,-0.01929126523566618,0.002921792437511363,0.00850923760784388
0784011648,-0.020076858479184737,-0.010302527754451623,0.00991563579608575
0784011680,-0.019969524639199238,-0.012887966912812672,-0.005799023165631648
0784013470,-0.0184261828913102,0.0012079631289697785,0.007142320729978286
0788802194,-0.020686325913013847,-0.011768477507719486,-0.0018002854969233408
0788812467,-0.01943393385878481,-0.011702532833198864,-0.004810608310514492
0788814664,-0.019036331953691157,-0.0038898014940628735,0.009043479704380134
0788821075,-0.019314777667434255,-0.0012848649849161824,0.02480002215237351
0788832182,-0.019789837526196622,-0.0032348195632039087,0.01321352200356106
0788832492,-0.02062747455445325,-0.013459038236639624,-0.0019498322000928402
0788857746,-0.016769225279778397,0.020753516956822416,0.05609895450365971
078885996X,-0.02023054999487979,-0.007234405331344917,-0.0009748316078638933
078887148X,-0.01897585878403561,0.0058772286415742486,0.011860640325984276
0790729342,-0.020228372548684367,-0.012359786037657673,-0.0019074525198337056
0790729377,-0.0200385182424281,-0.017065428629773408,-0.010399388617034967
079072961X,-0.020113592091817636,-0.010645129554946913,0.004000980129479252
0790729628,-0.01913020708284873,-0.011840977565548236,-0.010106814926770501
0790729644,-0.020506283087897953,-0.010437613131597662,-0.00036293473287428907
0790729687,-0.01898275301372046,-0.0010815003264482486,0.02694242400285568
0790729709,-0.018704766764085067,0.0006131616703724621,0.02602989233081283
0790729733,-0.01885544668484681,-0.004639739769991734,0.005381841961149077
0790729989,-0.019715057560941558,-0.010859201781494491,-0.009918919453977899
079073124X,-0.019041334672491493,-0.004127498864014619,0.02224258486261805
0790731517,-0.01975581994998041,-0.013139064190100658,-0.004278119210220925
0790732181,-0.020519391135271996,-0.017166005869669824,0.006890215225843991
0790732300,-0.020688905635868827,-0.013583850438149641,0.0010324783582142405
0790733226,-0.019466229681773695,-0.00211686045940054,0.014488021123796773
0790733919,-0.020462166680043865,-0.013686490427755249,-0.0004977827768580225
0790733927,-0.020817334883325524,-0.014042521242142466,-0.00021879160466537864
079073463X,-0.01900697893658662,-0.007942376680384998,0.004639115842121304
0790734966,-0.017368435114756907,-0.004744355746363286,0.007723821450331605
0790736527,-0.017620434379042076,0.0024573466919177076,0.023304378115054418
0790740281,-0.01837527268071675,-0.01054732151888474,-0.005597043685352585
0790740443,-0.01753047440026922,0.0052205342445400165,0.016615593990305325
0790743213,-0.02085459502911861,-0.016448720839190266,-0.0011955655795958346
0790743442,-0.021290880782148802,-0.014495274102997916,-0.004230460974178398
0790744236,-0.02023562089125927,-0.013183688005391577,-0.002245262708823025
079074676X,-0.020663540116282148,-0.015433506499554921,-0.007980463041567515
0790748193,-0.019139131759264957,-0.011018032121130547,0.0022211579034641465
0792102320,-0.019405965746698076,-0.009289448603141914,-0.003774013647884725
0792110188,-0.019769020341862488,-0.003324897189530604,0.014363263939017837
0792143817,-0.01948013002454988,-0.009282696890404134,0.007747847845122417
0792145496,-0.019407770535349422,-0.004335786409698411,-0.0014641865788028766
0792146433,-0.020657963062623685,-0.014291004125349787,-0.005579922828389168
0792151712,-0.019327576521128497,0.00541978720715491,0.0007156921324682704
0792153189,-0.018203463760116476,0.0014269572279806087,0.004745939685738343
0792157850,-0.017974787223353234,-0.0038338619745082953,0.010324860891885633
0792158202,-0.02045997496647168,-0.008455571890221975,-0.0012173206563263518
0792165039,-0.01834701972945475,-0.008372949657052955,0.010943451615780432
0792833201,-0.020237990715962273,-0.006658594628395354,0.011798114707455589
0792834976,-0.019425547428515443,-0.004400471019110945,0.01351939810795441
0792836685,-0.018540622755996633,-0.0063538340949102195,0.0012934471930882011
0792838955,-0.021353137724399205,-0.012584453156493317,-0.0022663885270254023
0792839072,-0.019246641258279226,-0.009009955303152373,-0.0011874932248116883
0792839129,-0.020012518654161104,-0.010635738807383001,0.003606179400386014
0792841409,-0.020263159242318595,-0.012131068985253724,-0.0005486119182522374
079284209X,-0.018571488141443483,-0.004440119972565018,0.015071510065254349
0792842111,-0.020158700009127367,-0.014078754284843176,0.010642856923110662
0792843991,-0.020047350796870443,-0.009688767087940761,0.0019358728504051857
0792844645,-0.020137216282791418,-0.015103920411485925,-0.009320738711808446
0792844718,-0.01930449065248286,-0.006978415944885493,-0.0005492320970126485
0792846133,-0.02046206528354725,-0.01659801870293595,-0.009878457620746765
0793906091,-0.018786521740028515,0.014812355590821637,0.05431057262813199
0800114051,-0.01914969164213206,-0.008083687793052468,0.006177826063949769
0800141660,-0.020488674477843104,-0.011769127236378019,-0.0078846182191623
0800141709,-0.020442442507839165,-0.015162242825619185,0.017602834697745925
0800177029,-0.018853713455532866,0.0013660772418816285,0.007730976883984791
1415723427,-0.020961755610292388,-0.013768177356571062,-0.005887366628611656
1424819210,-0.019693009205162315,-0.012004153801080261,-0.004188286441547674
1558908382,-0.018501111819086643,-0.01379468944146275,-0.00211591481900496
1559408758,-0.019525081304647595,-0.012483258312994586,-0.005114242197433103
1560689994,-0.015942172344863472,-0.0026841885481541,0.0014851646177045511
1562550888,-0.019648178186018033,-0.005434782209575721,3.3252270390132064e-06
1563452685,-0.014288856499131043,0.034130943903072336,0.07268850070598916
1572522232,-0.017620079052474612,-0.021810157165572233,0.012112919123827687
157362408X,-0.018609027426496276,-0.01498928046243232,0.00407015510768573
1573624101,-0.018224851866190227,-0.007234029787375992,0.002853379118601368
1582704708,-0.013215170020280506,-0.007967635639775365,-0.0017372639565425125
5554452574,-0.020556769229587716,-0.014156718406264281,-0.0008700584944181177
5554454828,-0.019927493738722785,-0.01173002694843071,-0.003450832409140064
6300147444,-0.017958990316607713,-0.010262227550440171,9.683117367354731e-05
6300181510,-0.01648349792013205,-0.003840807656525273,0.00405739241343959
6300181847,-0.01882938175207726,-0.006521453741216968,0.001621602397846995
6300181987,-0.020500262946686366,-0.012662118746951114,-0.005473608967720639
6300182304,-0.021074993297440774,-0.013500296664229056,-0.0017685933967689486
630018286X,-0.01751365176608805,-0.0037552640086411996,0.0010022223635138788
6300183513,-0.020410099220099724,-0.015133978222452795,-0.0016211314897269253
6300184250,-0.018043793583454527,-0.015139723125013918,0.006238541081070608
6300184269,-0.01873792869891053,-0.006228392925687637,0.0054073589759094445
6300185788,-0.017030460948871794,0.00950570959029792,0.0080515220181237
630018675X,-0.015279942784568696,-0.008935922807151607,1.304104537763731e-05
6300198731,-0.019682006142178167,-0.012351061358743675,-0.00423238248406511
6300213501,-0.01815756355078125,-0.008991985766384472,-0.0025059602171766306
6300213714,-0.018391198065153522,-0.003180741943301222,0.008187768507582828
6300213730,-0.01996957411326787,-0.00821050157093514,0.010168927005355669
6300213749,-0.019294046317269622,-0.00917104319070152,0.0017760050930674112
6300213781,-0.016863414274436807,0.013035926164762021,0.026852634970856562
6300213803,-0.02086697111955706,-0.01064511951183533,-0.003731916410123644
6300213900,-0.019586661377765626,-0.012150953589789577,-0.0012120855803117658
6300213986,-0.020668035961025764,-0.014079514977252796,-0.001306722892845209
6300214044,-0.020148942753037906,-0.016870256217256338,-0.00510451032850572
6300214052,-0.01867352843258962,-0.010233279946069023,0.002631568289190349
6300214087,-0.0159336572006419,0.026007405427065623,0.05768236195265845
6300214117,-0.02036104789014994,-0.01064044926074496,0.002310143819741915
6300214184,-0.017038604805523338,0.00015241754687372194,0.015393193158715875
6300214192,-0.01663501774688456,0.0024802267833496394,0.033304838315369754
6300214222,-0.02072952388640068,-0.01196803338108482,0.0026137941377939776
6300214265,-0.01564705569338152,-0.007245902221636683,0.0006721932821347729
6300214311,-0.01604700525382413,-0.001057838696106662,0.01549004314815124
6300214338,-0.020537805409940282,-0.009113430219754155,-0.002592956338963469
6300214346,-0.015217655462631267,-0.000564534503476825,0.014096995038805026
6300214508,-0.01862695311717958,-0.011295278540400527,-0.0025339520758134028
6300214567,-0.020220425478179017,-0.012579443728532931,0.0065889276675525086
6300214621,-0.018975506145213414,-0.007125888273405881,-1.7283495099288105e-05
6300214664,-0.01901128242719207,-0.004620559627806212,0.010407314041189757
6300214710,-0.017952780801223304,-0.004770300565669748,0.013104929015660492
6300215520,-0.018311131181956316,-0.012085587700944,-0.0021266580889952582
6300215555,-0.019350691210257672,-0.011795955937950162,-0.001574342904022579
6300215628,-0.01967574946716834,-0.012524323819695043,-0.0009987765015250858
6300215695,-0.020958689861769905,-0.014283008292962949,-0.006555356325423543
6300215881,-0.01720055772422945,-0.010967944419150085,-0.003960207257841447
6300215954,-0.019746713114357314,-0.014066655515094246,-0.003212128641939658
6300216047,-0.016092034102309697,-0.004405251126119782,0.002935498476951663
6300216179,-0.02015631237364869,-0.013195287385415963,-0.002404012295809012
6300216209,-0.017620224642411936,-0.004541042367881872,0.008217765880074524
6300216543,-0.020530659728266048,-0.008842382254425395,0.005580961944747112
6300216632,-0.018098901123957338,-0.01235370824108553,-0.003388532988419536
6300216721,-0.018749851112871446,-0.0025368231897284575,-0.0073063817000628166
6300216748,-0.01947167516997608,-0.005127808871342135,-0.008986692695379961
6300216977,-0.020317062700940268,-0.013647007024642516,-0.0066589209017789315
6300218031,-0.01904530931759698,-0.008750315461760982,0.004031957919762868
6300246795,-0.018572639367163406,-0.01207250997863031,-0.0016509285748926123
6300246817,-0.021279204428720656,-0.009840732743146435,0.006936521532154173
6300246876,-0.020137288146102696,-0.009884606227315487,-0.003674128834982799
6300247031,-0.020037559197772687,-0.011927792692369089,0.0066522343936870135
6300247090,-0.020530658391339603,-0.01356312759334008,0.0033484193646926667
6300247104,-0.019748452144852192,-0.009583602126879134,0.005328178642552726
6300247236,-0.020500402862779536,-0.006891062631273123,0.006903477889625251
6300247651,-0.019492244794762296,-0.009407027147130568,-0.0032114334757621654
6300247821,-0.019382138653435084,-0.01143127842613417,-0.0007972704209062894
6300248089,-0.018471373709563654,-0.00028019288766140626,0.007455498647472541
6300248097,-0.01744400822717507,-0.006589338664269899,-0.0016691232478831032
6300248100,-0.01915683137832184,-0.006832394404479165,-0.002787745653198838
6300248135,-0.019896139725731284,-0.011123766646326687,0.0025730618689831838
6300248291,-0.011653710601635305,0.039987286619347896,0.060660966733919054
6300248569,-0.01954222503527201,-0.01201187177731588,-0.006897665998863563
6300249964,-0.01879499473676156,-0.009027327699458165,0.014160532274351786
6300267830,-0.018472922641710323,0.0008839833808802849,0.004184621574714366
6300267962,-0.02063838870248676,-0.013373177646568066,-0.0036730718701100387
6300268683,-0.019785388049079828,-0.011005915010959322,0.003177798535808546
6300268748,-0.017530957910504328,-0.004908108540258902,0.008553342879632242
6300268799,-0.018439787031881035,-0.007305828886147611,0.001081648521620312
6300269477,-0.02059343550345203,-0.015177600014200593,-0.0024806524437733287
6300270130,-0.018989327722774,-0.006985010584448937,0.002540117257616268
6300270270,-0.019308885831563653,-0.00993030567841108,0.010021004994788418
6300270424,-0.018925321391834237,-0.010660053940999073,0.00010765083463254232
6300274195,-0.020773360602482402,-0.006204170383306195,-0.008350522522443294
6300274268,-0.020094875177815337,-0.008299880723076525,-0.003665187202494232
6300275310,-0.019200856603501727,-0.00435968159105136,0.0008009367106331552
6300988600,-0.02034520394279113,-0.01123538474913487,-0.003038730217447683
6300989003,-0.020254606020605904,0.00030694509389259426,0.010268139544045212
6301008944,-0.01989373180231462,-0.00695490403224068,0.005646535408068181
6301008960,-0.01938207395086018,-0.010295516250503093,-0.0012466640691292613
6301065573,-0.020248963558639962,-0.01311912945144347,-0.0021940228894570557
6301094352,-0.015379983027826902,0.007632749102343759,0.03218628953835902
6301095294,-0.01592590586209754,-0.0038419526470471425,0.00018702108376897903
6301106482,-0.01822099690931366,-0.01026563162876984,-0.01577638413868149
6301175239,-0.02076646652262814,-0.014200318296073024,-0.005317112289049976
630120798X,-0.01854214902973225,-0.010105955278889895,0.004825967026560526
6301217861,-0.019088400516463298,-0.010787970344830422,-4.255855863721659e-06
6301221486,-0.01931435849802386,-0.013427085023454246,0.0007381905349004037
630130053X,-0.017455146188368933,0.001686305079299013,0.03078902478657338
6301390725,-0.019455570287370764,-0.005507195700897827,-0.0017989868718460346
6301398912,-0.0196615215344062,-0.006776766625391308,0.007224086236987605
6301412761,-0.019399110490106765,-0.010546038210634498,0.0031931148327735337
630150528X,-0.020871531157019278,-0.010750682262160572,0.009432780752459775
6301528581,-0.01778322587291035,-0.01193040695406864,-0.003862393061572974
630156118X,-0.01838625762699864,-0.007181240551961568,0.0014427939871627668
6301562925,-0.015023399548926198,0.011550238560147096,0.027551829739607778
6301586026,-0.018892661627220916,-0.013159019837097965,-0.009544667955004377
6301590740,-0.01982275514009396,-0.01426410314302756,-0.009684639029690214
6301640594,-0.019210867825252224,-0.007400046803328221,0.0011489314785451757
6301643410,-0.01882172411724186,-0.0027599513728716876,0.006918492336333251
6301662954,-0.019822641828277768,-0.010746454881142807,-0.006824994572043076
6301666569,-0.018686132611142606,0.004545591540714829,0.010015048311929125
6301744136,-0.017800216757313393,0.002813187790845418,0.018684631621703165
6301759079,-0.019759627221284583,-0.013200322511652674,-0.004212177615903183
630176031X,-0.02064855991268343,-0.014246586634322461,-0.005398735816724904
6301767918,-0.020923966133272118,-0.012810988281247463,0.0023735800508676444
6301773551,-0.01876601173290375,0.01568759822686229,0.035094769695180675
6301773578,-0.018535685279640543,0.011655740513976573,0.02368949184180981
6301777387,-0.018888357354114687,-0.010534455216387408,-0.006749781075189378
6301788508,-0.01384430572068179,-0.008979169794863209,-0.0032856912869168396
630179513X,-0.01855762175280403,0.003103481310904359,0.008120544766137374
6301797949,-0.018821410757932987,-0.014676121865094626,-0.007874174571986322
6301797965,-0.021018255420117586,-0.012649385580914514,6.764525922694935e-05
6301797973,-0.01742876522317864,-0.007215851570902769,0.005091372029392918
630179799X,-0.01826241822784904,-0.012044779178171114,-0.004575344550379075
630179849X,-0.018446094307699026,-0.010636511559980338,-0.0028763075353948025
6301798562,-0.019914439352913486,-0.0062423279272536296,0.012941299781176214
6301798732,-0.019730942159498232,-0.013890516944488533,0.0019471968192763297
6301801709,-0.01815403952236071,-0.011200316352742889,-0.0014502383309626418
6301802322,-0.01838622244227508,-0.008187111710191503,-0.005722864972767097
6301805429,-0.02013717530416916,-0.013190250887397338,-0.004737212358332578
6301914090,-0.016865115636302528,-0.004315283125186653,0.012713781661123136
6301932420,-0.01889700869237568,-0.0056846409422205944,0.0025565913691596082
6301963660,-0.018060745939417328,-0.0029867390407815335,0.009943048190487455
6301963717,-0.019088642360791684,-0.013528409760465106,0.001571449409674698
6301963725,-0.01772406264993463,0.005728876145334629,0.01767883084080537
6301966554,-0.02031633540728046,-0.009609836058099843,-0.0015118883298477824
6301967275,-0.0182318657582739,-0.010968659733233485,-0.00413862551571121
6301969294,-0.017462856298472926,-0.012050608742277943,0.001537946347740268
6301969316,-0.01956360477959682,-0.0055918287620954615,-0.003940662220062236
6301969413,-0.019088423129482987,-0.00812853787191581,-0.005241726778100441
6301971175,-0.020120271935884174,-0.01250809101217626,-0.0017149208936437898
6301971345,-0.017131070263434554,0.009201345803549026,0.02866020340569347
6301971663,-0.017620277954919394,-0.004580266777645568,0.0027067208228752798
6301971809,-0.019026050138215053,-0.0076910863010871185,-0.004153154053355039
6301972279,-0.020263057320574797,-0.011291633571672446,-0.0069225005052630665
6301973232,-0.01929099968426551,-0.01576029051593775,-0.006652923848776689
6301973461,-0.020294576509797692,-0.011928459041952423,0.0013357754356475334
630197753X,-0.019983838949761804,-0.0101790500090472,0.005007596015618045
6301982746,-0.014751672840215422,-0.005135976735349689,0.009330506112172886
630200098X,-0.0159973643151324,-0.0016398755320567236,0.005309062963347292
6302010306,-0.01813517642150422,-0.002584685062478942,0.006130818437807253
630202028X,-0.01839916347421268,-0.0026747762532676822,0.008284563480703971
6302078164,-0.01665574596883984,-0.005840762740866264,-7.13446651551676e-05
6302091632,-0.019903058489380496,0.0064200774095820425,0.007909297256568273
6302098424,-0.018249392915538353,-0.011491747738890582,-0.002499061506368462
630211702X,-0.02015456785865298,-0.009307963893391637,0.0062477321257025245
6302158095,-0.019869451334852618,-0.010626646991485276,-0.001113387417760819
6302158176,-0.016670381310299527,-0.0021792937584006987,0.00920355334156754
6302168465,-0.02086887637802546,-0.012929286670837583,-0.0032756481219506934
6302206294,-0.01832527378374983,0.007190945952694109,0.022841266116894455
6302238331,-0.018905083546191685,-0.009255910334224078,0.007559182224025258
6302250277,-0.019302131823619402,-0.007578461788147527,-0.009535425376986697
6302254132,-0.02024216092621002,-0.011188836720517108,0.0009060889819950841
6302256615,-0.019478605329748405,-0.0048069642727994666,0.0009770494821254034
6302259096,-0.019622448671586138,-0.011223751142505364,0.002539777947524535
6302269431,-0.019822761256687797,-0.004111429289178297,-0.00014299891184628948
6302309506,-0.02029769300126913,-0.014657813211772812,-0.004315186251348178
6302320488,-0.02030440806012081,-0.013284257424822584,-0.008710527036732177
6302375770,-0.019594702593131025,-0.011336285130187918,-0.000939649696779546
6302380294,-0.018756945440706795,-0.008647489810147253,0.002275158605070246
6302409365,-0.019314416362926193,-0.00974130143867996,0.0014540440583692739
6302413435,-0.021097697983154688,-0.0157566707658951,-0.005567609498423277
6302413737,-0.01982263626982217,-0.012197056617899493,0.002719455072426
6302418828,-0.01930434779246192,-0.010462015928362906,-0.00354213396776154
630242335X,-0.01986584935248742,-0.005843848161204389,-0.005488507084609545
6302426200,-0.019480030521482755,-0.006493456929670249,-0.00030049374699485056
630243078X,-0.01876216048831806,-0.010936765328220297,-0.004612607341646933
6302450187,-0.019397741114175367,-0.001695799007972814,0.014919957624478303
6302470021,-0.015044484703864535,-0.00536460062018205,0.003653444422591697
6302481791,-0.02129086120798689,-0.013598043268135861,-0.005448712016584051
6302482712,-0.019822686332104617,-0.004001606046326053,-0.00022208873382358247
6302484367,-0.018870442119204446,-0.0071190097245322674,0.0009392819635023308
630248443X,-0.01846716514667387,-0.011197051774203019,-0.004456540052627889
6302485010,-0.016942468759298418,-0.006859920987683641,0.0022160705941035998
6302503795,-0.02122411520280996,-0.013877633151745712,-0.0049697024287682565
630251004X,-0.018989292875845998,-0.008138999534181119,0.004648790877202857
630251018X,-0.01776959394545117,-0.0015593078877123097,0.00591845303013575
6302541743,-0.02150683296370978,-0.014939218927265886,-0.0049064266812405884
6302548748,-0.020073661674376457,-0.00918634818141417,0.006468984504497352
6302637899,-0.019667635326376515,-0.012717260755773709,0.0016048338878016752
6302640504,-0.019446600880351304,-0.01627078735837691,-0.005810675082109158
630266232X,-0.020723743417790465,-0.015022633671236664,-0.0005497195649427981
6302662591,-0.019790858079753684,-0.0078501290326355,0.0028030812452415842
6302676711,-0.020067357190053606,-0.008831721035250801,-0.002632296248075779
6302681685,-0.01762020270774446,-0.005085832881262056,0.011726632829766786
6302685141,-0.019938666067930596,-0.012197006777437529,0.00236210386716361
6302712017,-0.0177696940672815,-0.0026598387795488477,0.021603932314560665
6302720419,-0.014727490658348424,-0.0006162952216195882,0.023175747888017722
6302728657,-0.01975154548953705,-0.010879687912271965,0.0020369240480178842
6302734924,-0.02030137337768929,-0.012311171789288573,-0.005041232720512014
6302768810,-0.019127396872977077,0.01820638583143283,-0.001329885791248287
6302787068,-0.020625543497876632,-0.005472485792814192,0.0035130143007441293
6302797535,-0.018427822783628155,-0.011497230529712252,-0.004670242758951098
6302800420,-0.02107633167094852,-0.013734197582606762,-0.0015683894733231195
6302872669,-0.018509581786629554,-0.009406560697342973,-0.003311107856208953
6302921384,-0.018441658080908037,-0.0015893266397403575,0.019216735917930574
6302946387,-0.018775805784408527,0.0018357638821188383,0.013207731053618268
6302969972,-0.019622409694374104,-0.00756997619560201,-0.00034139909358392684
6302990114,-0.019446625507400808,-0.011723756724537288,-0.0003261268307182484
6302990130,-0.01797533645112741,-0.010915743043250391,-0.002186152675694674
6302994063,-0.01952893052614622,-0.010786613207097262,0.002828335978992057
6303012140,-0.018912528205051085,0.0015974205890753172,0.012173512748509452
6303022901,-0.019746647042772982,-0.013591643732289818,-0.00435265702333608
6303022928,-0.019822639121697995,-0.008421462391022398,0.007714978675237649
6303027016,-0.02013748713328714,-0.006342025221353033,0.003973064147284843
6303039456,-0.020746265332793265,-0.009706991903307392,-0.004288107313834223
6303042503,-0.01965366845479351,0.02572901521922107,-0.039038665540722356
6303046436,-0.01966306818695779,-0.01024956782748435,-0.0018037294476034645
6303047564,-0.018547456792734687,-0.008919634088871142,-0.004241973781747875
6303049079,-0.01988960850791652,-0.0024798805890636896,0.007346173326281581
6303052630,-0.015217437192280863,-0.0036518415207708287,0.0010100868327457735
630305725X,-0.020193088543685414,-0.009119296219463256,0.0007956589541792669
6303057942,-0.01920144622081832,-0.009917801450345919,0.003972638466253782
6303058957,-0.020413517717198983,-0.0110325241705083,-0.003002961261137268
6303066720,-0.020211252314426078,-0.010662268143781704,-0.0022198707233342017
6303079709,-0.017772061257901487,-0.01332733681847721,-0.00168258601179407
6303082866,-0.020202296212987216,-0.011990975864573036,-0.005070774344394393
6303101178,-0.019121773287250617,-0.01259264633402752,-0.00282442310653232
630310245X,-0.017620101960486065,-0.009924678092472229,-0.007009352501138029
6303111920,-0.017868299575531817,0.0444852403156591,0.011528118207321764
6303118240,-0.02110739929511388,-0.011720238675196695,-0.006348716623915777
6303118259,-0.016776026550695062,-0.0097711487178478,0.00874262034169223
6303122647,-0.020813787532466373,-0.00909241822369539,0.002730305537798497
6303122876,-0.01926277501692627,-0.010442999186326279,0.002486307735550704
6303124798,-0.021038946082953064,-0.013337616723951312,-0.0005505575893722382
6303141978,-0.018904913568703358,-0.00937266755323738,0.0008785236023581157
6303142346,-0.02115115021374612,-0.006965757498800841,-0.003704317575487342
6303149200,-0.018327211316485487,-0.004000797886542956,-0.0050383308100141345
6303153348,-0.01934375145328277,-0.011311417102167466,-0.0035330441281040525
6303153461,-0.019002117057993748,-0.010217900525071604,0.0043555115706390025
6303162290,-0.01575128699777875,-0.00581700917448924,-0.00823671976173245
6303165680,-0.01813842069750496,-0.012940896709450237,0.01669781903649668
6303167314,-0.020612222694286444,-0.009822396440346213,-0.0016927461490156333
6303170498,-0.017379871850740858,-0.010547366196736142,-0.004721995382419661
6303192254,-0.01939639071306778,-0.010910244416048358,-0.0018852732725062541
6303194508,-0.018528721754098573,0.022383063588701416,0.01939389829489625
6303212263,-0.020524329160069743,-0.001738043119053655,0.009102893694013008
6303212379,-0.020274160581414995,-0.0030611693952923512,0.004884234313656713
6303212387,-0.019734538450927184,-0.009297017538298574,-5.6924065604280376e-05
6303212395,-0.019490841095755197,-0.008287570447338952,0.00045081824680050697
630321245X,-0.020058749201107968,-0.013838445515405069,0.003968119013239398
6303248942,-0.01720055772422945,-0.010967944419150085,-0.003960207257841447
6303257429,-0.018862612392056652,-0.01086308491045314,0.0063481177177149555
6303257844,-0.02009570710344999,-0.004096965564532298,0.00895534356602545
6303269826,-0.01781174608785327,-0.0029101700755869092,0.002569794511383848
6303269834,-0.01784625418250725,-0.0027560396870836053,0.013183438658044952
6303305520,-0.019467399069553255,-0.006637020342308384,-0.0032203703677561022
6303313345,-0.01930322943826171,-0.004068543365309454,0.016062211512865014
6303338690,-0.02002279004548082,-0.01047100935577767,-0.0024481002336174756
6303364438,-0.014530952909663258,-0.007155174065713513,-0.0005480664749960301
6303365752,-0.01886543305248128,0.006372122641165357,0.03486920387633744
6303382347,-0.014349752634378793,-0.00609535128083699,0.006117930504393102
630339406X,-0.020218017858352113,-0.012139977212453978,0.0013245130923282683
6303398375,-0.018556141264096788,-0.014643518688343588,-0.003094070026349298
6303398480,-0.01814912827015686,0.010961051040818265,0.039375029323016945
6303407188,-0.020474019284272192,-0.014682862364985073,-0.010026372548358486
6303422020,-0.016619061108594405,-0.003944021119642558,0.007949670355196956
6303430570,-0.018456741159010248,-0.013088375867702907,0.0033209392974513875
6303433782,-0.01878615644214166,-0.012053845465905386,0.0008059901343913706
6303442447,-0.020042936833730863,-0.004337521653314039,0.001620814959355413
6303450083,-0.01996330689999412,-0.007436790475086281,0.0021865638086717713
6303454038,-0.015052992431213505,0.036835340795049396,0.06326260593953634
6303464831,-0.0185989668935757,-0.01232063504274289,-0.00027182227098012686
6303467717,-0.019041092838498044,-0.010278021631457298,0.002247104098667337
6303471390,-0.01786120049593251,-0.006253304545244787,0.012553599856126838
6303471501,-0.01897185240419743,-0.003919014194012818,0.006267332644135809
630347151X,-0.01945553838699687,-0.009098793366628886,-0.0037445937887387567
6303471552,-0.015776213002467603,-0.0064516580422189955,0.0012249114919493983
630347327X,-0.020607521693858735,-0.01594507970943806,-0.004776546088199907
6303481345,-0.01935537928065827,-0.01146978013766259,-0.0014235399500520214
6303482295,-0.018024352883959312,-0.001280524404732503,-0.021887300723118525
6303494080,-0.01896075260694978,-0.010320069243063805,-0.0022336105945516163
6303507689,-0.01915689700875453,-0.007967916634686708,-0.001844449889524852
6303515304,-0.015158438033480288,-0.012141055285230818,-0.002890682719906664
6303521517,-0.020137174000150717,-0.013146387802164428,-0.004819411194246259
6303534422,-0.019455514306026572,-0.008169425213369438,0.004405990722608527
6303542352,-0.020373170125171567,-0.012479617441857773,-0.006516916598565181
630356027X,-0.018427245668852888,0.008348914737836622,-0.016373713972482433
6303574289,-0.019088531977221886,-0.0037812038512368275,-0.0014804859661717996
6303575358,-0.02042328761010545,-0.010479916658266513,-0.004890142263188327
6303579396,-0.01303459950333613,0.020630888706085097,0.04331236168809098
6303599109,-0.020143907923709486,-0.010769835190142994,-0.0008955237440747225
6303610811,-0.01947999029003761,-0.011320877804007735,-0.00678921083038047
6303617719,-0.01889904923747375,-0.01125097369034929,0.005398849910792365
6303625800,-0.02051709740856036,-0.012983387077344474,-0.004504034412907479
6303631851,-0.01932522640303471,-0.012472211219000598,-0.003908394318882915
6303637574,-0.01990426900054925,-0.00984750576720581,0.0022667180104995613
6303651453,-0.01943857029002466,-0.014588275298494031,-0.0006988216733602692
630365147X,-0.02001902480559434,-0.01025332542317676,-0.002620604486763015
6303651488,-0.019357398253002703,-0.008329201155457142,0.0019559755679366447
6303686745,-0.019607690338585924,-0.014401127153432296,-0.009223042513704451
630368680X,-0.02008173381086274,-0.00962652742151303,-0.0007213964953421358
6303686850,-0.01895499082638035,-0.010424718592655677,-0.0019658113253716537
6303696813,-0.019132384233842146,-0.005128431047677198,0.0029308105417941138
6303823351,-0.019525026425912403,-0.011002808898537402,0.003266260709139146
6303824358,-0.020373184219070885,-0.01232631875888918,-0.004949899431011081
6303824382,-0.018421214855964305,-0.00785183922576091,0.008455070853999559
6303853102,-0.01859092671928053,-0.010118715969404554,0.0129513245010007
6303890423,-0.016819205498202972,-0.009360814328373369,0.0011989340582696428
6303908306,-0.019361193394908077,-0.007477079137905805,0.013636881328087897
6303909949,-0.016534157568921563,0.00525050678878204,0.006608654933509769
6303920098,-0.015881456656101328,2.736349908552442e-05,0.010632654095426616
6303921248,-0.021063986613350693,-0.011790653803072702,-0.005551701858482648
6303929338,-0.02059345385710374,-0.01151899921976932,-0.004236147234243605
630394325X,-0.015911997408609,-0.010582147067726078,-0.004448441254651574
6303949436,-0.019494595763745556,-0.008773215835373023,-1.6984615551727197e-05
6303953344,-0.020791645685506836,-0.012210751661143332,-0.005965238935974724
6303954103,-0.01833871953281083,-0.008832363295679563,-0.0001125002345177159
6303957064,-0.01974394589106586,-0.013635994078957901,-0.004429292741752424
6303964745,-0.019114802368889107,-0.006413851543544478,0.018755760130958483
6303964788,-0.019114802368889107,-0.006413851543544478,0.018755760130958483
6303965415,-0.017715913503582464,-0.011181862220284569,-0.007283722979389662
6303972969,-0.01838095264217453,-0.006981017531853931,-0.0023306816789837445
6303984088,-0.019822680460953968,-0.006452099801145555,0.001690922205728806
6303990452,-0.017820396079490045,-0.0071967445466594206,0.00630213802993666
6304011431,-0.018721323130424433,-0.010224248025135996,0.0028378404825013894
6304017081,-0.018375235072810817,-0.012106722197454012,-0.001093758029379885
630402925X,-0.02100853252134036,-0.014657545684349942,-0.004048400277410897
6304030959,-0.019193579562112293,0.001956121880318526,0.007139410520291317
6304037279,-0.01619809187283605,0.0030855038118910035,-0.0003981550469396909
6304039255,-0.020834567966703625,-0.00799089412159142,-0.00491967453916045
6304039530,-0.018721464761643474,-0.008960528078429177,-0.004616018372895264
6304044836,-0.019298234400679907,-0.011659854468080176,0.0021296880591373433
6304054777,-0.01809648522475611,-0.006698291591762915,0.012773189451096782
6304056958,-0.020676643355027582,-0.01280481261704006,-0.0018959910227257088
6304068522,-0.017689189999088473,0.00410711292995012,0.006349078134738499
6304078102,-0.019193379651992113,-0.010306881002618798,0.00011453032613612499
6304078145,-0.01443036612601811,-0.0030447017697730248,0.00767117351622142
6304083777,-0.01887869962202927,-0.009476853098504743,-0.0050379412216871875
6304097050,-0.015084018844016353,0.0050868796555303564,-0.014185895683246257
6304100507,-0.019156853851292295,-0.0048247067175879186,-0.015890280090433806
6304107250,-0.019350719720861487,-0.007984297141374833,-0.006890449755469756
6304107641,-0.020205630714587444,-0.010350383303339688,-0.0029746443826270913
6304111231,-0.01952504145454513,-0.008357235646060451,0.007680962976587581
6304111258,-0.02143775591567132,-0.015542576321906056,-0.004893913738087653
6304111347,-0.01869466293881539,-0.012821757966824634,-0.0013090601456563899
6304113404,-0.01571809040859843,-0.006631207947939057,0.022617407071414363
6304119046,-0.019604141869376666,-0.015313964690008923,-0.004500067163637985
630413231X,-0.019507965203378105,-0.009000305498869817,-0.004896404660768626
6304132336,-0.02045183441597583,-0.01249425195155463,-0.004319783797451429
6304132344,-0.020319982637754634,-0.007739782283804053,-0.007546876945173778
6304132360,-0.02119916041850783,-0.009770563761928018,-0.007204110675152638
6304136242,-0.012956199602097282,0.011387134206509655,0.019664271028061148
6304153791,-0.020961756006830565,-0.013756064484027174,-0.005567052081747664
6304167660,-0.0162184758559989,-0.01087611877803082,-0.0021733852700180443
6304176287,-0.020256557053783306,-0.008924098113594547,0.005405039514520909
630417893X,-0.02061933032286909,-0.012520878531104339,0.0014302915578470999
6304196784,-0.018377303631080356,-0.016993516486334032,-0.00016099065054424414
6304196911,-0.01793488099845854,-0.007014179179149673,0.010625031154197512
6304198493,-0.019361193394908077,-0.007477079137905805,0.013636881328087897
630420065X,-0.01746310266932506,-0.001056446663030196,0.012368288117490658
6304209401,-0.020235528627503774,-0.011721598144944674,-0.005873482379954069
6304224621,-0.018060757143856652,-0.0005171769810007613,0.0020647735510198077
6304233639,-0.018540224950642913,0.019921886330751263,0.046180576886247784
6304233965,-0.014474170952787961,0.0177553854234201,0.033565145112804104
6304239149,-0.01822099690931366,-0.01026563162876984,-0.01577638413868149
6304240554,-0.01977778926272655,-0.014352143548535689,0.00046282225187167233
6304258984,-0.01912874911471091,0.008946484531126401,0.012235243011308605
6304259158,-0.017014539650978603,-0.0032322367453756634,0.011421312038556211
630426786X,-0.016827286882627496,-0.011264654360942157,0.008217902490322731
6304285388,-0.019622300637506147,-0.012837828470670054,-0.004840768138070336
6304285396,-0.02022830516560217,-0.01360465311133399,-0.005189152905214863
630428540X,-0.020317034646147373,-0.011833662651489737,-0.0008722131024892964
6304286325,-0.02015627168203608,-0.012567593816955307,-0.005595108977929867
6304286422,-0.02031986908405746,-0.01375336179454877,-0.00551798563055643
630428666X,-0.015953422646400314,-0.009471177083156316,0.008284246756299539
6304288433,-0.017265026098641594,0.0020712769538304933,0.012629512505307227
630428845X,-0.015254687991617595,0.005512982452391795,0.02718551725587147
6304297912,-0.018878774195573517,-0.011398003683367118,0.005400798003896468
6304298285,-0.019594823832627034,-0.0065331380099595965,0.0007634945771936297
6304308396,-0.02009423142874107,-0.01702476108855096,-0.01168438153963185
6304316267,-0.01840337173155426,-0.002106371281566211,0.0035912972606315717
6304328583,-0.017421619087077428,0.01111625378415987,0.036092478234241526
6304331851,-0.01869164505110505,-0.006757331500464849,0.007183992619994485
6304340486,-0.016819371911935225,-0.005585940048500012,0.014500918747368965
630434063X,-0.018547632698836938,-0.0013256876340190077,0.008976573040315464
6304342462,-0.01929827475880219,-0.012539337525176488,0.0007997852173480592
6304353634,-0.01943054274388997,-0.004081550755086589,0.006034774602034573
6304359721,-0.020318220998995894,-0.014155691058885176,-0.005222754978967691
6304361009,-0.018925280586878323,-0.01127781425204558,0.00034254563942150065
6304362498,-0.017305586037172173,-0.011031067079767174,-0.005136549265596812
6304383827,-0.01757431072855601,-0.0070548238657169,0.004085942805242188
630438386X,-0.021224120217865988,-0.013692410643870808,-0.00448012650602494
630438551X,-0.016702535323002057,-0.005344398132613472,-0.002488525572802028
6304386168,-0.017923809602557364,-0.012025576362437817,-0.0005701870013220489
6304397941,-0.020354210448997895,-0.014876710965082016,-0.007578421989450915
6304401132,-0.0204886485706581,-0.007348430004819987,0.004874082963214272
6304406096,-0.016561907633427186,1.7129483527136002e-05,0.012949308914702869
6304411448,-0.018742949476368537,-0.010259067857290582,0.002952208806579091
6304415346,-0.019594895639084474,-0.003084879976143098,-0.009736108714802348
6304416415,-0.01952504170272756,-0.007834776797786184,0.0017859013530169107
6304429703,-0.01953174578664068,-0.008733630112217703,-0.0013374564528175928
630442972X,-0.02003719007197131,-0.006386345420466311,-0.0014447039153643744
6304437234,-0.01898366716256036,-0.016843370610232233,-0.006405109015638863
6304438060,-0.01762028084696096,-0.00401342267090063,0.003917145947675671
6304457278,-0.01986126647100149,-0.009044261520586853,-0.0014306332842346624
6304457316,-0.020269183509257688,-0.013679320177230378,0.006992350600953879
6304457359,-0.01994278457005608,-0.012459178919096323,-0.008290031409354021
6304457391,-0.019492273787312737,-0.014231992436889385,-0.001158305814082742
6304458975,-0.018648202865244178,-0.003386657879473607,0.010365276956328351
6304481691,-0.020278365148902744,-0.011475330633934666,-0.004473152715391057
630448187X,-0.016243657827061418,0.0005201251954817794,0.014788218331538143
6304494378,-0.01762014487134607,-0.009863826273841251,-0.0030121446494710737
6304500831,-0.02069899778381501,-0.008778855310017418,0.00010817004165951398
6304504039,-0.018490986733202285,-0.0034517405042575416,0.02035186841074662
6304507348,-0.018446173162025136,-0.009980930583210488,0.0027781142196399242
6304535570,-0.018132475602803424,0.0005477011355601727,0.015056054943497422
6304561873,-0.020227139949495074,-0.012568054918984274,3.6575147989251815e-05
6304578482,-0.018372216072842507,-0.011175029919532729,0.0023942376874115947
6304602898,-0.019465116454987722,-0.005430955517030327,0.006243987541290023
6304613113,-0.01957247096781749,-0.0009795658481426613,-0.006310380493444613
6304618352,-0.01903018419810656,0.007028134770479159,0.03434087642535595
6304674228,-0.01818851377394051,-0.004634770964798131,0.011081085055753658
6304675348,-0.019272197496681166,-0.0020115152871325805,0.012297778592690411
6304679661,-0.01853792060678696,-0.013400287170197934,0.0010338287885376858
6304681372,-0.01863664267263248,-0.010364083039225168,-0.0011075285241699837
630468150X,-0.019485888890470815,-0.003663450383733097,0.008656987998097745
6304681526,-0.01824946354005914,-0.014548484229674016,-0.00482082864519731
6304698771,-0.020137279330931818,-0.0084851225362973,-0.0004319391234800068
6304744404,-0.015418013888776628,0.008087999559126837,0.02467014840156174
6304779607,-0.016819371911935225,-0.005585940048500012,0.014500918747368965
6304795254,-0.019027516345139415,0.0005670142863480501,0.01837215455839621
6304813759,-0.02063399854745116,-0.014064779818120961,-0.005014527186982666
6304819927,-0.017264827675680904,-0.013537197519481537,-0.000996830982435098
6304821522,-0.018806049627732538,-0.013518921221708242,-0.001041389740099111
630482615X,-0.019455536299329147,-0.012409884928645226,-0.005954727147527697
6304844948,-0.014788533342161599,0.0057682832055208945,0.02779000700110284
6304872402,-0.01807191572227405,-0.008689158571626363,0.0074923393008169085
6304891784,-0.018227671683224235,-0.009429856371581,-0.0011454029973764137
6304946805,-0.019235261152707038,-0.01032875191751583,-0.0034696077971768983
6304953747,-0.019281835073562605,-0.0063455107801073255,0.006265633301543061
6304961693,-0.02016154752865571,-0.014171255539019292,-0.0022853806901950756
630497342X,-0.016702442237314902,-0.008125551214743598,-0.0005053022539961199
6304978286,-0.01588498604847291,0.004930770588639794,0.004444650772103496
6304994540,-0.019202379086477202,-0.01308993189622963,0.012674746365645079
6304994567,-0.019202379086477202,-0.01308993189622963,0.012674746365645079
6305006598,-0.019693250355078098,-0.011459961072393878,-0.02361561580794538
6305013578,-0.02058865504757205,-0.013531499269804277,-0.005833912290323943
6305017271,-0.017207241253241603,-0.005424671608605825,0.0036861003764541976
6305034397,-0.019231772712237295,-0.013589742461846216,-0.002440410445163963
6305076154,-0.020556773439282347,-0.012301201989832462,-0.006456107094456984
6305077754,-0.019104038897342576,-0.003011464778677762,-0.002007434016274467
6305112878,-0.020247778679907104,-0.010633396550897335,0.0027334130706133113
6305128952,-0.020032432126406714,-0.009497476579440106,-0.003667689306212944
6305132143,-0.017045606200317014,-0.00944184253853392,0.00037028352025271483
6305132666,-0.019145128950363573,-0.007604746527869003,0.010257577838628944
6305161879,-0.018377303631080356,-0.016993516486334032,-0.00016099065054424414
6305168822,-0.0182075019505406,-0.009387610774052353,0.0076483122020743624
6305169187,-0.017291713874885865,0.02373115724014182,0.05860825631709534
6305171769,-0.01681526803502966,0.008043304107619722,0.029565705441752105
6305177473,-0.01944660575041945,-0.01039570428577892,-0.0030514328056946657
6305183023,-0.01925358454894295,-0.011000699706835274,0.003846173873133963
6305214522,-0.019741035143507953,-0.009429047368654676,-0.0032503819299674946
6305229449,-0.020307125504208653,-0.01244610251093342,-0.0018792466697548358
6305238065,-0.016696543102560028,-0.011049627913519149,0.0041700579478462585
6305240655,-0.017620194472098106,-0.01019442054864053,0.0075884200829585335
6305248869,-0.017564657823015167,-0.005136656173046433,0.018355550437357343
6305265496,-0.02057885644064619,-0.008130009670185897,-0.011310307879073115
6305297525,-0.017811890325117062,0.004491549088746208,0.004287235568845496
6305310351,-0.01827284715614368,-0.007006684164055571,0.007652638976815497
6305326940,-0.01966537571988586,-0.006043490304657949,0.0005190736236449755
630533580X,-0.01717084730975153,-0.00028965115214962356,0.01217229669127059
6305342741,-0.01541778708651032,0.0034265603479479733,-0.0010666310148168797
6305358591,-0.01939293717077845,-0.011992587282512186,0.010404556886807702
6305365121,-0.0160955499199266,0.010729586134077592,0.008832592640457413
6305368201,-0.018825961443088277,-0.00034538179581593455,0.006864817303133526
6305416192,-0.019248053558178584,-0.015708614163332715,-0.003825036640863158
6305416222,-0.020666063878415023,-0.01288792891216622,-0.0031923162866393487
6305417830,-0.01881578616386158,-0.011876471617436947,-0.0006797767746956631
6305426651,-0.0189641413866103,-0.011735659800901327,0.007838045606245101
6305428115,-0.019152410878343795,-0.004676450186370933,0.005397687213783622
6305428220,-0.017490802019889957,-0.001449959199484719,0.019746434560104772
6305428247,-0.020865818436877952,-0.013421651417554109,-0.003244845836571139
6305428255,-0.016975576105811845,-0.0029040432066702727,0.008393636898453218
630542845X,-0.018721323130424433,-0.010224248025135996,0.0028378404825013894
6305432317,-0.01822083724404314,-0.01133410243341608,0.0008290566357292111
6305438137,-0.017576255976276642,-3.6147619517625905e-05,-0.0011078106627763677
6305470448,-0.019333256479208423,-0.013835638991845749,0.0006974356450476842
6305475695,-0.014167577781953255,-0.0008693163745971535,0.004205530431737329
6305480869,-0.018588487506731508,-0.0037331464669129967,0.015257363203815788
6305492247,-0.018744829005191713,-0.010536455423872047,-0.0026408444012854977
6305499365,-0.019045973810350822,-0.012137875347775742,-6.347651971972555e-05
6305537798,-0.018627155121639115,-0.004297042220079129,0.02131600291831032
6305538972,-0.01709154960081348,-0.009967946961426472,0.0028851626762720455
6305568901,-0.015196105999802095,-0.010287417031818671,0.026982345652831266
6305574944,-0.017530325762495184,-0.009995544400051988,0.005710010620788289
630557605X,-0.016819194356586107,-0.009114988271915238,0.0021953114168042583
630560097X,-0.0180920376798375,-0.010914889367987363,-0.004223924217476641
6305609764,-0.018721762831290345,0.0035120453477094056,0.0013515733546749188
6305622825,-0.01794659329760388,-0.0013401425091860784,0.015117142196511548
6305627401,-0.019685048254201403,-0.010235712807622178,-0.01369406724174485
6305657939,-0.018042664920708103,-0.005490446922012804,0.01756688428449457
6305664110,-0.018439590610837282,-0.022442577531963822,-0.0036156978487941
6305678715,-0.017008391591049898,-0.007528756084415771,-0.0030442077276490276
6305692688,-0.017855271482542668,5.697979810467311e-05,0.019735074896369144
6305718903,-0.01663408172820886,-0.0011003096451656445,0.01904015749809674
630573240X,-0.01991754272475835,-0.004222839318892034,0.007494297319114692
6305741921,-0.017887070364109053,-0.008763157749592522,-0.0038526557511186737
630574999X,-0.01991754272475835,-0.004222839318892034,0.007494297319114692
6305781052,-0.018170843417347027,-0.0017010582585742415,0.019737504935344635
6305784906,-0.016402398915336944,0.0033210037302432733,0.03284256172841722
6305800073,-0.02018974612298204,-0.011453311522312042,0.003611359097667029
630580706X,-0.018135039943654126,-0.015371026192641213,-0.003738233940315373
6305810109,-0.01988207791294111,-0.013613966672923474,-0.005467560764880584
6305814694,-0.012550395808221,0.004475493876325641,0.026264027498160418
6305828075,-0.01775703801447762,0.07383517571102363,-0.04240325724920267
6305836663,-0.01757356798247343,0.014706485677687897,-0.015358525803830705
6305837325,-0.01941484805770556,-0.008277403428338527,-0.0003709441120159768
630587493X,-0.019555749637086225,-0.005393769536019779,0.009726080988985157
6305892806,-0.018078976710042494,-0.00601109602819516,0.0031803169893258494
6305892946,-0.01583090505536213,0.008767159165411055,0.007690012923941097
6305897786,-0.016387739711931963,-0.0011727488087373054,0.0028074374358309385
6305922640,-0.012236583294087475,0.010304113590946821,0.03053733951003371
6305949638,-0.01916790515323434,-0.008490384006916547,0.011115023013775947
6305958041,-0.01539250943840124,0.0029513745395898174,0.029153140996530876
630595805X,-0.017549239686804014,-0.00789951329097856,0.008812701577104131
6305962596,-0.020648475449533927,-0.013270757408390737,-0.004438363301812826
6305963088,-0.0154176208787632,-0.0063066777504789265,0.004564098997503482
6305971935,-0.018354302553868843,-0.006949428743212723,-0.003823753417303667
6306012400,-0.019717689829690126,-0.01022901626492512,0.0017225125478333731
7538445226,-0.018564010506607515,-0.012507424518047707,-0.004378555487541992
7799120991,-0.020337067602053286,0.019139337555823335,-0.014723876155499043
7799127775,-0.01943950606713031,-0.012277829501977472,-0.004703147339520463
7799128836,-0.02002876541135893,-0.0004070557816651976,0.0009521768840806685
779913027X,-0.019446722179997617,0.008357833464434179,-0.022626200955852816
7799133104,-0.019216817708695738,0.02846838570290332,-0.011089905552319179
7799144076,-0.018870525326460205,0.018364464363761098,-0.010891200796691671
7799145048,-0.019382033576248413,-0.013045677435336895,-0.004008969794839717
7799146915,-0.01818989797641961,0.034418559303081166,0.08730034544081909
7799146958,-0.017703393394622742,0.00018709114722012296,0.006816451892298834
7799437278,-0.02032329503498438,-0.0003715775075920552,0.014853611700885089
7799444371,-0.019958425138650194,0.02371945250471089,-0.02077913624693919
7880879625,-0.019458583504121368,0.013355970530212946,0.02038992747610926
7883631101,-0.018656617985398916,-0.015921224185427855,0.012196639741460348
7883666630,-0.017917558852703595,0.010123378743621066,0.053383257044811276
7883685635,-0.018954526875419368,0.021023979960362274,0.04045689838013114
788370091X,-0.020144047734270414,-0.005410250069718898,0.017847641646950938
7883704559,-0.021489982068464076,-0.00856430128538731,-0.004172782901525464
7883704591,-0.020579293601727566,-0.004769979915384635,0.021712148508103258
7883706837,-0.01982300630368541,-0.003032784261749621,0.013180338278492814
7884063387,-0.020361036682826315,-0.011106304957897982,0.006828828235705406
7885142523,-0.016662558266194616,-0.0015251961562124383,-0.0028726838321659104
8379891716,-0.017497841214545277,-0.002846940613058228,-0.0012387868114459128
985357456X,-0.01828757622130269,-0.002088166661771619,0.003337507795205015
B000003KDD,-0.01733608940601884,-0.0013744822810563548,0.00894870810016359
B000003KHS,-0.020789623658297784,-0.013375024662292621,-0.009436636247249997
B000003KMM,-0.0199275403610919,-0.010475723921754748,0.0019243991931829048
B0000040H2,-0.02031986908405746,-0.01375336179454877,-0.00551798563055643
B000005QH3,-0.018990543612090127,-0.010057449713211215,-0.0022988586821285325
B000005QHG,-0.01813843819784981,-0.011080417041919415,-0.004336147688381765
B000005QLO,-0.020175303896592122,-0.006134020574296811,0.0034945658299352735
B000005QSO,-0.020648475449533927,-0.013270757408390737,-0.004438363301812826
B000005XPV,-0.019355460420924155,-0.011970379036411835,0.0004731034287371598
B0000060X7,-0.011804365050411478,0.036323476823490526,0.05786399842326818
B0000063XU,-0.01676236203725243,0.01045311637484191,0.034328720334855144
B000006FKX,-0.019775814588433506,-0.015039555278383075,-0.005979701443848544
B000009S2E,-0.01595171845750539,0.0020486016832883215,-0.0037880779049939087
B00000F2UF,-0.015828359821032034,-0.00018837714218706932,0.0008554094531663194
B00000F3GI,-0.015836455526822127,0.028572730478064225,0.048501486313138484
B00000F4MO,-0.01762021155626069,-0.0055920091224775,0.004233518977452566
B00000F4ZY,-0.017486947889389516,0.005044907457280775,0.02068488603261643
B00000F5OT,-0.02030440806012081,-0.013284257424822584,-0.008710527036732177
B00000FYPB,-0.01864160211466699,-0.012461350894655832,-0.002705086589886637
B00000G3L0,-0.019011119142216162,-0.012220802813108401,-0.0048523908368394595
B00000G3PL,-0.020292959860097645,-0.005592099641894692,-0.017936673618332
B00000ILBK,-0.0160955499199266,0.010729586134077592,0.008832592640457413
B00000ILEA,-0.02078261442419402,-0.01244345341158352,-0.00157427666639827
B00000IRED,-0.01925358454894295,-0.011000699706835274,0.003846173873133963
B00000IXPF,-0.01959473858237694,-0.008849161226080298,-0.0023694026356510045
B00000JLWQ,-0.01824935880793799,-0.01208202678305211,-0.0011086134740624057
B00000JQUA,-0.019400827073762443,-0.010340708396919952,-0.005972964615056437
B00000K3AM,-0.020233999376550217,-0.010086842816725653,0.014031020957124912
B00001IVEC,-0.019702519532092875,-0.006880374548296707,0.0009462553602122723
B00001ZWTS,-0.01384483038557742,0.02477413356389621,0.04088273235545397
B000021Y6L,-0.020596410288000497,-0.011601578063680455,-0.005841901953838692
B000022TSH,-0.02065379641531569,-0.014657833288677792,-0.003181246638580363
B000028U3R,-0.02101321647863587,-0.009657490433307395,0.004548723633192376
B00002E23E,-0.018925321391834237,-0.010660053940999073,0.00010765083463254232
B00002E23H,-0.016669519397847027,0.012134816463539042,0.04965649865497442
B000035P86,-0.015162525055574642,0.001239704430547339,0.03611482197535641
B000035Z1M,-0.02012290292536491,-0.013158753548169245,-0.004133891722858612
B000035Z1R,-0.020047297897596107,-0.014269220321214266,-0.0037031292023559656
B00003CWPL,-0.017454975715583333,-0.011384265757141234,-0.006492186289588443
B00003CWT6,-0.019894339466001117,-0.0026117511219663644,0.033319904072540825
B00003CX44,-0.01612940882379603,0.008769987815440018,0.01932039469971702
B00003CX73,-0.017848150954298137,-0.0008515067028591113,0.015771564056604778
B00003CX8I,-0.01821574013682279,0.009837764974046093,0.02345747224242348
B00003CX9I,-0.018512319979030252,-0.01534008872062383,-0.016472593078839994
B00003CXBK,-0.02133169348922713,-0.012369880482183404,-0.003279638312580103
B00003CXD7,-0.015158438033480288,-0.012141055285230818,-0.002890682719906664
B00003CXDJ,-0.01853456859374237,-0.006876325496177208,-0.003022520030756257
B00003CXDR,-0.015638114941498145,0.006299725785486565,0.0226664380183207
B00003CXE6,-0.019471104097803334,-0.006362768315283513,0.018332152401396618
B00003CXFU,-0.019413047656968198,-0.007504610476945365,0.013933648182765723
B00003CXH1,-0.01679439536960362,-0.01439034848572982,0.005463595525777452
B00003CXHJ,-0.018149004189280706,0.005927909580109802,0.04446778402730149
B00003CXI6,-0.017241604097419618,0.008497599671603257,0.04553957257309145
B00003CXIF,-0.018531623408004034,-0.0065176727368064765,0.014389863296051398
B00003CXIU,-0.011167882655143636,0.00523897250792807,0.03012064572508321
B00003CXJ4,-0.019724066150163914,-0.009033666298598102,0.005090033248110008
B00003CXKA,-0.013861667174369072,0.023644272269174104,0.048027459808773605
B00003CXKJ,-0.01733615444764537,-0.0015286577989805231,0.01869151480801621
B00003CXKT,-0.01573615356667601,0.03176525204010322,0.05931395711842531
B00003CXL6,-0.013215160263092406,-0.004379577843674118,0.003360789973898061
B00003CXLS,-0.0185918158097806,-0.006488414484786063,-0.003731166795948851
B00003CXMG,-0.019587280498076398,-0.02993042162960878,-0.0005994186542804198
B00003CXMO,-0.018239703352124836,-0.005053416659564126,0.011594817949117377
B00003CXN4,-0.018863866125032044,-0.017809514094225286,-0.01248880163709337
B00003CXO1,-0.017338578736378264,-0.006129796882877092,0.010061482410599464
B00003CXP0,-0.0182392307984486,-0.011941153422080087,0.0003131383939895934
B00003CXP1,-0.0182392307984486,-0.011941153422080087,0.0003131383939895934
B00003CXPD,-0.020035900508174418,-0.012970462615938183,0.011877595064765035
B00003CXPO,-0.01906051753086193,0.0038855667782982154,0.029204171835879044
B00003CXQA,-0.01705816428992343,-0.0022994854248121793,0.020640451537410075
B00003CXQS,-0.016132345374444145,0.0022682364098600984,0.04729562540933802
B00003CXR1,-0.01911301533797091,-0.006108256341382629,0.022820908414719076
B00003CXRA,-0.017033054395539454,-0.0012356701168348427,0.014798246629239625
B00003CXRM,-0.018694061054243604,0.004909907369688515,0.013405823687274719
B00003CXRO,-0.018620333204493626,0.0011709435277459043,0.03515547978089181
B00003CXS4,-0.019004507849750427,-0.01560084577734745,-0.007091044582622398
B00003CXSO,-0.015333003863710224,0.018694034610943676,0.07837848739688555
B00003CXT9,-0.01713993291289282,0.010489056993973667,0.03521763934565064
B00003CXWJ,-0.017620265507518745,-0.004079773809992275,0.023683081202005952
B00003CXWM,-0.016338822169910158,0.0007595618567061481,0.012781499713492921
B00003CXXI,-0.019852786681937348,-0.006587807314669148,0.009245194161408326
B00003CXXP,-0.016436716612238098,0.008264809711725402,0.019183532742368375
B00003CXXR,-0.0160771623015857,0.026086855967972427,0.05152838062921476
B00003CXZ1,-0.015261639825003545,0.029245457461922888,0.07727459451652668
B00003CXZ3,-0.018631461716221463,-0.01353369804465913,0.0065220232929620306
B00003CY57,-0.015137630850526074,0.00866880375840989,0.033015947744644475
B00003CY5C,-0.0171215136142189,-0.00333113420800277,-0.0002706430711736966
B00003CY5F,-0.013322586346434982,-0.009548706114390558,-0.0040326098011209425
B00003CY5H,-0.017982352842007405,-0.002014660567479449,0.01309572089723953
B00003CY5U,-0.01840432521743055,0.004294004882683261,0.015221870413781303
B00003CY67,-0.015491198491205482,-0.0055023618419937975,0.013164173521503853
B00003CY6C,-0.01693665812572868,-0.009431786476008494,0.011082752462667583
B00003CY6O,-0.012519836477160765,0.0060943527676772255,0.01452057118335096
B00003CYLJ,-0.019434149261029147,-0.009732383906556721,0.013742893339955212
B00003GPEZ,-0.018138297374696785,-0.011279226851456027,-0.004075629076783621
B00003OSTA,-0.02085267261755011,-0.012361668922187236,0.008362246244705359
B00003RQND,-0.020576907736699238,-0.009023109557270778,-0.0035885151822449245
B00004D2X8,-0.017808360225901838,0.03393579806028376,0.08382988218542445
B00004RJG3,-0.01802988490297901,-0.015802866296354388,-0.002877706110828408
B00004RYKP,-0.020312060815649256,-0.008327714247032585,0.004862349315212668
B00004RYSN,-0.02009570710344999,-0.004096965564532298,0.00895534356602545
B00004SPFR,-0.016942468759298418,-0.006859920987683641,0.0022160705941035998
B00004TJFJ,-0.02009124129129594,-0.005833806941374854,-0.0020834810562115657
B00004TQF7,-0.01909790218523731,-0.01025142570703712,-0.00884156560485951
B00004UEDQ,-0.017507279329549576,-0.00561263234467134,0.013360705544745612
B00004W46I,-0.018765418256229852,-0.009038275840491517,-0.0040096396646703
B00004WG4H,-0.020923769286467945,-0.01338955348636506,-0.005296706275313951
B00004Y2R4,-0.015575185010459095,0.0001347070490005179,0.020337655397948184
B00004Y56D,-0.018198801622206613,0.0348873308139151,-0.0157530572388046
B00004YA66,-0.019973679177264135,-0.0009082142225251521,0.02024136969513518
B00004YWJE,-0.019745369875732572,-0.011109290468868922,0.004189775862002671
B00004Z4U9,-0.020489563003436805,-0.0071856773140079105,0.0014144115635044993
B00004Z4WQ,-0.01588021909022424,0.00684793066929256,0.03227885427984553
B00004Z4WR,-0.017216195117438837,0.013937165350440336,0.04973524927324282
B000050NS2,-0.019067407801846407,-0.011316677365067591,-0.005315550984294592
B0000524E5,-0.01706118446383983,0.0027449816395950645,0.049114334833975495
B000053V8F,-0.017574175432616808,-0.010402123700262349,-0.0061887827323164534
B000055YVT,-0.012113968621270302,0.002769094955720575,-0.001640677008889781
B000055Z8E,-0.017321802152452256,0.007563348299724041,0.035263485380649405
B000056KQN,-0.019132420495154408,-0.009619968694920662,0.0036325384036028224
B000056OCJ,-0.015705062387992647,0.0032647423971091057,0.010801288717547326
B000056PMV,-0.015982787398529964,0.003169518172492887,0.03905099414610119
B000056PNR,-0.01584121858627791,-0.006678249881769687,0.0027953029614165093
B000056VP3,-0.020176188204637933,-0.008353835930022766,0.004795415652252815
B000057X1R,-0.017997797138430284,-0.0068231914627186925,0.014331608505549728
B000059H6T,-0.019822541900718377,-0.012965325412087485,-0.004631552478497067
B000059HCH,-0.016953004257486325,-0.0007970110375581395,0.034651517130761256
B000059TQ9,-0.021275239493544797,-0.013888681624725164,-0.006599133481489521
B00005AA9G,-0.01807584703716984,-0.009429346994133019,-0.00022703795719604785
B00005ALS0,-0.018026906870368068,-0.00568288256425963,0.0094337930319238
B00005ALS2,-0.018249696099632375,0.0030732526778230584,0.017656891566254797
B00005AQ65,-0.018088234518953576,0.006478762250706879,0.048082945687660736
B00005ATQJ,-0.019361642740381102,-0.014106903175215324,-0.0017173187111449472
B00005B6L0,-0.016819395006417902,5.853469196206358e-05,0.006498980210696209
B00005BCKF,-0.017108042088534586,-0.0027732812872839703,0.004270043480474208
B00005BCPC,-0.018078976710042494,-0.00601109602819516,0.0031803169893258494
B00005IC52,-0.01976392433615569,-0.010717925631630165,0.005182851570289301
B00005IC54,-0.017452558030925797,-0.0032600820070320317,-0.0005330085036330507
B00005JHAA,-0.01992740190340683,-0.013392483378708941,-0.003824239419225989
B00005JKDR,-0.02043470503276387,-0.0004669086182232587,0.004892262696718975
B00005JKIS,-0.018159574308719867,-0.010124206929882,0.0003176847199861037
B00005JKJA,-0.01744546341124692,-0.016255247192465943,-0.008195133803293087
B00005JKJM,-0.016641723152660465,0.011842635947565983,0.028348617799837886
B00005JKL8,-0.01737355221549143,0.004269706584801234,0.02653858719349172
B00005JKLQ,-0.017040642883933248,-0.003421776646092801,0.015601757174642721
B00005JKMW,-0.014740074728066028,0.0009155927971432731,0.01788714594514248
B00005JKMY,-0.014665753159510624,-0.0009109015790872916,0.026823422587530288
B00005JKTI,-0.017974725682229454,-0.007397253558869866,0.013641245311508926
B00005JKWI,-0.018240870689655037,0.007094588511108108,0.03164925005488513
B00005JKWX,-0.017620267419546216,-0.0020679242925145274,0.02571944376828518
B00005JKYX,-0.014955845378961129,0.020224857547405373,0.026893590978781003
B00005JKZU,-0.02037368604065588,0.00441187881194894,0.030217645956423286
B00005JKZY,-0.020833584913773403,0.0023800879058284803,0.008029768618928415
B00005JL1P,-0.01856406300523978,-0.00707488732177325,0.004118220473548652
B00005JL3T,-0.01599789440178428,0.020594971814711784,0.08169219262402042
B00005JL57,-0.018020597293684045,-0.015077304602651255,-0.004089287851251851
B00005JL6X,-0.015874955985919877,0.005367017833567935,0.017097958676686037
B00005JL7Q,-0.01931445184461196,-0.01423255065366154,0.0057900953594389685
B00005JL9A,-0.016990973308315286,-0.009685625194206467,0.00895855288996013
B00005JLBE,-0.015467168096107905,0.01800065960642566,0.04745473618816412
B00005JLD4,-0.01985277292493668,-0.016256911720679976,-0.0009943455535186298
B00005JLEW,-0.01982259411626581,-0.009662038533442814,0.0011253704438481435
B00005JLF1,-0.020306054776830194,-0.012981419482398067,-0.0045198072799242555
B00005JLF2,-0.019822774830326694,-0.007216422277785629,0.003724278898179795
B00005JLF3,-0.020923785951180763,-0.013548968510512412,-0.005206479696413646
B00005JLGP,-0.016980890938215514,-0.0007385834507522292,0.011372852912979053
B00005JLJE,-0.021731366764600715,-0.014577533606108545,-0.005335423273681313
B00005JLKB,-0.019294062447937615,-0.006396934589145709,0.012763455136078693
B00005JLPK,-0.0186871958655012,-0.012063073180512246,0.011190990340535474
B00005JLQ8,-0.017210614987883087,0.01028576038055506,0.015840254702278622
B00005JLQE,-0.01685903430420913,-0.0026499047209100615,0.01915083225080754
B00005JLR1,-0.018238425408296052,-0.008240748459346237,0.005275619270506278
B00005JLRT,-0.015352368162841728,0.003003094363279853,0.026750752323986826
B00005JLSB,-0.018643093044378434,-0.0014171766255892547,0.03285425897390657
B00005JLSE,-0.018515278142996864,-0.00747299953938411,0.014521595469916444
B00005JLT5,-0.020573036016681246,-0.0074323779727841904,0.010210431988991929
B00005JLTN,-0.01568158165113676,0.013833408233806693,0.04117103010658947
B00005JLWN,-0.01679252875959973,0.0040351998424908615,0.028865869213032243
B00005JLYP,-0.019592678972920972,-0.0008261946585468251,0.018878361593072587
B00005JLYW,-0.013435792109151986,0.014601325449113467,0.05277229934697523
B00005JLZK,-0.016237613666896068,0.015734052156769707,0.04460697061456959
B00005JM0B,-0.017127775755611276,0.018798427041022876,0.07857333335768923
B00005JM1F,-0.017083364697971472,0.010069397277143918,0.035162656601940664
B00005JM2Y,-0.01934891726290641,-0.010228983294643485,0.016581495001550924
B00005JM3C,-0.019963184053057914,-0.00978251600644265,-0.0016458639299634596
B00005JM4Q,-0.014489479856428573,0.024150698807390663,0.055551149992213354
B00005JM55,-0.01434222292277874,0.006404756332111367,0.015013876407643335
B00005JM5B,-0.015529325388288388,0.04305088660855116,0.06561508431403425
B00005JM5E,-0.019742427914306287,0.019151711674462498,0.04749216249203857
B00005JM7T,-0.014149797652410768,0.015551778260081063,0.021562641276317424
B00005JMA8,-0.016706359826212207,0.0018746218499417543,0.035665270710823274
B00005JMAH,-0.01913637185510103,0.009679535877998907,0.03174484074875384
B00005JMCT,-0.01560440559393369,-0.0010490741593291257,0.018830111347184385
B00005JMCW,-0.019418137429658512,-0.003540598270489297,0.012580477219313354
B00005JMET,-0.015081280912741775,0.0051370463576720605,0.02245271963054689
B00005JMFQ,-0.01759228290749162,-0.0033431808112842636,0.021314385276198347
B00005JMIJ,-0.016571426902658604,-0.008520160275521398,0.01567741491867549
B00005JMJ4,-0.01654285006337844,-0.010343948372387474,0.014689191715591556
B00005JMJG,-0.018971588055665227,-0.018946639200636176,-0.004362732259304797
B00005JMPT,-0.016765804605504683,0.012461542753599474,0.028146133290241973
B00005JMQW,-0.019327117744807727,0.012734360472499758,0.03971689137460826
B00005JMQZ,-0.018810962626790034,0.003569922234798535,0.028587716656819088
B00005JMUK,-0.018740435461631573,-0.007111613345485736,0.021470937021854923
B00005JMXX,-0.015706640186920817,0.0229034371643965,0.08452239222879458
B00005JMYF,-0.01667654410116749,0.008453131886936869,0.037156726329805295
B00005JMYI,-0.015909482568324484,0.023314585133863776,0.038839601224567956
B00005JMZK,-0.014478388387730544,0.04902723688241089,0.09019965180460185
B00005JN0T,-0.017287812094580555,0.02266805996425418,0.050633665020453314
B00005JN2Z,-0.018104963318762476,0.011052412441485231,0.03208354189146397
B00005JN55,-0.017305436543392005,-0.008046597393228659,0.002004808093136782
B00005JN5E,-0.017667157349882695,0.019725763214663464,0.08829411726835772
B00005JN5T,-0.015708891610345374,0.012361357320034886,0.027201292235431333
B00005JNBQ,-0.016451649452437496,-0.007100892815546129,0.03917180635118206
B00005JNC2,-0.017022854933125053,-0.009013576603889899,0.006881198101861711
B00005JND5,-0.01985331856694267,-0.005086653326362719,0.016176599407596682
B00005JNDZ,-0.013601672334814217,0.0028236284577739146,0.019971442377804776
B00005JNEI,-0.017620412634977035,-0.004774531366632905,0.0009334259283994682
B00005JNEW,-0.01903211378886614,-0.00561763148725935,0.012244779044579289
B00005JNJV,-0.019919980469973494,0.02188825592170663,0.021628911509561834
B00005JNLQ,-0.016062606843079315,0.010695692285420812,0.02216543285761479
B00005JNNT,-0.013730517521499685,0.02319425872209833,0.0435047300487593
B00005JNOG,-0.01968514656444387,-0.005826046858490242,0.005991512256404909
B00005JNQA,-0.015251951746693497,0.011044855446121127,0.038719322634991254
B00005JNQG,-0.01735747020329267,0.012530423532894311,0.04300118562275803
B00005JNTU,-0.01601843365705086,0.053007015617233366,0.08790702524438058
B00005JNX0,-0.017163825897798583,0.006591231877483201,0.016426695577760043
B00005JO16,-0.01605735106579562,0.007620549521427312,0.029116064672205375
B00005JO1R,-0.018744381420291164,0.003941286258089683,0.019287237594683784
B00005JO20,-0.017994619741294363,0.021090579526284504,0.06178443687787603
B00005JO28,-0.015718441698570635,0.014364802040196554,0.008439323056304387
B00005JO9J,-0.02040990834153373,-0.009018988859850849,-0.005280133866456511
B00005JOIH,-0.01814650543508818,0.00355016571347085,0.021461005003440232
B00005JOQB,-0.014724497951920228,0.008137472031708507,0.0021266509379530246
B00005JOSO,-0.017620351986234593,-0.0026470177502202854,0.004792525775384523
B00005JOUX,-0.018170944465222043,-0.004056851386268296,0.007440302304155899
B00005JOWT,-0.01786232926576983,-0.008883292747578727,0.004876804442401105
B00005JOX2,-0.01739798749376827,0.009501067535377591,0.01882264543591587
B00005JOXC,-0.020470392698843484,-0.011152363987114732,-0.004006187414663849
B00005JOZI,-0.020168208896154505,-0.012422285069312863,-0.0015978698236727127
B00005JP00,-0.014053063904397662,0.009141837010155,0.03254815240899306
B00005JP03,-0.016942488818644835,-0.0020441483793911335,0.006011882372349022
B00005JP0C,-0.01738470844705125,0.007958098308782633,0.018668605909476475
B00005JP63,-0.018891783030617833,-0.00988966505183448,0.002829264763729303
B00005JP86,-0.01805485700725961,0.006578193318061225,0.02603428072242265
B00005JP96,-0.01052389603026933,0.03035137105734531,0.04794440711968857
B00005JP97,-0.017441759289208974,-0.0001648602559948069,0.009527824938274096
B00005JPA6,-0.019176720300399606,-0.004464617282248294,-0.004105583743293089
B00005JPAM,-0.019414423820737638,-0.00508534979049608,0.015169844400402022
B00005JPAS,-0.014382784921084081,-0.010191380851924283,0.002878106727516992
B00005JPBL,-0.016918300965214572,0.013102333177585988,0.033233256567713816
B00005JPD0,-0.018213553577948443,0.022251039941405794,0.04123668895319357
B00005JPE3,-0.016619270309740704,-0.003630004275488627,0.021134675735204195
B00005JPFH,-0.01598965979507943,0.061112377376730066,0.08349290077524404
B00005JPFT,-0.016590867993539277,0.018631138512467563,0.02811930536233949
B00005JPH2,-0.017875381422008976,0.015650598506222347,0.03138382175193487
B00005JPI2,-0.01827047797909711,0.01584344274888122,0.030788274090790272
B00005JPJ8,-0.01202217235897863,-0.0011361891945643077,0.0034881236361509454
B00005JPKE,-0.019645515915890952,-0.010995060537704228,0.00551138365109094
B00005JPKW,-0.01647874585275175,0.027961679426035505,0.04567495917924851
B00005JPL5,-0.018293327262357963,0.005027999521007757,0.019385954192797806
B00005JPNO,-0.017644698520559644,0.04087728836050511,0.05403637061739729
B00005JPNV,-0.01925926480840826,-0.006888746582416424,0.010889087013243273
B00005JPNY,-0.015894929186565106,0.01398888514075249,0.03579947927022823
B00005JPOE,-0.019066584157910637,-0.007595105299603353,0.008969584181286025
B00005JPTK,-0.016311731230059537,0.021495467835142494,0.060241436288641724
B00005JPUN,-0.014508221321614492,0.017039108778436875,0.03729899061597851
B00005JPUW,-0.016641508820330546,0.013177158314848001,0.023188429681088286
B00005JPX8,-0.018607571205154255,-0.006693597809030958,0.008670019828350063
B00005JPXP,-0.018803726743593097,0.008726823566358337,0.013138991572843027
B00005JPXS,-0.018556281386083995,0.0008531893265790624,0.010117130280718268
B00005JPXY,-0.016114387472169173,0.014838071627584104,0.014739499884972834
B00005JPY0,-0.01927668716488182,0.018972243569782554,-0.0001312230967183679
B00005JY1C,-0.017108042088534586,-0.0027732812872839703,0.004270043480474208
B00005K3NW,-0.018803792515473393,-0.000910153111371521,0.010291029897333475
B00005K3OI,-0.015818320986604052,-0.0018754736871536652,0.0064390587325130165
B00005MKOL,-0.02065796606635354,-0.013666697148107138,-0.004968756189885811
B00005MKXB,-0.01792926686356881,-0.011331104965200211,-0.0012422366005167757
B00005N7Z0,-0.019653145423817325,-0.010530532626851495,-0.005073224216635375
B00005NB93,-0.020513499803871352,-0.01505992775579883,-0.005914822086872846
B00005NFL9,-0.01783337114461435,-0.009930844025852727,0.009267185307314544
B00005NI7G,-0.015858012614723693,-0.011791755495835204,-0.004302278965237124
B00005NKSD,-0.01892793779558749,-0.007779076334445828,0.008707409833743698
B00005O5CM,-0.017946760473831272,0.00021428073858673885,0.026086994390573985
B00005O5DJ,-0.016842982188601988,0.0030129202707649587,0.009849252673546261
B00005PJ8O,-0.021279204428720656,-0.009840732743146435,0.006936521532154173
B00005R874,-0.015907532972394323,0.015537070421873328,0.0410563148165237
B00005RHGK,-0.016379174111629227,0.01349795638352332,0.04489055232356763
B00005RRG7,-0.021290870890993463,-0.013186609176502669,-0.005527046203310499
B00005T33W,-0.018535516790766832,-0.012625203309862183,0.0016687322856440362
B00005TNFH,-0.013215004443713707,-0.008553005453078355,-0.0051415592900978324
B00005UQ9F,-0.018161103860468878,-0.012223199709987006,0.006326404809376352
B00005UQ9V,-0.017537103956394556,-0.005216608268605291,0.005461705762829469
B00005UQ9W,-0.014206677417008316,0.01890720204141866,0.04972527336885326
B00005UV34,-0.018501350938956593,0.004245874930178693,0.022474823880228003
B00005V3Z4,-0.018332855374124685,-0.011743790222695486,0.012273525662240417
B00005V4XW,-0.016942659680933843,0.0006912430962370187,0.009232819593226343
B00005V7CT,-0.01791412638660384,-0.009217915507386092,-0.006591601398217577
B00005Y6YJ,-0.018008769963499198,-0.009889186676155636,-0.008747508396127169
B00005YU1M,-0.017333201203702603,-0.0006011664559509792,0.03318898711901827
B00005YUO1,-0.020279714361508577,-0.013999927834949973,-0.004532163539201488
B000060OFU,-0.02103036159879078,-0.01298310890925859,-0.004630654469168574
B000062XFG,-0.01820315645596575,-0.00617861246383939,-0.0011739408328809322
B0000633LO,-0.0158451807558227,-0.0030524316427852347,0.020219835804573264
B000063EME,-0.020729502684015383,-0.012751728870359679,-0.003595349322458546
B000063V8R,-0.020988639248311302,-0.008376457141299492,-0.005684035817484294
B000063V8T,-0.020230502319858817,-0.007491777848873788,-0.007715412185089919
B000063V8U,-0.020506151483048796,-0.00881072885934271,-0.006583044107601803
B0000640VJ,-0.01618721834256864,-0.01866879702500834,0.0009341323716316737
B0000640VK,-0.01733145109788968,-0.003555023529588451,0.001251933435176345
B0000640VN,-0.016055310950525908,-0.00021782323348296445,0.01806386003160676
B0000640VO,-0.020016536269579277,-0.016540131982344695,0.0073350844603649835
B00006422R,-0.02100022096430983,-0.011542797950043033,-0.00695731165038486
B000065V3K,-0.019712546402531582,-0.0067723034990332135,0.006689497197035418
B00006681E,-0.01649695945670774,0.007133181716245114,0.055822695902665836
B000066HAS,-0.018470386684139674,0.002401652205072638,0.0044469580326644345
B000067DNC,-0.020354215083294578,-0.01390004166695793,-0.0031861945772462506
B000067IVT,-0.01989854180528929,-0.010127864083120018,-0.008163808606213624
B000067J3S,-0.018501245543928364,-0.018343217989223636,-0.0028359028755488734
B000067S1H,-0.02047039266982265,-0.012367908512424983,-0.0035380262273113717
B000068DBD,-0.019693250355078098,-0.011459961072393878,-0.02361561580794538
B000068DBE,-0.02005861883827191,-0.009220555074573243,0.007508849464685197
B000068MBI,-0.01770055974403888,0.009223520571551848,0.014193641277798416
B000068TSI,-0.019859584710875306,0.0011753190789959133,0.008420153706024024
B00006953K,-0.018501245543928364,-0.018343217989223636,-0.0028359028755488734
B000069I5V,-0.013559553439121005,0.015754371655409074,0.03293605065027669
B00006AGHD,-0.01828305686009892,-0.006451163462769332,0.01601183056981492
B00006AUHZ,-0.017530517312073994,0.005092130627698189,0.019548206547873166
B00006AUJR,-0.018263875164850136,-0.0031855531507423494,0.024318509459765728
B00006AUMZ,-0.018263875164850136,-0.0031855531507423494,0.024318509459765728
B00006CXSS,-0.021201241246462686,-0.00777207598129605,-0.020659646955372504
B00006FDCP,-0.020544371037063566,-0.01712287068150274,0.006046361581678432
B00006FHZE,-0.017851901500476695,-0.013081653356445816,-0.005906405976244427
B00006FI0S,-0.015134435979969451,0.006390614029058337,0.03737905336463504
B00006G8J8,-0.02156934048217773,-0.013870142905478538,-0.005171837025684889
B00006HAWN,-0.016557342908393474,0.02072760208301357,0.04008162836267072
B00006HBUA,-0.01468367364626857,0.008932814905323657,0.02595211787792635
B00006IUH2,-0.018915794074486597,-0.0034189058163083524,0.013442082920313013
B00006JDSI,-0.0202946257353055,-0.01615910452909292,-0.004114289173732559
B00006JDVX,-0.015907089220269725,-0.007032394097211431,-0.0023063597381406177
B00006JE59,-0.019237767282746565,0.0050375971448213585,-0.013562222394105122
B00006JMRD,-0.02023932373637742,-0.014629988612869939,-0.003109391452304535
B00006LA87,-0.018233278623582986,-0.0012979644012910822,0.029603175227954973
B00006LPHA,-0.012525592371615567,0.02298323111497683,0.032109684445803824
B00006NT1R,-0.01821535555497335,-0.013764953311031475,-0.0041068025263960965
B00006RCNX,-0.021163212152965193,-0.014668349144070097,-0.003706482542643193
B00006WUWP,-0.01575235347724677,0.002963991907720204,0.0225076538809724
B00006WUWQ,-0.02007879335738841,-0.007093537613803764,-0.014189045392734632
B00006ZXSK,-0.020690395529781466,-0.00819411761773999,-0.013444493726962901
B000077VRT,-0.016285220574734267,-0.008976271282704756,0.0010058306026664626
B00007I6FP,-0.020439218314450346,-0.01357830841101985,-0.0054418168621708715
B00007JGFY,-0.020684408977903922,-0.012966440213205716,-0.0049803073956396545
B00007JMD8,-0.019822649155699475,-0.0077784347752378495,0.0008112529951563035
B00007L4OF,-0.019653113574227277,-0.012696107077728157,-0.005226783536375459
B00007M5IP,-0.01922184851894641,-0.012277060568229851,-0.005005751694240381
B000083C6V,-0.01887887913225478,0.0033034996067463442,-0.00396399214641724
B0000897EG,-0.01505630808764511,0.002361341368805882,0.030664985936579486
B000089RT0,-0.020116229226137698,-0.01059987646312536,-0.0001929570092356311
B00008AOVL,-0.017620519144866766,0.003313168639499456,0.03086186802149624
B00008DDSC,-0.016824755418405953,-0.015685614709731375,0.0007549969178324093
B00008DDVU,-0.01800667101904139,-0.012030280994981464,-0.006822415712743917
B00008EY60,-0.019063265894738314,-0.0026647204451174388,0.016906447066407235
B00008EY9G,-0.017063887819918244,-0.006606981975058589,0.011816543711067868
B00008G629,-0.015858012614723693,-0.011791755495835204,-0.004302278965237124
B00008G8A7,-0.01612006756462075,0.020243800073538896,0.016673866259165518
B00008J2PG,-0.019717671891376177,-0.013600931285294302,-0.004794202887431783
B00008KDGZ,-0.01677825958555466,0.00490766326116014,0.021781943702090363
B00008MOUP,-0.018203220036299317,-0.00623670027972019,-0.005214832976142099
B00008MTW7,-0.018849441476224464,-0.011676916355810751,-0.0014955298888806642
B00008MTXY,-0.011571692037922361,0.011508035844638375,0.042349922309788325
B00008NRI7,-0.01653603379257368,-0.008390679207224711,0.00988686571699484
B00008NV4G,-0.020703549597219473,-0.014054177450384378,-0.004480329776958482
B00008PW1F,-0.0199919693457232,-0.013603560280810697,-0.003466094178446147
B00008W64E,-0.019096688389761512,0.010009606115579026,0.0314084716952125
B00008XERA,-0.01677026009161929,-0.004155652195707881,0.005082514954588573
B00008YGRR,-0.021046148722760758,-0.012662785802610991,-0.0046786672069738045
B00008YGRU,-0.02073397395861858,-0.012162730323795622,0.001135930797258229
B00008YGRY,-0.019753745731020053,-0.011449499423138733,-0.0021716179355830726
B00008YNI2,-0.014633572133944785,-0.01578102751467188,-0.010949723509911972
B00008YOD2,-0.016218994161821213,0.01968367645542191,0.04948280318714646
B000096IBT,-0.01714839147066386,-0.00018818687972423166,0.021496846019326388
B00009ATIX,-0.013134962650422282,-0.014933090444917937,-0.017821785840874266
B00009IB3B,-0.01679447375880143,-0.002800617526165774,0.020320635083852432
B00009MEC4,-0.01795915652252775,-0.0027568638667440524,0.021485890793062172
B00009OOFB,-0.015544526047800516,0.012260641033439818,0.03476775767141342
B00009RG46,-0.018684092005837965,-0.006472132625677506,0.015753426102953473
B00009W2GQ,-0.01612510883476053,0.01156525884649823,0.039775568073608776
B00009XITR,-0.017620152674258066,-0.0070152768563495746,9.39752390921848e-05
B0000A2ZNX,-0.01967573049414236,-0.01255517278445405,-0.004792833762918266
B0000A5BSU,-0.015136725185162393,0.005277113862564579,0.030322852413448557
B0000ACOXL,-0.016739247989296463,-0.002908268475870335,0.0060129216772776585
B0000AKCKI,-0.01747005332680745,0.013391835250006751,0.040558316893098564
B0000AQS18,-0.020488424682152142,-0.013242304121927726,-0.004550994629951742
B0000C2IQB,-0.01947477152216547,-0.012718312999521805,-0.004381370197157933
B0000CABBW,-0.019478358567080942,-0.025473856801835604,0.000112533503898128
B0000CABE6,-0.0163813556265431,0.0023656239206936804,0.022396638726487554
B0000CNY5G,-0.01720055772422945,-0.010967944419150085,-0.003960207257841447
B0000D9PNX,-0.02013729185169458,-0.011756865215042992,-0.0033443297555129313
B0000DKMK0,-0.018236593480798192,-0.005272684495061817,0.04208329126766588
B0000DZ3EG,-0.02086582985287862,-0.012962476921282893,-0.005048100531785075
B0000DZ6N3,-0.01607231694757664,-0.017102492927721247,-0.004064320542318114
B0000E2PVR,-0.01524816016655908,-0.009956444933554204,-0.005519042164171098
B0000E32X3,-0.01963904445847721,-0.013294992357686256,-0.0038727897118744836
B0000SX9MS,-0.015555356875143114,-0.010923809801992534,0.0020603445743824504
B0000TPA6K,-0.017620128193439475,-0.011071910194397506,0.004126025908511224
B0000UI2NM,-0.01629661785978608,0.045615972862718165,0.10630480277369783
B0000VCZK2,-0.02075717733956978,-0.004927536673373972,-0.017030769538628147
B0000VCZNE,-0.013376461700093737,-0.0005850669844507292,0.03158798305048461
B0000VD02E,-0.017309058942392343,0.0033690889849335415,0.018970689189327608
B0000VJG72,-0.016469162221616183,0.008255222966805276,0.029707998453522753
B0000YTP02,-0.019974626444219757,-0.006682126634996833,0.006020750813333465
B00011V8HW,-0.018769187760336984,-0.012421678977073579,-0.003483019132231546
B000127LW2,-0.018157357654554885,-0.005724230437582689,0.008086958242859665
B00013RC2K,-0.018046710632187067,-0.006191883519307895,0.02022878361609795
B00014NF02,-0.01605930301089286,0.0016956471674608397,0.021661971420780017
B00015HVI8,-0.020042828480352742,-0.011888537548444206,-0.004538580355685152
B00016MSVM,-0.017515591540141304,0.009313075189528433,0.0345889296116652
B00018U9FW,-0.01796574727657618,-0.009260867257601191,0.023611623486434093
B00018YCIM,-0.018683402514813856,-0.011308791599052938,-0.0009519562988195328
B00019HOR2,-0.013376461700093737,-0.0005850669844507292,0.03158798305048461
B0001A79G2,-0.014884068767431202,0.013861407674570893,0.02542896472270698
B0001ADAVK,-0.015477395411992306,-4.9086147226767125e-05,0.013145768091820555
B0001AW0HU,-0.015526188741042035,0.007381341690395314,0.029217077951403877
B0001CNRRU,-0.01804256794302151,-0.0168317690678835,-0.007330855720058158
B0001DA0B0,-0.02010984731448823,-0.013962921484711562,-0.004076642316606773
B0001FT50A,-0.019927531612576304,-0.007407181882514998,0.009719573892176507
B0001GF2F6,-0.018859070887342386,-0.00831429979299781,-0.0015112002719849583
B0001I551K,-0.01837954151349584,-0.00969339567882196,-0.005834682962707611
B0001JXOVC,-0.01848735337297174,0.014597986623802007,0.04600452187437688
B0001K2L4W,-0.018599124832637922,-0.01033296239804167,0.013390892690232395
B0001KL5DA,-0.01706939921747629,-0.011440709844889667,-0.0038167822804429995
B0001KL5IU,-0.02060929245375005,-0.012278195746755401,-0.004705652622655569
B0001KL60C,-0.01786170502964407,0.009598857241756213,-0.005662026678984773
B0001L3LUE,-0.020147584992977457,-0.012331802047823375,0.002852272843603217
B0001LQJQW,-0.014256400614606524,0.0009546323176769538,0.014221850957158682
B0001MDP36,-0.017571987772219477,0.003972003776921688,0.029123204907728323
B0001MIQMG,-0.019746647042772982,-0.013591643732289818,-0.00435265702333608
B0001NBMAS,-0.018501149540204397,-0.012837822310500062,-0.005239237337175933
B0001NBMFI,-0.018267889127714106,-0.00823492234046544,-0.0001574569949491594
B0001NBNF2,-0.014261777798931355,0.02077063202360488,0.047746826584437074
B0001NBNFW,-0.01864154486996625,-0.007142564475233268,-0.006700159466834629
B0001NBNJ8,-0.020923785075102275,-0.013974309792178074,-0.005143971169577108
B0001US67I,-0.020046215920070196,-0.0036582570350461837,0.015301400178654424
B0001US8EE,-0.020097873198463408,-0.013184864959613136,-0.005440146791511406
B0001VL0KC,-0.019173197577947138,0.007818268920727926,-0.007920729394582186
B0001WTWDI,-0.019333277309578806,-0.012108980437482918,0.0005081659260207872
B0001Z3TS4,-0.01757629620465916,0.03828957779224156,0.03597813877260139
B0001ZMWXW,-0.020189631964945828,-0.01470820860621028,-0.007009894648403838
B0001ZX0OM,-0.01829632849272216,-0.0037439821331347544,0.04691907378486618
B00020BVYW,-0.020347028007706533,-0.008842002746705874,0.0073514934961841655
B00023ELYG,-0.020483270451610653,-0.013072300219970285,-0.004580272888366077
B00023P4HY,-0.016070383555675853,-0.010967444011397556,0.006512131075575176
B000274T94,-0.016305627453258115,0.013832129074443915,0.040837378394858535
B00027SIUK,-0.0169701220934117,-0.0004079808477628596,0.0418464108330235
B00029LNZA,-0.014394223166762327,0.003836981263103393,0.02454542071085723
B00029LO5O,-0.016990968678656952,-0.0030758537232229363,0.02367364799305918
B00029NLGY,-0.01709920028293506,-0.0014339223412502687,0.010075733164330256
B0002COTDA,-0.019979852007138255,-0.013610665367002998,-0.004339775909904793
B0002DB52M,-0.017204676554428804,-0.009944471049369418,0.004293688502311385
B0002DRDCS,-0.017454110997712723,-0.0014590446716930456,0.01681041202225061
B0002ERXC2,-0.019979949472309192,-0.014009192205360465,-0.008179964408750523
B0002F6BTM,-0.02174971978262318,-0.014674038747481351,-0.004648803707952254
B0002KPHWE,-0.016619208427062573,0.0005281148798858693,0.02398381481566592
B0002KVUKW,-0.01581628607033915,0.06935734278595944,0.11177295117207557
B0002MJT0I,-0.019413268819767016,-0.00767097717194354,-0.005683615038009057
B0002NY8PI,-0.021254169606721045,-0.013460900763186444,-0.0034419334301768944
B0002OXRSG,-0.01733978151265462,-0.010052209076134853,0.003363354088168518
B0002PYS5G,-0.02022298226604965,-0.013171552253588655,-0.007833600939628886
B0002PYST2,-0.015142457626362528,0.005362290494960194,0.013615283135870042
B0002T7YEY,-0.016721572547945717,0.0326816022659074,-0.01579695219369183
B0002VEUTY,-0.016375927237129616,0.03124302333606063,0.06659485199539396
B0002WYTWG,-0.01970265036769385,0.02184137855428437,0.0006389992884405648
B0002WZTCA,-0.018138298884775843,-0.0107700914760426,-0.005237532928029273
B0002WZTLQ,-0.020923778967565424,-0.013284557060277756,-0.005753003601829171
B0002XVKMC,-0.018587071531371114,-0.009599879776829431,0.008685229845752302
B0002XVQSU,-0.020360940746231227,-0.012527462757595318,-0.004809381302268327
B0002XZVEK,-0.01793447209105181,-0.0270145580505316,-0.009181610184763909
B0002Y69LI,-0.018684092005837965,-0.006472132625677506,0.015753426102953473
B0002YLC1U,-0.017977314144492693,-0.007411085036045604,-0.008970896883059402
B0002YLC24,-0.019036082348017663,-0.01608464969412739,-0.00034871025020019163
B0002YLCFQ,-0.016015985631860987,0.007387389354165003,0.02728847259020643
B0002Z16HY,-0.02057068991394345,-0.011681980127063204,0.003124648756759755
B0002ZMHX6,-0.019242917261303012,-0.01226998757491516,-0.003918778044607202
B0002ZMIV2,-0.021144023042467305,-0.0137803842245034,-0.00514138289092001
B0003035CW,-0.015458039719193234,0.015180709180805368,0.04057170027814531
B00061QJSK,-0.018267849158803577,-0.009271970341157688,-0.0051002668331439896
B0006210ZG,-0.015678345741128794,-0.0010976088359983406,0.01794472701364747
B00062IDCO,-0.018501110024313407,-0.007413735992804419,-0.007459103959105418
B00062IDLA,-0.018721358117503615,-0.00679933953792426,-0.008462284558902054
B000638PIU,-0.01683867585205891,-0.0007690863577244076,0.00364202077007219
B00063MAXQ,-0.01842133254352613,0.004925163405258821,0.02887439181975988
B00064LJVO,-0.014055883381359434,0.018230253219267162,0.04835948732251084
B00066FPCG,-0.019569896926106518,-0.012718467961127265,-0.0018446939313987401
B00067BBMS,-0.01335278773674562,-0.004044675425726922,0.006541803013179939
B00067BCB8,-0.020137178342992498,-0.012654441704879222,-0.004368946585076794
B00067BCBI,-0.021118136087137578,-0.013861947549458731,-0.002624390613191298
B00068NVMK,-0.02035419481272953,-0.011648183814987896,-0.0069520997740337015
B0006A9FKA,-0.019413268819767016,-0.00767097717194354,-0.005683615038009057
B0006H328E,-0.016625589883338256,0.002999447754420012,-0.0044403627957728675
B0006Q93AQ,-0.020022770313820226,-0.01400855980794693,-0.005445653596741565
B0006Q93BK,-0.020556698439441846,-0.013000308396934746,-0.00664867105463179
B0006ZW7DW,-0.0117466785859734,-0.0077995976799203415,-0.0029952694807819803
B00076SCPW,-0.018535685279640543,0.011655740513976573,0.02368949184180981
B000777IJ2,-0.020137188752187146,-0.012799417052665109,-0.004967991066221226
B00079HZOS,-0.014942879839521535,0.010385849331659348,0.008093622904452313
B0007A0F4E,-0.014109498692188893,0.025777219398224204,0.05357289825671026
B0007CNXUK,-0.019014088195581716,-0.009712545006075041,-0.01969200613878652
B0007IF19K,-0.01985331856694267,-0.005086653326362719,0.016176599407596682
B0007IO6PA,-0.019822552892144688,-0.012894561711280608,-0.004572186662733491
B0007KIFI2,-0.014817261459504365,0.0031804980889168348,0.03485610439900805
B0007KIFIC,-0.014817261459504365,0.0031804980889168348,0.03485610439900805
B0007L6NQM,-0.020393603464391976,-0.012174897367344178,-0.005773935508782384
B0007LPLMY,-0.01707505652596653,-0.00033290771768390516,0.03419271400111527
B0007N1BBC,-0.020923815567190945,-0.01428054650187824,-0.006020649326711098
B0007OCG56,-0.015298800531994108,0.005400243096279598,0.01583573696756458
B0007P0XBO,-0.012222167014548493,0.012346621658065948,0.03789752132657638
B0007P0Y7W,-0.01568439652654268,0.03274966552527761,0.05189183292796963
B0007P14OE,-0.01998781105947625,-0.01045645975658222,0.004487505666423898
B0007Q6VXC,-0.018747095180675293,-0.00484127218752845,0.013617806274202478
B0007QS22K,-0.02010984731448823,-0.013962921484711562,-0.004076642316606773
B0007QS324,-0.016967441092741335,-0.011591296268914216,-0.006405254237553136
B0007R4SWM,-0.018109486295902248,-0.012829811194894214,-0.005269589736501004
B0007R4T3U,-0.020722842392414984,-0.013013611968530505,0.003772373615476696
B0007R6Y06,-0.01608655167173176,0.015447954060179129,-0.015251254869736549
B0007RUSGW,-0.01794263573659611,-0.0181384843625673,0.013761447586255514
B0007TKH66,-0.01823842649204546,-0.006947351959147321,0.0032535703796099666
B0007V6ITE,-0.015816244969446103,0.02501531067804824,0.05478480672314556
B0007Y08P6,-0.020823684837033646,-0.013131929062698318,-0.003498568115107283
B0007Y3XRG,-0.017895350732481705,-0.010712877768137027,-0.0033374797923234186
B0007Z2556,-0.009894018353573907,0.0076960231504308975,0.017370118969213536
B0008FXTB4,-0.012921601252728064,-0.002253983815455814,0.019901992960166853
B00092ZSQK,-0.01660368802530949,-0.005553798229575448,0.014006500931589595
B00094ARGY,-0.018941578688851227,-0.011498679826532672,-0.005495747439703372
B00094AS9A,-0.019588327757863417,-0.009997373429808568,-0.0032691198073580914
B00094AS9U,-0.017829861764865656,-0.00983014220863074,0.0028540631368805408
B00097DXFS,-0.018479661400815476,-0.00917919464025604,0.0038622314816213915
B000980GR0,-0.017620112235528833,-0.008295480381227105,-0.0026564061929593486
B0009AK57Y,-0.02030782661335756,-0.015807380626089534,-0.0028917703201104075
B0009B0GYA,-0.016780341028140137,0.025523537089527412,0.07210783150101856
B0009B16TO,-0.021247686079127505,-0.013763027141007054,-0.004432099469983673
B0009DWL96,-0.01735747020329267,0.012530423532894311,0.04300118562275803
B0009ESTDW,-0.017514311995257274,0.06493248870459413,-0.04271662511669066
B0009ETCVA,-0.013650448727890025,0.010011272391987906,0.03786899847160248
B0009I7NGW,-0.019004532859716473,-0.010898470729540389,0.0012681030393046967
B0009J2HV2,-0.017042607015173978,-0.0008109716083402887,-0.004874229266870939
B0009K75M2,-0.019938666067930596,-0.012197006777437529,0.00236210386716361
B0009KA7BS,-0.016471807938686554,0.049092505121411036,0.07079405059163715
B0009ML2KQ,-0.019161866380441584,-0.011002484198037508,-0.005481719856505899
B0009NJFPO,-0.017515591540141304,0.009313075189528433,0.0345889296116652
B0009NSCRQ,-0.019307186186900194,-0.007573796220579931,0.0017219395542328354
B0009NZ2W4,-0.019221859639446743,-0.01324000879990516,-0.005225816772042363
B0009PBLRM,-0.017829861764865656,-0.00983014220863074,0.0028540631368805408
B0009PLLN6,-0.013117222806163429,0.016926639801087395,0.051634370729357996
B0009S2T0W,-0.018721440057700232,-0.00722256285708141,-0.006518766534154174
B0009S4IHY,-0.020006201097023137,-0.008000916825999295,0.009304045293342184
B0009TIAI6,-0.016518810616480074,-0.009318346142349835,-0.004707567711695005
B0009UC7HA,-0.015657594290904422,0.02485866734834048,0.049901371193240146
B0009UC7MK,-0.022025021727711622,-0.014342356977372088,-0.00527385848738176
B0009VBTQY,-0.017727578372713708,-0.008213837995346307,0.0028943954771896672
B0009WIE34,-0.020556695602996167,-0.013391969976616715,-0.0035162797086380057
B0009WK5CW,-0.01817736391713491,0.019299018032256834,0.0392043658452259
B0009X7BD2,-0.016287196713893896,-0.001008563148573817,0.006735851820625206
B0009XRZ9M,-0.018153835616995392,0.02585063802622813,0.033834509631697283
B000A0GOQY,-0.019822520900612085,-0.012861459618552317,-0.004662655566206731
B000A0GYUU,-0.01975154548953705,-0.010879687912271965,0.0020369240480178842
B000A2WP7O,-0.018975458138119496,-0.00967379898575154,-0.004669887174908383
B000A343RI,-0.014164785243776136,0.008895670662557094,0.041996392949038217
B000A3XY5A,-0.016829831484056014,0.01871609353780474,0.049215991418231554
B000A59PMO,-0.019507972053599217,-0.01289921791738861,-0.001595776385935607
B000A5SR46,-0.021710381673621697,-0.014148026835415797,-0.00546575169873381
B000A6CLL0,-0.01822765358223808,-0.011536165814604945,-0.0042273623151017
B000A6T1X6,-0.01835420397495073,-0.012292608265444822,-0.004679611915569751
B000A8NZ0O,-0.017963954924157456,-0.005885642436320635,0.0027132298255233295
B000AA4JKW,-0.014340129690691594,0.015190690063838634,0.0330016485888654
B000AD1QGE,-0.018925330241836326,-0.004535759384921131,-0.008255805549620942
B000AE4QD8,-0.01982254823988373,-0.012268288190920679,-0.006008461687351678
B000AKB1GW,-0.012900967788534612,0.031059963983279322,0.01520756220645134
B000ASATZ8,-0.02023042651318815,-0.011057957961173896,-0.00512559970507484
B000B5XOUC,-0.021347332200318602,-0.013962417669511647,-0.005229532667476068
B000B5Y0CS,-0.016377718869388786,-0.009622241441874254,0.002111154404877056
B000B6TTBE,-0.020346939350625485,-0.014258601000429612,-0.004870994960933279
B000B7QCHC,-0.01929813754206721,-0.011640827122985633,-0.00486624858088851
B000BC8T1E,-0.02018961362992075,-0.012262290633520679,-0.005980934561564797
B000BGQSEA,-0.01793447209105181,-0.0270145580505316,-0.009181610184763909
B000BITUF2,-0.019314265615884816,-0.010886968434931433,-0.006607076761920719
B000BKDNX0,-0.02013717877662898,-0.013244912420250513,-0.004755857871323513
B000BMSUBI,-0.021584531816318975,-0.012708532263626228,-0.0039013166611591966
B000BMY2NS,-0.018020620750589536,-0.008512451324325083,-0.004360650425850028
B000BN6M12,-0.019749294172885342,-0.005121705437165734,-0.01571267818648492
B000BOH98G,-0.021067431585546498,-0.01399158124431822,-0.005323840379306375
B000BU76YC,-0.01606529928635748,-0.011609024374788546,-0.0034543087823232124
B000BVM1SC,-0.01647545661058505,0.012574612088035982,0.05561161050021941
B000BX8R10,-0.01498957580755239,0.000490207186079094,0.004275392804493481
B000BYA5GE,-0.017714010342662765,0.00034099480057942394,0.014361059086190406
B000BYMI5A,-0.02150679332108675,-0.01432292369609314,-0.005130163908039076
B000BYRCR4,-0.015387487358611968,0.036276314535708495,0.0880634079112676
B000BZISRG,-0.020669648152792798,-0.012962577041400443,-0.00554173614336252
B000C65Z20,-0.01664628489186525,-0.0035362569167132047,-0.0040137250210328145
B000CCBC9O,-0.011422124972015392,0.032698116951249426,0.04609938106689329
B000CCRMNE,-0.020556863456644328,-0.008259180887948582,0.0007845799091534247
B000CCW2VQ,-0.02065796606635354,-0.013666697148107138,-0.004968756189885811
B000CEXEWU,-0.01853454870393873,-0.002736949259139579,0.01279123902459447
B000CPH9Q6,-0.017141417482239005,0.00239376087214058,0.006850735773057857
B000CQO6IY,-0.01880033432644724,-0.0011239130185878566,0.007157925494055264
B000CR7RCK,-0.01938203497440219,-0.012766809571589946,-0.004509937045122055
B000E1E7UE,-0.02017031449866676,-0.011323349716748496,-0.007254693167450914
B000E1MTYU,-0.017123037912362287,0.01880137141157784,0.07869396373382531
B000E1MTZE,-0.020223054438142277,-0.010540246206022388,0.0028411980379852387
B000E1ZK5A,-0.018149004189280706,0.005927909580109802,0.04446778402730149
B000E372ZY,-0.017497619793480697,0.040366584800762384,-0.02875224956457071
B000E5KJDE,-0.018354828780833554,0.014874391710422125,0.02826509957443678
B000E5LEXS,-0.020823668314004264,-0.013912094367032482,-0.0071781630185035255
B000E6EK3S,-0.018919444207458055,0.010901681807860811,0.02926339092818754
B000E6ESIK,-0.02055672486712283,-0.011758443419155875,-0.004638346303270636
B000E991HA,-0.015559574855622225,0.01652478331579393,0.047610644057457296
B000EBCJN6,-0.02092382693119513,-0.01255721502166478,-0.003128184701443226
B000EN4R3E,-0.016478111426764325,-0.003308419009054702,0.00039281165098356227
B000EQ5PU0,-0.02098855278711664,-0.013925210699066057,-0.005258120124821801
B000EQ5UHS,-0.017874358055188357,-0.0006611353591266838,0.002399515466213134
B000EQHXNW,-0.01745506489601205,-0.01084459549996258,0.0028494416533275677
B000ERVJKE,-0.019088375602489743,-0.011994991976045552,-0.0033657117838095585
B000ERVJMW,-0.02098855278711664,-0.013925210699066057,-0.005258120124821801
B000ETRA46,-0.01795888643992888,-0.011994538325421055,-0.005107505597560364
B000EULJZ6,-0.02051475438392897,-0.014719212555408017,-0.004436396401293668
B000EULSR0,-0.018598990155501264,-0.013737684618780936,-0.009020233314518396
B000EXDS0C,-0.021395737096009046,-0.013874655305068092,-0.005196112078517114
B000F9SO0O,-0.019343837841355585,-0.008345606413133649,0.0011670176270811659
B000FAOC2M,-0.01717501161410869,0.0037510634701015447,0.03189095670394566
B000FFL702,-0.020109854127807553,-0.010232730101635105,-0.008334356040551867
B000FGGE7C,-0.013813912363626562,0.028749891784395593,0.03535893926289636
B000FIHN52,-0.019639022093186423,-0.011270611913203644,-0.004870435172038115
B000FIMG68,-0.02013729535758536,-0.009068829756838481,0.003186862554322201
B000FKP4BU,-0.017450820116149405,-0.009116081856243272,0.0007657716783076272
B000FL7C82,-0.019822551366008693,-0.012154574037541761,-0.003987770270028591
B000FL7CAU,-0.019455470033716723,-0.011132190492815369,-0.0038398991969670927
B000FO0AHO,-0.019822539170370083,-0.01316656194330844,-0.006352874978092364
B000FOPPC4,-0.019960323263978404,-0.00917478363645871,-0.014575016001457344
B000FTCLSU,-0.020923802803592465,-0.012389330555338685,-0.00923690701639298
B000G6BLWE,-0.020766626701566357,-0.00846385789524583,-0.0036772504779952974
B000GAKBLW,-0.018429192873514723,-0.009231638950392081,0.00017558444077611632
B000GAKFIG,-0.02037314366344148,-0.013368954071192292,-0.004638934252027005
B000GEAMD0,-0.01396087323961311,0.010098029353197216,0.02204004081736356
B000GG4Y5K,-0.01919324976141889,-0.012329909312511312,-0.003693894692344667
B000GG4Y64,-0.018092166900609843,-0.002495029141369744,0.011335734509996523
B000GH3CWK,-0.01824931927360694,-0.011472022932543418,-0.005090067588364238
B000GLL1U6,-0.017281505693738347,0.0051393403903828225,0.015591789759826367
B000GTJT0C,-0.015205766310253093,0.029099918765787647,0.07906349917131443
B000GY75JE,-0.020657988342764742,-0.010969277464213565,-0.0061922261583543265
B000GYI3PY,-0.019963169261532524,-0.013108837749800527,-0.006633094141698582
B000HEVZ9E,-0.0205935542280434,-0.0074870327705708175,-0.01491021451553104
B000HWZ4HU,-0.020340777422138745,-0.012817020023203158,-0.005272072939691041
B000I0RNVQ,-0.017901285497176303,-0.009046430907285227,0.002828610050234631
B000IHYBT6,-0.017530517312073994,0.005092130627698189,0.019548206547873166
B000IOM9VQ,-0.0185799239425486,0.0028654796276279112,0.01857547295599766
B000IONJHE,-0.019255167682116995,-7.848685355285167e-05,0.001977493311872759
B000JBWWP6,-0.020109854127807553,-0.010232730101635105,-0.008334356040551867
B000JBXXYK,-0.016641214750919373,-0.010582008344916573,-0.0023474488541491765
B000JBXY44,-0.020170322937043086,-0.01223848084784686,-0.005715242614158619
B000JJSJO6,-0.01688597938144324,-0.00475933204488313,0.004744196895585356
B000K7UBWK,-0.015818193896965774,2.9364633497614974e-05,0.0015600257598997397
B000KLQUMG,-0.01872128593104194,-0.01192345443626847,-0.004094762186865669
B000KLQUV2,-0.017620086288125433,-0.012766991601727961,-0.0024823273447739224
B000LC4ZI0,-0.020451829538276747,-0.012964573997533832,-0.004919536224193738
B000LE16VC,-0.020393630600549294,-0.012774834210127142,-0.0009839897496623103
B000LE1DVK,-0.01805485700725961,0.006578193318061225,0.02603428072242265
B000LW7N6G,-0.020530659728266048,-0.008842382254425395,0.005580961944747112
B000LXH0AY,-0.015765757410343053,0.0116072738531247,0.028214673323140302
B000M341QE,-0.019102128997102646,-0.017697676573108865,0.021337844506135694
B000M343BC,-0.019347654610800288,-0.0007796339683519104,0.0025292928009467263
B000M4RG0Q,-0.019442994710836756,0.0050450832238068495,-0.02813520865024038
B000M4RG4C,-0.016953195581229413,0.013963843749907705,0.031135001906641053
B000M7XRYM,-0.019193426746993203,-0.008822333532709805,0.012176746063070698
B000MDFTHE,-0.016288578381561555,0.002917759310010543,0.002181313844626172
B000MGB6N2,-0.020158700009127367,-0.014078754284843176,0.010642856923110662
B000MGBM1S,-0.018537778917439404,-0.011495109408790328,-0.004598712378327466
B000MQCBSQ,-0.02145664387812986,-0.013956899344214352,-0.005374180888223352
B000MR9D5E,-0.020923787696947943,-0.011710016622162795,-0.003878124183910743
B000MRA58S,-0.018283412525835013,-0.0015892033485725725,0.015291361746629813
B000MRA592,-0.018249412731674994,-0.008836435331946998,0.0027083154039036048
B000MRA59M,-0.018594664287957037,0.00696933902346563,0.01833738018864081
B000MXPE7Y,-0.015109148401510689,0.002268606490211079,0.008143295565270128
B000N3AVLW,-0.01890494594953917,-0.00719571726424273,0.008196668583955312
B000N3AXPG,-0.017281505693738347,0.0051393403903828225,0.015591789759826367
B000N6SE4U,-0.019740979833216633,-0.011905999853653655,-0.0023752480492024745
B000N6U0VU,-0.01660353074445683,-0.007726134536556114,-0.0010789351577806417
B000N6UF0G,-0.02139573929605957,-0.013827547150527012,-0.0049747209924424236
B000NDJGTK,-0.010612145670577215,-0.0012619392059462,0.013516025977645856
B000NE4SMO,-0.016270530887070866,0.01468865019954664,-0.019496306668380828
B000NOIX48,-0.018363906826492356,-0.00955919512027011,0.0016633016663884208
B000NOIX66,-0.020097854085202666,-0.012281838499645512,-0.004290291117123742
B000NQQ4DI,-0.018170677222531247,-0.010371296485697842,-0.003738513587586668
B000NQRE9Q,-0.020837852194943093,-0.0030048803179189166,-0.013011371788199276
B000NTPDSW,-0.02089411040783192,-0.008750546707409481,-0.001321691769282124
B000NVI2GU,-0.019382067050249783,-0.012500211313954625,-0.007408580393851353
B000OVLBFS,-0.021090668727738168,-0.013024699709434486,-0.005043056941555895
B000OVLBG2,-0.020001152781776305,-0.012531967768816732,-0.004489521831868727
B000OY8NCE,-0.01789535421229575,-0.012306697800601342,-0.004314411308777395
B000OY8NII,-0.01941468495747883,-0.0109478655288897,-0.005125409579804671
B000P6YNSE,-0.020246136768953104,-0.0110591290839619,-0.0014684845413723583
B000PE0G0A,-0.017130734564668598,-0.0023164169303803977,0.005956565795294613
B000PFSYO4,-0.019474834965221566,-0.010052835136551183,-0.0016444793198876469
B000PGTPH8,-0.019271928716195215,-0.01018050575784099,-0.005992673277834986
B000PKG8TW,-0.016085028522818623,-0.010621787028573863,0.0020791147476220254
B000PMFO3Q,-0.022025021727711622,-0.014342356977372088,-0.00527385848738176
B000PMLJMG,-0.015938580788711697,0.01589648820348726,0.043156519923729916
B000Q66FB6,-0.018099030630299436,-0.0018547404926109977,0.011163193318037369
B000Q66PXE,-0.02095717043660188,-0.012119979790676137,-0.004602041312833365
B000QDLSR0,-0.019088449671944042,-0.009998303738101432,-0.004803735597139313
B000QGDY06,-0.012991407053516512,0.017740141056708198,0.016370508252603045
B000QUEQ4U,-0.01748655346237988,-0.009347694908034204,-0.0031702326972508324
B000QXDJLI,-0.0202945629482118,-0.00906585423769902,-0.017802912675942712
B000R20164,-0.017620078748396828,-0.006962067879743226,-0.006458875068995904
B000R349JI,-0.018821379441513245,-0.012442798265291417,-0.004360854982926039
B000R7HY0K,-0.015609456205649895,0.0018091968222142248,0.00985981003739654
B000RGN2IY,-0.015340299045575437,0.015632896180191976,0.03709239892686376
B000RO6JZ4,-0.02026302170829442,-0.013343382060750898,-0.005528249658220617
B000RXX5XE,-0.019132420495154408,-0.009619968694920662,0.0036325384036028224
B000S6LS66,-0.02168618600214177,-0.01328545936149519,-0.0055148571232091935
B000SFJ4K4,-0.019427290278707755,-0.009086561009175924,-0.003213304633851993
B000SQFC40,-0.02026304417600107,-0.012349424405605394,-0.004945861901094391
B000T2MYZ8,-0.017440377146727686,-0.0039005677684880655,0.0023746098050286863
B000T9OP7G,-0.019298266535637907,-0.006375646282811268,0.002045995116406396
B000TBG98M,-0.018201938648654742,-0.009428373257436787,0.004847538547392367
B000TGJ8B2,-0.02042319901222923,-0.013975661391406635,-0.003951089793834608
B000TGUUFA,-0.020022789876508143,-0.012433610810809159,-0.004974720984908424
B000TJ6PBU,-0.016406512999878553,0.010739907861783771,0.015441124596078873
B000TJBN7Q,-0.01654001259127334,0.011694622061319401,0.025085755402085057
B000TQLJ4Q,-0.021290870321657256,-0.013468352438695064,-0.0046285370360538555
B000TYV3C6,-0.019566630710437686,-0.005254537293940426,-0.009453488599963691
B000TZJBP6,-0.01568199955921664,-0.003944323965470998,0.002772883693933862
B000U1ZV6M,-0.01999196368764644,-0.012308872734725182,-0.004964989915226066
B000UAE7O0,-0.017565459767344645,0.007379598728947425,0.008719089661907103
B000UY6OU6,-0.020623448075269748,-0.012620318973438304,-0.0048437585373001645
B000V86OKG,-0.020556775496246172,-0.012503310213093671,-0.0015018646611942733
B000VDDE0Y,-0.020330800126089902,-0.013321721603892321,-0.004739698245983853
B000VECAE4,-0.020556698363029584,-0.013250082143489543,-0.004674174766865897
B000VHVT66,-0.01806066846817966,-0.010377259703415031,0.004296642661245182
B000VKL6Z2,-0.015595268928657514,0.03264352486031958,0.03795483708571982
B000VM8YCI,-0.020861471456916796,-0.012504819612979307,-0.0037779214340688348
B000VS20M2,-0.01913020708284873,-0.011840977565548236,-0.010106814926770501
B000VSDNF0,-0.013497700536891123,-0.006533417344430357,-0.040281148193852284
B000VWE5OY,-0.01739420216266978,-0.008382542285834372,-0.007963386695737845
B000VXK6Z0,-0.02171037969849247,-0.014142179220157192,-0.005166339724705058
B000W07EKW,-0.02050036568273782,-0.007869174704923536,-0.01621604039037324
B000W668R6,-0.019088594011052926,-0.004892025944984149,-0.020229188054380925
B000WGTD82,-0.015968140017006416,-0.012367984188848657,-0.004226114704172787
B000WGWQG8,-0.019935570512341405,-0.013871091345350684,-0.006239651510657069
B000WGYMTM,-0.01555294949863945,0.02381080541457261,0.03538980853976178
B000WMA6H8,-0.019547293732146784,-0.010435814783106264,-0.0047421587747768276
B000WMA6R8,-0.017747939391542768,-0.0022392733364746107,0.0052735951098949315
B000WSVBG2,-0.019991960507370305,-0.012753543665047213,-0.005064928710003373
B000X1CMXO,-0.021617148737996777,-0.014579149082551528,-0.004648098632125166
B000X1Z0BU,-0.01969796558563935,-0.013894380932281758,-0.0013084899309038227
B000XA5K4I,-0.016896995344780164,0.002634527154819555,0.011315066500782012
B000XT1P5C,-0.02119908840418016,-0.013656492290919265,-0.0053985521058448685
B000XUOIQY,-0.019709773912081476,-0.004240180241929285,-0.004799480467510885
B000Y5CHIE,-0.020081780090058225,-0.00784667397466483,-0.016295874584322422
B000Y5JFNY,-0.01962241141335241,-0.00925160566271928,-0.002764089378453227
B000Y7WGP6,-0.017730313586146934,-0.0008480188156721694,0.008174374169118563
B000Y7ZBZS,-0.019693068172029208,-0.0074877555577562115,0.007147064566180062
B000YAA2SQ,-0.020470328441969964,-0.01299365897227983,-0.005423300548418113
B000YAA68C,-0.016656674093961658,0.00011502234185406823,0.0025903914322107755
B000YABIQ6,-0.01901505691312631,-0.008482042062197043,-0.005578725603105721
B000YABV7W,-0.016739356971470935,0.008769979325765218,0.016049622799293766
B000YABYLA,-0.018209820376604638,0.0008277151626793323,0.0018324745795182437
B000YAF4MA,-0.017984383246099783,0.01774028334086182,0.0382723666033736
B000YAF4Q6,-0.017987185125238482,-0.009839325633390433,0.0023066031952622703
B000ZECQ08,-0.01787095076328196,0.025990892749813175,0.0052701913691126255
B000ZOXDG4,-0.01740804595336078,0.003729279942359394,0.034647444679228284
B00104QSOM,-0.01826122959952898,-0.008493320928728666,-0.01267736368378552
B0010X744G,-0.01929822190613497,-0.008352173771778531,0.0004880430369964338
B0010XB1WM,-0.01419393884513642,-0.00835732441053089,-0.004617771924159549
B0010YSD7M,-0.019088471240843813,-0.008571650442493408,0.002650398772037468
B0010YVCB6,-0.017774943175817605,0.00846716814240629,0.007837058832691608
B00113O7MM,-0.01867756263721167,0.004220272544296019,0.02049310821762417
B00116GEJS,-0.018656624313345433,-0.0036561608785938495,0.009100980488449952
B00116GEK2,-0.02114405833116076,-0.013185515310417473,-0.005498506651109897
B0011FLM00,-0.01524593688168459,0.017475774863431482,0.027400764316199745
B0011G6FDI,-0.01347086732186952,0.025558639743682405,0.01945647331165512
B0011HOEY4,-0.018669239109106128,0.0016589067068332763,-0.008181913734226904
B00123BY6S,-0.01924298715180907,-0.008116100823287438,-0.010116761650494459
B00127RAH6,-0.02002274628355036,-0.013107303546124886,-0.00471952341537569
B00127RAJY,-0.02114402039223134,-0.0136896756869514,-0.005106773706452789
B00128VA6C,-0.017725144659138478,-0.0010492942145931149,0.006953198999321276
B0012DUT3M,-0.01311298718394894,0.01653647166948036,0.0209872495881489
B0012EM5EW,-0.02066963733124547,-0.013420107505414218,-0.004988475499651416
B0012IWO0I,-0.01831142812020625,0.010013394741592296,0.01919605786950097
B0012KJ0DK,-0.01508997748713119,0.016495335573266687,0.032366059076354405
B0012Q732O,-0.01305110663770471,0.037924858674216036,0.05069135249063669
B0012QCZ5O,-0.015183647307044272,0.00503988602545361,0.02011142971495695
B0012QE4Q2,-0.015689427712013187,0.0032140074502263302,0.017662316782804156
B0012RLXAG,-0.01803958321916477,-0.012631452659418166,-0.004194874287622194
B0012RWQJ8,-0.019822624277514075,-0.011139710217060792,-0.005948990126031529
B0012XSNE4,-0.019822624277514075,-0.011139710217060792,-0.005948990126031529
B001394S1E,-0.016567003690542592,0.019906571088375038,-0.017138656853657994
B0013D8M44,-0.020067250139104778,-0.012697283296747451,-0.004507897703434117
B0013FSL0C,-0.017620091687173767,-0.012309773618845865,-0.007216042153245217
B0013FZUQA,-0.013544314475536674,0.01880881721681509,0.055466561705462
B0013FZUQK,-0.01830865072146346,0.005473521896724676,0.0236910305741534
B0013GS3WW,-0.01808374140538808,-0.0108238063732672,-0.004019808408204818
B0013J55B6,-0.01648641196109023,0.04806467206274594,0.07673416547319463
B0013K7ZUE,-0.018775513498770924,-0.007538951933381352,0.0008826762773348477
B00147AJQ8,-0.018213668913848652,0.0006975587336524284,0.022671900509887863
B00149JKDO,-0.015001528511242743,0.051536406307105515,-0.015529758520896478
B0014BQR1A,-0.018779322956774095,-0.012388279002621662,-0.0027603198280911866
B0014E29TQ,-0.01575178085441168,0.012416822295047161,0.02048926356973634
B0014F20GM,-0.017767038216935975,-0.00737603949693156,-0.0005881865562027282
B0014T7ETQ,-0.020850358801586828,-0.013268396681090762,-0.00446066164506058
B00150N8EY,-0.01908835661347013,-0.011875186876645192,-0.005516046731566932
B001589S0E,-0.018363906826492356,-0.00955919512027011,0.0016633016663884208
B0015ABRE2,-0.020032328560319185,-0.012544770982678552,-0.004786817259109104
B0015OKWL2,-0.013273534879244618,0.016662939557040356,0.03378919925301228
B0015XHP4A,-0.020405568077223428,-0.012345502867654543,-0.005838754405164795
B001614F0S,-0.016603802938477553,0.0043493050042696935,0.009128080600805503
B00164KYTG,-0.017321886296041467,0.016229277640900788,0.03155130140585818
B00164KYV4,-0.016018970252603314,0.02503902426879182,0.02820794307688425
B0016KHA10,-0.020627529554991073,0.007954778467540261,-0.021503172745339413
B0016MLIKM,-0.020263243368778765,-0.013186272047052095,0.006686882334077589
B0016Q2D5M,-0.016760640961930893,0.029544640762001747,0.03020301591369038
B0016Q2D66,-0.016183993516654522,0.005044719186911478,-0.0031977108048382163
B00177Y9ZC,-0.014968984487509216,0.02699619338267622,0.041002890288694444
B0017ANAZO,-0.014473718599984633,-0.0031463177511873203,-0.0005679205908983398
B0017ANB08,-0.01576559280952264,0.00966442021379668,0.0033413481793368527
B0017APPSE,-0.015689427712013194,0.00321400745022634,0.017662316782804135
B0017HRJ04,-0.019969525146802454,-0.008212817417600894,-0.00011947313855308933
B0017MO10U,-0.018835274070265418,-0.010803172568779919,-0.0021314818289284517
B00188M5TM,-0.019311656363554607,-0.00295417366711144,-0.0023501278414585695
B00189PSQS,-0.018461699689451976,-0.0071318013970210585,-0.004512868151159465
B0018CWEZ8,-0.01929826820584962,-0.0066945490419648805,0.000244178908390984
B0018RWMNM,-0.02058351509761225,-0.010731667728258341,-0.0016426509551740465
B00195FUDC,-0.015297450105816854,0.022298449295546044,0.04133805082521196
B00197POXG,-0.02042321024277772,-0.013064900882439215,-0.004977350457124999
B00198X0UO,-0.020483430656597894,-0.008662401966460792,-0.016003234876244405
B001993Y2C,-0.020077992862990775,-0.010659676419230798,-0.0062243363385897765
B001993Y9U,-0.022025021727711622,-0.014342356977372088,-0.00527385848738176
B0019CB5T8,-0.016854435211380164,0.013230119163327581,0.03905982184611775
B0019ESNFU,-0.01973455380081612,-0.008167506192282493,-0.016224388049436975
B0019EXZY4,-0.018463855636311876,-0.0003155646110871596,0.005443154104772214
B0019LY5IC,-0.014683492329423101,-0.004600710189929192,0.0022400701727444765
B0019LY5IM,-0.019668926499387313,-0.011857314219484508,-0.007782006439438708
B0019M5C0Q,-0.014730294392111697,0.07574942355554479,0.043384893971526374
B001AI7766,-0.021046134924261953,-0.013542664219656742,-0.005394446579603522
B001AI776G,-0.02087590511234526,-0.013175512367277237,-0.0057224160484567535
B001AOHPXA,-0.019131937150369958,-0.002682013519831992,0.012336674229920718
B001APZMJI,-0.017620352116701928,0.005980132819376877,0.0177556298896809
B001AQO3SS,-0.019455477830476735,-0.011106961435222006,-0.005633200855016716
B001AQO3WY,-0.015586989329261903,-0.008510271091075543,-0.0033283350325829797
B001AQR3J4,-0.018954943972375158,-0.009166389425934446,-0.002138120213637828
B001AQR3LC,-0.020177824090171086,-0.01158710631373225,-0.0036443917545952486
B001AVCFJM,-0.0191451515632535,0.04706591996847722,-0.02622376090412805
B001B2U1AA,-0.019822627896165894,-0.014715100286628865,-0.0017858832449310427
B001B48C36,-0.019704983801671096,-0.006068120506941959,0.011713262385980904
B001BCO8XQ,-0.014650846552490885,0.012141488299640112,0.030732027463435927
B001BGS16W,-0.01880197421081888,-0.00719482060390166,-0.0020005716482589127
B001BMGXTI,-0.02104613982925531,-0.013398040137520245,-0.005031542687247216
B001BP3Z9G,-0.019261203069932946,-0.00974419392745825,-0.0018445988327858882
B001BYLFDA,-0.019045973810350822,-0.012137875347775742,-6.347651971972555e-05
B001BYLFFS,-0.01809200839369228,-0.011332059625063968,-0.0008540244314067543
B001C46P2K,-0.020865830164778675,-0.012750238708573048,-0.005148040848439292
B001C4CI8A,-0.016438600811421452,0.008755631262985203,-0.0028420759722776016
B001CEE1VC,-0.01612006756462075,0.020243800073538896,0.016673866259165518
B001CO42J8,-0.020839087788678375,-0.012186007494398129,-0.007302484762037499
B001CQONOA,-0.02031988823214301,-0.011964198310581266,-0.005351122914503241
B001CTA1UM,-0.01598875088450598,0.0029966911350586462,0.004219683929556115
B001CTDH76,-0.020556698646676135,-0.01289982421526677,-0.0052766958113306455
B001D27GIS,-0.020137163998608588,-0.01309709450884927,-0.004968243169030822
B001D2WU9I,-0.016559046074136153,0.014640236459725557,0.02261674108750002
B001D7T6CM,-0.01720083747774947,0.0022064090692591708,0.01820726994214675
B001DHXT4S,-0.020393630600549294,-0.012774834210127142,-0.0009839897496623103
B001DJ7PR8,-0.01617058613871322,-0.006657148382231411,-0.00023318634548774662
B001DPHDJ2,-0.01735308079778168,-0.01175275186148132,-0.000337246676575776
B001DSNEME,-0.02076647566959742,-0.011737365959397473,-0.007177081925591131
B001DTUTU8,-0.019294104869885004,-0.006416788299471168,0.002571978728032949
B001DXBUCA,-0.017808360225901838,0.03393579806028376,0.08382988218542445
B001E95ZNS,-0.014591919539200162,7.842988148944234e-05,-0.001692990905226688
B001EAWMGA,-0.018830481538219285,0.007928924466102785,-0.0008190889153270747
B001ED8QRQ,-0.020775230126583413,-0.002914822032050621,-0.005432448043862608
B001F0TT60,-0.017620130561423766,-0.006181964434578422,0.006953080462099617
B001F76PD8,-0.016528071631886562,0.04884074423847497,0.0760590743214259
B001FB4VXU,-0.020900434714860302,-0.012255638472407262,-0.0013728143362257204
B001FB4VZS,-0.017958924661080216,-0.008990679155857556,-0.0026104003438501724
B001FB4W0M,-0.021224124322442795,-0.013557415217569,-0.005017951613935798
B001FB4W0W,-0.018109480679545917,-0.010958575949372168,-0.0028328113233268347
B001FB55H6,-0.017302589684157797,0.01737780756675309,0.012122439301413606
B001FB55I0,-0.015799013099914733,0.04685197277174941,0.0461006189433944
B001FB55JO,-0.01853621808674052,-0.00022235659952133668,0.002983332948714313
B001FB55KI,-0.019578165457932235,-0.004818795397001215,0.005626658404039891
B001FB55LW,-0.015842812708917842,-0.0024485814355859263,0.002877248282393649
B001FB55M6,-0.015842812708917842,-0.0024485814355859263,0.002877248282393649
B001FB55N0,-0.016929408617396825,0.007541497755007281,0.011158381503527675
B001FB55YE,-0.01585815561725758,-0.009855690411604985,-0.002202368500870665
B001FB5634,-0.017494467000105252,-0.0044253698283231455,-0.008308516536653595
B001FBV55W,-0.016471807938686554,0.049092505121411036,0.07079405059163715
B001G0MFKQ,-0.020633996308331126,-0.01202441740169456,-0.006030615006520488
B001G0N22G,-0.016152130535539818,0.00044601637149612963,0.023883626912883944
B001G619C0,-0.020556747764082804,-0.01055103324102161,-0.004478917825380008
B001GCUNWQ,-0.018706542254604195,0.013648510518748859,0.020376143959004292
B001GCUNYO,-0.01878646966622105,0.039996261136958075,0.04102568839131199
B001GCUNZI,-0.015648359009046375,0.03502499293581234,0.02317703631009982
B001GCUO0W,-0.016612773883684196,0.023556601218789684,0.011041939581745862
B001GCUO16,-0.017732224518411565,0.10282763637694839,0.021519168752374356
B001GCUO4S,-0.014740521138093711,0.03742390681411853,0.018564825806778346
B001GCUO5M,-0.017569047792673972,0.015852670146293473,0.0008362391618432518
B001GCUO7K,-0.01853834104171961,0.023973459072162782,0.008800796385698032
B001GKJ2DY,-0.017216400406332627,0.010917682319533143,0.007739646864162742
B001GLX74I,-0.015228923361925493,-0.002452573363020625,-0.0020593771558605123
B001GMAVGE,-0.016250221711446623,0.019772669567400678,0.01675805458184812
B001GUYAZY,-0.02082880348894224,-0.013524010511838524,-0.0001305987990809905
B001H5X7JS,-0.017580544976379113,0.02433830230181285,0.014416639571257968
B001H9MYPW,-0.021624569500006595,-0.013959290265860631,-0.005173345174977546
B001HC7XCS,-0.021213636432743165,-0.012793594560742716,-0.0012578210286566247
B001HN68ZU,-0.018683437435966913,-0.00557612518833262,0.006059021955457677
B001HN6918,-0.020170545613950024,0.005221130140555617,-0.005587944413469547
B001HN6922,-0.016668206082451415,0.02874407323750299,0.01943423104277829
B001HN6940,-0.016739799287456673,0.03844721134444678,0.030489478231331836
B001HN697M,-0.01788339054740966,0.02000573655260559,0.022915842716617545
B001HN699A,-0.015572119419124685,-0.013939162517654802,-0.014184534072121795
B001HN699K,-0.015572119419124685,-0.013939162517654802,-0.014184534072121795
B001HN69B8,-0.016681520177840914,0.0010631203989344823,-0.0078875066212164
B001HN69CC,-0.01572293293755441,0.00955926556373196,0.01615947863855897
B001HVZOA2,-0.018346938519529024,-0.004381523631967556,0.02386654379718602
B001ILHY2C,-0.016877487023278247,0.012719468553617086,0.01932929299633078
B001J4E19C,-0.016583912769983944,0.011457472897068968,-0.010171998989491752
B001JAHRF6,-0.017620032215323676,-0.011016210637073906,-0.004708917472797356
B001JNNDC4,-0.015385233583555272,0.02642666553370196,0.04351011109546951
B001JQ31LO,-0.017388527478094377,0.012016863762610836,0.004292946066201775
B001KP2J26,-0.019653131031873092,-0.01047370330519582,-0.0032789271148944152
B001KP2J2Q,-0.019653131031873092,-0.01047370330519582,-0.0032789271148944152
B001KQNZXM,-0.016631461593244135,0.0019201077621840343,0.004417196263479366
B001KVZ6ES,-0.020039978711015163,0.011781440927110464,0.03561107713012035
B001KVZ6HK,-0.020621527441633737,0.0023124525075566577,-0.02028293730635031
B001KZIRKY,-0.01787769764911116,0.006924725972555696,0.005119081244650716
B001L2ZSKS,-0.01629378282991359,0.02573924685944877,0.03603497829857941
B001L57ZZG,-0.018199816840111422,-0.009523307073711625,0.0044235247328580285
B001LK8TEM,-0.01902605432101627,-0.0036962432720836066,-0.00046895496435803207
B001LM6VTU,-0.01757833935827885,0.02957559863565633,0.010751532833524341
B001LMU1KU,-0.019088400516463298,-0.010787970344830422,-4.255855863721659e-06
B001LPWGBY,-0.01619914328723536,-0.0077922228449472065,-0.007913148200395709
B001M5UDGS,-0.02040989697696697,-0.013257318184223045,-0.005374149274345025
B001MDI9I4,-0.0187947145768665,-0.011626165909858674,-0.005844602225328091
B001MFNB4O,-0.017179691960315862,-0.005352772205145565,0.007594188330350268
B001MT7ZEW,-0.015329636080703318,0.004733310779230091,-0.006736841632283349
B001MTYRKC,-0.01383507768387788,0.030234254877688823,0.036447567604486066
B001MVYUQG,-0.01841094144632954,0.009684885936202377,-0.01392711630242171
B001MYIXAW,-0.018643768761058922,0.0016518702235529792,-0.004781632211064509
B001N26GFM,-0.019639253289531405,-0.003980466938856397,0.007103843222532918
B001N2MWGO,-0.017125769342561617,0.025061124441243962,-0.007093455686481017
B001N5BDX4,-0.016243484651366054,-0.010349773927428708,-0.001288780887082039
B001NFNFIK,-0.01492830600396496,0.004590319428153014,-0.008663520924796856
B001NPD9JA,-0.01665134128308973,0.008536905240982396,0.013044707946813826
B001NPD9RM,-0.01582132083397316,0.013105985929405232,0.021347068627959893
B001O4C6NA,-0.019653109135286326,-0.011812229217217836,-0.004297627985077032
B001OQCUYS,-0.017520078578759618,-0.004842520994359629,0.007652563563848242
B001OQCV2E,-0.015193877627813063,0.0608433879388245,0.06036256885898572
B001OQCVH4,-0.016468232336004772,-0.002568581324274146,0.009473290243766393
B001OQCVI8,-0.014774504360593986,0.04063103855871783,0.03465997786669171
B001P5I5ME,-0.020556786172764036,-0.010180499921918785,-0.01263898470753702
B001P9KR94,-0.018828684994314518,-0.004486405296264924,0.007341989046512418
B001PMR2KS,-0.019639253289531405,-0.003980466938856397,0.007103843222532918
B001PO550A,-0.020923775134774787,-0.013988008032390762,-0.004925966573898641
B001PO5N6G,-0.017987829654346345,0.022994686271591392,0.025804676005384428
B001PPGAIK,-0.015849484422244473,0.017015603793803017,0.023909812179849804
B001PR0Y4O,-0.017962801494422507,0.02222747704293459,0.008365197690563615
B001PR0Y7Q,-0.01730553272902133,-0.0022989020484428264,0.001522797797326036
B001PR0YEE,-0.017312960255796997,0.0009472044055981174,0.007605373935483964
B001PUTN3Y,-0.016396400362595202,-0.010432674397245661,-0.003445168343060912
B001QB5SS6,-0.019726783129978796,-0.011996041058823152,-0.008213623665378138
B001QOGXUA,-0.01599745552002169,0.009610448821287849,0.016465456788426883
B001QOGY4U,-0.01363475287608294,0.003934698141831224,-0.00034693630997415507
B001QOGYAO,-0.016051117151161663,0.03596598185103163,0.006740447950981876
B001QOGYBI,-0.01927209796302146,-0.010124177572440406,-0.008149333023686738
B001REZM74,-0.017048379847949387,0.009191936608580514,-0.0013448925076821989
B001RIZE3M,-0.020923801736989912,-0.01234433368566804,-0.0027047922246464825
B001RTKKRQ,-0.017410395800536414,-0.0022513929270738227,-0.0011391406544844459
B001RTSPVY,-0.020402287712382616,-0.011579863216185544,-0.004635640453577444
B001S3GDT0,-0.019584477934348348,-0.011256452082843399,-0.0005630612803198543
B001SO6KNS,-0.020461112326827433,-0.007414627043681409,0.0012086334810914908
B001TGU6IK,-0.01938204315566346,-0.01313570893812105,-0.0037939052587799113
B001TH92N4,-0.01855992035187965,-0.011250955894564268,-0.0037145582917322345
B001TRDQIQ,-0.01577037057698202,0.0157902583317345,0.023341599659592482
B001UHOWX8,-0.020935756252076825,-0.01418251410899045,-0.00669350158129566
B001UJE98Y,-0.017887374951792007,0.020003959388688153,0.022906215588884754
B001UV4XEM,-0.017937803516864394,0.0008019562383290211,0.0005788933885514976
B001UV4XFQ,-0.01665045354975959,0.03071936572562649,0.01995414022810675
B001UV4XHE,-0.01635219177949351,0.0007964365830465704,-0.00820598416446852
B001UV4XI8,-0.01914291982441597,0.017657187088526337,0.009716384198914298
B001UV4XIS,-0.020034054449167997,0.005364350266810711,0.0009959047816633219
B001UV4XS8,-0.01776569191919217,0.012337851690585707,0.0026728613975233032
B001UV4XUQ,-0.018190207388718224,-0.011179025916300945,-0.011642765693964306
B001UV4XWY,-0.01280234024658973,0.01288106530365555,-0.0017661539779721368
B001UV4XY2,-0.019203365136144616,0.009174839387423472,-0.011276477153350598
B001UWOLQG,-0.018996584406996007,-0.012509631092104014,-0.004767916467691897
B001WAKOW6,-0.01608812812247571,0.0003210874751580246,0.008722630608097286
B001WAKOX0,-0.019822884576774488,0.0004842477224520452,0.014088129796611379
B001XRLWPQ,-0.02051808824538011,-0.010441376201290155,-0.007051289427610527
B0021AENJG,-0.018476687163651716,-0.0037121803631143617,0.0028223856133916705
B0021L8UG2,-0.014761168611108263,0.02083273526098819,0.03256396157589762
B0021L8UO4,-0.015480600694774064,-0.0017352291542399884,0.011374997778738887
B0021L8UPS,-0.018144753192006566,0.006804115981607004,0.013065112174756251
B0021L8UXK,-0.016909855915884665,0.011038633787954747,-0.0034083882865930237
B0021L8UZS,-0.014058768450175655,0.004316850779175561,-0.00642627293321822
B0021L8V0W,-0.018148554435572083,0.05071094433919885,0.004138218290358002
B0021L8V1Q,-0.018017176687947962,0.062654607371844,0.023620549319469386
B0021L8V2K,-0.016903271637425492,0.01299610076708036,-0.0019034188393065184
B0021L8V34,-0.014617365436269573,0.04146425789528064,0.02779062122598232
B0021L8V3Y,-0.017460142054775186,0.004623092429035155,0.0029564389919393167
B0024396EW,-0.020477363775199747,-0.011046158224574523,-0.007476169801846097
B00243HD2Y,-0.017751297495595716,0.016278098673367505,0.014933681488444006
B0024NSFZI,-0.020462046825618155,-0.008922625815690711,-0.0051968597004388795
B0026OE2O8,-0.017091662230860328,0.0021416034500567316,-0.0038421204644229086
B00275EGX8,-0.01806945726995558,0.00829109676646082,-0.01732922507317227
B00275EHC8,-0.01448766909189216,-0.00957682466115662,0.022925088952575168
B00275EHJG,-0.020556851848407148,-0.003566874294419965,-0.009726277134268227
B0027BOL4G,-0.018627088153717115,-0.005177992598499839,0.012533863059214759
B0027FG29Y,-0.018921658941978548,-0.002690605750169708,0.00272815639803908
B0027P94CQ,-0.016018340618166343,-0.004891485910668053,0.002361322993595866
B0027VST2Q,-0.022025021727711622,-0.014342356977372088,-0.00527385848738176
B0029LI69A,-0.01676781177311268,0.013933137399664352,0.021016912087796692
B0029O0ANW,-0.015662270849461587,-0.010904582826259225,-0.0036809709679493496
B002AK9URM,-0.011919450016622247,-0.006844444157385187,-0.00368197906616915
B002AL2TYC,-0.020161387332800172,-0.013159272257188308,-0.004592340895889595
B002AMUDJY,-0.017428552504562645,-0.006876609746700825,-0.006429998068049454
B002AMUDK8,-0.018996573805155775,-0.012851316436491067,-0.005590838360084689
B002AT4KA0,-0.019547564929632243,0.009638986119800302,0.037473109049739335
B002BFBAWO,-0.016665860780433375,-0.0033194762746850326,-0.005867438317114721
B002BFBAYW,-0.01688598824791199,-0.005780542699692606,-0.0004556245552389605
B002BVYBJW,-0.01922188333843548,-0.011741064001398393,-0.0074859338724401646
B002BWP2IK,-0.01908841339060176,-0.010930913600356768,-0.003497701137919458
B002BXGIPA,-0.021804773839174674,-0.013942828317115583,-0.004906630751568499
B002BYYA9A,-0.018952376330467518,-0.007450223642441419,-0.002791073333545537
B002CYIR34,-0.018214303019691982,0.0016802292781934838,0.009235884091245226
B002D1XKB0,-0.018445968452937726,-0.012181998018352617,-0.005082091947807304
B002DKGWSE,-0.017940713861947725,0.004800757869902675,0.02960172750541526
B002E2M5IC,-0.015288199316670739,-0.0019994137919550035,-0.003202673036664895
B002EEOE34,-0.017065211274820382,0.009933016473732022,0.030295988856103927
B002FLZM8M,-0.020373148383179773,-0.01322707243741648,-0.00490946771654516
B002HEXVUI,-0.018587596089371754,0.08223792879509871,0.02486709188008877
B002IDVUJM,-0.017848122115467966,0.0028472173022587284,-0.006325316029779777
B002JCSWVG,-0.017806403141836725,0.0010901540400023767,-0.014862995553558793
B002JVWR4A,-0.02117797904440971,-0.011730065705394678,-5.3629066432390255e-06
B002KISB56,-0.019734489785875053,-0.014403683947753935,-0.007152626525382203
B002LFPBOM,-0.016708683689428898,-0.012577834143158653,-0.0072445177736213525
B002MZZMRM,-0.018043408096911517,0.0014928433399843323,-0.0005071444745067973
B002N5N5M0,-0.020981800566222477,-0.012397842576946294,-0.0019566305167740723
B002N7HXJ4,-0.014640336831149299,0.003213347145815558,-0.013803839901756931
B002OEBRJ8,-0.01250492884431001,0.01136591898968352,0.03309443254315267
B002QEHPQA,-0.016354792924529994,0.021595485185335564,0.016338096971031307
B002QW7AJY,-0.015784948264202858,0.011148191210881848,0.02158020681015179
B002R0EIVI,-0.019749302442736368,-0.007122478623220918,0.005943416936251553
B002R0ELCY,-0.01929827975344089,-0.005325506186602403,-0.0007156033558072557
B002RBNNTA,-0.0148381902147939,-0.0014704721173181708,0.01621496063021511
B002RD55M6,-0.017015740950444048,0.0023175401879652383,0.007650773995830866
B002RD55NK,-0.017891480221649336,0.016077019867517698,0.0005456208638638823
B002RSDW80,-0.017266660694514428,0.017043258834246927,0.014668565517451354
B002RUNMMO,-0.01931427845166351,-0.01187370016080424,-0.0038626360651191614
B002SAJ6E6,-0.02045181992684764,-0.012454942393130657,-0.006216103418954745
B002SAJ6EQ,-0.01954719939428351,-0.011993121479503405,-0.004075120138498915
B002SJIO5O,-0.018047830415296947,0.011788010200254289,-0.005276459972386633
B002SVP9GO,-0.0180607439930964,-0.0008241458791763689,-0.002774202985415234
B002SYAGN2,-0.014222141071510836,0.004271058706581576,0.009740782148855041
B002UNMW7O,-0.017361157187143345,0.0014114376290859734,0.005518138569863062
B002USF1VS,-0.015243067567202572,0.00787787984618813,0.02121212573871475
B002UZCJ8Y,-0.016070828973572905,0.04117931051332988,0.008461962809003914
B002VECMB8,-0.018012039159368037,-0.004813217014592854,0.004097382143946646
B002VKB0LU,-0.020263061481461255,-0.011038548494715437,-0.003643979986101339
B002VKB0MO,-0.019088374151733138,-0.012384487960476254,-0.005358700815725585
B002VKE1K2,-0.0157615538881513,0.022322878175554804,-0.011768509287829743
B002VL5BWS,-0.016739355572546404,0.00525771265741481,0.009638024977266239
B002VWOMZ4,-0.02066971453652424,-0.007783541718916717,-0.013625409497024872
B002XTBEDI,-0.02092377949810476,-0.013303105566271284,-0.004446203487578945
B002Y5UCOS,-0.01615222865564004,0.01335552181386653,0.03537577722162483
B002ZCY872,-0.019507889376645677,-0.013114062571517798,-0.003696089682978036
B002ZG9724,-0.014107754599305113,0.025707275192412227,0.038220477521158244
B002ZG975Q,-0.016264973072064398,0.017684859228113674,-6.079944740522356e-05
B002ZG9774,-0.01856012015878567,0.013062741295801632,0.01056784201644462
B002ZG9788,-0.015048534337245142,0.05157229185055813,0.048425990527892496
B002ZG97EC,-0.020719883223629842,-0.011411298098715635,-0.00345298604732753
B002ZG97M4,-0.014867118974727514,0.004913689469813482,0.00947416524664056
B002ZG97RY,-0.016069199557962963,0.004983354953457523,0.003189475678907572
B002ZG97XI,-0.015055498889689024,0.01793592713884054,-0.008459936597602167
B002ZG97Z6,-0.02043029715759506,-0.003780085334308412,-0.0014635409556049113
B002ZG9846,-0.017907055472257502,0.014560094925119466,-0.007515370714703116
B002ZG986E,-0.017620537843104297,0.02085472543428138,0.020107001000311917
B002ZG988W,-0.017748239694001005,0.022476669954564727,0.0036459586772394363
B002ZG98L4,-0.01675018437391489,0.0003843871544965883,0.016302464721623822
B002ZG98LO,-0.017700679376893003,0.03151494617084275,-0.01064658344908967
B002ZG9904,-0.017620311621696416,0.009692884706353518,0.016433423032720235
B002ZG996I,-0.016698241401955312,0.0008490749408632527,-0.0009749603205472618
B002ZG9990,-0.013687653940688197,0.03263106197341532,0.006999284184674557
B002ZG99HC,-0.016328468709472722,0.028691944813528363,-0.012456906283220994
B002ZG99MC,-0.01733619441354384,0.0163853662970826,-0.015711280750239316
B002ZG99UY,-0.015256648852048789,0.013174186913231469,0.01767505094349035
B002ZGW92Y,-0.014516723440531292,-0.0002648177323997996,-0.0007925831300776722
B002ZTNJ2A,-0.01658368207050799,-0.007989044821856136,-0.0038481687397818403
B0030DGHL0,-0.014657329658220534,0.03595078560697575,0.027730843129940883
B0030GCZM2,-0.017909485941168875,0.027835458980756456,0.03541515210998757
B0031RAOVY,-0.020841688234217594,-0.007264734605433138,-0.006113604394041239
B0032BWL10,-0.01743145572681456,-0.007223185922442949,0.004180825222728083
B0032LV4NG,-0.02076646028925428,-0.012924131412600393,-0.005436329476448639
B0033AGJ5Y,-0.013508981301100436,-0.002323074244394746,0.019060186229177347
B0033AGJ68,-0.01589219664224464,0.04410585234290663,0.03845199688613579
B0034G4P7Q,-0.017956648328159172,0.0033284393036718206,-0.02770453724975689
B0034JKZ8G,-0.019222094888776534,1.849376369334458e-05,0.014846130291294628
B00364K7AU,-0.020495633575512623,-0.007270307034983397,-0.002303408009871329
B0036EH3X4,-0.017440431654249116,-0.004528556476800558,-0.000759154920375659
B0036RPM98,-0.01850116635449839,-0.009509147747809093,-0.015532519802028018
B0036TGSWG,-0.019381986473731544,-0.015289088615946128,-0.007787330779007758
B0037QGS0A,-0.016936647257705845,0.0003070261499365999,-0.004729569209022738
B00388PK7O,-0.01982255107058205,-0.012759408720651235,-0.0034995448214173975
B0038JE376,-0.016967788105243846,0.001284155811046469,0.011553356876518955
B0038M2AWI,-0.01585812055865277,-0.005062664786305181,-0.0025122216135029054
B0038M2S2A,-0.02139573560514804,-0.01393944856225594,-0.005162547342655873
B0038N9X3Q,-0.017584997466662915,0.017177450842748635,0.009081999367655592
B00395ATT0,-0.0211440229469436,-0.013694998393247412,-0.004987831427273786
B0039USJBK,-0.016341360231170495,-0.0015731220158298623,0.0014745947185283615
B0039UT3LK,-0.017817472990215657,-0.00354639981389674,0.0012261113907048868
B003A8FET6,-0.017330534680443616,0.02726964822372705,0.0159984377649109
B003AIL24C,-0.017373579994133255,0.03730467138119547,-0.015406000611840725
B003B3V0UM,-0.013545635338965186,0.005663661734694377,0.01507668891767416
B003BEDAVS,-0.019427403474908865,-0.0005831381250593597,0.005426476350269951
B003CI2G6S,-0.01699092414660855,-0.0038934116139399803,-0.002598846465415792
B003CPPY74,-0.016309293053742593,0.004527709736427254,0.015308615828950546
B003CWEQ7G,-0.017753683104727223,-0.00032400748272412447,-0.00022620236909837814
B003ES5JDS,-0.02037321585645013,-0.008946265232820431,0.00130889721362053
B003ES5JEC,-0.019156770705851672,-0.0037770539330595847,0.002584112426791314
B003EYVXTQ,-0.01832493508740315,-0.00786899173772284,-0.007518835745608455
B003F1WA7C,-0.017275987902994977,-0.0028027151082806426,-0.011681134741029007
B003FSTN70,-0.02062346283415305,-0.012411042478915809,-0.0062590214679293845
B003GAMOIW,-0.016861132882948042,0.03202918571485948,-0.006943549628052665
B003GAMOL4,-0.01762006176812419,-0.010665752865517436,-0.009870280254167604
B003GAMOLY,-0.018207461532120703,-0.005492844466797985,-0.005585724915197422
B003IHUI0O,-0.018102542670142885,0.04342587164424805,0.003240755161753056
B003IY498Y,-0.01629888613330506,0.009700087049081565,0.01107102367236559
B003JLL2RW,-0.01992740190340683,-0.013392483378708941,-0.003824239419225989
B003JZCVR8,-0.017531168224665727,0.0076226229252384405,-0.01776905974740125
B003K7FB7C,-0.019271911599381415,-0.013323364245053976,-0.0038744148101784543
B003L1ZWG2,-0.016561050039615655,0.018466511034236317,-0.002157046045258493
B003L20IF6,-0.014550203091222461,0.0028764523903881687,0.020952879026056376
B003L20IFQ,-0.016306550246548358,-0.0005019900060175456,0.00840042664211945
B003L20IG0,-0.01815120229527215,0.022079818241178394,-0.011516419657327364
B003L20IJW,-0.019256344322561517,-0.0020364275218315536,-0.005857244648071161
B003L77FYS,-0.021553060903212386,-0.014185208297597597,-0.005289160665988608
B003L77G06,-0.021793182958513218,-0.014055959821882782,-0.005339883122107512
B003L77G2Y,-0.019767052625507348,-0.012844827861758069,-0.005068660381183652
B003L77G6A,-0.02083451876264158,-0.012545253585612455,-0.005760887911017556
B003L77GG0,-0.01982257796316459,-0.010317910419583048,-0.003014897747528286
B003L77GGK,-0.019822566603614554,-0.010349151614368687,-0.0036998210098884285
B003L77GHE,-0.021535586896089327,-0.013716860235836995,-0.005381824583556222
B003L77GMO,-0.02139573379084013,-0.013915364532663522,-0.005282133493925486
B003L77GPG,-0.018501046334394276,-0.011639260609393928,-0.004005420139596758
B003L77GVK,-0.014866887263595176,-0.010838098423700173,-0.003424630972244076
B003LSTWH0,-0.01762013119106584,-0.007444327636824027,0.007756850030332492
B003NFM3JK,-0.01962263588695798,0.010503705512445283,-0.0017167384335863222
B003NKU9AK,-0.019161831063670774,-0.01092488213201373,-0.005421566971130536
B003OCWF6I,-0.0164569597019724,0.026452195206039534,0.009949474931971321
B003P0W1KE,-0.01917479647875662,-0.013123881926352728,-0.006218560363242952
B003Q6D27S,-0.016451692177488587,0.008509423381802777,0.0176069502195609
B003Q6D2B4,-0.019651974628310673,0.02480533871366245,-0.0071959111730323655
B003R0MEZ4,-0.021424345438471538,-0.013592260715116553,-0.005006231357056616
B003R4ZMO0,-0.020967846864738064,-0.013011197591428074,-0.004683891615198259
B003R4ZMOK,-0.015417602871783476,-0.011429181499176176,-0.008208955700993927
B003R4ZMPE,-0.020729442826093666,-0.013180697883664237,-0.005014834300603349
B003R4ZMQI,-0.019221858582948864,-0.011472969603645456,-0.005311311738537099
B003RHZ6CK,-0.02001406149644278,-0.012838382453618036,-0.006401603803873603
B003RRXU3C,-0.019433899493631418,-0.012057246496557483,-0.005134293819864494
B003TO541O,-0.019251655994666567,-0.0035363032125879028,-0.010566498452132126
B003U0AHBO,-0.01722642386417295,0.04792621607659321,-0.005034667725731422
B003UD7J9E,-0.018636661066130045,-0.008889700987821188,-0.0019368336578311995
B003UESJF6,-0.01923742575673045,0.009780182601383688,0.006580023600045788
B003UESJHE,-0.020766778174482605,0.0010880444715680984,0.00853208320796607
B003UESJHY,-0.018403462386598134,0.004435701516692573,0.0007952006797209068
B003UESJME,-0.018900224151291396,-0.0005067529119895693,-0.002575684113405218
B003UMW69I,-0.01768498718263917,0.022967972021063893,-0.007798320176739387
B003UU65QK,-0.017722711093613168,-0.004871173463258198,0.005652852836274289
B003VS0CXI,-0.020012518654161104,-0.010635738807383001,0.003606179400386014
B003VWDK06,-0.019308802352741475,0.0029990820830979705,-0.006917350665141847
B003Y5H54W,-0.01625529460690903,0.053895282048729974,0.0079454900955651
B003Y5H57E,-0.018443470728226802,0.02295406867536169,-0.02200483071156613
B003Y5H5BA,-0.017941832850257997,0.027106018114332858,-0.03569083750671383
B003Y5H5FG,-0.01607596937448311,0.028432349496255015,0.02015400256104789
B003Y5H5GU,-0.012345185516154938,0.021348110813171325,-0.013838730518787642
B003Y5H5HO,-0.018481039495439472,0.019762379657283804,-0.0328398803668517
B003YKYX7O,-0.0149286832081006,0.024101656105359075,0.029695103271900843
B0041H55LM,-0.02013725108741698,-0.011307912154385884,0.001049253305913109
B0041KKYDI,-0.019675894668866153,-0.0038765675828935703,-0.012020810518883538
B0041KKYEM,-0.017411982896086663,-0.005852190787583334,-0.03581578957993086
B0041KKYH4,-0.015544641016667702,0.023695320040779785,0.0014775282205882522
B0042AGNBE,-0.018020557664920573,-0.012915401470616957,-0.007168127801589814
B00432QAKK,-0.02118597198476961,-0.013860273856527864,-0.005031647927943029
B00440FO6M,-0.01982269682598816,-0.012203787133670848,0.0003123542605706224
B00466HN86,-0.021209291679688606,-0.013375792496518034,-0.005840751613972384
B0046A9RMC,-0.019822649084060832,-0.008939317948195169,-0.01360639935669744
B0046GDYLQ,-0.01880887400918881,0.0013172131175539401,-0.0036254712034120007
B0046H0HZ6,-0.016847546176092534,0.0038870399223914793,-0.004325142734081848
B0046MOVD0,-0.01722012232580454,0.03433616123118811,-0.005140465666208998
B0046ZT40W,-0.020483288024913372,-0.013734395103049269,-0.004361593661777881
B004919RHI,-0.01615196421194174,-0.0017196937070499756,0.006849096653782313
B0049EO108,-0.01835453940037849,-0.003134592549217111,-0.00038057282454786486
B0049EVR32,-0.015002920042415897,0.0016332028191741437,-0.0057376199334668535
B0049P1ZZQ,-0.019804547509526652,0.020118575469391806,-0.022015716908567354
B004A8ZWT2,-0.01586896304310862,0.05302561151120904,0.0020892568534248285
B004A8ZWUQ,-0.01785674590427756,0.05178030057132874,0.006053512973017315
B004A8ZWVU,-0.019945243216335992,-0.0017029236580939418,0.00432968401319411
B004A8ZWW4,-0.020409897010397585,-0.009116665599043106,-0.008922803478848093
B004A8ZWWO,-0.016534312847945192,0.022464380163081717,0.005131248823536582
B004A8ZX28,-0.017423437210040298,0.019023538501519922,-0.00028301481934979303
B004A8ZX32,-0.0163214082540977,0.0034687197921706445,-0.015496293925679349
B004A8ZX3C,-0.017513034856478264,0.02361429435335852,-0.004413200583289821
B004AE3QY4,-0.01822473647137492,-0.014855019652119222,-0.009780921498933275
B004AV5GX6,-0.014775310353873274,0.0033975093994358272,0.008684059967473878
B004B3PB74,-0.015564613107246876,0.006608020548550185,0.006731602473702484
B004B63M1S,-0.017665964333055832,0.020340163666982738,0.007495454994407627
B004BDOEZO,-0.017202878550277297,0.06777407928320017,0.031679994376920526
B004BDOF1C,-0.01700466023201698,0.06646081201880544,-0.011830655740635092
B004BLJQOK,-0.01856782992359438,0.01469424564945896,0.002673714955920725
B004C03TK2,-0.01942480695607954,0.00566095274622797,-0.008976781075750158
B004C45AZU,-0.018614841755137848,-0.004778331174119882,-0.0031550651300015858
B004CFH9F8,-0.019751695140445842,0.002021875435513156,-0.019403375658164395
B004DMIIPK,-0.014707389184632429,0.013958096554914931,0.009997079070033109
B004DY3N9Y,-0.015708694874762424,0.005051907092886201,-0.0009040233525188615
B004EPYZCQ,-0.017101754969453507,-0.010963967028021354,-0.004637566003589043
B004EPYZNU,-0.017620042697394478,-0.010773445407161077,-0.0036277017679891108
B004EPYZOE,-0.01603738102261536,0.018272478179467633,-0.012721056697714651
B004EPYZOY,-0.016910180156063288,0.03605318746951013,-0.005492489558106545
B004EPYZP8,-0.019295639550822936,0.018769765291257772,-0.020915940526409382
B004EPYZQ2,-0.01681081246346422,0.04326734450714329,-0.02011719586725516
B004EPYZQC,-0.019200775382293315,0.04114552014594025,-0.019821082784160886
B004EPYZRG,-0.015342073759648588,0.023503066190856597,-0.006951440428688926
B004EPYZTE,-0.014809011959536662,0.05351074610679594,0.004397551676971125
B004EPYZU8,-0.01593953653551758,0.012048439405632638,0.00576751720137141
B004EPYZUS,-0.018932288367394908,0.04857045844538548,-0.02762691999538499
B004EPYZVW,-0.018354251195083833,-0.011579318772396426,-0.006010565560753436
B004EPYZXK,-0.012537619825833436,0.009346734567564956,0.0047705341340181714
B004EPZ01G,-0.020097953211839072,-0.007903290502319563,-0.004382051858054877
B004EPZ02A,-0.014817140085492397,0.01245685121416496,-0.00714455832724509
B004EPZ03E,-0.018379617524817576,-0.003426695749945748,-0.0032919381533215598
B004EPZ03O,-0.018632300484856784,0.0036262827365177034,0.005706082520693557
B004EPZ06Q,-0.015975346400394642,0.027869218276867547,0.007790584863962858
B004EPZ070,-0.017820363481768277,-0.009781970430623064,-0.001312896976832302
B004EPZ07K,-0.01624264311076625,0.06338968859764063,0.00018446232653176824
B004EPZ08E,-0.016442083826565822,0.03668118821175129,-0.014424491118145248
B004EPZ08O,-0.017981558183596747,0.023466525619406823,0.0037091496943635507
B004EPZ0BG,-0.017070065179361528,0.030678326404264614,-0.01799112169188384
B004FK2MWA,-0.017990602715760685,0.038528052884678976,0.002667556967990176
B004FM2EL2,-0.017252951159221545,-0.011155529612937106,-0.004726632135934534
B004G5Z0DW,-0.017069726568097483,0.012357834315421425,-0.000875563792715562
B004HO6HWK,-0.018354901904923854,0.04392859806295675,-0.0004891501609626676
B004HO6HY8,-0.017923961023716312,-0.0024265303472447634,0.012525056072709885
B004HO6I2O,-0.01474032986705893,0.028035311359100742,-0.009547337894590979
B004HO6I4M,-0.019172318724138434,0.031489569492607096,-0.008984562980422817
B004I11VZ0,-0.020510843830950455,-0.009909346002013592,-0.004158693443774902
B004I2K4E8,-0.02055675923284871,-0.013566795485699399,-0.0039835776282269
B004I9SJFW,-0.015984439193855546,0.03430413972521042,-0.0040209491381444674
B004IFYMWK,-0.01837539245217477,-0.006255201255856243,0.0030398926627449936
B004ISM6E8,-0.018033328733611253,0.004128092239019005,0.009774729778693519
B004IWR06S,-0.016018749051958044,0.02400088015128679,-0.012416960925101177
B004JUJNNC,-0.01954020571000899,-0.006800335639033513,-0.0008139841404190785
B004K4FUUC,-0.020067249116782992,-0.013065413380013756,-0.0049123547295465775
B004KPD1IO,-0.02079164240430818,-0.011724884206613335,-0.006215759117344987
B004L3AR0K,-0.01708869850627493,0.011530356347018357,-0.011870908143426558
B004LROMSY,-0.01601826136395987,-0.005520593072307465,-0.0018400492120441854
B004LROMWU,-0.015417563410764187,-0.009065103552332053,-0.005347940147737969
B004LWZVZM,-0.01839132019374276,0.009978765322103664,-0.010196203326026018
B004LWZW24,-0.018239853254378276,0.013051155655847895,-0.011737804673729783
B004LWZW2E,-0.01889287540381978,0.008821235881329804,1.9805099321579035e-05
B004LWZW2Y,-0.01686513505137066,0.007800255655773944,0.010261069497201843
B004LWZW4C,-0.01932641250748106,0.027962891432595643,0.010175106433411537
B004LWZW4M,-0.018617026426974163,0.05304142022727862,-0.023938898608046152
B004LWZW6U,-0.013215272283131869,0.014789260241359048,-0.011250082309431813
B004LWZW7E,-0.016834183369927536,0.04913922851186261,-0.005824766761000706
B004LWZW7Y,-0.019393076762744987,0.010982579255440054,-0.01578213724814227
B004LWZW8S,-0.015221671086125342,0.0819814829982346,-0.005805665035477051
B004LWZWA6,-0.01866667792870384,0.023768916364266486,-0.01301779391296471
B004LWZWBU,-0.018184991056184378,0.004467587628921989,-0.0031557521151371567
B004LWZWFQ,-0.01763923759917994,0.07507762761794894,-0.03391269941923257
B004LWZWGK,-0.018114499925283946,0.06403830033958177,-0.01835371244339429
B004MKMQJW,-0.017191098648623625,0.05855633458867144,0.0005527919849196227
B004MW57BY,-0.014977021056064877,-0.010155485608767676,-0.004002264365348371
B004MYH08U,-0.012700122040664553,0.03081630218824483,0.017037599611895653
B004MYOYFC,-0.022025021727711622,-0.014342356977372088,-0.00527385848738176
B004OC006Y,-0.018156546855578142,0.043558089885274306,-0.008417899808077884
B004P1IXHW,-0.01777202061956036,-0.00671829526401404,-0.001939030589215125
B004P1IXJ0,-0.01672905663530644,0.03127142767205635,0.009714303664912426
B004QL7JYY,-0.017032709020605878,-0.011227721011412235,-0.004833837605707849
B004QL7K6G,-0.014550007235763406,0.0031572849747097433,-0.010105149694813959
B004QO9H28,-0.01725971856821091,0.032281601988076405,-5.0938675403114613e-05
B004QOB8SO,-0.02017801230057519,-0.008169663456904253,-0.0063684562805856005
B004QOB8UC,-0.020740270916709626,-0.011728864131189723,-0.006387460708931588
B004R67RC2,-0.018853473580975156,-0.012020031044115432,-0.0021517137162920877
B004RUEXVQ,-0.01762021457299582,0.006294931737168925,-0.018816272292771778
B004ULEEY8,-0.016621383508751572,0.07444460474585828,0.013878466932811776
B004ULNJF8,-0.01639081533829754,-0.006232183047157444,-0.004495983523990103
B004UMAPUO,-0.017476076169193524,0.025591109058577394,-0.00693882389679855
B004UQPM4E,-0.0208390879684093,-0.01437247646281548,-0.00453388452043453
B004UXUUJE,-0.018060745360930632,0.004007246494147789,-0.01034960597731607
B004UXUX4Q,-0.01856719607732246,-0.001591432634394693,-0.00037801783066376647
B004UXVDJA,-0.02134735436118351,-0.012997375095654115,-0.0039029834498899357
B004UXVDOA,-0.02072943813219099,-0.012612710861285981,-0.00447623850952754
B004UXVEUS,-0.02050022547704026,-0.012432398529499884,-0.005581747330613557
B004X0MHEU,-0.019991951042078515,-0.01271851972564686,-0.005386325778160185
B004X181TY,-0.01746007092378875,0.0034666393844846447,-0.02555183987956716
B004XCM89M,-0.014005999849125208,0.011412016094045001,0.009975393394148371
B004XQO90E,-0.018275555362215007,0.01968141438735227,-0.0018233336871172898
B004YM6JK0,-0.020022782535763412,-0.011430065270393974,-0.005265174356694881
B004YM6JLO,-0.020923790609074854,-0.01246123154013233,-0.0048882339380069036
B004ZBAB3Q,-0.01929828641162822,-0.005144423163602869,-0.013239585018992093
B004ZDY400,-0.01991840226192076,-0.004887213242001174,-0.013389534538360033
B00505QA90,-0.019853769920953973,0.00013762154982784223,-0.005696625095735742
B0050PYNO4,-0.01952895418079406,-0.007185978384735607,-0.0027979757622417552
B00518JDWW,-0.015509730211279216,0.019046709986402094,-0.03151210520643426
B0051938XQ,-0.014520336715652617,-0.0026207388700292605,-0.005603461025802023
B0051MKMNC,-0.01836643459060807,0.017484554147815003,0.0005957621064249473
B00527QY88,-0.02082367237183561,-0.013143719404646011,-0.005467554596153922
B0053O89IS,-0.02156934883657833,-0.012893652536458826,-0.00557421629091795
B0053O89JM,-0.020230428800735254,-0.010345599414606329,-0.0031328882734634666
B0053O89KG,-0.021804774984824055,-0.014097530062536662,-0.0053602374837090384
B0053O89U6,-0.02092389241222613,-0.009754489710513129,-0.016951758821597225
B0053O89WY,-0.02044379537019477,-0.011375816662633225,-0.006607762605595072
B0053O89YM,-0.017895356398047315,-0.012000952337021429,-0.005674443628026962
B0053O8A50,-0.020609175186216497,-0.011947355623217,-0.004574678695461309
B0053O8ALE,-0.020323303272189733,-0.010143602427596371,-0.01955957576350741
B0053PTFDK,-0.02063399653471643,-0.01310921222367599,-0.003586916069146781
B0053ZHZI2,-0.020470364725778366,-0.00912553027640368,-0.004881003686085039
B00543R3WG,-0.01892252589043213,0.01853155873914695,-0.01704189005462379
B0054K8JSG,-0.019653153178175353,-0.00981993337239452,-0.00393127812579607
B0055EAJ7A,-0.019198016279696386,0.059579528721934186,-0.014462788689350227
B00560317S,-0.019653090048568113,-0.014132244478983454,-0.0042743216026284786
B0056031LE,-0.020137166454339713,-0.013099428890964512,-0.004559435638550895
B0056IXS7S,-0.016490302083634226,0.03641749764913055,-0.040137571087509295
B0057GUD7C,-0.01653884605446607,0.014254989374222067,-0.015590752787028152
B0058N2SBS,-0.016463166976034605,-6.207492460546743e-05,-0.01452434653035614
B0058YPG1G,-0.021027746331027188,-0.010275275103479857,-0.005497030573339164
B0058YPGVQ,-0.02004283051804133,-0.010165616609140619,-0.005228651533981866
B0058YPILY,-0.020615467442723513,-0.01073050958482967,-0.00769141833916386
B0058YPKIA,-0.0154176275829797,-0.008247874391442643,-0.004661916237635712
B0058YPL66,-0.019631217190772602,-0.007869044012205074,-0.012342419072675533
B0058YPN0U,-0.019563520485209276,-0.005478296897298756,-0.00032432162107773305
B00592CZRK,-0.017070065179361528,0.030678326404264614,-0.01799112169188384
B0059XTTW8,-0.015468896940956002,-0.016532568355717037,-0.02156038605779474
B0059XTU1S,-0.01897936387334743,0.06420421929430765,-0.05958557474697894
B0059XTU3G,-0.019246559182701378,0.07960561666405419,-0.048408817868450284
B0059XTUB8,-0.018070767326916603,-0.0023658904818430527,-0.00762517614587111
B0059XTUR2,-0.016934907270072377,-0.007857123787829334,-0.0030941508744600082
B0059XTUXQ,-0.013750773038707205,0.015613662422078201,0.005147372302757578
B005A5IAC0,-0.01762003219288718,-0.01275199934216651,-0.005710487458978791
B005A5YYKC,-0.019442847506235216,-0.008893952562459513,-0.004825532706089159
B005B0QYMM,-0.014796465239416875,-0.003709206901088918,0.008746008021776672
B005BPTLIQ,-0.02100848634549222,-0.013542425204482667,-0.005291445188034241
B005BYBZKY,-0.020189699647982232,-0.009482966972996942,-0.006528155551120309
B005CRMXKQ,-0.020556726877435805,-0.010886929742469048,-0.004823434889852092
B005D0RDU2,-0.01713060736748172,-0.010473817828123535,-0.006220353976700744
B005DDN51A,-0.020556756323795156,-0.013685604349294344,-0.002758381919871451
B005DJ7AYC,-0.018435830711476964,-0.010259120735219571,-0.008824040193637013
B005EWRJGM,-0.01762008797918793,-0.011516564368213841,0.00270162062695768
B005F3XV7Q,-0.0158375883946905,0.02860669578889228,0.008724990173274988
B005F3XV80,-0.021450475472098513,-0.012932602252174926,-0.006107659124603765
B005FISBV2,-0.01961283322748776,-0.011351127935227622,-0.0041161885630837
B005FITIF0,-0.01813244610303175,-0.003211289807661674,0.00714393328976344
B005FITIGO,-0.017620524170651772,-0.0040516621538465684,0.005402589141976935
B005FITIK0,-0.015688101637432447,-0.004502451079839884,-0.02326198879098522
B005FLCD1I,-0.01925009520679887,0.0007832140410749891,-0.004432755205602724
B005GLHO48,-0.01872141563588535,-0.004526555882980376,-0.000631697699371014
B005GNZRMW,-0.015698252307876817,0.02471105259540842,-0.016956689106028988
B005GP7EUI,-0.021144023072078515,-0.013423320543536987,-0.005340258742023322
B005GYJPYW,-0.01904502444761715,0.061801351166348106,-0.007205134628638897
B005HI4LMS,-0.01945567665985035,-0.003504934955441941,0.005238109284407794
B005HS4CUY,-0.021144019189057055,-0.014339465027789731,-0.004952627005859994
B005HWAOHK,-0.015417881759462964,0.011989860694256194,-0.0009245868539045394
B005J4TLN4,-0.017907329174194558,-0.011391712389473438,-0.004920532024303642
B005LAIGLO,-0.01679440158973623,0.017585387625620195,-0.007320033497743276
B005LAIGNC,-0.01711707510998319,0.02035764479331138,0.0005532524370382486
B005LAIGOQ,-0.016565133728624913,0.01879129182975714,-0.01489100179998085
B005LAIGPA,-0.01664164458829031,0.031229524542647314,-0.027778056146845455
B005LAIGQE,-0.01874494281705207,0.004282500864331356,0.01104182980453232
B005LAIGSC,-0.017937810707415607,0.02627257696042317,-0.0031131436223232416
B005LAIGSM,-0.017683404004501035,0.011393854184538529,0.0052564527667806095
B005LAIGW8,-0.01555972680845379,0.05706043804017162,-0.004432059124428841
B005LAIGY6,-0.016229717616137028,0.04811719723238142,-0.0016160258375236772
B005LAIGYQ,-0.019278688062595188,0.007485732326230022,-0.010371711472467664
B005LAIH1S,-0.020439281137173436,-0.009703803540587886,-0.004030040625938031
B005LAIH2M,-0.017666611184706242,0.0701346621736535,-0.02108786530414126
B005LAIH5O,-0.017123308928497408,0.045473609841870946,-0.01584169900497194
B005LAIH86,-0.01775370241947829,-0.0003410253051039865,-0.0016198885531511014
B005LAIH9A,-0.01743673732617638,0.014568902657098108,-0.020452836032344338
B005LAIHBS,-0.016060543459680904,0.035349834536688045,-0.003279092644959816
B005LAIHCW,-0.015770358271167982,0.023728393926347013,-0.0013589952897005621
B005LAIHEA,-0.014640430979149004,0.012991130009274127,-0.00907321640725917
B005LAIHHC,-0.014502768811100838,-0.00160668398663473,0.0034008943202750905
B005LAIHQS,-0.018858436703960806,0.051569837497755906,-0.016840406752606896
B005LAIHRC,-0.01658711695974198,0.013765609325612008,-0.002662565004049599
B005LAIHSQ,-0.01751437015904352,0.0641211350105135,-0.02905313516898296
B005LAIHUO,-0.017273794555605047,0.03733900683231798,-0.007409273350433105
B005LAIHW2,-0.018688182474284647,0.005260549427795666,-0.006939707152418531
B005LAIHY0,-0.016097931250537743,0.09360925460293124,-0.002746442086392957
B005LAIHZE,-0.016403443972331,0.038996596587155194,-0.00706010679870675
B005LAII0I,-0.015522848829757302,0.02935341610480156,-0.006695832346533892
B005LAII1C,-0.017015940564938745,0.023795246213390804,-0.036586869405515386
B005LAII1W,-0.01797272902820845,0.00939891974329346,-0.0023461933543102455
B005LAII2Q,-0.01476542633176657,0.02714073261498639,0.0012691941735324353
B005LAII3U,-0.015562265136606227,0.07232103054705111,-0.020519232729771818
B005LAII4E,-0.01702167517250595,0.10077518166815973,-0.04205128339130102
B005LAII5I,-0.018991838114683343,0.020952922752983334,-0.011039783889434048
B005LAII62,-0.017234954671417956,0.007606127401326532,-0.009545146147531621
B005LAII7G,-0.017909451014461997,0.03741706637069116,-0.024342995099690484
B005LAII8K,-0.017078696630858828,0.04968733691046924,-0.0635251589621042
B005LAII94,-0.015721805672845833,0.024807542084849938,-0.012516156444670338
B005LAIIAI,-0.015492552798967696,0.01702559879128607,0.006094427590948992
B005LAIIB2,-0.014172875810304611,0.004969603419968607,-0.004899341337731164
B005LAIIFS,-0.0199493890364009,0.008098868374681188,-0.011011142091826699
B005LAIII0,-0.018857699796358606,0.02576173445843663,-0.007232107199266794
B005LAIIJY,-0.01878021220888713,0.03807669700913321,-0.048039420512841914
B005LAIIKS,-0.01731121985254352,0.010491150256316568,-0.007583045315985038
B005LAIILM,-0.018057179170887318,0.033084875343658955,-0.004537295099895151
B005LAIIMG,-0.01822087329929253,-0.00033776461607852045,-0.0002457632576156292
B005LAIIQC,-0.017510378191468313,0.06326739204461507,-0.04639408092722341
B005LAIIS0,-0.0165044954097527,0.04651270031078925,-0.019173854702994354
B005LAIISU,-0.019069245782344275,0.0046568967891175905,-0.010946693560896394
B005LAJ140,-0.018354204437258013,-0.010474836209278563,-0.005420261715553826
B005LAJ1H2,-0.01982255205253085,-0.010938883750219435,-0.0068781938898760395
B005LAJ1K4,-0.017620042413463308,-0.011272007294736796,-0.003235045985696693
B005LAJ1LS,-0.020263025644019734,-0.012870346053467971,-0.005455127434062153
B005LAJ1PE,-0.019020774763352396,-0.009267259654361284,-0.012375930621330813
B005LAJ23A,-0.02048236493470014,0.013575033006115143,-0.023467195125237247
B005M0R524,-0.020022764821787026,-0.012267881960123796,-0.00483573852755839
B005MQWJPG,-0.020043032832849986,-8.396136915710093e-05,-0.012332180155594893
B005MVF65G,-0.01902985789616185,-0.0007249367461301041,-0.0005534609103316113
B005MYEQ4U,-0.019077040162603826,0.0075201613671785315,-0.0029276383159688242
B005N4DMMG,-0.015115375766957572,0.0013485217515057475,-0.003406782826604431
B005N95QUM,-0.013215038160673683,-0.007400839276894312,-0.003874494378433679
B005NKIPWC,-0.01585831355228914,0.010544420167890473,-0.0030094768989350454
B005NYMXIU,-0.016921389860071846,0.0343547737190851,-0.006591957960342832
B005O70ZOK,-0.017767031895568535,-0.003906198092833593,0.0026077249731774567
B005OK721G,-0.01794924040042613,0.02182427884868362,-0.006521690480167836
B005OZVXCU,-0.01762008438732576,-0.006838973734173425,-0.008962276934038074
B005QI4U0W,-0.018349211056747274,0.016588382811870684,-0.016607259499548558
B005QODEEE,-0.01935059440705755,-0.011015783211142917,-0.006065898730461482
B005RVF5XE,-0.02055673413838105,-0.011772216994234348,-0.007190840469473375
B005S9EJ14,-0.019437988470681605,0.017531141304283043,-0.016259943510904425
B005S9EJGO,-0.016190149853761028,0.011278126693535248,0.002314460308056101
B005S9EJVY,-0.016253391874109666,0.019148979032759743,-0.0005438574017782598
B005S9EK1S,-0.019507970526526423,-0.007938014102758637,-0.006575787411103085
B005S9EL3K,-0.017028849773026745,0.024037612435867817,-0.004244309826628072
B005S9EL6C,-0.01914489993965919,-0.00693312675818697,-0.009075036821210209
B005S9ELG2,-0.01918336737891847,0.008864824752151255,-0.01676162999955146
B005S9ELM6,-0.018506109625042923,0.03592722963529278,-0.04634592056852775
B005S9ELVC,-0.017069955900834648,0.019379022896291502,0.01794737363186967
B005SH63HO,-0.01933315725763708,-0.005563180971892425,-0.0034864007862193047
B005SOH84O,-0.018060745360930632,0.004007246494147789,-0.01034960597731607
B005TC5AEA,-0.018354514949453553,0.01333551969397658,-0.006653131132511739
B005TK23PQ,-0.014928721011139796,0.0371161279273951,-0.005218613790237309
B005UXJNPU,-0.021657958473266667,-0.014241808043107214,-0.005248900988090592
B005X5XIF6,-0.019120543513817045,-0.013577347178190497,-0.0385902645650157
B005ZCSP0K,-0.015552026683457008,-0.013712231116367423,-0.013425920629836021
B0060MYL3E,-0.020752638705269083,-0.0031183545523471674,-0.016397984191298287
B0060MYLCU,-0.020483292985213723,-0.01263388999335202,-0.005502414360327464
B0060MYM3S,-0.020684450354996664,-0.00920140243430919,-0.010711867772997251
B0062P332Y,-0.017680748201518447,0.01718174307051959,-0.009041209526179202
B0063FQREO,-0.017901168343942273,0.06408526106462407,-0.017994612276446345
B0064JV4RY,-0.02079584098699179,-0.006593925753556642,-0.01263515807091201
B0064YON8G,-0.0188378201820777,0.022253644626340444,-0.01488709063913976
B0064YOWCI,-0.01847712551150287,0.03176398135371211,-0.023149640241772157
B006512BFU,-0.0155939658000464,-0.005915737775937791,-0.03769332296453356
B006512I7Q,-0.015789021396673663,0.05057157580896226,-0.008079190556152993
B006512LWI,-0.015757137105848133,0.04972987511607267,-0.008683686660211862
B0065N6IRK,-0.016285344546092775,0.0011467260967169153,-0.0003939906268512666
B0067EKY7M,-0.01681285407570652,0.009996167615096894,-0.022260287673934193
B0067EKYDG,-0.017601295002773555,0.07744094448167928,-0.005099649700602244
B0067EKYL8,-0.01814875332977435,-0.0014037593345061592,-0.004578316922865529
B0067EKYS6,-0.016121680586786702,0.011663682855036843,-0.013859295093221985
B00683T51S,-0.017090817915127145,0.029139236604582255,-0.018993505481397912
B00683T5CW,-0.0164148233493395,0.05595847760541438,0.005295764284542335
B00683T5L8,-0.017340945192214623,0.03548958222237313,-0.007547131215913216
B0068MNNOE,-0.016676277382075527,-0.004099389926737219,0.0011171504240493654
B00695E1BY,-0.018941751141225302,-0.007947489569110743,-0.021454774383292047
B006C0PPO8,-0.01710206964747171,0.007623252304538325,-0.01135502107107513
B006H3Q7LA,-0.019433865858334252,-0.012298676718739006,-0.005465656463494952
B006HGXGWU,-0.017130830556120573,-0.0008151404547015479,-0.01952914754787215
B006JM1ZTI,-0.018146767317942916,0.0456974784598102,-0.01668758198383699
B006L4ZEDW,-0.018354762749383625,0.018001453583500616,0.001302051504089186
B006LL3WP2,-0.012785756730708137,0.03301646161442513,-0.0057365584834028005
B006OKEU74,-0.020690189840801353,-0.013217052416977557,-0.00448641967050314
B006PTL1QM,-0.01673920024729761,-0.003982026261196989,-0.0064295126919686335
B006TZPW2Q,-0.0196653783272106,-0.005527527821123327,-0.015485848908469293
B006U1J5ZY,-0.021067578294865354,-0.007381484629116227,-0.01671101560554139
B006VRRGOO,-0.021008499734137164,-0.013822517058932804,-0.005639280642260049
B006W8CJ1W,-0.02129087416912776,-0.01353255682041843,-0.005738219793105956
B006WN5W5M,-0.02125893561656125,-0.013650886541731973,-0.005215662946210163
B006X040NY,-0.018954595968986805,0.06396003700927125,-0.033432790270674154
B006Z510Y4,-0.014866910533856996,-0.009505099638079722,-0.004190626669046723
B006ZL2T66,-0.018297836635395595,-0.0035102363387727324,-0.00781464323151682
B006ZL84EW,-0.019035945677917717,-0.012314638484797734,-0.005041942877177414
B006ZY0PDW,-0.017399824538817055,-0.008489364258252564,-0.0026763052788976484
B0072GPQNG,-0.018068241467246143,0.04345486186217591,-0.009456002379508282
B0072OFOM6,-0.019439704763253147,0.0003535300716304412,-0.025278028096401877
B00753MAXA,-0.013949180852448218,-0.010818448336133742,-0.0033577215122335565
B0077ATSU4,-0.015676948011714594,0.0030834888307972068,-0.005778512562016355
B0077MFBYO,-0.015004784125282038,0.0024645069984919154,0.001460308666738301
B0079ILHRG,-0.02114402139012853,-0.013694861049341252,-0.00513373665127806
B0079JMM4W,-0.01863659614565077,-0.011999110202635837,-0.005719659527685377
B0079ZWUNY,-0.016065453700024317,-0.0036079277997977323,-0.0031973982741976357
B007C3TVEY,-0.016724324306454135,-0.0077050844306244,-0.014980553981739976
B007EQR970,-0.01781856605565523,0.03184748984268146,-0.01825202415882211
B007HHWJD0,-0.018271077490260017,0.007174407920519393,0.0027781219960349326
B007IJKQG4,-0.017789889695356664,0.02371383185515756,-0.022866262913463713
B007JG5HZ6,-0.018663342810881525,-0.009970119860243726,-0.005554659855620066
B007KAUWO2,-0.018843785061275806,-0.010384287627460374,-0.008316889980348229
B007L6VP46,-0.014193970584266302,-0.0018169295737196914,-0.011927460626228703
B007L6VR6M,-0.0182940693178241,-0.004482912494973665,-0.02091554496353535
B007L6VRHG,-0.015496407365025777,-0.006844062973069231,-0.017216671055316195
B007NU54H4,-0.021113719513008535,-0.00836619381847155,-0.004512144726759167
B007REV4LQ,-0.01637678153516305,0.010583489856959567,-0.03620571058959071
B0081FSMMO,-0.019947314946404213,-0.008424706188862463,-0.0052718412375961044
B0081HLM2E,-0.01872136801999614,-0.006135226626002154,0.0002805509876809402
B0081OM6UY,-0.019139126001571746,-0.009394024351829561,-0.005640944281381183
B008220AGC,-0.016424626350598437,-0.0010790251265097171,-0.03281173529796773
B008220BGQ,-0.015508501280116707,0.013695015973908964,0.00017353958867987807
B008220CQU,-0.017284712472831826,0.008049986532670599,-0.03165067742530389
B0083UH5U2,-0.020988570291915365,-0.011814246924156497,-0.005998200036666386
B0083UHIPE,-0.022025021727711622,-0.014342356977372088,-0.00527385848738176
B0083UHZK2,-0.01758136097503534,0.07713697029959238,-0.0050973888908698115
B0084IHVUC,-0.019134308777108498,-0.009956143475671428,-0.004134446520055488
B0087ITBT8,-0.016215808556842695,0.008555293286617974,-0.012341660427337345
B0089LX8II,-0.018096328725487706,-0.009091939645220528,-0.00701775446781853
B008CFZQQS,-0.013910595576663553,-0.009721332931829143,-0.00408387667918833
B008EHZWOU,-0.01748753499795106,0.06044122337616001,-0.04775898720507711
B008FCX2D2,-0.016305552562813082,0.02700058244472697,-0.014569795664602233
B008GM1012,-0.016151689284713357,-0.010290624598371767,-0.0051370005370836615
B008H6GHEM,-0.020263017911692462,-0.01254043619471978,-0.005228518061021355
B008H6GHL0,-0.016556803320427034,-0.0060856934887011304,-0.0031370806375201747
B008I34YYY,-0.01471285418383495,-0.004503655961855451,-0.009865747255544342
B008IG0BBQ,-0.018060571042039616,-0.011978870219926704,-0.005115808052337379
B008OGIPJA,-0.018764552503892133,0.00456663222901496,-0.0220041341191964
B008OHV5R8,-0.01829807297066728,-0.00047474507109878197,-0.012393251478646778
B008OPZD8C,-0.01756980430755313,0.01532098006389539,-0.012300112559603955
B008RA61TO,-0.020042784648602267,-0.012146945795013388,-0.004606828860698712
B008RV5K5E,-0.02028629931104403,-0.007594918187127898,-0.004141831008500762
B008SBXFNM,-0.019653127968598187,-0.00986854916186698,-0.005018565809371751
B008U1ANHG,-0.020556727480104054,-0.011090972307898916,-0.0064618074404642675
B008VPCL7G,-0.01354339100427003,0.010974593299764924,0.008894805218188109
B008YV11JQ,-0.017779821516283347,0.012668294361049888,-0.002400380723799193
B00900WLBW,-0.018577651914200865,-0.012918827619916222,-0.007084016322873283
B0090JB4V6,-0.017709626487503898,0.028902684142665544,-0.0012041858245469617
B0090JB6DC,-0.015900758947612323,0.039451796649423346,0.00337521338210134
B0090JBAPG,-0.017820428200989884,-0.004443123789579454,-0.018097097217345336
B0090JBD8A,-0.016653710328253198,0.039435264528114335,-0.018303286276991484
B0090JBFE2,-0.01629945232100947,0.07150120446433508,-0.02545899869655514
B0090JBOC0,-0.017008523672122283,0.004112639619552611,-0.00896482059668969
B0090SI39I,-0.018806329782484994,0.011899554739254681,-0.00325778444546274
B0090SI3DY,-0.017465684365244333,-0.0009395295107526521,-0.0020718917690985016
B0090SI3EI,-0.0202513312526318,0.043989240045624586,-0.020202494176417455
B0090SI42Y,-0.013807462834726862,0.047239944757750195,-0.00529583946282419
B0090SI4BA,-0.019026675147811437,0.030813459903234322,-0.03655889321631377
B0090SI4HO,-0.01841091152519787,0.001373661688603572,-0.005317663348804645
B0090SI4LU,-0.016487736851541198,0.023180854229428765,-0.0052713168797084925
B0090SI55A,-0.01708897916414507,0.038045894008482725,-0.016006689518482397
B0090XUARQ,-0.017864770285249153,-0.011841029798188513,-0.003549601822312073
B00915G4IC,-0.021107346796990903,-0.011230282769989294,-0.007848955011357505
B00915G6MG,-0.02119169257604981,-0.012512767122758577,-0.005954483197485291
B00915G6Q2,-0.021177920693891857,-0.013523146323791204,-0.005542177995073564
B00915G6R6,-0.021290884329776636,-0.013991004223854806,-0.00631813179543905
B00915G6SU,-0.02096785826220853,-0.012211497482342598,-0.005630714513466734
B00915G6WQ,-0.01992746500507332,-0.011350621053053747,-0.007311738047801607
B0092QDMQ2,-0.01977365195810625,-0.00742374189835773,-0.00364101942409688
B0092QH902,-0.019382041226333507,-0.013279478683223215,-0.00496769705625078
B00930LIT0,-0.016692736278448566,-0.007391069569159766,0.003148976583186335
B00938UVC2,-0.01923524625083414,-0.00963430020271031,-0.006882907880638936
B0093DFM8A,-0.014651704438558105,0.004657318039379364,-0.02203500517700792
B0093DFMJ4,-0.017558421586972305,0.012496677557145699,-0.01747157736265457
B00947NAHU,-0.018751466534397524,0.036617273233263935,-0.04904493288824213
B0094GWPOU,-0.02100849722765381,-0.013355113745425435,-0.005490477777057939
B0095HHLMO,-0.0194849387844322,0.08161311126303643,-0.0428979294854234
B0095HHM78,-0.015889770108982813,0.005653851537743012,-0.011858001288143185
B0099116AY,-0.0171147074193088,0.00169031258329833,-0.012148213407173546
B009934S5M,-0.018867447642692492,0.09301033557458117,-0.04359801893278169
B009AF5OY8,-0.021584568389573483,-0.011505588717660647,-0.00829041253382106
B009AMAH9I,-0.017987445978980377,0.012152397127046084,-0.0018648748838347318
B009AMAJBO,-0.015417541470620298,-0.00616679141591044,-0.005111705405050036
B009AMAJVO,-0.01794433878983582,0.01769510466316883,-0.007249411648512842
B009AMAK54,-0.01916867231965992,0.009468620062733763,-0.01921784552591462
B009AMAKBI,-0.014996139063697674,0.008135502185520728,0.0075145720903636035
B009AMAKWM,-0.017553586663956997,0.0127448576639334,-0.005232950231475433
B009AMALBM,-0.013704817660023927,0.015354302328994509,-0.03459333030627119
B009AMALLM,-0.01251047570858976,0.011161435624372777,-0.008599663655604278
B009AMAOTQ,-0.018518720364617967,0.03658458078978754,-0.0396223259003327
B009B8YZIK,-0.018170641996176774,-0.010437495114000292,-0.0027702576927438444
B009CW565G,-0.017200560177568578,-0.011235208969469598,-0.0050041275103822145
B009D4SQEQ,-0.022025021727711622,-0.014342356977372088,-0.00527385848738176
B009DS6YGO,-0.019382096622721723,-0.01104300283050563,-0.009455630582589636
B009GG2T3A,-0.015358103529967788,-0.010020227313459062,-0.009696151088619109
B009H3LNW0,-0.016264634001351592,-0.008499617952852697,-0.005480837546601273
B009HIKAN8,-0.017403657463308325,0.0058018588771783395,-0.0056516627468581404
B009JBWOU0,-0.021209327818256355,-0.011764094786336396,-0.005123242405078201
B009KU2MAM,-0.015312932602260547,0.0015493502617080625,0.009588212171601721
B009LDCX1Q,-0.02070354338840699,-0.012398585385566926,-0.0060504270534452315
B009LDCXNY,-0.020035738091185314,-0.009304298883820072,-0.00639980728238112
B009LDD54K,-0.021097657143613543,-0.01376983581730606,-0.006663228715471463
B009MO5960,-0.01682704971036149,0.047588347981514754,-0.030011452185866185
B009MO5E10,-0.01720739336360809,0.010179730702473693,-0.00392555585200682
B009NNM9OA,-0.019578307883042937,0.01617259860292319,-0.03336137921762797
B009NNMAZI,-0.018021338157106985,0.05942682620795824,-0.028008769122409988
B009OD8XQC,-0.015732333753386323,0.00043406591741803864,-0.007768806823539185
B009SCONXQ,-0.019822661359568006,-0.0035854624154320765,0.007672843764989246
B009XTF8JM,-0.01651895448673306,-0.0004057204292823325,-0.004978719867356067
B009YQO3MW,-0.013903772929751274,0.01915072364607621,0.005686829068170754
B00A2H9WW8,-0.016519484094661925,0.03708994471336057,-0.015178415760902104
B00A2J92KI,-0.019822606227206777,-0.009327149777151893,-0.005232819988835433
B00A2LFXVI,-0.020791703908711743,-0.008689755332801091,-0.004000523005293339
B00A2XTJI4,-0.020006061992620918,-0.012722220239614482,-0.0062649603906019735
B00A6HL704,-0.019333142792202225,-0.006232666108078324,-0.0009557094164734752
B00A6UHBJM,-0.015194595287316773,0.025708458904492266,-0.014980294385845194
B00A6UHC0U,-0.017097326171837283,0.09406140189069273,-0.05216679454639895
B00A7MSQRK,-0.01483851062620369,0.04302626298587023,-0.010492417311483367
B00A7ZH8GM,-0.015439716767754085,0.1122401289534482,-0.005926956896955784
B00A7ZHDOO,-0.017584895399624524,0.020650834386314834,-0.01008495939495582
B00A8LYYI0,-0.014826974713694829,0.01589785446579268,0.0012326396351468273
B00AAA62TI,-0.018419556458103337,0.04588900620808556,0.0024803976217792007
B00AAQHP66,-0.01885362165553008,0.003475501347368257,-0.00854034060717481
B00AEFXL5W,-0.019117980458923052,-0.012220049329436298,0.007220436796493168
B00AEK9BKQ,-0.020124920594171175,-0.00880201333437452,-0.0082340064722311
B00AENNHOE,-0.01771800775646256,-0.009298937007659401,-0.012307910769075952
B00AF6B22E,-0.017336229247134738,0.03818676945500157,-0.02090984953692379
B00AIBZFDI,-0.015417592445590579,-0.0056922015715354145,-0.004181798743330188
B00AIBZJS4,-0.017428524560060853,-0.009737123436646986,-0.004364452350543052
B00AIBZMD6,-0.018116778012094586,0.00929345472909529,-0.006650727231815532
B00AJEL71S,-0.020556690616074572,-0.013636046290976441,-0.005374014147215085
B00AJLHUYO,-0.016747929694318025,0.02754973225536993,-0.01635569128712636
B00AJLHVES,-0.020263033061379308,-0.012574862424986389,-0.0046588503445800546
B00AKIPAG6,-0.020865827220954147,-0.013269929226113367,-0.00502504032147934
B00AMR5FGA,-0.01742431228360789,-0.008666378807277242,-0.008686798632778416
B00AMSLDW4,-0.021584528776532403,-0.013847939052782051,-0.00545251312429143
B00ANRG432,-0.016739065673194983,-0.012039676628329199,-0.004916800468049084
B00ANT85VY,-0.018773812490932327,0.03972240777841145,0.040912374303540756
B00APH7PTC,-0.020510860360142786,-0.011780550311539541,-0.005189976293335816
B00APOQR4E,-0.018098936724822327,-0.007653220882470012,-0.010348415777624147
B00APW2U88,-0.0213202301172836,-0.013672220935808194,-0.005118691235061779
B00AQ5U234,-0.018323154452919703,0.014013566623979552,0.025995306534280768
B00AQAZZ40,-0.013967569900008296,0.02517678536752681,-0.004346706947672743
B00AQVMZKQ,-0.020766570583021386,-0.010989153486569602,-0.007419684374974666
B00ARA4SLU,-0.01710743569721649,0.01562895951956364,0.009536192681964187
B00AS1Q8FW,-0.018247211645875276,0.06396732236085266,-0.040198245219586974
B00AT6NUN4,-0.020740296664714077,-0.010654689674366355,-0.0073392922324995525
B00AW9M3XQ,-0.018125762600059707,-0.0017365877741253215,-0.002682780568028326
B00AW9M4FS,-0.012578017562229527,0.028591659472758983,0.014448571789996555
B00AW9M54I,-0.018599367961192426,0.020518548563738092,-0.013657552289673263
B00AW9M7TG,-0.017843434162341167,0.01268930800485093,-0.009501439405206018
B00AW9M8N6,-0.017645075380385043,0.03578507438063455,-0.017915132182522647
B00AW9MB4W,-0.01726065786409844,0.047711019851531596,-0.05291076035000435
B00AWN5ASW,-0.01797246626297719,-0.011687675734987468,-0.008716683170269059
B00AY2DL78,-0.021008532105327108,-0.012852972452120567,-0.005433329428029139
B00AZKY0OW,-0.014836150291885685,0.023932251751355854,-0.01397894842805573
B00AZMFINM,-0.012939952409020959,0.006811699901824076,-0.0008562393249877346
B00AZMFONG,-0.016773278507139607,0.007402980547478644,-0.003099621517681022
B00B04NIZO,-0.01828081390959856,-0.010329767183188811,-0.005527407920796928
B00B18FA50,-0.018941553260997834,-0.011824467760272833,-0.005063957562024926
B00B52F278,-0.019871585343570596,-0.004764573895996208,-0.018701976519388194
B00B5AP7NY,-0.019822613624961436,-0.008228121003210962,-0.000612177685535006
B00B74MJOS,-0.01944666789425044,-0.0013603503364871968,-0.0184678260957369
B00B96TGQS,-0.01688592610223471,-0.007328844917360518,-0.006261322888057348
B00BAQZDU0,-0.01530197417766777,0.016154670129423874,0.004516206967261215
B00BARKZ1G,-0.019355401506419033,-0.006731956473827108,-0.007847820601243427
B00BBAQD8G,-0.018501215215121918,0.00014482556217991906,-0.0024868457492904336
B00BBTNOE8,-0.017109705063772043,0.013124166085467605,-0.00914438031946671
B00BC36YWC,-0.018672523737948164,0.023458394499134585,-0.01936018654851767
B00BD6KETC,-0.01762006750450558,-0.009046061051685381,0.003352851628138023
B00BEEKN26,-0.01982269547243606,0.004885136955914878,-0.02051194744178296
B00BEIYG98,-0.016693051519270356,0.018005950797929913,-0.00037075577203966447
B00BEIYGT8,-0.015217723030590954,0.016508202112075435,-0.0016902208938850852
B00BEIYHT2,-0.01836761364704672,0.08247354953974496,-0.053219394486693244
B00BEIYIUA,-0.01399828595059385,-0.0011508163360622722,-0.006259064655505351
B00BEIYKX0,-0.015776235604309654,0.0003644350319820779,-0.013235102900520745
B00BEIYLAW,-0.016543354403137957,-0.0027830767382930974,-0.006132409919543366
B00BEIYNDW,-0.017961994105034396,0.04685203052731747,-0.02601133540551433
B00BEIYNIW,-0.017482644893436164,0.006678710603113852,-0.006957436338251072
B00BEIYOMC,-0.01844644846331214,0.01934086881728036,0.010652285173199107
B00BEIYP1W,-0.0196311605104249,-0.002462609498836502,-0.003626478349524469
B00BEIYPN0,-0.01359270542283363,0.0009403600363901186,-0.01118956900047835
B00BEIYRQA,-0.012952225951155872,-0.005325822974778976,0.009644317229495271
B00BEIYSL4,-0.01926953885456211,0.03111433193067627,-0.03454533049005275
B00BEJL4XS,-0.012300808830995068,-0.016776750749596617,-0.013636897373752805
B00BEJL69U,-0.015513808211101824,0.023747179751886616,-0.010499906084847912
B00BEJL6JK,-0.01668670900947243,0.08332649387751905,-0.05520704137548626
B00BEL4QFO,-0.018467451458024673,0.009472872697264122,-0.02409949599670373
B00BFCMXRK,-0.019271988151861458,-0.012793549721777455,-0.008776130249154442
B00BGI07NK,-0.019822543315743246,-0.01318827112869294,-0.004787261073254161
B00BIR2A3E,-0.02134733665217057,-0.013810135281217176,-0.005098318737465712
B00BIYQOXY,-0.015662226687455035,-0.011527658834868434,-0.0023968473477390985
B00BJ0RERM,-0.019391523690156433,0.017425172906043205,-0.012621407198093149
B00BJ0RGCU,-0.018427975615290866,0.003574544418583411,-0.027342417722971395
B00BL1BIP8,-0.016764836886164817,0.08602729261603216,-0.016665783102137052
B00BL1BJFW,-0.01834204232266089,0.06777819403479597,-0.012606023323737777
B00BLNDRKK,-0.018614757213396043,-0.012420881930707237,-0.002429151641404737
B00BLOKNVK,-0.017078696630858828,0.04968733691046924,-0.0635251589621042
B00BMIVK4E,-0.0176203253558711,0.006529948470344184,0.0024001109898445934
B00BMRTPEM,-0.019029716520332876,-0.011588952275695865,-0.008443915435511177
B00BMTYW20,-0.016305552562813082,0.02700058244472697,-0.014569795664602233
B00BNAE6M4,-0.01982254429862217,-0.012614731366488479,-0.005118440001337147
B00BNH9O8I,-0.017752819921600268,0.0315084269353669,6.865495262852914e-05
B00BNWWVFG,-0.016984123566898483,0.007999208358689234,-0.003626538933751552
B00BOTCHRU,-0.01762007300342425,-0.012289100628807883,-0.00607749737916048
B00BPEJZEM,-0.01954722891751117,-0.01084806091480619,-0.005326550026556592
B00BPRI6WG,-0.016210478190347932,-0.014143198644646691,-0.016059824487625995
B00BSN0VZ2,-0.016151863071793313,-0.009098656411472238,-0.007618491166594623
B00BURN0GI,-0.022025021727711622,-0.014342356977372088,-0.00527385848738176
B00C12ZIN4,-0.020648468431043444,-0.01206231004948461,-0.005450983635528531
B00C27E7S0,-0.007551438462998417,-0.004609428447780013,-0.0018721598835735854
B00C2A4SYA,-0.018769213408345597,-0.008180813586495167,0.005301016012870002
B00C7AOAEI,-0.01876921156759345,-0.011183774860914555,-0.009845924108953082
B00C7BZZ32,-0.018020531697467316,-0.008515591364018275,0.0017078403585880134
B00C888NFQ,-0.020239254779024274,-0.012152127524767955,-0.007964647155218307
B00C8CQRQ4,-0.020947309998785375,-0.007828474737450509,-0.010886869016830909
B00C9G22R2,-0.01762012365683867,-0.002800600994299382,0.006130351383664343
B00CBMWLU2,-0.02064847204627512,-0.013338929227785127,-0.00493309865921001
B00CC34978,-0.014806067002592897,0.013898662796088892,-0.0006449291136161776
B00CEAXE7U,-0.015925785257608665,-0.010429024635022011,-0.003829004363638118
B00CENSU1W,-0.019119791617714606,-0.000522827918864801,-0.0008138735733881832
B00CJ5BG8Y,-0.013298507076150906,0.01994004489285553,-0.0046941054640041195
B00CMHL3GY,-0.01870649636915637,0.008544722570724061,-0.016723983603629422
B00CTMQ7WM,-0.017620093419862003,-0.005929802817670379,0.000992948267780663
B00CWM7EPS,-0.018760482455218132,0.012646732933513904,-0.004569434324519248
B00CWZUOV6,-0.019056192444744827,0.02076598072446695,-0.010977107698295201
B00CX7TOOG,-0.015288229921948462,0.012126541360471555,-0.020876880151623815
B00CYQXATG,-0.021224122416615393,-0.013316391738596289,-0.005521927817420647
B00CYQXDNE,-0.021247674297522955,-0.013437923836050693,-0.005585338723436855
B00CYQXE10,-0.020669639282729423,-0.014067803928392736,-0.006669856320872051
B00CYQXGMW,-0.01817069066053617,-0.012156097883794502,-0.0051964254891781764
B00CZB9BE8,-0.0171168483545215,0.002213672132457836,-0.009807649357472224
B00CZP9YWS,-0.018800087181169312,-0.004691928387356904,-0.010922409572943935
B00D2ZF24O,-0.014727071810392367,0.059009499817984166,-0.03438374627519732
B00D3LA6M0,-0.019405969732588766,-0.004422500461177046,-0.007790541425100169
B00D91GRA4,-0.01769566603006838,0.14557812368308587,-0.08059673981025578
B00D9EJFT6,-0.018721269926744367,-0.012243941730696158,-0.004555611460063208
B00DB43PLI,-0.014096042810474857,-0.007914772039875458,-0.005179450614900026
B00DCLT8RA,-0.015594015126684973,0.006397876500926619,0.0021246581058639207
B00DCS9TP4,-0.02055669705177085,-0.01317938061054846,-0.005323867674299418
B00DEKKEPO,-0.016341229969924254,-0.012634780030266931,-0.015837390706642262
B00DGCIYZC,-0.01922193639579172,-0.012688620953584386,-0.007919419349681685
B00DHB3U4W,-0.021395744881874457,-0.013595933374192543,-0.00539223900295215
B00DHB419U,-0.018884182600542112,0.024650281743614985,-0.015819687867339463
B00DHJSXLY,-0.02010836627805033,0.003695392721409944,-0.01811956796474464
B00DHJT200,-0.017865049864672772,0.0009646193885605375,-0.013852015557044382
B00DHJT4DU,-0.016966027118873687,0.057870100988136976,-0.04904093242206317
B00DHJT5Q6,-0.020017774577326543,0.0077099005564103,-0.015378277114567768
B00DHRLK84,-0.01811668167159491,0.006428714516925105,-0.010998238494242507
B00DJYJPLO,-0.018375297909561432,-0.0045874242081622085,-0.02162131864339236
B00DJYJWVW,-0.016604470766564666,0.07684744091539494,-0.02576312104412055
B00DL47424,-0.018328091549010102,-0.006379862121656033,-0.0013160135082726791
B00DL477I0,-0.015165788090493185,-0.01773449622031456,-0.01128636291607312
B00DL47KWI,-0.015270885205161204,0.001192098887700526,-0.004925806026437024
B00DL47RQ2,-0.017779227274797964,0.007149536760199346,-0.021959099832362567
B00DL47V1S,-0.016243969543639727,0.020492936775895892,-0.006870520714558911
B00DL47YY2,-0.01734232931290056,0.025454804439080485,-0.024938831491330013
B00DMEC0WW,-0.01494260805753685,0.0009485864872196446,-0.007239042358344959
B00DMK6WN4,-0.019822513490307492,-0.012462372507888684,-0.0040749511059398275
B00DMUFYZQ,-0.015732286757860203,-0.002114312447780421,-0.009530816734433024
B00DNF1S28,-0.020263050548689092,-0.012216491083777337,-0.00582248113921277
B00DNLZOCC,-0.021584530007121183,-0.013764706813542714,-0.005482142156570874
B00DNLZRLU,-0.020766460377620696,-0.013248153394949565,-0.005168167019605221
B00DOBD482,-0.017755955171424653,0.013511356736467044,-0.01590156928861735
B00DP9MDE4,-0.020393590741858238,-0.010195112792091378,-0.0032108166442562924
B00DPL32ME,-0.018000231016883594,0.01712049646214391,-0.021767525556429055
B00DRDBTT8,-0.019653315762415857,-0.0014788420135197033,-0.01579240223758824
B00DSAUH0W,-0.015692977012869192,-0.008954819781449106,-0.009028778374596794
B00DTPRZ10,-0.016361943577831876,0.02220031417233506,0.0062240159820202015
B00DV1XYTO,-0.0154473282433557,0.021345158111374548,-0.0012598004562581115
B00DW5IKN4,-0.018033111594911392,-0.010273025678600195,-0.010617996435782859
B00DXLO086,-0.020556713259733447,-0.012990309653441225,-0.004508098582522504
B00DXP7L88,-0.01694251442116665,-0.005169405717469993,-0.00818933052889231
B00DY64A3U,-0.017693709678879177,0.07093546123864539,-0.08717720681904872
B00DY64BLG,-0.02066973781849005,-0.01043309239020485,-0.002998528440856455
B00DY64C8S,-0.020408056752484468,-0.01145597286430063,-0.00573090775279601
B00E00ORZK,-0.01936826724973958,0.0038981043456408843,-0.003766565771953988
B00E1LQRWY,-0.01857771745889496,-0.009424934596900135,-0.020157823089709166
B00E1LRCY6,-0.01935546605040076,-0.004757694119263007,-0.00951406083940944
B00E1LSX44,-0.01872137449048327,-0.007181551696022564,-0.017744390738558716
B00E3UN6N6,-0.021199109439545408,-0.013500924579115363,-0.0061450870040181335
B00E8RKHWW,-0.017375363571868998,-0.006522655349464718,-0.006902160627949629
B00E8UKY3Q,-0.01670887153267779,0.005502201659333482,-0.0029777994956969494
B00E9FIFVS,-0.01582102315427545,0.005623659533413003,-0.014523924798680492
B00EAPC860,-0.01995211257536697,-0.011390659939100389,-0.006286071271267547
B00ECFEL2C,-0.018721273083863336,-0.012235574547638592,-0.004651623605664968
B00EE6C4NW,-0.019332685938978973,0.04912114533721325,-0.04216750363576263
B00EEE999G,-0.015001528511242743,0.051536406307105515,-0.015529758520896478
B00EHK2S04,-0.016388318895453863,0.06564958265958144,-0.03589305122913863
B00EIJTLK4,-0.019822541272104324,-0.013282086905317616,-0.004312915544066189
B00EIPEQLW,-0.015953598528575193,0.003148680895288118,-0.010883412984942584
B00EJFEN50,-0.019734496076314296,-0.013551645960937681,-0.0063477613254010285
B00EOHGQPI,-0.016842687638696237,-0.009943238549187631,-0.006014159510531084
B00EV1YZD2,-0.022025021727711622,-0.014342356977372088,-0.00527385848738176
B00EV4F5TC,-0.0175085784123121,0.02125923768643729,-0.010187858097665831
B00EXPOCBG,-0.019243010859689928,-0.008159761103994396,-0.004366258478123547
B00EXPOCXY,-0.01629321082394762,0.08469001855033603,-0.06208292572810986
B00EXPOEGO,-0.0192219388407092,-0.008374826432014553,-0.00348479262245011
B00EZQOLKA,-0.015697299962021138,0.02566700706666613,-0.013795340226427066
B00F37VHPM,-0.02049678636647149,-0.012983153770454878,-0.0065011691029640585
B00FDJGL6A,-0.019952118021746144,-0.010763122619823892,-0.004268062159230226
B00FE5MX74,-0.021417442561034183,-0.012835593901508551,-0.005418614825019896
B00FEHCQYW,-0.015793916764894823,0.013724087875545167,-0.0028372181228093853
B00FEP9PQG,-0.019594745843076338,-0.01050173675688606,-0.007669968031334854
B00FF9SKSK,-0.01950393126198199,0.032336739781287635,-0.0420077594959757
B00FFB1KTE,-0.02022300152828962,-0.01142994374819598,-0.004259188275638386
B00FGEO9NE,-0.02011621073744542,-0.01165821510432963,-0.008012737370948151
B00FKT9DYK,-0.01608342002102665,-0.007914377848195743,-0.005231700340002563
B00FL31UF0,-0.019408164060942736,0.06089294811239879,-0.0477853898522963
B00FPPQYXM,-0.020086957199273663,-0.012059558620127055,-0.012246645775659152
B00FQY4C86,-0.019114673678871034,-0.007501198097673993,-0.011137482487031461
B00FR23QNE,-0.021793181588245013,-0.014025514894168842,-0.005340137782371067
B00FRILRL6,-0.016423640018112626,0.029234243495883397,-0.03777802843686632
B00FV91IK6,-0.016151736022399527,-0.013906743528046047,-0.006361055293999628
B00FWUX94M,-0.01908848716899451,-0.00940682419485346,-0.01141198670584226
B00FXWAZX2,-0.016056997101268917,-0.01045200632774159,-0.006488708404491312
B00FYPEEFS,-0.01715646239587207,-0.008650906750717325,0.006820683745347223
B00FZ4KT84,-0.018188601069428437,-0.007524927820812879,-0.01748901763021626
B00G0PXU1A,-0.01810955606689711,-0.008802261071526115,-0.007593394427175527
B00G2PA0ES,-0.015809834281852488,-0.004426805618223153,-0.013717192494438321
B00G3BVTKA,-0.018287493626662273,-0.01117660959434498,-0.012509613839971087
B00G3D732Q,-0.01985357437697709,0.030659495484595498,-0.03118824332665381
B00G4Q3KOC,-0.01845600523671307,0.010605390423980215,-0.036245284906467314
B00G7M190U,-0.019565604439087315,0.016925606168863013,-0.03464192736827859
B00G7QQ1Y0,-0.016191628333871597,-0.008189921413489521,-0.012124898855288276
B00GBZVOEY,-0.018544114190172316,0.015068383959310903,0.013854937904451498
B00GD9GNEY,-0.0182810150416465,0.0032902516370977657,0.0024179069303289884
B00GDEZP52,-0.016046813507937956,-0.00970750673736945,-0.0033133711422699084
B00GEKO51U,-0.016589339481038044,0.012408054011563896,-0.029170637612207173
B00GJFX8TA,-0.01768343656930961,0.027615325349156505,-0.027509185435698424
B00GLPCKX8,-0.018985077222198915,0.05449911010629857,-0.035791631566728696
B00GMV8IVE,-0.01600214719185034,0.010625799190157208,-0.014850419640944402
B00GMV8JVI,-0.016493245595824522,-0.00423596071576676,-0.008699034717642593
B00GMV8KGW,-0.015542452722933033,0.0005174629693233517,-0.027511668086335143
B00GMV8M2Y,-0.017645850836348217,0.03176501308078999,-0.03411769206957406
B00GOVRVTM,-0.016471072007890483,0.004560769331264052,-0.019392696005293964
B00GQQ77IU,-0.018072864031810507,0.06912191755358613,-0.003313262863827503
B00GRZPQX8,-0.01656321724051748,0.02067067434657115,-0.018678902861454134
B00GST8RJ8,-0.019382046670016986,-0.012274509892937014,-0.0056085707256112735
B00GST8UH2,-0.01991833373449246,-0.011072466365967246,-0.00598503736504589
B00GTZWXYQ,-0.01673902817541661,-0.010156217250398928,-0.0038122406834022317
B00GTZWZH6,-0.019382058817762827,-0.01130694101533164,-0.005866992772198682
B00GUO3C3W,-0.01929989672311834,0.012138401560515476,-0.021996158931478965
B00GWXI1AK,-0.02165793493391019,-0.01440113416056074,-0.00541848922152737
B00GWXI20E,-0.02162457342862977,-0.014200038488182692,-0.005279239184787592
B00GZ0ML2Y,-0.01762026012692088,0.0064196885068283265,-0.002103090225690336
B00H2FPY20,-0.017474876775876454,0.06265776467626931,-0.026246820659492676
B00H4ZEFTQ,-0.02042321998624045,-0.012451040150669803,-0.005932970646051247
B00H5RYN5Y,-0.019653281686741787,-0.002259411170045088,-0.013288559534017587
B00H7E3T5K,-0.020766468857472277,-0.013338770868764468,-0.004966991985458877
B00H7E8KVI,-0.01631082812545246,0.01072089208093529,0.0028074100753707277
B00H7KJTMG,-0.014920534656254212,0.01895722075874188,0.007948542225229794
B00H7LJ2UO,-0.016966147490941056,0.0019507243199279568,-0.029519199590696626
B00H9HZITU,-0.016894659254448642,-0.008101570192364285,-0.020272991354633528
B00H9L28OO,-0.018692885821165663,0.002391360618289462,-0.03727151873252465
B00H9LHVHI,-0.01731329408511906,0.030919415602144007,-0.02399466894886358
B00HDEEU48,-0.019193260431030586,-0.011847784441274729,-0.005037866229954255
B00HE1EEQ4,-0.02016671769518735,-0.010444200869740752,-0.0048232417737644655
B00HEPCRLE,-0.017973035360525927,0.034937108669655735,-0.03702156308592234
B00HEQO9DM,-0.017287917090458457,0.011521285844969408,-0.010831779427575343
B00HEQOD56,-0.019145063223589675,0.0002431936081984034,-0.0017143545777700286
B00HGJB3MC,-0.014817023531500176,0.0012260908898338474,0.006095270892944717
B00HHAX9BI,-0.019684950962642635,-0.008844992331022273,-0.0066481922103284515
B00HHYF59S,-0.018403449436780905,-0.0011871763400297106,-0.017180870987515647
B00HLSW674,-0.018721396943489465,-0.00675490861999538,-0.003773607689546008
B00HLSW6YC,-0.014124005303826643,0.05343927744581281,-0.02486096049591233
B00HLTD6E0,-0.016792347613234917,0.03649893454182404,-0.017764544140516387
B00HLTD8RA,-0.01893351264768124,0.0519271671567188,-0.05764999993094874
B00HLTDARS,-0.0185345135039431,0.007836028721126374,-0.015500456769980086
B00HLTDCLM,-0.018359853682493033,0.010718238041797916,-0.018840025684160676
B00HNGZK6I,-0.018715886323662254,0.014465802148481564,0.010106650086552342
B00HNH3HIU,-0.019940924117553778,0.01261919442687071,-0.007049935335813939
B00HNTIXK0,-0.014074887824314085,0.02147353742389507,-0.009028638619294387
B00HNTOYQC,-0.015417642964818037,-0.0022438199701039618,0.00044661771271685814
B00HNX29S8,-0.01932528191278663,-0.006040306705774756,-0.008230951901688516
B00HP4W1M4,-0.015997135839525937,-0.011006274500874949,-0.004350375163824589
B00HQF9TFO,-0.013038864549158714,-0.006813769489038222,-0.00579374228388066
B00HQOFIA0,-0.015776533241016005,0.02114234408143297,0.006405057375645855
B00HR7OOME,-0.01969299662343314,-0.011548014963672451,-0.0025006340610990918
B00HS2OWNO,-0.017620174441879355,-0.007264660446543209,-0.00686047696341462
B00HSJ2CVQ,-0.01710618660507893,-0.00895290217032235,-0.004741868945195689
B00HSKI8GS,-0.018794763971325564,-0.005571209944044598,-0.0065039686672526765
B00HUAH1H8,-0.019822573592341356,-0.01293980516570074,-0.0073935701127847125
B00HUCF420,-0.01959257016395285,-0.004662899218401278,-0.023949271054921246
B00HUCF7AO,-0.020330800571972563,-0.012901240603682014,-0.005456239610567115
B00HUTPK4U,-0.01927194377082477,-0.012713449099914164,-0.00666047152281886
B00HW3EI3I,-0.019433848098997862,-0.012199109597167655,-0.004728762560383684
B00HW3EXCE,-0.017620314969581143,0.006083602155590787,-0.02271030953438093
B00HW3EY46,-0.018060764930180988,0.00471692151326382,-0.011989799016584982
B00HW3EZXQ,-0.015260247354760764,-0.007039207884401071,-0.005118401995590201
B00HW3EZZE,-0.015189722714197397,-0.007122924077176709,-0.00945561581071337
B00HX0KIAM,-0.01753139675244284,0.036231393901637474,-0.013522216434362421
B00I480QBI,-0.02004283865570551,-0.012936341979992225,-0.00925139857724571
B00I4DSDE0,-0.017179512985876843,-0.011528452293223088,-0.0033209104123452
B00I6JOD8M,-0.01700880744105202,0.03240138117398098,-0.02186248549635485
B00ICWO144,-0.01817097334177464,0.009358356082431893,-0.004849552995085101
B00IICFEX0,-0.01615169079136951,-0.01027452469892822,-0.00448684299311531
B00IJG5502,-0.014866975041079445,-0.004610118793124276,-0.008434023969455558
B00IK481FO,-0.020766549824010366,-0.0076683853579891815,-0.009208246282621832
B00IKM5L6I,-0.015682000992450252,0.00018686453631839163,-0.002357237737623661
B00IKM5LT0,-0.015312746185842883,-0.007359114781055345,-0.017387659623538197
B00IKM5LXG,-0.01623678771545625,0.09494999211092428,-0.04124076274928331
B00IKM5MIA,-0.014706141562922057,-0.011626620872164376,-0.030360596446598418
B00IKM5OTW,-0.015949295714653543,0.0013417482784118296,-0.013171397442737235
B00IKM5OYW,-0.01655686766898226,-0.006227602902588766,0.0001392942432857648
B00IQ8TT0K,-0.016418645697893957,-0.009512595172721001,-0.005467623273023195
B00IRD8JJ6,-0.014463344855002695,0.0018742163466979234,-0.009260345289301593
B00IT70F3S,-0.01989587289673101,0.015704286323245862,-0.02360776737231918
B00IV3FLO8,-0.020556716866991884,-0.01195838007847051,-0.006115230564680418
B00IWULSTC,-0.019594744103262066,-0.008086975553011246,-0.007553296081470244
B00IXGU2TM,-0.01922193964924216,-0.012456098439873794,-0.01165272855252435
B00IZZDVTO,-0.01839738192631281,-0.011688720989836237,-0.00460999682110405
B00J22YU62,-0.014260541038715623,0.002284714769565208,-0.03897832979074865
B00J2PQYWC,-0.017237029205657624,-0.012223245059426966,-0.0047604827677769895
B00J2PQYYK,-0.020609171682948176,-0.01256997898791236,-0.005221502017138498
B00J2T18XS,-0.01655814173602566,0.04948115519493402,-0.026975583364983503
B00J3GJL52,-0.020067242935361804,-0.012856207546699206,-0.004664629809597938
B00J5JSV3A,-0.015834184184239698,0.04932889285158076,-0.01777561075748793
B00J5LXT44,-0.0196849661522973,-0.013501180509791723,-0.011190833636198803
B00J8LXD56,-0.019221972679047752,-0.005006392540177048,-0.0010138958785211203
B00J9BZOXY,-0.017438841615136935,0.019369223264744367,-0.005065058288103184
B00J9BZVQE,-0.020156270975032912,-0.011804237513356814,-0.005661495651879837
B00J9C07GC,-0.01619655645181153,0.02198101249460326,-0.021348714552131855
B00J9C0DRU,-0.01899667555697422,-0.008071804402758495,-0.00020238207210149947
B00J9PVE2A,-0.017179549211531468,-0.007695366336058259,-0.002633881018630814
B00JA3RPAG,-0.016401077658647737,0.06229390620708881,-0.03770935759734278
B00JBBJJ4C,-0.016332962770351123,0.02076770150964792,-0.027784239804044427
B00JH4U9GK,-0.0181540478413518,-0.006229399768235422,-0.013199410510192463
B00JJ3EH6C,-0.014826634293528682,-0.015103428606437375,-0.00517478990655508
B00JJJ3REO,-0.020961759030091315,-0.012662107812307536,-0.0045112161050243895
B00JJRLG7G,-0.0193820639990027,-0.010600762733694504,-0.006335480575469868
B00JKE4SVE,-0.015099065233421707,0.05075569303913604,-0.01902244709389495
B00JKE4VBQ,-0.018084015179527773,0.010000298563612208,-0.0029201241997145228
B00JLC57OW,-0.019739127700914374,0.0007521781356173921,-0.009667616965882643
B00JLDTBCU,-0.01791392943572643,-0.004762965783872918,-0.009072160338498211
B00JPFTPDY,-0.01587872191238844,-0.004610035362670471,-0.014465412315205359
B00JPFTW1E,-0.018075946813491357,0.0009246881240925537,0.0049990141414141525
B00JU94ZPS,-0.01711220912734302,0.017517191925398287,-0.018616590920624093
B00JV0547O,-0.0177997762465981,-0.019554269472530066,-0.004571219731188992
B00JVSF0T8,-0.01771415477992087,0.01186517242630065,-0.029238607579528043
B00JWS9FYS,-0.011012508089684564,-0.007137869177687092,-0.0026797191902588283
B00JXFHSEE,-0.016151707283650722,-0.011603300258376876,-0.003795202661156447
B00K2CI0HG,-0.019325297823532428,-0.0035632850694762705,-0.01093973379998419
B00K2CI184,-0.019693127343501017,-0.004338409941544164,-0.007001663732161382
B00K80QGCS,-0.018397457098424285,-0.00809952565361979,-0.014153294240091522
B00KACCIQM,-0.01949454061434348,-0.011223723049748715,-0.005576364029370649
B00KD5HFJG,-0.018795076482203032,0.011485504233235412,0.006378772628818624
B00KDF2NL6,-0.010645456889720484,-0.006933830471147585,-0.004188555454801646
B00KDU8HQQ,-0.020086845409720087,-0.011898754916664556,-0.005648146994882577
B00KE7PC66,-0.017148129477695388,-0.007648204036975211,-0.01160451697082145
B00KHA8992,-0.020289733279139844,-0.012030537511415211,-0.0034031612088989433
B00KINIOVG,-0.01219847450074859,-0.008671778667708964,-0.0024766675800333075
B00KMULA6Q,-0.02020231192469129,-0.011788201707119209,-0.003983516262671464
B00KO10QH2,-0.02028982791320776,-0.009010357643900856,-0.013768526846001192
B00KOBUO42,-0.013590051149109326,0.002770482289508346,-0.0064080827299557415
B00KPYT3LS,-0.016797413641076273,0.007764829824198826,-0.011293376633521868
B00KQTGWPC,-0.018194950179864052,-0.0014142427258072487,-0.008503200128539303
B00KVFHBLK,-0.011848015221510237,-0.012896618043622552,0.0007604730474439007
B00KZJX8O6,-0.014977017497364763,-0.012240590677433048,-0.0020424582856489555
B00L16P1QU,-0.018691635354743157,-0.013307441875362746,-0.008155175015225878
B00L1TML1U,-0.019382105589559693,-0.01188573417944082,-0.005727111082970088
B00L4K3MLE,-0.0180989720745846,-0.0009449430449109242,-0.00937882244716734
B00L4KRP12,-0.017811695384801332,-0.0034785346997210633,-0.00434488160719407
B00L9FLO5K,-0.012113814623051635,-0.008138541061277284,-0.004401891959046436
B00LG7VWIA,-0.019304376651823288,-0.011602534596002453,-0.0046653039478363805
B00LKCQONE,-0.017620047412735953,-0.010837303478571892,-0.004869161463957331
B00LM4A21A,-0.01700831865335267,-0.007724347192057605,-0.0018299777502659553
B00LMJUOWC,-0.013854649779476867,-0.0001862582251129724,-0.017269041184836225
B00LO1T5GE,-0.016758449621587283,0.010465083657561594,-0.010819463076835942
B00LOCLBVU,-0.02059990835272679,-0.012355081652193923,-0.006012803276303541
B00LOCLBWO,-0.020202293659117885,-0.013091287871321952,-0.00456244082409449
B00LPPIDSA,-0.019755807206569904,-0.012336865134631005,-0.007022600011587809
B00LSW76MO,-0.01827231652737732,0.03708774479398764,-0.03558248316534462
B00LT1JHLW,-0.019665271126464347,-0.01163336981495874,-0.006682695378673464
B00LT1JKN2,-0.019822609976385065,-0.008999364594932932,-0.004406978012763628
B00LU7K55M,-0.014567809682729317,0.015761339850627876,-0.012153893302834786
B00LY1YLKE,-0.01478162943734357,0.016288543443986548,-0.005311209397325607
B00LY1YOGA,-0.01878393265315971,0.004514048669074035,-0.024461914665910047
B00M0GM2NA,-0.014953931797938299,-0.0038494458464406033,-0.009317159083109107
B00M0GM4DS,-0.0198708012044944,0.042084939201271786,-0.04604683323332467
B00M0GM4V0,-0.018443229558051253,0.05119582427786997,-0.035593306800613615
B00M0GM72Q,-0.016031611130232035,0.009664566789558472,-0.00236835735017227
B00M0GMBMC,-0.016603507411314968,-0.010095393818915548,-0.004831178965796684
B00M0GMC26,-0.01893225257635707,-0.00970147630952947,-0.009122332855783979
B00M0JU1XU,-0.018966070941435136,-0.012260196766683714,-0.00592743545275529
B00M25EALG,-0.017297279889913666,0.11530056994293113,-0.08085343306331637
B00M482XH4,-0.016213297140492224,0.021302625235155723,-0.003803939564070773
B00M4A93NY,-0.015462821404787719,0.013518275931506691,-0.008251388612063976
B00M4LP84Q,-0.015614092012543806,-0.006395694734088867,-0.01763358328705681
B00M7D81SQ,-0.018501182761845716,-0.007209923230603702,-0.0142561561526052
B00MAMZ17S,-0.020122968065904794,-0.007454820793368296,-0.006747646463263258
B00MEEVVV2,-0.014251599015034267,-0.008806424957307947,-0.0013734343153970323
B00MEEVVYO,-0.015346679274371602,0.00726597182573887,-0.004110289776883415
B00MFCPURE,-0.019088383877476446,-0.010266206423516817,-0.004063885117258969
B00MI56U6S,-0.019848689289984952,0.005294296942063796,-0.004212532675396897
B00MK1RA4G,-0.02118599485977321,-0.012932087773479713,-0.0049852148136908
B00MO21WAY,-0.02104613746109214,-0.013638712125282077,-0.005146258673019136
B00MP2FHNG,-0.019088352190068707,-0.012826757194636397,-0.004319674507775551
B00MWP723Y,-0.018003082816153863,-0.014863764207393581,-0.006351594623440701
B00N1JQ0N8,-0.015596344878118378,0.0058312508946761,-0.015587982026196838
B00N1JQ1IM,-0.01716830371367578,-0.004948384817181792,-0.011920195080609234
B00N1JQ39O,-0.0176202135683815,-0.010218029497508717,-0.011161012507424677
B00N5AICVQ,-0.015322086556173089,0.007911910865290852,-0.0024289502464553176
B00N8JIGT2,-0.019021725077415532,-0.0088875678209329,-0.003967261552478922
B00NAQ3EOK,-0.015389971944996323,0.007407187112053439,-0.0060195171905258965
B00NC61CSS,-0.01573215528289711,-0.010074498886446117,-0.004084265528816033
B00NCDVVLY,-0.014510940865964076,0.011421944064084838,-0.0086246441824938
B00NGL7J68,-0.017830069800441675,0.005806603466545429,-0.0050358738583947535
B00NGL7JK4,-0.01578466936264417,-0.009661874541411231,-0.00790034495941165
B00NH0MC4W,-0.01966522098147303,-0.01212358573080764,-0.003721931411278748
B00NJ4U5U4,-0.02055670132880131,-0.012903908795577932,-0.0050090127905337
B00NKHC5RQ,-0.017179646199333914,-0.004066132080994861,-0.010120120656781825
B00NMF8SEK,-0.017908941494694325,0.011050281123339369,-0.02340021300489325
B00NO834N0,-0.01690991409278357,0.009429263003477949,-0.012851054081943638
B00NPHD5KC,-0.018647979677196773,-0.003742283645558057,0.00016255570979592266
B00NPHDBUQ,-0.018325004032744004,-0.0031516785277959226,-0.004894723077910023
B00NQE6X3A,-0.01785068959179399,0.02474538220797505,-0.02765032705300502
B00NT6NGT4,-0.01772532695534173,0.02340840839015215,-0.01584491444575413
B00NW6KRZM,-0.017179699970555726,0.0006609353164523475,-0.006815710721825813
B00NWKWA58,-0.020042808581419335,-0.011550659890752166,-0.0071769217937387
B00NYC4PNO,-0.017382182064431467,0.007220908671832516,-0.0005449901632350957
B00NYC65M8,-0.01827118740252094,0.08377049935135501,-0.0889698892726358
B00NYC7PG8,-0.019265529881267018,0.004269000479256544,-0.01823745452924908
B00O0292FI,-0.01485411812270506,-0.011111550382916441,-0.00809462295653809
B00O1D37NO,-0.017410848394139464,0.029358807930398488,-0.039896384618112554
B00O1D3C3E,-0.020976218047524853,-0.013060518496608184,-0.005085808097671956
B00O20UHDO,-0.016221015816668207,-0.0030306638971390734,-0.01456006620558016
B00O2IZPD8,-0.020263376989889278,0.009271464358866131,-0.013758463413279935
B00O4CTSHG,-0.020556720309107653,-0.01351255069264618,-0.006210638030934532
B00O4ZC57I,-0.019973959417364046,0.019952492431595865,-0.030294250454030728
B00O4ZC5A0,-0.01723724190140993,0.005351648202102706,-0.0036092496302767125
B00O5AJRAU,-0.013865216036994863,0.020604936420657513,-0.01936952603694673
B00O7LYMIO,-0.01792045564532248,-0.0110862510525371,-0.004709162650272883
B00O7LYUXQ,-0.018996626896616235,-0.010513113952477931,-0.005273651144040591
B00O9ZSKIQ,-0.018297743963776623,-0.012005301018052247,-0.004254671885764775
B00OBIA3KE,-0.014193922254726463,-0.008867822538046527,-0.003921281281065567
B00OBIBCXQ,-0.016092131401124588,0.020955080940587848,-0.032091764961123065
B00OGL6S64,-0.01934088238557395,-0.010274632358742502,-0.011479149574964289
B00OJMC8TQ,-0.01590702981342866,-0.005840056821577322,-0.007259620177604235
B00OKB80KW,-0.014867535970646443,0.03611690343179883,-0.01981901011760955
B00OMCCI8Y,-0.014054091205815926,-0.010613390590962508,-0.009324917342663797
B00OUF232O,-0.01505902284635638,-0.008707371903459696,-0.006377242925129116
B00OV3VGP0,-0.01902396941737177,0.08563970632885667,-0.09324474336732079
B00OZJ2Y38,-0.018730022143570356,-0.005003029563673271,-0.02317707052726426
B00OZOIETQ,-0.016763598924281697,-0.008683574924080872,-0.007862477599329301
B00P1WGHLI,-0.018474821969778427,0.0035281768111513046,-0.01803620439817309
B00P2LVW9K,-0.01671777143726731,0.014274091669619935,0.004253080686470741
B00P6VLL0G,-0.01844160148058368,0.0056664210358903415,-0.013858821700476115
B00P8KD29I,-0.01948891419448552,-0.005482650098754492,-0.011632127744071926
B00PC1FD9U,-0.0195900640115357,0.004309492114131764,-0.03352331551191528
B00PH1H6TK,-0.01839313077039185,0.007146028197247088,-0.009728564079443742
B00PK7HXDU,-0.01770026614675804,-0.009045608859312602,-0.010940233586387828
B00PLEF4XS,-0.017410440962358706,0.00301477692199884,-0.01511683983344911
B00PMDSVTM,-0.015248098696688658,-0.009373807239214183,-0.0038579365882085545
B00PV09C3U,-0.014729296981373978,-0.005688963017612568,-0.006667243036187453
B00PY4Q9OS,-0.019971073026801813,0.044481450718282974,-0.053304741109048794
B00PZX2CT4,-0.017102039814881072,0.0037492504211196773,-0.006344031097808081
B00Q0G2VXM,-0.019971073026801813,0.044481450718282974,-0.053304741109048794
B00Q5NNMEW,-0.017410397317300402,-0.006755743061692488,-0.012693272415900987
B00Q7WBGHG,-0.015140630986852048,0.04591252405426746,-0.028704701296809042
B00Q8KCS60,-0.0172644049756801,0.008695100634006346,-0.01574769621659169
B00QGQFOHG,-0.01784030341867225,-0.009428085139479101,-0.0071448089208599646
B00QHIRRSC,-0.017019378847873086,-0.011471673467864447,-0.005892428720296334
B00QJ9C7B6,-0.01664117973792265,-0.009787618657881376,-0.004118610479757479
B00QK4ANEI,-0.017300265625164464,0.004404482398608199,-0.019517929527684504
B00QKS2DP6,-0.016810458799392688,0.023561929043135383,-0.028385140917387502
B00QSHWZNE,-0.014747253086906331,-0.00512091189855317,-0.010898547177800404
B00QTKCP58,-0.019622325294934573,-0.010218215413475673,-0.0016401380638740794
B00QUFHTMQ,-0.017188445407485393,0.0014765973900239312,-0.017194964660984
B00QUFHWMS,-0.015528934649631704,0.026685829590669733,-0.05340565891135639
B00QXIIZ3W,-0.014905179877843108,-0.00788745744513924,-0.022234364881135525
B00R041BVQ,-0.01711181405112249,-0.011348997716675836,-0.00846034686504835
B00R041CT2,-0.015270748399162185,-0.004770943274521458,-0.0032858893722614237
B00R041FXA,-0.02158451329898176,-0.014823611185467496,-0.005315122702360898
B00R6HLE1O,-0.02031196715557931,-0.013487748926562902,-0.004648890039370935
B00R8GUXPG,-0.01995846421432404,0.044304647450010864,-0.05301085618308973
B00R8KIJ3U,-0.01925156511522222,-0.00957915822799363,-0.01647258251390202
B00RD6DZL0,-0.01742592018149995,-0.005315354354648297,-0.008849908175399268
B00RDCKLHA,-0.015601104966535172,-0.008114578226044845,-0.006308439987800123
B00RFSC9TA,-0.013215024541094769,-0.007606442778304539,-0.006727309416070569
B00RI4VBUO,-0.017281198996720603,-0.008825750731585561,-0.005503796662483077
B00RNELG5E,-0.016754945883369246,-0.00014844618512733276,-0.023771692095355235
B00RTKEFSC,-0.017541604340855332,0.004240124084630081,-0.024917658831126864
B00RYZFNZG,-0.01626466641535094,-0.010172151354488316,-0.0050553534536246425
B00S1ITA2W,-0.017877254295760616,0.04428452208482171,-0.0324319182817076
B00S2LSA5G,-0.017852032769143364,-0.0021191404195401134,-0.000877462048285884
B00S6MBGY8,-0.017184169332139697,0.001464291762611153,-0.01718482313129403
B00S9XHJ86,-0.014267378756853777,0.01824076533620542,-0.0028543594103807145
B00SADQOEU,-0.017415361509453473,-0.0007869640916848506,-0.003609696004282908
B00SB9SL3A,-0.01913435723581287,-0.012275278061908517,-0.008702507910081345
B00SB9Y6KW,-0.019894784514536277,0.001680735448902293,-0.020248210538643882
B00SFRHKAI,-0.017069478650763276,-0.006837798075715351,-0.007904369338879417
B00SHJLVWM,-0.0182301870663461,-0.007188064284126613,-0.005991476776566978
B00SJC9WV4,-0.018971138189678827,0.00013909357749160566,-0.016751194485404127
B00SYX6J2I,-0.019507971944981304,-0.007428133009407689,-0.0034468715471644346
B00T6QIZ7O,-0.016405055377852366,0.003963288722786746,-0.0028126961006992015
B00TFGRY4U,-0.01624351718719808,-0.006053584860736784,-0.008082854437009636
B00TGF9GGO,-0.018148663512134837,-0.012860469783752247,-0.004787209051154737
B00TI5RQL4,-0.014578672822321772,0.0017703430738835754,-0.001072809793866098
B00TKIJGDA,-0.017766921368325524,-0.008718398625481134,-0.004925674879276796
B00TPL8DXQ,-0.020850411880279644,-0.01043243520011911,-0.005626936046113154
B00TPN7EES,-0.013844368288347772,-0.004902303145996612,-0.006846744435216881
B00TQ4PBBO,-0.016418692124137168,-0.00991608151079472,-0.0061543774597591
B00TRK0ODC,-0.01644568872038042,-0.004062093283352557,-0.01636574855486975
B00TYJDQ54,-0.01826507571732678,0.018773550068933737,-0.03177580136595385
B00U7M7UPY,-0.016065537553682455,0.00017463140854889113,-0.016780636002383952
B00UARSZXC,-0.018853431794891243,-0.012424098311390522,-0.005464450153855203
B00UGPQXFA,-0.016518772209511975,-0.011137015647223598,-0.004049310561169882
B00UHAJ24S,-0.018249433321299496,-0.010039707366396405,-0.0090965774533353
B00UI5CU6Y,-0.019784007570964313,-0.0034859756637216515,-0.013687806542386311
B00UJZQF5A,-0.018273034547215003,0.018794586000255346,-0.031823499025358526
B00UKSXN60,-0.018668973975454493,-0.009674537898609607,-0.013440633751402354
B00UL9050A,-0.01705961345369977,0.003146059647203769,-0.01837841999083596
B00UMDF01Y,-0.019251538633072173,-0.010460891109299894,-0.009631753237104967
B00UNONQSQ,-0.017491025924016457,0.03500607604069335,-0.036729333888660724
B00UOB45DI,-0.020766447023576336,-0.013483858459322094,-0.005318167194417592
B00UOW29C6,-0.0184209471056638,-0.011995686011002208,-0.004873457524177227
B00URJFYEG,-0.018467174203991025,-0.011227973044602744,-0.005565396093308758
B00UZ2O4D2,-0.015277357506414475,0.020426206067669588,-0.008555883166780206
B00UZJO7UA,-0.01713066413781975,-0.012242291063315489,-0.006814114629072473
B00V950K3C,-0.017297279889913666,0.11530056994293113,-0.08085343306331637
B00VAVNN5W,-0.014791807748079625,0.005099408485354804,-0.004179635759062064
B00VC1YFFM,-0.020703521785086873,-0.013821553079513457,-0.005657675416193387
B00VFVIJFG,-0.02012042104551022,0.005595240394131801,-0.005439763591070725
B00VGQJLDO,-0.020609194930281176,-0.008860065689105523,-0.009418633600699128
B00VK09FMI,-0.017540174010872996,0.004236158865032901,-0.02491394776389168
B00VKEWZQ2,-0.021624568145227653,-0.014059924200309337,-0.005225730357391932
B00VMIWA3O,-0.017473281075720406,-0.007416987518125885,-0.012196545776051924
B00VSE0IMM,-0.0192150754370263,-0.004687584761464216,-0.01609967261620226
B00VSG3MSC,-0.020137220065398476,-0.01074440816395243,-0.0058927591581005865
B00VU4YPR4,-0.019658275618392354,-0.009982927298952044,-0.005275475428367034
B00VUK505O,-0.014001879660257033,0.01229912369929405,-0.008330448586715838
B00W1XYVWW,-0.02058061569341802,0.011785047003160727,-0.025561446930552477
B00W3JQXUM,-0.013915940260847196,-0.00854271036572446,-0.00122582644930062
B00W605FDO,-0.019646517198769184,0.016651148332589356,-0.016969539197495484
B00WAJ8RBI,-0.016544156706780635,0.0406014961074009,-0.02273381168082637
B00WDQNYUM,-0.016990986461401042,0.006527520618177932,-0.025837041830737522
B00WNBABVC,-0.020455576525935316,-0.003570764775836667,-0.014308825675071217
B00WRNGTRG,-0.019558484400582003,-0.0017272001858497873,0.002220026716614096
B00WSJL4JC,-0.019927600301743415,0.0036060907872419194,-0.024792459739788584
B00X3DC6Y4,-0.020703537730207004,-0.013140840499989197,-0.005867945181238535
B00X5ZSONM,-0.020137241049875538,-0.00789440916152725,-0.005754714169996727
B00X797NJW,-0.018636672252017674,-0.005464694864206932,-0.006178883478653759
B00X7SIALI,-0.019722482526935772,-0.007324222282895014,-0.003892946932326299
B00XJ8HAHG,-0.01770664895000958,-4.864573290697506e-05,0.006471954522244583
B00XLX0Z62,-0.017515703563536367,0.06901811628741653,-0.07028453586115856
B00XQ142MW,-0.016929757177588392,0.03945120970504258,-0.08714632711836125
B00XQ2CC6O,-0.019272073206484944,-0.009532630617761304,-0.00788465144345268
B00XQ2EQH2,-0.017829974354329356,-0.008695683365549094,-0.011958793452417864
B00XRZU2E4,-0.019492156876640066,0.08298611594838913,-0.04278556766514518
B00XVHKYVE,-0.015417526170105616,-0.009626099995018518,-0.00445652703354554
B00XVJ3MW0,-0.019773663725277214,-0.010702071322321831,-0.003941422706025514
B00XX3VR0S,-0.017620034848601918,-0.010326496657106436,-0.004503867697284215
B00Y11WX90,-0.019124935076484086,-0.004396103580517987,-0.003741433554710221
B00Y7R9FWQ,-0.016719280162235214,0.002823273181728067,-0.018305294615006545
B00YCY46VO,-0.018904907865532096,-0.00930611723573183,-0.0047999953323049115
B00YHR5UW0,-0.015671915407874482,0.0056007925072769265,-0.02506808302978276
B00YI71PN2,-0.017324006620858583,0.01739387118103223,-0.02146231458387422
B00YQJRYGY,-0.016998848379056315,0.03853810681125104,-0.08884785235224506
B00YRV20HY,-0.017942731420801782,0.011571397641995879,-0.02201994361788752
B00YS4V5BC,-0.018003368905284603,-0.005133870104762529,-0.0002418984666133454
B00YSG2ZPA,-0.021275403434005857,-0.007148639776633143,-0.020704256322654626
B00YT8SFR4,-0.017544398490035744,0.006791281124471696,-0.014206927465233091
B00YZBF1YU,-0.01676378825465462,0.01043980689735593,-0.013938854420592141
B00Z710V6K,-0.015822374105020975,0.009353951711606785,-0.008977708799101895
B00Z9YZRVE,-0.02067815010951694,0.0027172200296811774,0.011075664254284752
B00ZGDIGZ2,-0.01936416559419286,0.024513938468664502,-0.02298121327547918
B00ZL4Q7NE,-0.00982655991044861,-0.005916470996320663,-0.0030314926325077187
B00ZPH4SAQ,-0.020669641210415115,-0.012709604603123942,-0.005206887343374745
B00ZQ36R4Y,-0.01942222254098195,-0.001424745442087308,-0.013364398368801262
B00ZR3W40E,-0.017966867694751334,0.04677829172860574,-0.025696919752932132
B00ZRBQVVO,-0.01703283928411115,-0.0012018333664904845,-0.011448127783693774
B00ZS21J6E,-0.01734082852114735,0.022517030172987555,-0.013058550342328662
B01013C5IU,-0.01718849538693842,0.00482054158826517,-0.007634396897453157
B010E1H2CS,-0.01624348714112066,-0.009431632798160516,-0.004962768589996241
B010H6NMKQ,-0.020423186126746155,-0.014216901185398784,-0.0036844721787261483
B010NDZJ9A,-0.016837651245968376,0.041867949881140835,-0.00914962961356461
B01127XNEE,-0.017753639502442225,-0.009651365293389698,-0.013528216227233996
B0113FXB9W,-0.01832485551941687,-0.010064518652193086,-0.005607879291021378
B0115NB7N4,-0.019088369295644853,-0.011473098928294465,-0.005179134040308697
B01169SSOI,-0.016924880858640984,0.016192609650455905,-0.01694326584892394
B0118S73VG,-0.012537756271262905,0.01839686078641325,-0.006734641292118632
B0119OFSGQ,-0.020097811035346313,-0.01345436744644267,-0.007043837888570522
B011KME78M,-0.019439567424454005,-0.008809907686772778,-0.0037942567273402117
B011LW42W2,-0.019343744124729365,-0.010747668045214835,-0.006471570996112864
B011MUA8B2,-0.021320220660777846,-0.0147786896630718,-0.004385880418440717
B011Q0FSC2,-0.019822602736402736,-0.011865997698083202,-0.003097626245114923
B011T0C71E,-0.019822523495857388,-0.012983219244558187,-0.004722631570273486
B012BPM40U,-0.01781747222193519,0.002544441846934187,-0.024440029389752153
B012DW8N0G,-0.014316293078679574,-0.009259577806843274,-0.005483744743939845
B012DWS874,-0.016791965646639748,0.03320161799387276,-0.027047520288839007
B012HTAGBY,-0.01588491201252407,0.0011990197118162912,-0.005895325306188674
B013C6OW1Q,-0.01772774913829709,0.002628154222255378,-0.008658148326931125
B013GCK51M,-0.017913906306864895,-0.0003364467650066959,-0.008942650850496512
B013JA9QDO,-0.016842909484615576,0.0015710861359842056,-0.0009965207263697752
B013P0WZ86,-0.018199716934277188,-0.005685367806130066,-0.01100443003478463
B013P0X1HK,-0.018188609782984876,-0.0008813372317337058,-0.0007389033972811161
B013TFJ4SQ,-0.01592583001117174,-0.010570505962806625,-0.0032443124708358417
B013XD39BC,-0.01619020621290646,0.010191795301955239,-0.00915387944260318
B0142WELF6,-0.018115874799605896,0.011606929863897343,-0.009135818791268036
B014DEGTEO,-0.014516495757009942,-0.011394901116338837,-0.004698165822829386
B014E1TJUW,-0.020556705107412813,-0.013833687451947034,-0.005701315285377252
B014GDAVLE,-0.017840573959527758,0.005988955243901906,-0.018885249651843763
B014GJBTWI,-0.021238423663881414,-0.012974168234315239,-0.0046859776569134004
B014GQ8118,-0.01720734644617563,0.006022224934638525,0.009368357443169018
B014HDTT84,-0.016118133018862918,0.0182448784309709,0.006880653820499272
B014I67SGU,-0.016603627145928074,0.00041098791911744185,0.000971216543898066
B014LIIYPY,-0.020648493933532696,-0.01337160765341263,-0.0059159133875088645
B014TC60LC,-0.020225890119728012,-0.007474700485297963,-0.007303668912714633
B0152AVXUI,-0.012917576879520682,0.005197476452490262,-0.013914077608998468
B0158W4NT8,-0.016885865457955725,-0.010599339515514174,-0.005181070379543024
B015EVT7FI,-0.01481689751422459,-0.007957231431884001,0.0011325736447009133
B015GR8N9Q,-0.019653130536914396,-0.009739715858651576,-0.00871009569964272
B015H66J56,-0.016613291458357056,-0.0036859184519855443,-0.004785869228547799
B015HM3E8K,-0.01959064018412867,0.014347038505769856,-0.027147174123597836
B015N12RW4,-0.015493550118356472,-0.005439263403879831,-0.012490106888541633
B015N8JH84,-0.016151871047857442,0.0009311499108752246,-0.011026061179622746
B015Q04ETQ,-0.01636144273834855,-0.011874359730632366,-0.005394216751354904
B015S4DRYI,-0.016108570814498343,0.04009517112145149,0.041462276630342625
B015S4DRZW,-0.017057532774245696,0.018651922151904584,0.006522798276424035
B015S4DS1K,-0.020126421406973922,0.009896521471070632,0.028909548942805043
B01603ANBQ,-0.01964398992167038,-0.008566703551316517,-0.01311363500742117
B0167IE0KY,-0.018705655654318993,-0.002772604877413337,-0.014494118228265592
B01690GTK4,-0.01982253525303689,-0.012153095064854508,-0.005236022099513245
B0169PXGFU,-0.016804456762517662,-0.0031883188137769997,0.0025194928598635236
B0169PXGUA,-0.01615183200544765,-0.0012163567877576172,-0.0073759443071426374
B016BSPP4K,-0.01394921555783638,-0.008355797378004914,-0.0040365496534095595
B016BSPTZA,-0.017772041227443,-0.01238146500234377,-0.00715085135952071
B016HHR8G8,-0.015942291855774747,0.005627837850634998,-0.015361069235070596
B016LGTB1A,-0.017916269868382028,0.02031560634776091,0.08790310327918682
B016P01W4G,-0.018325050415357102,-2.086637864247309e-05,-0.005529471466277172
B0170FTFOY,-0.012314372132810078,0.0030782104672764706,-0.002254517486244287
B01723F80E,-0.01793543870363785,0.0487125346185339,-0.02401358027025565
B0177ZM3JQ,-0.015217567379517639,-0.0010045432173046355,-0.0008238005884192704
B0177ZM3MI,-0.018432966924636425,-0.009100527222333891,-0.0074567965480164195
B017DSRZL8,-0.013215033853472018,-0.006296956336561476,-0.004667402699582245
B017DYVF40,-0.01897542332259425,-0.011297872606538289,-0.009589552872090599
B017E5806O,-0.01974397151162035,-0.005767221617195409,-0.004421629311497965
B017HP18WO,-0.016885850606090966,-0.011667345545506792,-0.00405052098005995
B017NNN31Y,-0.01771195691202538,-0.009845064353284796,-0.012383054994952127
B017O74PPM,-0.017281192556728445,-0.011289583995527576,-0.0038070454888856197
B017RR4YG4,-0.015765330809877548,-0.008858459294264617,-0.006304163613045217
B017RR6YJE,-0.02106145573250034,-0.013289296765112544,-0.0057249099020046205
B017S3OP7A,-0.019450807307262966,0.034779151761465205,-0.053040951694861234
B017SQVOSA,-0.019822545671010636,-0.011482911921943237,-0.007958809281718375
B017Y01GOM,-0.01746829440915659,-0.004915069139498903,-0.01674902919695947
B017Y394CA,-0.01883145017563296,-0.01279338497707693,-0.005816588700537519
B0185P7LO4,-0.017497994532880822,0.0009719331650858413,-0.022829405123908617
B0189HKF14,-0.020923783044163775,-0.013001850255452337,-0.00568563887920214
B0189Y6HHI,-0.016460946676382864,-0.0020343744919533785,-0.009872464226487354
B018AXRKFG,-0.015172878145663218,-0.005874069608468373,-0.009194565922910469
B018FK66TU,-0.01898063280375177,-2.4927573949921858e-05,-0.0011139983429053323
B018IDVB3U,-0.019751551653943815,-0.009191254385338023,-0.003825459063528503
B018IDVB6W,-0.012481092523865842,0.0006664022528539529,0.004770980732951744
B018TNBX50,-0.021097669132416244,-0.013217903511550234,-0.005547078265216941
B018V20152,-0.018354197287633763,-0.011570647571155963,-0.00807931372907799
B018YGWQH6,-0.015505680192544162,-0.006734009017722611,-0.014159159987598001
B0192PEOGY,-0.017116656992785792,-0.00812989686367302,-0.014138655019891212
B0195XEGJS,-0.019045327863829946,-0.008528108707595366,-0.011357905961730334
B019A3QMJA,-0.020437263970277342,0.009744908091192068,-0.014116880268150986
B019C6X02M,-0.01656283726813943,-0.011699067475725088,-0.0037423038048320536
B019EC9R4E,-0.018599108179354028,-0.001485936949192338,-0.009482213749671647
B019EC9RBM,-0.016781137226319274,-0.0035960280717772857,-0.001376918179905357
B019FIFS9A,-0.017777387137082205,-0.009233155413505757,-0.008819069208583157
B019NB5EVG,-0.019665306121551828,-0.00785233409851571,-0.0050499038076620454
B019PQ0NZG,-0.019382261582424596,0.0017964238141748036,-0.01333128519862872
B019T8QBR4,-0.018543942776987753,0.0006719713306417211,-0.028243511495009803
B019WMTVLA,-0.01810957866977964,-0.0032396139210985873,-0.0029107837416344
B019WMTX72,-0.018702308619984873,-0.0029424721250830765,-0.02322491485479656
B01A71FC90,-0.018665500454299523,0.019037692513180656,-0.03321296479429396
B01A9IV54W,-0.01962233710680507,-0.010955525143858134,-0.009005759788858859
B01A9LM9B2,-0.016670409962893793,0.011605681092359545,0.03259723503262421
B01A9R6C1O,-0.021641980480515705,-0.014117780703433827,-0.005811896471858261
B01ACE4UPY,-0.020022754067785545,-0.0123844115031918,-0.0057784941798162
B01AH3QQ1Q,-0.01643422647872783,-0.0022659559321343095,-0.004176686123718685
B01AHWLX2O,-0.017989653346848888,0.012419320321033345,0.03506057294907828
B01AJ7ELT4,-0.017620084049808894,-0.007599416550935224,-0.007824471120483501
B01AJV0CSE,-0.01788705543627837,-0.010965996987456915,-0.006423215444922184
B01AKEGU1S,-0.01618607527434616,0.0008194092225354254,-0.006467230639374663
B01ATCA3RS,-0.015305875559204738,0.005218940298250771,-0.004616550280620731
B01AU6P8XW,-0.01927195211161118,-0.008750394743744068,-0.007770404883119505
B01AUH49W2,-0.020672791445319097,0.002517381592268952,0.011071210223426267
B01AYDOI1O,-0.014389910962850423,0.008508727621674678,-0.01570832946044422
B01AYMA95Y,-0.018843833893195366,0.0016018156693008076,-0.010382604189886332
B01B2CX0LU,-0.019702530318977788,-0.0044663167400918816,-0.008461039162946365
B01B8836R6,-0.015062530442613943,-0.004936853269454153,-0.0010525279115922012
B01BDUS0NY,-0.018378098280335303,0.0015838336766975394,-0.009612392172624147
B01BHTSIOC,-0.018694462785242234,-0.013057130435638234,-0.008235690616102218
B01BIC00KS,-0.014401032907967563,-0.006641810277815531,-0.007975577997250268
B01BL87PBG,-0.017807639410498614,-0.005846649577923469,-0.011761913220553824
B01BLH8R50,-0.017430968742344077,0.007455637123372683,-0.01964228108302898
B01BTDOSSG,-0.01776227337413766,-0.007023791539672521,-0.012778220925786161
B01BTDOSTK,-0.018786336993784198,0.006911189003319159,-0.02501270670548324
B01CDT609K,-0.019228270725888282,-0.011439961365884597,-0.003926681159344231
B01CE00Q5C,-0.016924962522102256,0.016436462177589244,0.03612651776087757
B01CP0Q8S0,-0.01771426995873654,0.02548714016988236,-0.022551557170969155
B01CUMHBJS,-0.01963106478731453,-0.012531787033049406,-0.007417406144677273
B01CUMITSA,-0.0199106472939804,-0.011771580809602547,-0.005389651181795835
B01CUS6508,-0.018636599841888948,-0.01222885954400313,-0.005798852404206152
B01D64VSYI,-0.016798103171365004,0.03795408637319114,-0.02890947384785065
B01D9EUNB4,-0.018171225169407574,0.02636074469424914,-0.01815667440732772
B01D9EUNBY,-0.019675809746747343,-0.0025663676065525816,-0.01650455242865007
B01DD4KNQK,-0.015464801615213354,0.021716478518843403,0.030064735100932802
B01DKLQMM0,-0.019112568931523348,0.04347215344013509,-0.022751930965734735
B01DL2EX6A,-0.014846692310283354,-0.0017391044594396439,0.0005312701028993532
B01DOQAKUQ,-0.015942291855774747,0.005627837850634998,-0.015361069235070596
B01DPW1A0I,-0.019822549320624782,-0.01253770814472714,-0.004528852469192457
B01DTNVGYI,-0.017513867111272115,0.006175201604875501,0.018666031698694355
B01DYX9W0I,-0.01594937685768432,-3.063274662566959e-05,-0.002569372290299422
B01DZQ10M2,-0.018580400269600613,0.009249799667119014,-0.017118996586801084
B01E0833YC,-0.015103068773781259,0.008215160801288621,-0.015753284260435558
B01EIS46CM,-0.022025021727711622,-0.014342356977372088,-0.00527385848738176
B01EK44KXE,-0.018501170175790112,-0.0002227468645334274,-0.00812424214820913
B01ETYJ4IG,-0.02013718831170576,-0.012669816420980782,-0.003922887586236806
B01F2R9WVS,-0.016335519981472507,0.005376438284316104,0.0030550360223333137
B01F5ZY3JI,-0.017803601712747325,-0.009914870454805486,-0.0062090652530313204
B01F5ZY4YC,-0.016412293180389947,-0.007274224782645645,-0.016443429536976834
B01G43HHNO,-0.019693015157845398,-0.009998624781844783,-0.006984703491366995
B01G4N5Q0A,-0.01665328002808463,0.001654913086166821,-0.006649413190705844
B01G71NN3Q,-0.012437717953884687,-0.012492972610823216,-0.0055795938974745165
B01GJQCZ7Y,-0.016968157655032144,0.03327055040454984,0.057515051973004105
B01GJQM5JM,-0.01823652412383007,0.0029691686565980007,0.008869603917963069
B01GP4HSH2,-0.014524703459851383,-0.003781912905753877,-0.008702802525037974
B01GRU5CQS,-0.0186980070624474,-0.002768681357058889,-0.0075355435575428795
B01GWBZ3K2,-0.020330824892735497,-0.011368326647823458,-0.005311079580936206
B01GWCB40Y,-0.019402678311672913,-0.009457170520229981,0.003503435473722298
B01H2JPTDO,-0.02100852230767378,-0.012439681645509277,-0.006346667575043694
B01H4FJP7C,-0.017730233059476304,-0.005589725233738686,-0.0029960380111653155
B01H4FJR5W,-0.01831787254359381,0.03782857952709369,-0.04156388975119893
B01HC3880G,-0.015488277806869668,0.04074157839536513,-0.03750660052895183
B01HH7KC60,-0.018014574340388397,-0.005938145147021157,-0.007216224768733314
