user_id,num_ratings,MAE,RMSE
A100JCBNALJFAW,29,3.066073395418465,3.3439612989094893
A100RW34WSLTUW,26,4.512884393355867,4.61337109501525
A100TWBGZRT50A,21,3.7148492510976845,3.839142616993866
A100WFKYVRPVX7,21,4.675541778062429,4.68431254122494
A100WO06OQR8BQ,37,3.56603022882392,3.876478880847943
A10175AMUHOQC4,49,4.439216765210154,4.636829991293146
A101IGU6UDKW3X,135,3.8011197597576785,3.899890325149313
A101R2PNWRP58,24,4.494762685143521,4.531373334814318
A1027EV8A9PV1O,20,4.627585513381667,4.671674805316249
A1033RWNZWEMR5,24,4.981935583686122,4.981970710648241
A103408HIST7SP,28,4.064888480573953,4.213475923197543
A103KNDW8GN92L,50,4.04995165830488,4.162416179260739
A103KWX1QFCG6I,21,4.478951690938312,4.516581225226762
A103RN7UTYYGC8,19,4.261708176339771,4.397257184079454
A1041053SID37WN8GTT8,62,3.96057799088686,4.0630804820225155
A1047CXPD3EIGU,22,4.831632225425901,4.836725703213909
A104EYZCOOSS2Z,19,4.47263988436382,4.500073202175071
A104L46J1RNYRH,25,4.079175539712236,4.363748848056122
A104LIHAWF1DGH,39,3.8097424232780384,4.046507510235286
A1050FV5E5MFO,19,4.806614660435535,4.818520981763419
A106016KSI0YQ,83,3.874686245872388,3.9652676310405632
A106RL7ZB0N5W8,30,3.4433754872678413,3.672333615512242
A106YXO3EHVD3J,112,3.7399198762760917,3.848694770806565
A1074GBGMK6136,69,4.44904521879291,4.486975009009102
A1075TNKVQDJ97,20,4.274278689214803,4.334142249717213
A107BIW9F8FHZK,27,4.829715723585012,4.890130230828231
A107H3XGCV6Y4Q,27,4.212239583987181,4.336145797717699
A107LG0JGCY77T,17,4.817341165837449,4.840561448420634
A107ZX1O8JZCN5,61,3.6570106360540127,3.8046062482926932
A10872FHIJAKKD,49,3.955591722031914,4.15770543168685
A1089V1E6BFW39,18,4.663389624301694,4.716146382843576
A108A421PC6MH3,24,3.1108548327772336,3.4762666240479434
A108LQ0NC9ZDAO,34,4.304552396320622,4.499484815076654
A109LWN9DUGPDP,40,4.233517726829828,4.3715532840006155
A10A4UOGYETQE9,27,3.6556507012848787,4.034186539900114
A10ADY0N5QKCHQ,19,4.360494734296632,4.469661817899955
A10AL9DABU66HY,19,4.788037078444819,4.810753696564686
A10AQSHGUSJM5Q,17,3.3808300323330123,3.512634717500429
A10AT9H6H4KMIN,29,4.249270849147006,4.288817060566424
A10BEZVSPSVFPR,25,4.377652540791711,4.449024213812422
A10BHYYEOT4ZG6,22,4.031644571442497,4.310044869449553
A10BS065D6B04T,22,4.486837011303576,4.63014883965901
A10C1WVKVP0JYJ,17,4.284744661649337,4.4035771306450515
A10C2SBALDLKU9,38,4.126976741853277,4.294468303952415
A10C5CJK1YKGV0,39,3.6970070226727056,4.011375050201012
A10CGGF8HTVNL9,22,3.9922450748332015,4.056270251537925
A10CJINP7KBR4W,64,4.207497726089612,4.304345406177977
A10CZULSJS6DQ8,23,4.914273242680245,4.918356857191758
A10D3I4NV0H6E5,30,3.6758258600483438,3.996083373528013
A10DB0H2NZF11E,82,3.557098312685089,3.7371449012579587
A10E3F50DIUJEE,41,3.6450770273314315,3.8398216399627496
A10E4X9WMS7JLK,26,4.2894912679955635,4.404857042241919
A10EH95EUDO9W3,24,4.149242266860031,4.199858752031024
A10EU5IAKELBDI,23,4.244936635568222,4.367065145672752
A10F9JB1KGTMWA,20,3.345155198280922,3.4801227395186607
A10G4BPT5MGBHY,40,4.248555131609204,4.311892727866218
A10G6EXQE1OYDH,20,4.401965623060173,4.475918756498589
A10G6FE925B5B,20,3.5746636551935103,3.657581458045961
A10GFXDB5NK8H6,17,4.388978766086838,4.521774795389986
A10GMSW3A9YDKZ,20,3.495060057688181,3.842623597429502
A10GQLC58ZBKMM,26,4.98747442528548,4.987495990967937
A10H3AHTRJG6QI,26,3.5378653154117723,3.7349252763592085
A10H47FMW8NHII,286,3.0263957553303027,3.2324384870833263
A10H52874HQ6HH,56,4.398937667577706,4.46891883731367
A10H5PGRWROYPY,29,4.780946146698262,4.80533793421315
A10H9MMKO8R9WW,21,4.632241480965921,4.652865676551375
A10HHM2684NZD2,14,3.4014701945181693,3.724484402756527
A10HIGTSU45VAI,21,4.11864180695183,4.17859647686614
A10HMPPHWI3V0A,20,3.9879993902533513,4.105998595531355
A10HZVT7ZQEOP1,41,4.159812562428893,4.252714519852001
A10JDPEQ8GJ2K1,48,3.445193772835014,3.6475606537000185
A10JE8HXBEEZ4C,17,4.60643732471709,4.62826112332763
A10JEEMDMP5PWU,20,4.1674874712713565,4.476295124458744
A10KEVPK6PBH5M,19,4.455952158685285,4.567647643727929
A10KEYE8DO4Q0V,38,4.714979389904016,4.765010884761458
A10KK981NCHT9Y,43,3.9203306551552783,4.166549149628828
A10L9B5PFUPQN7,30,4.032246025542272,4.1115164260682135
A10M1W7KBNSV2I,25,3.9663641148847,4.110556428699687
A10M1X244SBWTD,43,4.492385897434227,4.569381236791625
A10M52OJSDB8WK,26,3.782010423303442,4.078309778136095
A10MMVWAEYKI0C,20,4.667439835246834,4.706504849246411
A10MYW5Y7E30GO,19,4.515538603518478,4.567549166456615
A10NPPQEOF8QN6,39,4.873173024812021,4.875351939753333
A10NYV8QREC1H7,17,4.749833645162696,4.76942661851488
A10O7THJ2O20AG,81,4.223772507412973,4.404056025505683
A10ODC971MDHV8,343,3.303237872226833,3.4199521706094123
A10OFN0A2BB3DM,23,3.2205530115362015,3.2934680436660777
A10OIC8PYVCDOS,47,4.206199285175761,4.240505903421704
A10Q8NIFOVOHFV,35,3.9907293160399946,4.058484502327935
A10QUKLNY6C3GC,23,4.461373085990065,4.504964570173204
A10R1GZPWCIGZ,22,4.470092194384979,4.516625950120587
A10RHIFSHR359B,18,4.5862661050105595,4.636346815714074
A10STGPXGHL12J,17,4.297745842205916,4.329314220251551
A10T3NAGJRU4EE,47,3.7388430057844326,3.7597334241654856
A10U8DJAPJJI8I,19,2.8249376147547847,3.0590326466472884
A10UMWKU51R0KA,19,4.963186834435903,4.963287063327577
A10VXSS3D8IOOR,31,3.9130411259341105,4.00421090434259
A10WEZXZ8CY9OZ,21,4.701017168944562,4.731294030123211
A10WXN0EFSKHZJ,18,3.4015408711419335,3.5125458121383377
A10X0JN8KTK89H,39,3.8455267088419296,3.9657049001901425
A10XED5T4TXJWI,19,3.244972220396856,3.4376020455651943
A10XJR9XP7FGQN,19,4.98186544477561,4.9819339541991665
A10XRFM0POSLO2,23,3.872017565965491,3.939194954603284
A10YBRA10X34XN,26,4.341342402792073,4.384937501468305
A10YG5BXSCPD91,20,3.50662877917818,3.6815820096249094
A10YJQJE1CJV3H,19,3.313262628574687,3.7038138401637593
A10YNQ7SPY4X63,31,4.139966668987518,4.379312981878323
A10YZ5XQI922Y4,33,4.33781059087842,4.460498712529097
A10Z9Q81FK72KB,22,3.9190493600555922,4.108352977319365
A10ZE8HITPZ503,26,3.247140953979602,3.3703124252951806
A10ZQTNG1Z56IN,21,4.614334922873978,4.6985814192294875
A10ZUMCCLDNPKG,29,4.027361190181836,4.127062845903971
A110FNZSZQSKCP,65,4.4520060248860585,4.527537371424809
A110FZG6WGL0XM,31,4.9138564789795405,4.918748092971044
A110PYUEMTLMQ9,18,4.910804197678342,4.9112151041681065
A110Z7TIBRZLPA,35,4.321056811172368,4.501045603456993
A110ZJERHVYQQ9,22,4.853765239068924,4.893752717052046
A1115OU8UPVNGJ,28,4.785521937344228,4.8179962726680845
A111A7GRI52BL6,27,4.693616036856576,4.712089799921952
A111CSAB9KUP7V,45,3.821545268585435,3.924989775562132
A1120YLW78G31W,29,3.948104442557082,4.187953381068097
A1129LM24YWSZV,52,3.3616790313603144,3.447573155154565
A112EXGPYBT397,22,4.930468132078679,4.931189045775528
A112HYBLMBS7P6,43,4.84002362960686,4.869389657645581
A112NF3OPMYNUD,24,4.469757819425963,4.587922778648428
A112NIDJZLT2RY,42,3.263124466260141,3.4743075094700187
A112UYCJEYZPIP,25,3.6151249214899543,4.036577558802506
A1130B9F6WOF5V,30,4.0868118970697545,4.247275568267326
A113YU3OXKSKQU,59,3.560377906970117,3.703256455423905
A1143JP0YU6AYD,36,4.124431548978148,4.18947655931875
A1144FROW4FF40,24,4.162650833498296,4.183013283253054
A114OF2SINAHKZ,27,4.820346366679216,4.828890321434028
A1151RX4M3FPIP,16,4.110477451921136,4.14507897362976
A115DNKESW9EAE,51,4.983005408891046,4.9830161388594
A1162OIQ2K5D9E,35,4.014990406137011,4.130735545433812
A1167RGXBQY7JP,30,4.637100731283374,4.714200841048405
A116BPIANHZEP6,36,4.714033108830483,4.723046036759417
A116HO9V4B2YYY,29,4.430428943806101,4.51350136215381
A116VJVIYJIA37,18,4.492312343418949,4.5138548334506
A116W9OBHLZZH8,23,4.834225441276907,4.837124568885831
A117OCPOYS7D78,31,3.4575369411358765,3.681184184949996
A1180YL8VBJH8S,52,4.764557059326676,4.777852697292623
A119Q9NFGVOEJZ,28,4.878111872967467,4.879009701015368
A119RMVOBG7Q1R,19,4.727859229084545,4.781608093939561
A119YSLCAGGM25,53,3.622981775762576,3.6520414384434834
A11A75FIE3396D,36,3.8247932574557524,3.941657130497367
A11A8GWG0IXBZH,23,3.2278810389150796,3.543113914796361
A11B53O6FW2QDC,22,3.703045048444368,3.8589396876463185
A11B61QBGHLQDN,17,3.767397822512434,4.044306020060797
A11B9YJVH0RMPU,20,3.447209792598369,3.6939556521971766
A11BGJHCJ45RX9,19,4.54285715244858,4.603303800391379
A11BMDRKTLVUXC,23,4.873968330079552,4.8755890324927575
A11BQXTMP37M2S,37,3.8226616735873775,4.094004117958978
A11BSCGB3XPB6,27,2.3322667811727857,2.821586972776346
A11C43I615R52G,45,4.119458363018558,4.263798735321351
A11D5TH3NT4CWG,18,2.4798748469594964,2.9352783307499264
A11D9SBVAH1ZRT,19,4.938218195322626,4.938281933025464
A11DA38QUIYEPF,31,2.6601305920380205,2.9647019071030867
A11ED8O95W2103,70,3.3001836586927835,3.55439653272923
A11EPK2YPTYF04,40,2.8359785425209085,3.0126840747142847
A11FG650PAKYLV,22,3.6802969060093416,3.954059035706237
A11FR2JKCRB941,19,4.246776412438197,4.418852780039242
A11FX8HL2ANK6T,19,4.443448581984798,4.510235745745013
A11GBTUGNRGCR8,43,4.404545593587551,4.486485653364156
A11GCI6QKKJFMB,30,2.526073683770348,2.818361660661068
A11GI7O6GWYX1J,20,3.7521779070925136,3.8856548279326737
A11H09I2TOLZ6P,20,3.409607928375757,3.6387831684985286
A11H40JQV9CPCV,20,4.910447445298546,4.911786910757922
A11HXVC8Q42MYX,51,4.84938584230273,4.859148552557978
A11IR70Y60MNKT,40,2.98091914189639,3.194818894749238
A11J6CFP5DCBTE,98,4.275498986356686,4.325493934769111
A11KRMIA0ES88I,34,3.8831471719008115,3.9083877542222947
A11L32SO3KV0OC,17,4.425319316359849,4.455792974613331
A11L5M4MJP00UW,21,3.0978526068736945,3.559389638945737
A11LTA871TBYVT,16,4.987319735464715,4.987335233953799
A11M1TQ2X4V3EU,18,4.9167679394864985,4.917132851295509
A11MGPEYU3VO1U,21,3.3430569230514884,3.4647363604647823
A11N155CW1UV02,20,3.388113418098532,3.5091731180511294
A11NJGWOAM2D9F,20,4.227405956167852,4.343038794148885
A11OP1TI0C6C76,19,4.9423673314364684,4.947367738571193
A11OTLEDSW8ZXD,28,4.445239186826895,4.504818857648118
A11PE8VFYDJL8J,39,3.47268639337727,3.550549109201975
A11PK2MO25K5QW,23,4.063453043141198,4.1419778087479795
A11PRT1CCVHB52,22,4.625633568729602,4.649257270647037
A11PTCZ2FM2547,277,3.0808495528373876,3.243143633988304
A11QCFL21KOI1I,38,3.4373081578100937,3.723865454302317
A11R1SOISBH0PX,26,4.817321469431794,4.820158233542212
A11R5IRFFQPDCZ,16,2.978089354735872,3.2142338764556024
A11RM650DZWNWY,18,4.388830878032969,4.456899347669807
A11SGM6Z9083AD,20,4.243287327686256,4.3433256537744125
A11SNP427BDVSY,32,4.710166922821191,4.76964782062644
A11SPSEM08VIXX,58,3.8081304524040434,4.106154105647458
A11SQECTT7FM41,23,3.438063458967602,3.564432856333395
A11STSK2AIAQ4Z,23,4.169459400456624,4.288922239091665
A11TUHEHHENLBC,64,2.6625301526744236,3.0341287572675495
A11TXTVCFT246T,65,4.746299614742808,4.773369886007202
A11U69E7T7R7ON,44,4.578187260586993,4.667695679782036
A11UDE5XOHMRA3,28,4.2305761141408125,4.374531358371243
A11UO96AKBCGSZ,22,4.413862996206013,4.509565299887288
A11VF5HT9155MY,69,4.8139187983485865,4.865617349470602
A11VG3IJIMJXGV,27,4.1711395915994816,4.2333935179453945
A11W7IPE0SO9A5,26,2.9834441459710987,3.3017834510400936
A11X4QN3ZHR6E4,42,3.8802688214863483,3.9710729541070156
A11XKY4EIU2KNR,142,3.5035908082758294,3.814412617705498
A11XO2HER50IHG,26,2.050127704858239,2.709017930029589
A11XYL46MIEJQ7,25,3.227188171963535,3.498650055485203
A11Y38GP8LFLAW,34,4.854855077426621,4.862768225948474
A11Y51ZUQY2ALX,23,4.96551656636839,4.965887402995849
A11YIHB6IW352W,34,3.7101992473912397,3.884784312947899
A11YV6VC51HJTV,35,4.00066408989391,4.165703092374089
A1208PNKC2BMFD,24,4.993585343352364,4.993589712563535
A120GCE9HRKP6M,17,4.50165449929069,4.542924190334597
A120GIT50UISJP,48,3.6282005895855463,3.7490744834907654
A120UTHQDQIJGH,86,2.603947483494529,3.029077162111937
A120V3RVSK1O1K,27,3.255769469133211,3.49605668198352
A1210QJT54O8T0,33,4.239084315226531,4.300751424803937
A121660P9WJSER,85,4.020655632298292,4.0974826015754156
A12198UFI7B4IT,31,3.615965523571371,3.6906859387112436
A1219D8Z8HNVTH,35,4.702882339331592,4.7515357891670025
A121DDLLJU60DO,17,4.949507785210824,4.950003090629894
A121LU1P40URV,18,3.7174139428689097,3.8142435723090604
A121VLPO0FUEDI,17,4.641634971755932,4.664903009747741
A122BGH2A4NJBL,18,4.853224100850761,4.862802911380753
A122GP1W9RWZZ7,22,4.443804314351539,4.510447391767738
A1233Q0JC6BB38,20,3.254892378841771,3.6658978674914624
A123M8XAG2N1EC,18,3.7730815952227466,3.9113383489338034
A124J67X2DW82M,21,4.783745339410326,4.800227543251812
A12530N7Z1U7B0,20,4.919395395124135,4.9197937532531535
A1257UOB7BM9BK,22,3.2884643768486184,3.6767959447189784
A125C05ZANRWIH,28,4.211453486301318,4.419465855153768
A125IAITL057QQ,20,4.042927200596409,4.048855692687234
A125JDXQMS5E6O,22,3.2391118727178427,3.7039436048935985
A126KX6FVI4T66,264,2.9903066912493337,3.082152660084119
A126Q2HVTCS9P2,30,4.596944216970135,4.621605883135245
A127PCLKOSDS04,20,3.612022253023704,3.696794476571119
A127ZVBDESPQ2N,79,4.701146841434038,4.747687836664267
A128DUUMZLGUFB,20,4.140792275536486,4.292045224599548
A129YBX5BVNW2,85,4.055345991498255,4.163349206622208
A12A1XC57UOT48,22,4.651047214163615,4.7331015064267055
A12A8LU93A132U,49,3.491816713290623,3.6448237843650335
A12BSTT97SJMIS,28,4.8613890009736185,4.865990986703197
A12BXTSI4P73PA,23,4.887383184031764,4.8883100907350405
A12CBDHX1MJLGZ,44,4.150005965377878,4.366865976154713
A12CBUR8QGQ5UP,20,3.5487308301545797,3.800165967316238
A12CJ92H1CU4UY,20,2.1923007911854198,2.697750206741912
A12CN8FQSR18H9,84,4.712013883196721,4.783944583653721
A12DMIXQY2ID4V,22,4.392633789091824,4.441982537613691
A12DQZKRKTNF5E,20,4.072510083090593,4.19343755336592
A12DWEETVVOX4G,34,4.147068951910205,4.368548850292402
A12E4VW8DRC0U5,34,4.2140441507966315,4.349534045735125
A12E5M4U73K2XY,19,4.9000280815953285,4.900409717728868
A12EPBRNNOJP8,38,3.504138057578028,3.6247452922887797
A12EYBK36QCIDG,47,3.9329402842521652,4.05562805054136
A12EYPUUV8X8M0,28,3.0105529195080325,3.3106099194931913
A12F2RP2OV3O62,83,4.699537453264858,4.703877969047493
A12FLZREV32JOP,33,3.852514457079581,3.98046574453685
A12GIO4CPMMAWK,18,4.079919031328924,4.238541256005503
A12GIOKE26ZFKJ,25,4.806185654127164,4.823662087339225
A12GJZ3T118DXA,17,4.763140653535953,4.855434448025528
A12GNKYTCBF15B,53,4.355466563843355,4.408300574855046
A12GORCLUEQ40U,42,3.916907963596393,4.002410049939346
A12GXBO0DF79M8,24,4.831134777327263,4.852547183468624
A12H38PCUHOC29,21,3.953120069599904,4.1184380980580455
A12HK3NVNRJJZD,19,3.475940705546903,3.743297438669113
A12I7LGSUZXWKV,20,4.953035955557209,4.953353059065919
A12IBDQV2T0WX2,19,4.9496699833656495,4.949961678289135
A12IDQSS4OW33B,63,3.7987983687339746,3.90174825072763
A12IQ99MWM9YQ8,23,3.595246038161354,3.7401879118867596
A12IRGQLFE4EBA,85,3.742018560110029,3.8835636141290673
A12JQR0REJIAHH,27,4.775799008183405,4.799324046913518
A12KC4IDE1EWA0,38,3.6908229406736486,3.786886333521373
A12KKY3PTY2J62,22,4.772877675392636,4.777009994265187
A12KWE98GAC7VP,32,4.008713195257637,4.0605770754515484
A12LH2100CKQO,29,3.157601532537755,3.5329409215767003
A12LI2A2M8WTE7,20,4.626169287595795,4.652678979959415
A12LKEM543ILBK,104,2.8344993118491093,3.182604082279368
A12LVOO387JUA,18,4.339825512700878,4.449020149840186
A12MDK0EU4DMAB,22,4.413852814790061,4.507481889072419
A12NERWXQ072KS,27,2.9544958993398223,3.192250549211465
A12NFK3VGMQYVB,19,3.870330956269909,4.136905597227319
A12O67514SZ69U,32,4.966396244448613,4.966552643542338
A12O6IA0QLZSGW,53,4.697899151253322,4.7251782674722485
A12OPA935YJDLC,19,4.681525109801156,4.782217618874973
A12OSDV4QJGAZ1,26,4.428602871642384,4.507881153645432
A12P9KAAW8D9XW,32,4.4059171144218405,4.530886321580142
A12PPVJA9CQ2YD,22,4.390927960607926,4.488720674762148
A12PTK0WEBO5ZK,17,4.076475375467382,4.265216778825312
A12Q5AHYDZLEMK,22,3.9099076229275935,4.230208390098545
A12QDGCPLHR80Z,21,4.865409118778821,4.8835041195652815
A12QR7VLSRYGDC,38,4.268017634368725,4.351626837851449
A12RH44CGGVYLD,18,3.4847639489797793,3.88155253465435
A12RKGY2V9EPTT,25,4.514130657296302,4.5740233785510975
A12RMAJXRPQWTY,49,3.478818771755658,3.7544205629672778
A12TB998RP690X,24,4.378109075963062,4.41356878803897
A12TCISHLKHWP0,21,3.5206208901508003,3.5983482404303584
A12TJ9TIFX7RYI,30,4.147067783357423,4.201635245246196
A12TK96VF8AHTR,20,4.885006420448229,4.894475604685729
A12UB42W3M4FTS,29,3.329115601290007,3.645502729643143
A12UJNXSHJ4QHE,41,2.503898539414824,2.6720093443160042
A12UL82C20SCG3,17,4.23984569694623,4.3942735891948725
A12VPEOEZS1KTC,26,3.934996408479895,4.067210583271733
A12W4GAKXBAW07,25,3.580603938883529,3.7225256826795086
A12WB1XDQLPYUM,60,4.372332263376687,4.413383032217362
A12X2J7AVZ04IQ,290,3.9570343854185657,4.0308947089114096
A12X996H1KATZI,17,4.580625052669669,4.607310390169227
A12XDFS1EKZEQ4,21,4.691015729985834,4.7222588055846915
A12XHO23XDM515,33,4.1922013473472015,4.308176480148979
A12XMKRQXGFW10,24,4.8928849231915095,4.908954279120996
A12XP9UTVYLJIX,18,3.394888678585909,3.7226177891461543
A12XRMMPDPUPKH,32,3.0106002568267076,3.540869091550293
A12XYDOWQA4H5B,36,4.038273068588354,4.095539272150723
A12Y1I0V4LLMCO,28,4.975875233234121,4.976056833287675
A12ZSHV9PQ2HHV,23,4.917197545760155,4.918300932848134
A12ZUXE0ASY5UE,25,4.264139672071273,4.380143613666826
A12ZX2IC8CPJB4,27,4.940607063874734,4.9409893343815146
A1309ADU9FQGWF,17,4.39034590818937,4.430133800408019
A130KZO1FFDTP8,80,4.25071612879539,4.323600688306497
A130M6ESKVN9R2,27,3.9204527654278505,4.109838372214394
A130OSPW7XJFOF,24,4.813179455711229,4.879906142474983
A130YN8T37O833,28,3.8099833518661477,4.110258170148949
A130YXZ5FZ1X0M,112,3.614972669598863,3.700962600784532
A131E9IR67XE4I,30,4.364990077628195,4.435102753202264
A132760BKTTT3I,26,4.560789774668088,4.589536695123603
A132LPZ7L7M82W,21,3.7780564798747966,4.054687828470915
A132XOLH9ZH5WZ,20,4.721098953200415,4.761189979865254
A1332UYSH5FZBI,23,3.929358768734081,3.963838878223965
A133DGN61UGFKM,20,4.809163454597636,4.821363041094156
A133DNZEG5XBOS,26,3.934207928984011,4.007528046867215
A133JP50JLSPGE,33,3.8289573066349263,3.9914826759799262
A1345VRK5MYG7,73,3.9091957094497896,3.952764965645326
A134DDVUUKTQK8,23,4.968421057441565,4.9684838116962515
A1361KPZFNNX8Y,37,4.627952529637951,4.657775992877469
A136MAOWGCU2C2,66,3.432678423997337,3.6077016590891438
A137AX2DG2D3QD,25,2.7700443877723133,2.954432936532537
A137WEXVKECX61,54,3.999650682272289,4.11713132274591
A137WYL3312W1W,36,4.3698768903918905,4.5578894160238494
A138826JMC0J3T,49,3.9101496884639513,4.01116156359935
A138B21M2L7UAH,15,4.339224554747664,4.394304652488271
A138C7PA7TQBT5,20,4.45669491272753,4.504625348688245
A13910TC3NZ6LE,28,3.883438175742906,4.069256448678771
A139DAOZY53V87,66,4.13966931409191,4.210632891657484
A139TU0DN7WHEG,22,3.4497130240881044,3.888617176986039
A139ZF7CJVVTJU,119,2.767789262881677,2.959995749136255
A13A8J2YDR90OE,21,3.9955638518111143,4.2920293416811
A13AHJU9GP4ZVG,19,4.05782576149547,4.209226522824158
A13BLSXL78EMRX,30,3.9037559754392612,4.040872359167493
A13C6NTJ3HO0FX,59,3.8296354922030167,3.8535239893622064
A13C7E9Y5ZM8UP,32,4.269191793070281,4.36639792349418
A13CF33M05971O,26,4.510213796089306,4.570224918559966
A13CUN71MF1C7D,18,4.4006511677196665,4.5151890282686535
A13CV9DJJJYEO7,20,4.82752860336191,4.833881509860778
A13D4E28S63SYF,32,3.019066466892746,3.4197193450644434
A13DQTXG02HZC1,90,3.1288326084292817,3.1961186560635686
A13E0ARAXI6KJW,325,2.8567685043185826,3.018281565326959
A13ED7JLVRI8A2,26,4.956663726857789,4.956725146389446
A13ELKMRKFXSJU,17,4.7627874622550666,4.78919664337908
A13EOUDBGILX9J,18,3.4577449900839223,3.6511463068107313
A13EUSV15UDAUG,21,3.501234671729983,3.6130463750129747
A13F2IV3ME23R,47,4.444065979441441,4.511697381136233
A13FBTZ8SO8T3D,33,2.8391029404887456,3.188450632315247
A13FV9RUQ38OX8,29,3.2009741704137866,3.523414203047428
A13FW19C6YCLBB,39,4.4227172309152,4.517940156592908
A13G1TKIKHGV3F,52,3.8281537717699865,4.028362727121539
A13GIOFC7F8EQY,17,4.966828011958373,4.966928857054123
A13H2JJ3GEMJN1,29,4.1865427618689885,4.251098864314884
A13H7Q4JVK6DTV,28,4.267827304920858,4.378072866494684
A13H94ACZ45D07,20,4.10543108707974,4.422004016608145
A13HO7CHB9IHP5,22,4.089845119117431,4.299634887844985
A13IJSSLR27SU,19,4.127433220563176,4.262544654000228
A13IKSGDYNBNQS,130,3.65936345958146,3.7669374221841156
A13IRQRYIA1X71,38,4.794495997716184,4.806931436951385
A13IS21RJOCHF4,54,4.473003199461666,4.587695452010002
A13J5V22IPFWNU,105,2.7990690806233953,3.0944660143892766
A13JU88JAHN72I,84,4.395375133096776,4.4659874946109674
A13K4UCCMOYFM2,22,4.761953792419203,4.767189265243865
A13KJOVUEUWV9W,15,3.8116702218126592,3.991641564915031
A13KWRJIHQGRU9,21,4.2202497966549855,4.335177890635496
A13KXWTN0DT878,57,3.939331489967392,4.047052303449344
A13KYBSXJXABMV,25,4.099704503621909,4.368721545571836
A13LK7WF9LXTPJ,22,4.011914622199514,4.111945304408296
A13LU15OCKJXM7,21,3.5462539398729254,3.936299026671389
A13MMZZ5X26YFR,19,4.39652515140788,4.4940533835829015
A13NRN13UEJIMZ,69,3.337361582352805,3.5536005343352066
A13NZZR8IA5782,16,2.900577817456041,3.223784318931162
A13OHBGI1911TN,21,4.720593992647033,4.759371462504393
A13OMT8D4GPIBV,82,4.026778572696564,4.080249358953546
A13OYPEGL3GLIV,20,4.727439789052135,4.8056245262419655
A13PIPWIT28RRO,21,4.145093508786668,4.1852168218268115
A13PPQ2GI1IJYM,317,3.68849736918954,3.8069045592664406
A13Q6DZC1WZ9K6,25,3.1164483420897837,3.431755833438027
A13QGEXCCDH3ED,19,2.822794917990594,3.2758289271199734
A13QHFSGN6HCZ0,60,4.211938882771214,4.395302914409819
A13QNGUB9IYTY4,30,4.330272061923021,4.417728354428009
A13RKCVOHY3GPN,40,3.754657309119351,3.990620635529932
A13RM1AWD1C5ZR,25,3.501640362713106,3.5484217726442213
A13S8UK2JVP52O,23,4.556821765762211,4.566210571701645
A13SPET4KPJLTX,18,4.6178629672130125,4.712530373181392
A13STKDYQO5DQ8,40,4.38689114595041,4.516671807478444
A13SV5R32D27W5,41,3.660074087944009,3.8933353982524386
A13T1KWBX98HZ8,49,4.0478606149453835,4.130053022787575
A13TN1SLS444X9,17,3.8067226806192553,3.9199913624275196
A13TO1ZFAH9SVN,64,3.7617263968555723,3.920777341875232
A13TO5TU4A68LD,68,2.9545967444376022,3.053001075665638
A13U32N45LAB08,23,4.474360861048699,4.5808653280820115
A13UAIE3K517CQ,78,2.776209722700172,2.9323744720369604
A13V1XNYJDLHJF,26,4.099105893531743,4.164498190266913
A13V8XWLF3GWS5,19,4.337474247998535,4.371336208569217
A13VFV3BF6Z0HI,29,4.972965205031523,4.973038223357582
A13VV4AYLQO3PM,21,4.294868064808576,4.411390964509343
A13W0DV4LF43K2,29,4.096163252321969,4.189726563334132
A13W7CB4AYPX2J,31,3.2526404361563355,3.5552221562226687
A13WA3SCM778LO,40,4.002952822867228,4.188246315421329
A13WBUX01Q4D35,34,3.9857537820679845,4.080146541876951
A13WK0568LZNL0,22,3.944459778105565,4.064445937623731
A13WOT3RSXKRD5,91,4.4513620336775,4.494679174647416
A13WYB85YO16QI,23,4.776201397219287,4.791152590712731
A13X19AIA4ZOY3,24,4.735224566784463,4.744631485877249
A13Y9AASBML1FT,36,4.229533719135591,4.334727398894832
A13YMKSCN5U4ML,25,4.6558709165242025,4.7120194241945805
A13YU0AU4L23AJ,18,2.7502145672004246,3.031437187725803
A13YVWKPUEYKVN,15,3.459088137501688,3.706641853536427
A13ZCL7UXEDF14,31,4.374963119019936,4.443539843436292
A13ZE9XWRQPPYC,38,4.915679514182094,4.926373619428369
A13ZYNXXVYGNIE,79,3.9704152034525024,4.058752101698384
A140XH16IKR4B0,160,3.316990515503503,3.49994359777268
A141HP4LYPWMSR,258,3.6341398300033982,3.773101942489002
A141VKAWF9WYRS,22,3.794791543184678,3.9196327033359815
A1429V2MO57X86,40,4.557873499688411,4.626170352311638
A142DW9KJ5IE5W,35,3.6515596457144475,3.7609773976650085
A1435P5AMCPB3X,59,3.7533983982589385,3.874634873660786
A143B8QOF29J15,25,4.6976093451488,4.744249222772883
A143O79A5RFJV7,31,1.6732591507510546,2.1480395721781065
A143P0NKQDNWYL,42,3.708023815576836,3.9594101729681026
A144VIQ7LR7KVF,22,3.998562533371113,4.037981168327755
A1454XF9BAW888,19,4.456663600865288,4.5071454009303995
A145GBCJD0A8C1,27,4.609658234566981,4.680146527338326
A145IIE66GBQ1T,28,4.486797926404576,4.558762207780993
A145S2A1QICH0Y,36,4.987719788671077,4.987758835663853
A145TXXMW7CHL,19,4.031224421271337,4.251966548998964
A146H6A41B26QT,22,3.7472207623545155,3.8907228827181854
A146TZ5JNG9FIH,68,4.523386156469932,4.562219675966844
A14740PSY8D18L,18,4.540787382001783,4.580674679481372
A14774J3B13T93,21,4.404962171667621,4.497569106395544
A14916SR8ZU9WM,19,3.648310300814279,3.870957853408661
A149DRNAOQQ1IU,29,4.933899496573272,4.9343520640735266
A14AB0GQ1ERTF1,34,3.3700473268295643,3.590565881761085
A14AH2M3PAJEA8,20,4.690528107255338,4.7132870930715525
A14AIFNE5NCP9E,25,4.455336662742554,4.5131685062827325
A14AQBT1D5AEIG,29,3.6550451217713307,3.8999389314244968
A14B4MJ7KZE63B,72,4.363258044074052,4.470682070978455
A14BHGDA27WLEA,23,4.1310049086660525,4.301090126032293
A14C61C0H8Z7J6,25,4.707076064721964,4.719071679029565
A14CC5FIPR5YVF,25,4.170998284506694,4.22912390419722
A14CEG8X376B1S,21,4.3855213088118274,4.545299035763666
A14CRYKD47EZFX,30,4.207027021312418,4.292426564162748
A14E2YI7AZDK7A,22,4.821957828715855,4.844701656459256
A14E693YC7S59M,29,4.515841528474025,4.545313802925416
A14E6BGB18G19G,30,4.953493235083196,4.953620302203662
A14EA9WQPSOKMF,27,4.23476731707142,4.323734919762608
A14EAVNK3VNSEC,20,3.9866530506874085,4.277169785432801
A14FAD1DF113FN,21,4.930269316019816,4.934805356311613
A14FK46E8WIXD1,21,4.940903500625989,4.941043860013822
A14GK0E64J0WAS,293,3.195723526167421,3.3145393911893373
A14HKC3MB013OW,32,4.844730680855847,4.846077202867585
A14HWPT8QT9NO6,28,4.478915145538366,4.518002530241255
A14I90JCYYG9SI,26,4.657091513717407,4.744439502041718
A14ITC8C34YTIR,32,3.496535317414606,3.6265968123006735
A14JM687V2RH62,39,4.962688300116716,4.965174709082049
A14JTRQUNRNJZP,43,3.9178889957189558,4.0413302260552575
A14K37RKZYMI3Y,37,4.897767484471729,4.898941335889351
A14KYJDS8EIADE,23,4.239298300088508,4.333853209560653
A14L4A1VP0R5PF,25,4.055011244274037,4.178391549210252
A14LV2SJSR3102,25,3.1641707615511656,3.3553329704178294
A14M5Z6Z99S84S,23,4.14406055898011,4.3047078428438805
A14MOU9MF0NNVB,49,3.9362354652389966,4.03499997444069
A14N1B0FSSELJE,23,4.36999895087374,4.394202510442776
A14N6V77VWIZFR,20,4.327987823410913,4.435773104954303
A14NCP569TX1NR,48,4.825908901003926,4.830077615224576
A14NGKR7IPHAMP,19,3.9468820653631,4.312964740305853
A14OB7YKMPBJLW,26,4.676615137666915,4.7527645160728635
A14OC67MXL92FA,21,3.2606846959179565,3.445904866270408
A14OWK3L1KU6M6,18,4.8140638712993615,4.844979849024011
A14P31JYV0A8B0,33,4.832994699656206,4.8465013169482685
A14PFX8VJVMRL8,18,2.713874259973536,2.988383623009804
A14PI3KESL8BK9,18,4.76052020801793,4.778471713805473
A14PZ2BPG6T6V4,16,4.276805770843713,4.400275863029019
A14Q2TSTDY6M44,20,2.4677076115041467,2.7894669333244573
A14Q48J9FOJJUE,25,4.4346243177204245,4.495037736430806
A14Q5D3QYA8FPV,27,3.58640466356147,3.7157609065830215
A14Q5RGZ5OEGN2,18,4.283293658084879,4.318895170611171
A14Q6R4481YFFG,64,3.0445375561714165,3.2721779575562273
A14QQUVXPRCC6V,24,4.6105173398082835,4.652622944315731
A14QV4YLL5O390,19,3.686510884774772,3.837657563822945
A14QZ37F4IKMI4,27,4.890793985715578,4.904982046668594
A14R4ISSDRNB9X,19,4.705753798968806,4.7332086495645
A14SF5SOJBZGT2,18,4.640534729912742,4.663560661190007
A14SJT4M0BP298,20,4.578137886055489,4.612888582794851
A14SMVDC4X190G,20,4.425190421099911,4.579836142691775
A14SQZYCYYE6NT,27,4.397879260965448,4.497191031487598
A14SRB2VNHKO3J,19,3.1539595558429916,3.401638488187936
A14T4RYJH1CYDO,20,2.9036161770794338,3.3087283305477833
A14U40MX3CPO8Q,19,4.264976215347378,4.4243124961213915
A14UW8QE6MQNEA,19,4.8155949673946905,4.8613145650409715
A14VQ55F6O49C1,23,3.598365128869176,3.7245932528716548
A14VZPINY2ULRS,22,4.423533145861739,4.496775620838505
A14W2WUIW7WFOT,17,4.32746524199085,4.414785301165732
A14W8HXP3RM3ZS,27,4.552917584966103,4.595996023337012
A14W9BPI39A25E,43,4.589822812583083,4.710608166464667
A14XRM5SJIYGVI,20,4.5900271704463815,4.614462202965907
A14XTD1VG9OTXU,21,4.289905135529834,4.424233928273309
A14XW8BJGEBM91,58,4.8543084756744,4.858129721048029
A14YZVQTMRO7NE,37,3.0975901245718704,3.3509032348744245
A14Z0Q1DU6CBJJ,201,2.6034021878975735,2.8503001615449546
A14ZFVXT1U63LL,22,4.906627833237912,4.90873076125371
A14ZGPZZZIP48N,30,2.743760786587231,2.996800436724216
A14ZLQAJI6AAM1,23,4.911399646689548,4.911980018503814
A150BV9Y23TMJM,20,4.99081860695326,4.9908224654335385
A150HXN1PBL3C9,21,3.5576262466313775,3.7248829506470233
A150JT7OQF7APY,30,4.914737276526686,4.917270533768245
A150QZUUQAN21X,31,3.3144853933515916,3.6178357045462626
A150VDCYFRA9M2,54,4.953689893869308,4.955608705046353
A151Q5EOPH37HF,18,4.440003732883787,4.578590712120106
A151WMXSCW7VNM,25,4.933649720026057,4.934444704456349
A1525A7ZFO5AQA,20,4.273833161630452,4.3511174121791685
A152C8GYY25HAH,292,2.608359634020705,2.787561844410778
A152HV6669BVV6,28,3.883257953230053,4.06266731445009
A1531NKTPIJQ39,19,4.851656816769854,4.853498729018806
A1534MBU6VJXYN,85,4.432669210444622,4.498048441387695
A1536VSPC386SQ,17,4.4502480394101465,4.63158843632285
A1537KCD6LBWGI,22,4.608018180331464,4.63212417631859
A1537UU5VZ2SCF,20,2.131512795365318,2.445280993921715
A153MVFR0FTI6O,22,3.6128995524976775,3.7005954662798533
A153NZD2WZN5S3,164,3.4964459283199276,3.589090042398217
A1541WCOK7DIAR,19,3.3616088955593133,3.7075588909640493
A155KXFRZCA7C,34,4.083665671688454,4.184497546950439
A155LCIZE7CS51,24,3.703416497025648,3.9583198000566435
A1567GUY9U3SVL,21,3.761621897759913,3.9272476063265214
A156F3NUIAW3CK,18,4.880254291712897,4.890428179743401
A157SI9J9ECKYH,28,4.670291002268892,4.781678676836568
A157UENZPTI1TD,22,4.771370381746361,4.842389279294819
A157VFT580A0VS,21,4.4888221604284855,4.543856483102266
A157XTSMJH9XA4,24,4.0674183928821375,4.13200759455501
A157YJT5WFLYJX,29,4.129108490992614,4.248490078618148
A1580OLNFHSZPX,34,3.8527910725270944,3.960130873737027
A1595I0V5RTBL1,25,4.808620616842535,4.81031429517816
A1597QLY74N20Q,29,4.139597775998399,4.2826784750302
A15A0K6RGQIJU,31,4.984441720317382,4.984567726748503
A15A5KV9SSXYE3,32,4.419889247060109,4.530311846949119
A15AC8B33RR0A7,18,4.324316948580674,4.4061659704548495
A15AF0QV9PIJLF,20,4.4432047782840085,4.540055713410257
A15AMEOKD89CT,18,4.115299561687198,4.212722205515164
A15B1MPZQ3NJ1X,20,4.670499380597146,4.696153950195465
A15BJBDMZ9Z1BS,16,4.931602066865941,4.932081677158053
A15BO2C05STG1J,17,4.992440365622601,4.9924452025913215
A15BSHYHVEBX3T,16,3.1128163227900596,3.506413114736793
A15CHAZT4CLEKW,22,4.883772691451596,4.886273703452257
A15DLTUORTDFZJ,31,4.918001418451714,4.918495886281466
A15DT1EWPQ62L9,18,4.840259020424986,4.84234607693598
A15E5DRWOTC52J,33,4.067242227269983,4.201513306684417
A15E8QXWKSNEBH,28,4.849167733934614,4.85030262572268
A15EVINMP9H70E,29,4.832323872006441,4.853211868770849
A15F0SRTKTOFJT,23,4.182340917538366,4.326723899971637
A15F0X7UOLWKT4,18,4.706988412845458,4.7393171513757455
A15FJ2U0M2Z8VG,21,4.060202174859268,4.22917821561256
A15G70V9OBTOVO,76,3.202544520031486,3.360212801761355
A15G8RHVJX5SJH,23,3.5440873894294826,3.7888570622518287
A15HTMYLY564LC,25,3.6632426859422953,3.9126897362408792
A15IJ6G4SEH5PZ,19,4.84243360012958,4.865851985904371
A15IN3EJH45G9X,22,4.952088083977122,4.952252824101594
A15IN5H4IATSHQ,26,4.717919353251539,4.735128385942467
A15J07RXB3W0YX,17,4.071191357025523,4.181118098739575
A15JPYV0L19RF,33,4.906251613150171,4.910297765544095
A15JTJXQXO22JJ,27,3.5491024890040483,3.9957750802575167
A15KFK8U4C29GR,19,3.7827135387928696,4.151726924054554
A15L3FWLYM4WS3,19,4.842257376620071,4.851755333119104
A15L5TV3BFQ008,20,4.234307248541165,4.294311741659295
A15LA77R7ZJ3SC,18,3.7950790441352686,3.907890541419931
A15LK8DSFQZZ52,22,4.326535461659277,4.534011988709311
A15LK9Q8G0H427,17,4.14991807612617,4.413633674403262
A15LKLQDZVKNTY,31,3.4591654348476846,3.5905358207319935
A15LMWDJP978WM,21,4.131446741917716,4.234707964447714
A15LON8ZV0GJXD,37,4.3442288154630555,4.418727112711141
A15LQM1NYEAY8,21,3.9340519781326315,4.012250551068656
A15MEFTPZX7M43,38,4.085033251029902,4.3092074232672735
A15NPLL2T5AJB8,19,4.700947794204706,4.718244976477878
A15OCIHXTP1OOM,32,4.2652443506011455,4.385766463306884
A15ODDCFHX3G3H,21,4.946618467605024,4.951182198557473
A15OIIXX6Z0PAW,65,4.477935095432964,4.53896324124673
A15OVG5Z4UORMD,47,4.84281673685802,4.844432659572303
A15P6YW0LNA8S7,20,4.146456017759467,4.2522432621806825
A15PDFZKFP47K0,22,4.08934894714263,4.223990617419346
A15PLN6U4THAT5,23,4.80678309938842,4.821575660700015
A15PWTA64EKM8S,37,4.649613897259172,4.674661082974701
A15Q7ABIU9O9YZ,51,4.17897844976715,4.275956070124156
A15Q9YEG1XPEJN,83,3.205808561588861,3.411717251805675
A15QA95CCXW0KV,47,4.256332865091382,4.375156144647529
A15QCLQHLEMJSE,22,3.7816478977023436,3.916028307548251
A15S44J4NHU4LS,29,3.676614049234468,3.7914890776686074
A15SHZ4BPC3T3B,25,4.63386762931989,4.651730206456143
A15SQ35ZZA69QQ,22,4.097546816483649,4.2401222112611325
A15T8RR36WUA0X,15,4.6617290265083575,4.727818976928503
A15TGEV8WM84JV,46,4.153761740701773,4.331945556691962
A15TIWAQVIVHLK,21,4.2799257481006405,4.379732593443673
A15TNUM2PBS6F0,97,3.1460070960329096,3.4191337461338684
A15TT5XC6Q6BG6,20,3.8338437890130193,3.9170646068863166
A15U64VGUV6RBF,47,4.325354766375534,4.403848111429813
A15VFMU0WO8ED2,25,4.606689709331188,4.626957482208165
A15VNRVR8YW1VK,18,4.53355564522484,4.610105361972002
A15VUBO2AA9OSO,26,3.641827895695542,3.992029550000001
A15W2D3WJW7NP7,34,3.6577376886296737,3.8059534166853344
A15W9M7FF53YVF,20,3.9239801581046443,4.117153604532104
A15WKAFW528U6,23,4.545278525694534,4.611024786400886
A15WWEDTRRUK7I,20,4.629737867062093,4.660418370508592
A15X2QXODTENXL,21,2.762886009811495,3.0386593238135275
A15X30XMEGH4CW,19,3.9859387837231957,4.017374270005947
A15XO0U10UDT8O,23,4.822400313445703,4.8909759286092305
A15XSFP3JC8VXL,37,3.782571054392122,4.0403795272688985
A15XY6GGKD3B6D,36,3.3088261747222485,3.631574266034089
A15Y0Z2G5TL2QX,21,4.987773429757815,4.987802327189491
A15Y33LPHTY2JH,22,4.032721429325149,4.338361048774603
A15YIHWO3U3UUY,32,4.484707375846305,4.516527996988981
A15YPJLKLZS0MK,21,3.742642397729288,3.7691269705009978
A15ZE6KLI3P2OE,26,4.9495737986126045,4.950367896867329
A16005YUCER5Y6,22,3.928039488147708,4.025054895927696
A160AB64G2E949,17,4.672265366170119,4.701422017161527
A160GF4HC4M7OI,19,4.573391345483253,4.658298826954089
A161ANWB62G3M8,64,4.166795748497978,4.261231306632504
A161ROU30BG7XM,29,4.84977958829573,4.864570007677792
A161TDO99KM1IV,61,3.800041902903717,4.0193233553684244
A16280G4A02REI,24,3.479934334299241,3.7118876274034296
A1631PDU0WGN4W,26,3.4593359333388016,3.6477705662961175
A16342W88H5YWK,89,2.6335505772288714,2.8612509079471375
A16390YLO6C4S1,20,4.310447928507772,4.470561658756735
A163H5JS89K46Z,18,3.903327805924764,4.034678775106662
A163N66ALZDACR,26,4.671270561772632,4.766553667064975
A163Q615ZR10U4,57,3.9013956820883218,4.088224918498734
A164D2I3CT3LLF,23,3.769297255292461,3.833723412486526
A1655SGPPUUCRP,63,3.5959647390580773,3.784226208987243
A166B3RCTHIR3V,22,4.6183375544612915,4.679179845235444
A1678XKT044N4B,33,4.61474563902594,4.643671324694414
A167H5RZV8PVT6,28,3.6460043755586753,4.059755891074562
A167KI3P7XN1AM,31,4.702353132770229,4.805049586003861
A167S5WSXD86RX,20,4.033310011408405,4.210804085056041
A167YKU3MU9K6X,19,2.642080391717803,3.049734003494207
A168KINQ59CZOZ,16,4.1152575858304425,4.2954133218592165
A168R2UBJO6Q7K,26,4.374741960656442,4.485748340074726
A168VXSISJWQN9,64,3.665782714694487,3.842954202068463
A169I83JL8QJGN,33,3.3381506164191013,3.52059474508738
A16A23O0UEKPCF,54,3.703847504422112,3.869740737886792
A16A2727IKN7WY,19,4.225059824574179,4.3674397198666295
A16A81C3ELWURB,28,3.773442392397956,3.885806359946219
A16B4Y9FEFZHIQ,26,4.1626719637085685,4.318146822949563
A16BAI2KJDBNQV,26,4.135056535398399,4.236256311812684
A16BIB19XMUDZM,20,3.9923509640187547,4.019560423881793
A16BJ43Z46QS3N,23,4.185531979992174,4.256383790464452
A16C1J5AW2CDRE,37,2.603183071776457,2.9531553430392115
A16C4WEP3NSNWL,35,3.9042372903123415,4.16794251820162
A16CRMFF3M599G,26,3.2374227960213937,3.6225248857548777
A16CZRQL23NOIW,653,2.8511036098712594,3.028805729583737
A16DA309SIBZ3D,15,3.187351478220362,3.546625432027917
A16EAJTQ59LK8Z,18,4.235616248610707,4.322953787653545
A16EAKILNT8A0E,22,4.663768995261651,4.693028494121882
A16EOVPHVX467D,47,3.5406252107177156,3.5815173099427375
A16FAVQEVHN3MV,24,4.268231817253766,4.44589676872526
A16FIW3O9N1PM5,29,3.3501314616448323,3.5436020497032366
A16FSM2IS6Z4NV,51,3.3826314095212147,3.5292943178550598
A16FUU8WW76QFY,43,3.022481510947281,3.3668024784353054
A16GAIJJE39T1S,59,4.536651731642909,4.581744237638742
A16GGCDUETTTDB,24,3.67374822054443,3.8534746939246687
A16HM5IJDLDQOP,62,3.4319350699299678,3.5300046533570484
A16HRN81I4S9WI,50,4.392500775356756,4.430515720583705
A16HZ6TIC9VZKC,65,3.5131653414934685,3.688340503057874
A16IITISD2LAX0,52,3.6758185303163975,3.8041520030350737
A16ITYYOPBBP2R,20,3.7708369786651468,3.9630349929436806
A16IWP8H1Y17ZK,24,4.4993905085746695,4.556058792216416
A16IXZW2A0NFR6,40,3.9078840544178126,4.103737370685544
A16J08RGNPYXW6,27,4.628947059100427,4.652661391113611
A16J2ZXOYM661W,58,4.896736815229446,4.912033943485046
A16JQKARYQ1NC2,27,4.606551897628975,4.63218881846042
A16KL6VDJTZH8T,21,3.9875056021526984,4.13651617279498
A16KRCLLTHSB5F,21,4.322075416712535,4.414214562055546
A16LBSWNQRS292,29,3.968511160435034,4.120287931032401
A16LFG1J1KLLCZ,26,4.9043582896522855,4.919434608904481
A16M2ZW1D4MU3X,32,4.476356748191197,4.572310420748822
A16MD8C5BN0V3D,32,4.842961025075903,4.8464196704795475
A16MILIILH2L0J,22,4.5028325148456565,4.56303703925197
A16N5JS79WO5DD,59,4.184874116065429,4.312086593408003
A16O8DOLSHJPUK,17,2.8756985145034837,3.3250599097161357
A16OQV35NWG82D,20,3.9575359714136327,4.185041926227093
A16P5N8MNTXXU3,47,3.877635664103235,4.156431632717715
A16P7VIXBJC56H,106,4.133092256226642,4.217034981628997
A16PV864GUDFQB,20,4.198244548766878,4.3690120448969205
A16PYJK6EYGML3,47,4.487206103694268,4.535199695158872
A16Q1LYIDE2WDZ,32,2.868182243411199,3.255768698716816
A16Q4RTRFNUDEH,28,4.845123443773323,4.854029334856158
A16QJ649N8PRV,34,4.3183092835496355,4.403850525934448
A16QODENBJVUI1,359,3.8660579122343504,3.989191502788652
A16QSECB38TXXQ,28,4.240814340036844,4.396510398490051
A16RZ5TO9L4Y4N,20,4.378901798144072,4.498423865329124
A16S7SUUYPDXC8,25,4.855497912035924,4.863419183587639
A16SBNTBT3WMSY,20,4.6525475698157805,4.693058551775673
A16TF1YN87YUAD,17,4.949121816108964,4.94920885248768
A16TUPMDGGBIOZ,24,4.973717873956397,4.973765776678949
A16TYQNUVUB1F9,18,4.247577517509934,4.295083640332325
A16UVYX457F0W3,26,3.8085750099064097,3.931358374383124
A16VL4NRDFCVEL,19,4.779946123476441,4.862198370072471
A16W6GQVMYQ0YQ,24,4.062334633763964,4.173926309531747
A16X4L4C31XEC7,35,4.855402313569687,4.862208234684915
A16X61RLY1YJL7,102,3.9163184005462974,3.9972233967459507
A16X6PP9NIRPDS,47,3.1387273392060235,3.3512343439348835
A16XGHR2DKIH36,25,4.831193401435383,4.850641580901787
A16XRPF40679KG,309,3.838621057764597,3.9699765108942993
A16Y5XKLCDIZ7Q,17,3.8634950443465916,4.256268938399911
A16YCLRKOU0EV3,41,3.9315873825860606,4.0217261414351535
A16ZH56QVXP27N,34,3.6386616555338795,3.7624818215348426
A16ZKQ7IRZ06J7,20,4.292717788622989,4.465019690846601
A1713LSAVCXN4I,23,3.4396594843374277,3.4734001821572202
A1713RLS025J1Q,23,4.983805568033198,4.9838301769217255
A171FCUSCW4C8N,25,3.703839804030119,3.918334371078469
A171FU7AC9YYMS,37,3.04577134631955,3.324342679973998
A171O341DLA8,20,3.4731854658754338,3.5919144948511605
A171YB9DTH0Q7H,25,4.1329544780076874,4.2724390761599835
A173G0GN4479RG,36,3.9711131057455495,4.092333906832881
A173SGRMO6G2TT,24,4.160359232011938,4.286262621577611
A173WRB89MDDMR,20,4.277998575404687,4.365045437477539
A1747DXQD9UHXA,22,4.3141674347577785,4.358549893797138
A174CPEO30GK6Q,18,3.0191095700223354,3.388771819870855
A175A80XUAUV2P,18,4.9981449624624465,4.998145178867958
A175FUAN2QIBDR,24,4.150002247444967,4.348371372676678
A175GIISFGGO31,26,4.314238692157257,4.343645732234906
A175OB1A4KNXAX,41,4.463277308202914,4.517952221754468
A1762MUN5XGXVE,27,4.366284358572028,4.4770428179970265
A17639YIJLDS1G,44,4.258234929160221,4.341533048038427
A1769Z67GV0E8L,24,4.090067202690235,4.160876247822884
A176IA89VGH46M,23,3.956974286788346,4.0821101645184195
A17771LTRWSKQ5,19,3.999651601810599,4.148229728562656
A177K38NX2DY56,26,4.5019404905995355,4.613989342305921
A177XBNQ3ZPBBI,23,3.904079854164376,4.12920002532721
A1781C6P9VMU9Q,20,4.002641557794667,4.090462681454068
A1781J6FHG6YED,16,3.9205689588225865,4.142473957696181
A178BULFNMIU3T,19,3.940745331541849,4.043288680799665
A178LLZ84A2JB5,27,4.316802195031424,4.475491907576802
A178NV0D96MNGJ,51,3.4912534725155977,3.582286407432168
A179EI95XQZJRW,27,4.745731510502018,4.80433613431387
A179GX8E3M4G52,21,3.8824795602872872,4.001788910024293
A179RX15X8JYY0,20,4.951671547495248,4.951959408858415
A17B5NSCK1C,31,3.776144498545141,3.8886191920562205
A17BFGYBLTIH91,28,4.353575121574662,4.426190676256997
A17BT73RVRQYSP,68,3.9769040215928393,4.06113872655033
A17BUUBOU0598B,27,3.6813362037853894,3.8016680068464184
A17CAPGSQLDA68,26,3.1249870245517766,3.414937126971926
A17CKALSRULEZK,23,4.648980263088592,4.726139545553504
A17CP110C6E9KF,23,3.1245060917116185,3.509428540329631
A17CX9MFWF229P,36,3.428926683118032,3.691810461319598
A17D77DFID0GZG,39,4.156137504227255,4.201308075461725
A17DHFD2XQV4ZY,25,4.933934741422388,4.934114859953222
A17DVWUVQBSNZB,35,4.496996051604573,4.534582656793439
A17E0LRSKW2F3E,38,3.441012432300923,3.5268369755650717
A17E4Z4I7FT72Q,26,4.55106304461504,4.602335747723877
A17F3JQAMH2L1U,30,4.1889368333642745,4.272198582492637
A17FDL5LIGS1U0,42,4.593221698158031,4.631332322926836
A17FLA8HQOFVIG,297,3.304849814659502,3.460922716298534
A17FOO11117ZTG,26,3.337181264703835,3.6990222251770595
A17FUBGIGEF8BX,21,3.4080607552263134,3.644905274608768
A17G7WJKAJVKQW,25,3.596058244105951,3.8382832823568145
A17GD0P1SE8PZ3,22,4.650473007254767,4.710770632083819
A17H0848XMVGBP,32,4.76046811036284,4.788321474565081
A17HECPXPRQDXU,69,4.257517871420548,4.321251515746803
A17HH30G598AQZ,23,4.335099545530989,4.5129814486749735
A17IGFR37ISWPL,20,4.181477410380063,4.385141826330438
A17IL5A8IES8FT,38,3.5703202941649685,3.732995747508013
A17ILR0VCGTPI5,43,3.7200703216995117,3.9802770180986076
A17IQYSF672PMR,35,3.8601683218537652,4.0282700683265995
A17IUS8S5Y9W5N,31,3.6187859133796096,3.7389809388248882
A17J1LVPIWZIK1,39,3.70355530600314,3.8167427920419548
A17J4SKO98SION,25,3.0261264053190184,3.341984065014342
A17J7MXHAC5UX7,20,4.8195451105837765,4.842880756176692
A17J8CYSYGCLEP,33,3.2961106921462355,3.497775821971547
A17JE98BGF9OFK,24,3.607280981213638,3.976287688186264
A17JRLSSEM75GK,39,3.7009849607567866,3.7925288717108843
A17JVI15BRY90P,32,3.57727214093006,3.9751251367722418
A17JVVAKWEB0M,51,3.977809728743765,4.056292761083355
A17K3QJ0JISB8,22,4.764193309121523,4.782646275719807
A17K3RPW1Z1P3H,20,4.6975169882478,4.717091204886599
A17K8EJBW22UGS,20,4.707293904468569,4.720870639137548
A17KYAH8N746LT,20,4.4441628215397895,4.60383095371525
A17LEYMZI8OYOQ,159,4.111013018160574,4.171707840331011
A17LFDP1JP01BN,19,4.894137536799832,4.899013995523157
A17LSEN4UY4XZQ,44,3.4662710236475918,3.6278369021992924
A17M7DNDHXQUH9,23,4.873889197285874,4.890767806175368
A17M7W86I9DBTR,43,4.398738228754544,4.512978688770473
A17MBLP80LHTED,36,2.433328372856772,3.0084486426048347
A17MMA26E4SJ47,44,3.8245445505065065,3.992870140658054
A17N23WXA7EAF,31,4.254582514715667,4.324730781263937
A17N79D5PI5BMN,31,4.632718440349867,4.692133558752495
A17NBATBHU8GP9,24,3.1704498028151247,3.400808897238835
A17NFLRFTMYXF5,20,3.882444688711124,3.9316351906890223
A17NVM7IAPF2NS,33,3.098147720876045,3.529861464315804
A17O9AHKHK66AI,22,4.10773343385375,4.219513656823298
A17OBD2BQP76Q7,19,4.881185754140031,4.890726548390451
A17ODBZ6H517PL,20,4.625625360099293,4.660881711524652
A17OVJZCVEMTD9,20,4.996152814897061,4.996153104213694
A17PJY5YTUU799,25,3.8538822799098646,4.119756709928232
A17PNW5KFXRDT3,20,4.590642365302721,4.616910516692429
A17PP4GPCOOKIM,46,4.913086066063497,4.917474359609174
A17Q2SGG1BNCZH,16,4.808134671628794,4.836829482088168
A17R1QJA3HUPJ6,22,4.635654905394308,4.724574948152299
A17REXEWJGXKSW,31,4.62243316310972,4.6651741619891
A17RFKCYS69M3Y,31,3.3214433770072316,3.709804908428092
A17RR5U158EUL7,17,4.061807701662577,4.110579888198848
A17S2EJKFJOVED,40,4.970596567755941,4.970724547361509
A17S99IDCEXX3B,15,3.563900309923451,3.7135006005561584
A17S9EWR37YB5N,19,4.034523678091022,4.173441164900721
A17ST44YL27ER,24,3.906755640307784,4.00723191809283
A17SWLCYQUXHZ5,26,4.820510905675317,4.822079820160543
A17SZSI44O7NMV,26,4.084652135573612,4.249564380344986
A17T7WIWZQWL4G,22,4.90143437412041,4.902220284482834
A17TI28I9ZJIEB,27,4.304301130239322,4.520056412233498
A17TTAGOUG05C6,17,3.988166475028353,4.061178392676667
A17TXJSP9LFVBE,30,4.820840687240766,4.827766991645891
A17UJLZKSP01V7,46,3.158119235641061,3.2919510757552604
A17V5NNFG7QGKS,21,3.5241952317035015,3.7650093572813224
A17VZ3ZRE1HV9M,20,4.489209178624061,4.549282593323384
A17W7U219GFOUV,29,4.342812315936149,4.461672053660857
A17WER66R17JEF,70,2.90804806023808,3.075986338016426
A17WMMYCTCYDFQ,26,4.778006817381898,4.803640992855825
A17XZA1L9F1STB,25,4.19732163958005,4.386213259742904
A17YNTBYLGFR0T,20,4.722603075562518,4.773666858231596
A17YRA2V0NJFQ3,30,4.153246881897522,4.29003433089096
A17YV2CNWK7JWG,32,4.606790794396596,4.631196717872577
A17ZLLUYLS1YYO,21,3.3854819808561922,3.762648668191248
A17ZLWN19HCQ3X,29,4.159135578145385,4.2883298546340045
A17ZPWZJUGKIPN,21,2.681864670766995,3.1791012378392214
A17ZRVB09TOBZ5,30,3.6275766031004006,3.9217695680681532
A18019VLDBK0RN,16,3.4477265385695555,3.6599695640399776
A18048M17M33SM,22,4.566069887993919,4.667513692146455
A180L1S0QRTITH,20,3.6991843222833607,3.959331518672286
A180L437DJ52VC,41,4.019758875463623,4.113461124108844
A180RA903YJNAP,15,4.5786684794324986,4.605065028222989
A181R58NA7XN9,21,3.1274943815267213,3.3505882845318267
A181VA99IS9E44,24,4.664790068817077,4.739955747987304
A1827D6G759G5M,38,3.8087875614569016,3.9586333563309504
A183RF2RGRBNW5,34,3.9484490368182623,3.993365795231991
A183Z3AHVJHJ6O,31,3.596437781831436,3.7328426843456244
A184FNBF1QM5FX,26,3.2536937645141824,3.5241906200347053
A184HA6J5Q346X,23,3.685211794276381,3.973187021727943
A184YCE8CL09VV,34,3.134230908075068,3.4121287534077394
A1855YFJM0DT44,30,4.890715297472838,4.895019639605511
A185RS5AAZ8VLK,28,3.7273479680024195,3.814426134492807
A1865L5YX48NMR,24,3.781020508583254,3.871411666979407
A186E9NIU6W62O,27,4.578363789587188,4.605684659924876
A18758S1PUYIDT,532,2.868702551129971,3.1041534829470816
A187O3DQN82H8X,63,4.132195582917123,4.178880858688461
A1883WF7ZSFY1K,22,3.4405680492985335,3.691607677902344
A188HGF5R5M754,24,3.9506150804173568,4.014134521700144
A1891VKQBJ2O5M,21,4.413032223822429,4.483944322265265
A1894N91JV6EX3,22,3.4124230606676007,3.654515602342983
A189BCLUUMSM7E,19,3.6441518125741585,3.8100345335163026
A189CVN3IX4EKQ,19,4.957026543618342,4.957333685141171
A189HXWVX6F8O6,33,4.129027063041122,4.172866367074809
A189IVTU8N8IOK,89,4.389359205950721,4.455883795666104
A189KRUNKHUTIS,23,3.775479113386915,3.8480989618455594
A189VV6P4IZJXI,20,4.942392344238483,4.947138666341036
A18A3H566K45D9,17,4.337040674301377,4.457117419142261
A18B0J1XN06JUJ,20,4.733085465339,4.754834919444504
A18B5QL328E02A,31,3.521742754945163,3.7619925496839848
A18BD98SU49UB7,71,4.10949302415134,4.231880785737969
A18BGUOWFZ867F,18,3.840487764613485,4.081000073516227
A18BKA4ZZVL1DN,33,4.342398965579038,4.385790944456099
A18BOXF138XC0G,29,4.6776136229921255,4.773157989486759
A18BV4O63DOWNH,24,2.455607711621011,2.683797860611952
A18CA0GRHDVP8X,20,4.244759105200175,4.283123773390142
A18CMGIQZ1OAA2,39,4.299318172384584,4.448978415190691
A18CRS4FLVH5YW,38,3.5069152239343904,3.8161448711774297
A18D0R137EYS6C,19,3.6168305076331864,3.6844729081041008
A18D75N5IL0NMG,22,4.977147576552234,4.977175560710601
A18DCAFKV9DCHK,32,4.961415439469265,4.9615012220576356
A18DOZQJYYRT7C,20,4.949838380520768,4.950251306154148
A18DSSY1FGEGAB,24,3.7749007185585364,3.999884313318939
A18DX1AT72SY95,46,3.786110924713084,4.0332337869657
A18E5D7S4CJ5M5,43,4.410672840266584,4.462757475141185
A18ECWTWII1KSU,22,3.2882382982632947,3.454639792652757
A18EGY287I9SLW,36,4.730873291505908,4.747587112199255
A18EMQZVNZ0UYY,26,4.879297940453084,4.880404551683446
A18EPAQ44YJTW5,19,4.890141835508775,4.899752227299858
A18EXIAW8NU3DP,90,4.46267912027595,4.518568365931087
A18EXVMB7H1B92,21,4.940222232737481,4.940792197542344
A18F8WL8CASPVN,35,2.6524953454535827,2.9948424749593805
A18G7GG53G2X8A,251,2.692768263281588,2.8409696537909532
A18GP1PWVTKXQQ,241,1.881022791651284,2.101102337018395
A18H7QC7V7RR6Q,21,4.148634864538539,4.238722694960364
A18HCMNUMJ50Z1,20,2.1887572113556644,2.6375259433324887
A18HE80910BTZI,19,4.326418790239135,4.468065354243095
A18HHKM6WGEF9D,102,3.5045344423265057,3.597763486280304
A18HWZOTP526ZP,26,4.871548886650084,4.88607318699921
A18IK6YI6T3RK2,83,3.3327626151727814,3.460462942837738
A18IQ674MSO3VT,37,2.837988906579679,2.974578494145196
A18JBPL6AML7F9,32,4.845193117567861,4.8575053359529825
A18JSQXLZT9WUB,19,4.890302711294412,4.899861907145961
A18K1QVYDXBAKB,29,4.009926528911401,4.11804800357055
A18KA1PN6WE3IR,21,3.514920529720705,3.7198445308387855
A18KDG2W53GI1A,22,0.8322960673937968,0.8620696329884112
A18KXN2MQAPKCO,22,4.263596400679936,4.356681538546593
A18LH5988INY6Z,30,4.790514216832564,4.847550114520076
A18LMALYBY616Y,22,3.808923329263469,3.9790927552806283
A18LMYMKHT65PO,62,3.9979094909511055,4.04156493078839
A18M68DE1Y6W51,29,4.210662651984779,4.28228868312783
A18MBO1U4DPY20,195,3.0403738478653297,3.2547069489555835
A18NTI5V03ZD6Y,31,4.074111204562895,4.209226957393993
A18OBUSMXVE8R0,23,4.874725709483571,4.891248090774259
A18OUQEK7IZ2F2,50,3.5552123940329374,3.7698157811913027
A18P0T2NZTGWYX,57,2.744169913627452,3.1070836445281156
A18P38AAU083CS,20,3.5427093466761845,3.5774489261390476
A18PFXJ4QPTSX3,26,3.393556119796014,3.6007233155462584
A18QL4VNZH7DJY,41,3.676018268903769,3.874162844794574
A18RCYV0M8Z2GO,18,3.381050416054262,3.7288291226674235
A18RE155O93R7P,27,4.47775855454607,4.582650560193904
A18RQ2URRGIIEA,126,3.962738629032264,4.078206075955214
A18S2KRL0VCM2Q,19,3.548463339014099,3.911436863684925
A18S2VGUH9SCV5,32,3.7412789212382243,3.8949962865836545
A18S3W50UXM5FW,29,3.598752806210116,3.734255685530205
A18SDN3HYFVH2L,74,3.7848759207581892,3.931467233947783
A18T0OCM0O3L0W,29,4.073543157315748,4.224292659265022
A18TN0OUGN38LG,81,4.35156033424213,4.434803028044643
A18TSDA9ZRLKVM,30,3.470043772314861,3.730375435653581
A18UBPBIKPQMPE,50,2.8040021477510577,2.9866765693624084
A18UII1RDFOZTD,23,3.455502532071912,3.7461384707791985
A18VAHKT1OO930,21,3.940321203586343,4.087112791974427
A18VB0EK2C7HGY,26,3.9386127477125084,4.162300259239777
A18VFI51X21VWA,18,4.596509155036255,4.654392785263164
A18WAHPUHL2EL4,55,2.7923926853688963,3.1330928503140236
A18WGLRURWRKOI,15,3.9738233255334046,4.1241676505028115
A18X704S5M9GYA,65,4.775395245993696,4.779857481978454
A18Y19M1Q1J3VT,29,4.385649631511756,4.480461209309048
A18YIRLFDEBV29,22,4.956087357200294,4.956191650395119
A18Z4PYBB9L9RY,70,3.87871483807416,4.010651898422958
A18ZBZDJ2RCSED,16,4.390420482389976,4.513412535518227
A18ZKWJ0FUFLB9,24,4.566850433411109,4.69991937124388
A18ZX6Z16GLU97,25,4.667008452714299,4.730100034142822
A18ZYDS2CE4LMC,26,4.853777720053126,4.86166287927671
A190D5JKYY0YJL,18,4.419942068602603,4.521391887063423
A190THQOEMER69,45,2.7847125499749,3.2175324698966907
A191O3K6SS65N4,43,4.429501168931344,4.462170992781474
A192KEPM0HW6AC,38,3.5525519277103057,3.8251664651442834
A192NW4JRU7E8P,23,3.886406849325384,4.07552350684901
A192UPT6KST3E2,38,4.974131706401031,4.974203315154737
A192Z1UVDNK88E,34,3.41947010046861,3.6730929363498244
A192ZFW3I4FYEV,23,4.825763673516521,4.845792713742791
A193Q3SN9BGLNM,18,4.992974288039446,4.99297835859602
A193XGF3YD6X4D,42,2.507087401154553,2.8375978428709225
A194GQYVY9HXUP,26,4.262780630102986,4.360219107402461
A194Q2Q3ZNK0D4,31,4.893997922751372,4.9004884634309
A194T0BGGJZYMP,31,3.271126328229836,3.410604303110456
A1951DLIKVJSO8,34,2.9004740749930424,3.124779397784081
A1952OCKD92RJY,43,4.695088907578523,4.743097635133554
A195G552F82TD0,34,2.4952950527882236,2.8330755146336255
A195NS2U9VEUA4,31,3.305115497201232,3.6548044898778587
A1968AEVLUL2ZR,40,4.9424175530286005,4.9427973532470135
A196JN53PG0C7R,28,4.2280127307866,4.457551493667753
A197527ILE0LL8,19,4.983062480586641,4.983118813999662
A197GS9TRBOKX8,25,4.950449011155317,4.950631928129555
A197TKJGP4TX69,28,3.817331062056596,3.9956849813493975
A1988TD5DAPIVB,20,3.7754591891626803,3.8089476960967814
A198Q0AXL2R8Z2,21,4.858814486368003,4.877011809385607
A199J0AYPOWKTV,25,3.4750479242012258,3.6068602255228575
A19AB2CDXB7VPK,22,3.6241568415112284,3.7108749482477776
A19AURTWGUM7PG,34,3.502006850981695,3.716296046255339
A19BHC8U77N5O2,18,4.093463053842795,4.225345375587908
A19BR9FLLWYVS6,26,4.823302556213365,4.833625896908352
A19BS30XX0JE85,42,4.761372085209908,4.774194508523075
A19BTO59X1BYGS,26,4.8986389931064265,4.89938833649582
A19C6FGOGUXLKR,20,4.903022351706249,4.903722940088441
A19CNZRMA7OFSG,20,4.728424272220538,4.746682021715022
A19CXLF2PUJGGH,24,3.901213994735818,4.0829872606749005
A19DW3VKM5KKYB,29,3.348893088335518,3.672329713570995
A19EEKJ39PA47B,21,4.566582990159273,4.586439276071474
A19EKAWXJ8MY0F,22,3.3535834157285467,3.7889558683665108
A19ELFMMKB83HC,49,4.209252755544993,4.2938199517504305
A19FIEADRHBNU8,22,3.477242898649683,3.7151452578433592
A19FIX9L4X4XNH,20,4.840180883074888,4.8637530435198135
A19FLINPS8PLRB,74,4.823655768950848,4.842229687476743
A19FNQ3PVII1X2,21,3.748713936937957,3.98944239709537
A19FOCXJ5OSIOE,26,4.890999222040739,4.906338763712906
A19FXBZ9AMB1J1,20,3.3720708893541356,3.6713121462379545
A19G3SIEWUZNCX,33,4.02983385020122,4.085566192058278
A19GOBI7XEDVTX,26,3.990738727459196,4.138762427088751
A19HCQSC5FVOXW,56,3.7218866964376973,3.9643331004940627
A19HQVND02SRWE,21,3.8776831391827677,3.9926046704873173
A19IR9JE0IF9T5,22,4.062746902878785,4.366776796622104
A19IUG002CMU1G,21,3.3481752824592896,3.6032014828845838
A19IVPYM6TXSKO,19,3.5515203986207426,3.7200031292093714
A19JMJRL9P7HFS,18,3.87237227490776,4.017299473062149
A19JYLHD94K94D,43,4.2835860125462935,4.420467359228281
A19K46GITRI5Y2,103,4.248412168106837,4.298936643553466
A19K5DILM15WU3,22,4.623665091746829,4.655686045024719
A19L3ON2W3F5K4,25,3.0338588041776675,3.5387091417473755
A19M6SI1WQTHGU,25,4.920583692197933,4.921489423638206
A19MF2JPE34HFC,16,4.428674410986286,4.481535534160793
A19MMJMNCJEBTS,22,4.627156591976522,4.698912670991644
A19N1Q5ONFTB10,29,4.732913067334994,4.816394972562658
A19NA3HT26FDYE,31,3.5889572207550238,3.6247227986348376
A19ND6XFXIUVWZ,20,4.271527830683739,4.3767092861465615
A19O0FFCS9C5CZ,16,3.672218252388653,3.7505636644930287
A19OQ7LWE2YJL3,79,3.0929032336458473,3.4481416271886838
A19OVA62LU9SIN,18,4.7955675643123685,4.848250658178036
A19OXFY4DO4L3H,60,4.157898732437842,4.261489944734861
A19PSOSI8FP2EZ,19,3.945136469863288,4.054200501020421
A19RAJY6R7USN0,34,4.274057532066102,4.333558145502193
A19ROY3F0XMUXW,16,4.744064988368326,4.776964948660812
A19RSNQGXHA56T,19,3.128894428213693,3.595625193932822
A19SBIW8TFMZ5S,269,2.4446811192556575,2.664225159422489
A19SPM4Y7A8OHN,18,2.970847164651704,3.444562900743593
A19T2DI6N7J9ZF,17,4.669505466769219,4.702115375504828
A19U1XRK5AKUHO,20,3.6238790236397778,3.9901612888781046
A19U5RYULZ0Z72,30,3.9761502448687156,4.054530327063527
A19U7BWTUOJQ0T,18,3.6585544707713313,3.790929434930981
A19V0VJMKKRMC8,149,3.8335537897150087,4.0725198659782675
A19VMQDCB4HZ9P,43,3.86429152926806,3.9796683713936125
A19W14E4KGSP30,21,4.966924258459929,4.967103833314805
A19WUIBB4UH92D,24,4.131305153269925,4.289779871495801
A19X61U18BOF70,24,4.665915604461811,4.693411184638949
A19XE6G6NDZFPS,73,4.633159313235068,4.666679907828624
A19Y4UC0KNK5NG,18,3.045059396720044,3.2330738275197324
A19Y68G415SW8G,33,4.668728115522222,4.735886386039031
A19YA6G6J25YG,19,3.299672346106169,3.5052431313899985
A19YHZFFFQR58W,20,4.37077640981051,4.428793585574248
A19YLRJ1WB517Y,19,3.9904580729692087,4.347533685741128
A19Z9HN68VM6N4,21,3.8812144504396504,3.951831034408645
A19ZIG35FATKVC,30,4.97945772803577,4.979563572213595
A19ZKO7I1RKY2Q,25,4.592077999491661,4.7175260346700325
A19ZXK9HHVRV1X,675,1.9130332538749204,2.1256164797056143
A1A170N3HM6UHY,54,3.282319272312521,3.5543828426907997
A1A1T0GYUM0H91,23,4.648763275814346,4.6823817186221515
A1A1WCAIEOBZCR,21,4.309958711008302,4.419501019472604
A1A2JF42QO287Y,35,3.57469636003422,3.675740053163577
A1A4DEENGHK51T,15,4.355947453294684,4.4110091906168325
A1A52X999BQXH8,21,4.985317328008214,4.9853792913581545
A1A535W556ROBQ,122,3.557938543581636,3.7046816225501487
A1A5532VDV679B,24,4.440116925266764,4.5037979506198615
A1A6XAIC6525UA,20,3.321182102468667,3.770441852515927
A1A7HI4HE9IWPM,28,4.697457692397047,4.7126023972176565
A1A7VRHH3IX2XU,34,3.628758325169483,3.6839973811186053
A1A81QZOKSEY5P,21,3.354725413003763,3.571883190883794
A1A87MBDZKM592,30,4.167765133248307,4.231005680426808
A1A87TUBBDPMF0,32,4.015995702029505,4.046869800917388
A1A8BHFVJFJOC8,29,3.1398026689545477,3.3176287193236567
A1A8PBZ4C4FRJ8,24,3.340682599847796,3.552619048300337
A1A8UGL1ZACBZK,17,4.487854968708528,4.557902778659171
A1A94KN5J9AVHZ,26,4.461137366183745,4.510743092861321
A1A9FIP7NADAZ0,23,4.944870242963454,4.945192452770385
A1A9H230IUTY1F,27,4.231201660273476,4.276134668325058
A1A9W397Z8F63,17,4.7549507544204985,4.785909137779828
A1AAKBCCJUO12K,41,4.116306540230761,4.233028819668234
A1ABOWFWGL9HQC,19,3.902761875749459,4.069551426375588
A1AC9S8U66SNMU,23,4.044604395277948,4.16262640317243
A1ACAWSX8JC82L,32,3.490982314087388,3.637605035138045
A1ACT326QXJX95,27,4.859539938569666,4.864293082827401
A1ACUIEGQWVQJI,17,3.723823139718599,4.1600101391800735
A1ADG449ZNEO6Y,24,3.1073405668360987,3.195715086404012
A1ADL615ZYH2ZZ,46,4.730000887799257,4.7343938393951115
A1AE4FXH5BOJE7,26,4.041368098832747,4.148274255049235
A1AE7GQ9YTCDL7,19,2.9321456767785836,3.311710807251857
A1AEE4Z8FX2ELB,22,4.122665994082488,4.202451499622934
A1AEJYOIMDU4YF,20,4.515559448254665,4.614131614673507
A1AFOI76PM8C0E,20,4.9916034199791515,4.9916133880163915
A1AFROWZLT4H40,122,4.399199181335183,4.4674789073074885
A1AFXJ8U72MD6L,282,3.1447560102544134,3.3235941668342757
A1AG5TJZMPZJDM,31,3.930506073120145,4.011189080426876
A1AGBTL8M08K4V,25,2.887531076719175,3.32445288917943
A1AGS885OX28X2,19,3.4068903501547596,3.4568067227353394
A1AHIS29D50G9D,18,3.765511479243103,3.830434227825602
A1AHKDDTPIGE6G,43,3.8155948246850353,3.8680684764674553
A1AICS6EH5R6Q7,29,4.314400157435927,4.435435638227983
A1AIKETKYWVID9,29,4.342347337361471,4.480875470504263
A1AIRJRJQCNU5L,25,2.999718614071802,3.245380416140064
A1AISPOIIHTHXX,272,3.085012692816436,3.290566553402188
A1AIV65FCPDTGE,27,3.460813198305579,3.6447547809212906
A1AJ4V2L8ECE44,39,4.286256901670792,4.397753708489533
A1AJ8EYOJNXA4O,30,4.675008045315363,4.71772164167898
A1AK67KMATN4Z4,36,4.302001180830463,4.352459955505153
A1AKNIEBKS7V2B,31,4.446889340965671,4.536648030508553
A1AKNJ5YJVC0V8,17,3.175719883478029,3.5402095162780287
A1AL0YTL28G4AB,20,4.780635694025388,4.817689478781321
A1ALD09SAYLVYI,22,4.385863274658536,4.456638658651773
A1ALOEZ4NXHUT,31,3.5124183409821557,3.829279052212351
A1ALOIPRR8Q06J,82,3.0981550144144583,3.438110689594215
A1ALVTBS2UO10,59,4.554751048653658,4.671169711490172
A1AMG2ZXVEA9P8,15,4.03618911386901,4.248638581230142
A1AMOI4ZJ2PCI7,31,4.597833549130358,4.698840717752309
A1AMPGEFN9R9CT,35,4.041116346948127,4.181323967388736
A1AMUWXKYEU429,43,3.770654077398142,3.796643086266959
A1AMVA4R3G58TV,53,4.052610108969925,4.116309584693587
A1AMVC4V396KER,32,4.038150330194489,4.145347328980432
A1AN4UK70C9QZJ,19,3.8777818328431417,3.8843626963450646
A1ANEM8DX4IPV9,52,4.053113072511907,4.215393604099665
A1AO3L476K5SI0,16,4.5636528141979635,4.66791341958807
A1AOZNC4A8SX12,18,3.7352478587816935,3.7833764745614515
A1AP3A4UW8OJFV,19,4.854593093695059,4.8560679333094425
A1AQ8JT2A3UWMY,83,3.0304778724212675,3.277459863586898
A1AQ9R3L8ZWWEC,21,4.324498667016909,4.44701309740501
A1AQBOWEL8TROJ,34,2.275722141651856,2.531808151586525
A1AQKYT6T45UPP,19,4.067788298255111,4.24719964176315
A1ARXCRZVQMSC8,23,3.544726659778094,3.852036869927755
A1ASEZSAJBL10W,20,3.9081278926505254,4.1654856172539
A1ASOSYF544GEN,23,3.14589697254827,3.3640216312930273
A1AST89AHN17O7,25,4.575819573728069,4.6706933834376825
A1ASZPY95CGLJL,49,4.493497889159477,4.527407192335687
A1AT0GONN4A9NA,18,4.5824545785252235,4.631626332432961
A1AT4OFBVBVL6Q,71,4.893288498082763,4.899187846581792
A1ATN5GBNBIM27,29,4.509302160034773,4.599428571117137
A1AUSBADCSLIVH,22,3.937498179809184,4.044111806868245
A1AVKL9QQ0PLI3,31,4.315940768301258,4.525250784510706
A1AW7OTQ9QX3IG,33,4.61370539402473,4.68384290060379
A1AWNVOR43M5K7,16,4.190586108901487,4.23634378036551
A1AWQKCWVFC9XZ,18,2.8048620515009635,3.0040244996220298
A1AX5EN6MR3XY6,22,2.7652682164162896,3.084133328639032
A1AXBN25KBBWSC,41,3.977656564186554,4.158104372622985
A1AXHNRDJEQ0B,44,3.633480547832528,3.825067366221645
A1AXOWMEHKJW5A,21,4.642996832171768,4.678417022780456
A1AY8TQ5Z40HR8,24,2.9827618674194345,3.089442399417012
A1AYEI2SNFPYES,34,4.222249542242448,4.267549396916241
A1AYN3IIUNQCIA,61,4.541996783585994,4.554390050942831
A1AZC4ORFTPBD,19,4.187610578062243,4.511577691034078
A1AZCC0V8TFAZ7,32,3.7828673645179403,3.8437687971508487
A1AZE37L2YUON9,26,4.261256090008151,4.3748921082309264
A1AZHOD7KIMTY7,23,4.454532383893942,4.541615526715392
A1AZLZ55K9ZP87,22,3.953990224381821,4.016473470405359
A1B04MLSX8DDPX,23,3.904882767802196,3.91493945271851
A1B05INWIDZ74O,75,3.845435936602847,3.944750147150829
A1B11XEB5LUCUF,21,3.0772536419324927,3.2363012912997458
A1B12AWLO0BJFG,17,3.6962369668302055,4.070119608305659
A1B1ALTUOHEUPO,23,4.480647437151316,4.584676314268074
A1B23VWWA7PL6A,27,4.755718451026987,4.78516831164427
A1B24TM8EU6LDZ,18,3.7479605376437033,4.0516702051013365
A1B26TNQEWHQ4K,91,3.847913417727475,3.9522801249423574
A1B2BVYSFAQU2A,27,3.1052184032743004,3.2338961907569086
A1B2MF00TB0ECG,24,3.621758851866066,3.747808748752259
A1B350OHYHQTGX,64,2.960995289866954,3.2756734876167743
A1B37S1T1NL03D,23,4.2880757071444275,4.564300127860075
A1B3O25V2R9H1T,30,4.016530027814903,4.283445786025916
A1B3VP63KWGU5C,20,4.861788636341333,4.869000413324846
A1B4CZLQ8ZDAFQ,25,3.372613731667781,3.7067184019452184
A1B5VH79ZIKCC4,47,4.468011044791697,4.556035877296529
A1B6IRUICQF283,30,3.607713925489247,3.8397698641813847
A1B6VUIQ5LXPNE,19,3.65105058074719,3.7296962087171974
A1B78S2NR763GE,26,3.954303801276405,4.12329902915175
A1B7JSCBM8YR6M,26,4.627862348230566,4.658491909343892
A1B7P9JQ0A2CNO,32,4.331479690193834,4.41842849115724
A1B7Q22I53WHQJ,63,3.8221085144284555,3.9585217191056876
A1B7WZR08BJN18,24,4.915816144839387,4.9163153183122565
A1B89WTEGGLHFM,26,4.315994826007867,4.381006423933487
A1B8HI3VREI1H3,98,3.5915616701081676,3.7032044279406526
A1B8I9PKTS67VV,21,4.711086999223707,4.80293480866378
A1B8OF8FRJPY90,33,3.418485392394579,3.640009845924499
A1B9B1YZYS3B0S,16,4.293357795219157,4.402958446032888
A1B9D5E8FYJHUN,21,3.9753339474993017,4.196346930026599
A1B9FFH93HYK6R,41,3.5831168326852207,3.6745612986247136
A1B9ISLYYCHIVE,26,1.5706879301953367,2.1427884737962075
A1B9P6ZWSG5ER2,38,4.97928535577937,4.979341541689903
A1BA0SR9ASL7C,20,4.994527364696728,4.99452906489715
A1BA72K4VK1UN1,54,4.311689744380548,4.410070845843628
A1BATHNY2QAZI2,140,3.960647136917975,4.081305150642675
A1BAXOHPCG15XG,18,3.9457974214481704,4.15456528176396
A1BB4H9G9APMT3,25,2.7073511172592903,2.992185618687249
A1BBLQ702QKLY1,20,2.390646464255897,2.8454358185228994
A1BBT9XLKQDV81,41,4.010717955469543,4.1892453161887095
A1BBVDREP0XC9A,19,3.302770065151288,3.659180609448147
A1BCLII0RO61RJ,22,4.819340471064051,4.825483364254435
A1BD1HWB495S0U,20,4.4392530604662275,4.63128179917983
A1BDEVOZBGA07R,27,4.895657682738977,4.897406095290405
A1BE1OKY80FUBH,26,4.479541765238446,4.539078211288685
A1BELRFBBP86W1,24,4.528834981299127,4.611150470491251
A1BEZG1RF3OZ5D,27,3.396861946386077,3.6709199732807583
A1BF1SD3A12FVG,21,4.527410315441521,4.6259967728996605
A1BFBADPMU97C1,31,2.598748571856194,2.7866543824857
A1BFGOQRC1SQWG,21,4.6374349053364075,4.655393344387219
A1BFNBD9CPHHSW,19,3.3387527016802108,3.680774994921221
A1BFP7FT8O803B,25,3.937048585242674,4.208457635715214
A1BG6VEC91KOOZ,55,4.403990491180129,4.507630750538625
A1BH8VPAGQMV65,26,4.630127989826182,4.682812290888328
A1BHCE2409B5QF,26,3.319820040758739,3.691779761059759
A1BHHYCGFSPFJD,27,4.143115761963359,4.1937678819688715
A1BHWK5IM9LK0U,25,3.6374534567514605,3.787458567259203
A1BHWWL4LVF16Z,46,3.8846599886433855,4.05887457712907
A1BI48CYNW1Z4D,27,4.1537297738975845,4.233885107143012
A1BIFX4YPNQ77V,20,4.521985237126097,4.552394003492325
A1BIPJK03QKFQA,24,3.68270889670099,3.9325625271238818
A1BIS6FID9J16M,35,4.376692461692012,4.606939548841375
A1BIZMR2NI11SA,27,4.798063007059778,4.818722519238801
A1BJJVV2B5VLUQ,23,3.8828313695644137,4.0511510532826795
A1BJL34PAVGDOB,38,3.4612761284407547,3.7676439700253948
A1BJO0JNULV68I,24,3.596419930443918,3.752263382257096
A1BJOEQSRX2IBM,97,3.882206121497125,3.9613248512352714
A1BJS41JTGULUQ,28,4.925182127457025,4.928771446039932
A1BJXESHW0ASB2,19,4.6206152926442945,4.657903382482753
A1BKFLPCEUBZTJ,57,2.769487074239537,2.9555120620129394
A1BKOTVYNHGZIQ,21,4.112349482584277,4.227507281856855
A1BL65ZJPWJW5J,29,2.777252888211948,3.0707682867007944
A1BLJBOHKHEACT,19,4.98478006786533,4.984832347473487
A1BLT7XVO4JLW5,19,4.498653921225464,4.670767757892287
A1BM8WJDDRNG5B,56,4.914484128190496,4.915577787990229
A1BM9RZAJBE264,20,4.690418391723881,4.723667636424744
A1BMQA5PIZKU1P,19,3.784542899878326,3.9950401504417696
A1BN2ZFOK05ZNP,25,4.850948548847101,4.851717360579528
A1BN36SAWCLCIK,22,2.247601977925034,2.4229482203419277
A1BN6QEHHESGU1,23,3.1602565539357275,3.4563337688539466
A1BN8AZH07EOLY,28,4.950827255777796,4.951096137543116
A1BNP34GVE9U0M,21,3.6525749644711403,3.744016040144789
A1BO23O86V298E,31,4.897838309104488,4.906727581571929
A1BOOL8UBVD15Y,40,3.7616383624204466,3.8775014068578724
A1BP1QZLA890V1,21,3.3893047825303335,3.4297916056614906
A1BPLB568L0J54,24,3.8248169427017515,3.9983781318894476
A1BPQ54X4F54SZ,42,4.675160458286224,4.702770118551296
A1BQ0HTG3C53IH,29,4.884684128104272,4.894046631606527
A1BQ1IDJ2H12UC,19,4.600589861622706,4.695265244970106
A1BQCY16FWBTHK,30,3.8799194506033694,4.051866823823069
A1BQRS7Z1RO9O0,39,4.2065732773008335,4.312112359880155
A1BRC7EJM3BU08,19,3.65139394232911,3.8568163770414983
A1BRQ5B2E6JMTJ,21,4.393821875829748,4.434784086052875
A1BS1ED9G49R00,21,4.454206297210287,4.521668378026932
A1BS5W84Z8G67X,22,4.524585154261668,4.583477868954445
A1BSCNMCI7LOAB,29,4.831929508298293,4.865286070178053
A1BT13X2WFI5WF,20,3.2149807773468893,3.59118701844338
A1BT9J2I6DC246,268,3.7237603926492997,3.7647556968427565
A1BU6JWKQ32B0W,21,3.836994263714243,4.088982877957075
A1BV7JS2VQUANN,33,4.880163770876392,4.886196322484048
A1BVCH82W0M2W2,24,4.812165586124129,4.83212418414146
A1BVE2ZIBKJ7YI,36,2.730760766755978,3.0894263317019006
A1BVFJO7Y0JN28,24,4.319485477074404,4.411396835873534
A1BWDLZR1SO3U4,46,4.633307185870396,4.658484702336489
A1BWUEEQ187J84,17,4.897155045016664,4.902646222419753
A1BWW3VMNDQW0,40,3.915290330107438,4.207684453678448
A1BXJ081N0B20J,46,4.367345621410045,4.4426524783428
A1BY3X5VLBBBQC,28,4.0410804531534446,4.211250510670336
A1BY80H96M1PF3,24,4.010306693889127,4.271319960362637
A1BYOUYEVNG2PT,25,4.256767729206327,4.398559281720557
A1BZ50UD8CO9U0,27,4.972135865618546,4.972309407191259
A1BZPJEAA3XCZG,37,3.0733940810682014,3.441204783381327
A1C02V65LZDRDA,33,4.031375274935519,4.182418086097103
A1C04K16FALJM8,26,4.8630107391372555,4.864497745705474
A1C0A4R8M2XKAX,19,4.447713784195937,4.5052450357273885
A1C0MTEF99IG1,18,2.110492354879135,2.5380582793249356
A1C0PHJN6AUZT6,52,4.020438693957319,4.180716233938155
A1C16JRV48D2K6,24,4.839007264698493,4.849901431179066
A1C1AE4YLCLFDZ,24,3.5962103653383046,3.825374762203942
A1C1CZSL83TF6A,40,4.011702802867694,4.116067759271277
A1C1FYZTM1M1LL,18,4.945153333792091,4.945294794250253
A1C1HNXMVMA8WM,21,3.9223476784263287,4.133773415388233
A1C1T97KIJPGIX,32,4.439311740077401,4.585342940013281
A1C217T6VWIE3,31,3.453238049059342,3.6786928324986437
A1C27RJ3QEAWY4,17,4.555249090128754,4.596744761422744
A1C2I5LZIFDHIQ,98,4.371581641285878,4.4137982026881675
A1C2P5HX5RLPAX,35,3.939086150149247,4.029707322500026
A1C4H8Q9N9X7AB,31,4.90964796569717,4.91650825113861
A1C4XZPPK9CBUM,30,4.429601671883948,4.527467592600207
A1C58YXM2A30CY,182,3.5246138895850994,3.625547635335567
A1C5BA4RIBL49H,28,4.675818838533419,4.7380717297540755
A1C5KB7EJYT8Q9,15,3.6497125897485385,3.810894571178248
A1C5L47D91TG00,19,3.5985859495604884,3.6715912416149337
A1C5SPTHO01XXO,45,4.8989577651947105,4.902332757669848
A1C5ZRPV0VMZKQ,24,4.619623027897183,4.647217400955512
A1C6GGOVZ6D6DL,28,4.760818134175487,4.818032792920607
A1C6GTIW422WEE,33,1.8944487568977464,2.155721225455001
A1C7BWPATO40VA,47,2.410290372777336,2.6378043559813396
A1C7DTTCSMHPUQ,15,1.4115374575230377,1.6184444750643199
A1C7V0KLEQZ7HV,21,3.488365550584863,3.7896915196375156
A1C80B497LCYKA,64,3.7795780049856673,3.90896647346166
A1C8QLFRLHJUJC,17,4.553831292487543,4.593384061110431
A1C9510D5VUMY3,19,4.802906890265388,4.82708884276123
A1C9C1QOQB94RT,20,4.601039239195449,4.626564965104059
A1C9GCHR99WX3F,125,3.8063447940510646,3.955946037309478
A1C9N96N2M5D13,32,4.784257785127667,4.796078269877481
A1C9XA71D62NVS,32,4.238001459572447,4.397011906502622
A1C9ZLZ9MA2SC0,23,4.856464933024036,4.861031202297885
A1CA1A1MGW0I3J,87,3.109697265915593,3.3686006864437084
A1CA9E75HPUDI7,20,3.4223998696355764,3.6595028137354735
A1CAL5K7CR2O52,62,3.64758540385774,4.060423896302098
A1CAVAQZPDMPEW,16,3.356405402649733,3.653231261353774
A1CBNKS8VEZN47,23,4.864348262669808,4.885535541418947
A1CBWE1YZQ4VXG,53,4.3157704496132645,4.382140036497312
A1CBWOUGO0DZ47,22,3.991623507633729,4.1573390735196565
A1CCG69BJNB0RQ,31,4.5788773713339594,4.589316659683831
A1CCIEB6ONK3ZL,21,4.547052786129719,4.601934051269125
A1CCRBBC5EBRPW,25,4.868688771163828,4.873568018329313
A1CD5XZI9E7YNN,19,4.232125033064658,4.279884951268444
A1CDENKNGVOSNK,24,2.9432534263447714,3.1902366449852275
A1CDNTB7377YH2,152,3.2885179280982157,3.4577397899652826
A1CDQGEP2RWM83,23,4.909635777449319,4.910117432448205
A1CDZNPO7U4E6N,87,2.983146887340332,3.3549931881812567
A1CE48O15OIQ09,49,4.568658942730221,4.603914360795015
A1CEE3NN7L0YVT,20,4.073226706483014,4.169934341515134
A1CEWBQ9LWVQ80,20,2.6557232492159155,3.1216361274466133
A1CF3HY24VVWJP,24,4.308632693101887,4.386307420721583
A1CF4E4YTHQ3Z5,22,4.119396572162642,4.2347658205901455
A1CFFF7C5EFKP5,16,3.0487415712734953,3.3502910752035904
A1CFHSU2FQU8RC,19,3.1959382967047563,3.476723415260059
A1CFNKPVAF5T70,19,4.065407813219907,4.164563874434
A1CFSINY61QDIL,23,4.474093795109625,4.510626013001933
A1CGUSOZX9D047,22,4.6652746954807975,4.700634531782617
A1CHM200OEN65X,44,4.164521380545465,4.281839781059237
A1CHOKV10NEI8X,24,4.13463214966698,4.231873464746484
A1CIQTLWE6RAZF,22,4.330307074163336,4.5120675995642685
A1CIW2OEVAJRM2,39,3.524916959063468,3.7074528788077368
A1CJIFDTIUQMQK,49,3.615087354416274,3.7832201729698185
A1CJIZ37C1PXFU,23,4.118231659119198,4.346189611341592
A1CK0CGSPDC9G5,17,4.514474033277746,4.592008303949467
A1CK4J7YRAUQ53,39,4.8696148249890365,4.87054039917057
A1CKXR2WMX728W,17,4.6821513693847345,4.720045808905341
A1CLHLW9PFKG9Q,77,2.5634296669046077,2.848790983634881
A1CLJ7X5E49YR8,20,3.583432250735683,3.803804019661363
A1CLOQ3FD8S7QR,51,3.504858245731517,3.7549686472079893
A1CLRMKWODHFOP,54,2.3093030226478857,2.6368837228243365
A1CN60TRXFWGUO,23,4.13394897087615,4.331803802023967
A1CNJIGPA5NY71,25,4.9143180771881445,4.91506122123402
A1CNL97PZLBUN1,21,3.4417196400281513,3.5425428165149553
A1CNQJUNPP8HUO,42,4.72415898186162,4.765347198265836
A1CNV1OJ0JH4OI,29,3.067501469659331,3.2748512916653882
A1COEKPEWT9GPG,19,3.1055607398788814,3.431880214013539
A1COG8T9MPP3KA,48,2.6167906216734713,2.880414279165701
A1COQ2DOO1O9HD,17,3.9237040541730437,4.089931328749667
A1COW0UIB5HA9J,307,3.543690019248197,3.678187461356134
A1COWJRBTXJWVY,17,3.8428506189042757,4.082512602291871
A1COZ09D0V5ASH,39,4.967933191549211,4.968020389176957
A1CP75N61T0ZYY,28,2.8283119290624925,3.2774722865226127
A1CP8XOK5MXT7Z,23,4.2744845413308,4.310745909933651
A1CPCCMKOGIP4F,26,4.3134292185574115,4.408629866550122
A1CPSC0REF4IFD,22,4.378031081233122,4.481504205703479
A1CQC70JTWQFCJ,23,4.017841455916349,4.286407122706992
A1CQFYZ49Q45CA,17,4.8648937541814155,4.888021792425106
A1CQGAPQMN41LV,80,3.730952869045852,3.8489878345248574
A1CRXCI3SAVCGV,21,4.781079868878898,4.807098470340015
A1CS70DT7ZPCJJ,48,3.8164166691128396,4.012352568734148
A1CSU07NLM5XC5,20,4.904124165319878,4.904856294064659
A1CT15IC9N8XMH,32,3.085700687203243,3.3317499915249784
A1CT884F9HEA8Q,19,2.300654843263051,2.7801641685703053
A1CTBZ4SSRB98U,37,4.504933300487619,4.532347465884579
A1CTP5IQTNSHU4,17,4.215456831837831,4.369968866907495
A1CTPDXDGBQ08N,25,4.850653844191451,4.867677320820232
A1CTTOAQH3JSEJ,16,3.12037964773236,3.3421431183133152
A1CU2UDSY6U30X,22,4.498488813520987,4.52293979991363
A1CUTT0F991UMB,27,2.2228580952400945,2.51709442759693
A1CV19Z3EDXMJ6,18,3.616848778144241,4.003885033417803
A1CVPCGUY2Q2S7,19,4.452803049100672,4.511210483203975
A1CWKIGHU0X1DC,26,4.924272964591203,4.924656639529235
A1CWMX2MGNLVGV,15,4.300172703469035,4.397931292313143
A1CXA963JH8N3R,23,4.9701484328437315,4.9703760031030235
A1CXR47XKQFZVG,24,4.560623537256848,4.64702128070072
A1CY260GLGBHI5,30,4.744925287372049,4.76002641787262
A1CYOHNGQ1WED1,60,2.702380144403739,2.8722248519758526
A1CYRTQ04LYI55,24,4.299365567245366,4.430016416696114
A1CYTBE7LLUQ8F,24,3.8349870600196616,3.938372667908065
A1CZ8732ML2KEO,17,4.325172929904875,4.397627649284385
A1CZ8JTF1JCI72,34,3.791810923783221,3.9886337182595413
A1CZ8NFH9QYWUC,17,3.80862046567878,3.9921542931902203
A1CZDAHQ4CPE1V,78,3.7329488107779216,4.0765512368470125
A1CZICCYP2M5PX,135,3.7268809117983284,3.760498749121822
A1CZMV9EX15HOO,26,3.757057067191362,3.9189814987682063
A1D0J6HLM2W847,43,3.684469294699285,3.773983426990782
A1D0KTW6XM8ERV,28,4.651361731136899,4.76393182627338
A1D0TQ820LQ91Q,25,3.9487569695486724,4.130464126652284
A1D1MIFRSG50Y3,192,3.9081770093540626,4.070850697628334
A1D1NIU7AGSDJY,29,4.2866593504711386,4.390482534983094
A1D2AXVN20OQZD,28,3.7401333652316877,3.8350472877813577
A1D2C0WDCSHUWZ,457,3.3494775279941167,3.5837247661086367
A1D2IGJ8JMWYEA,27,4.99568603111162,4.995687055739605
A1D2LB4Z5RMO4M,38,3.377738764156617,3.8407740172320173
A1D2UACWUF2FLA,18,4.996580271157168,4.996580835223475
A1D2XV1YCTNBEU,20,4.188917058587415,4.235353669348846
A1D2Z6UOCT9456,23,4.020086626062685,4.1636690233908995
A1D2ZN57YG2NMH,65,3.921197573387421,4.044216292896745
A1D3HQWSVEMBAV,23,4.545322859469512,4.597974558377813
A1D3LP8Q8KMGVB,17,3.9247410100471956,4.0497085181606325
A1D3MYYUV2U9NS,18,3.073914878664494,3.2443435078308354
A1D3XQC2DIT,32,3.741755675003918,3.8400434735858853
A1D48HTH7LG5IT,24,4.926027709423699,4.926510461123363
A1D4EDILSKB5FA,50,3.470863329277325,3.6654400575560415
A1D4NYDQSMQQGQ,32,3.9797614482540262,4.186122409958833
A1D4TFYIZ6607Y,22,4.968345106667024,4.968374648357266
A1D696068E7EOU,58,3.572719265939903,3.6650017160910258
A1D6DJB4RIH1QV,16,4.818341514829667,4.820630298555341
A1D6E398K8J2UQ,24,4.112384632221852,4.174552945371513
A1D6L5H76KMV6P,19,4.535247199636354,4.617913655073122
A1D6NY77UH6W4M,25,4.914438900269743,4.918584904645379
A1D7DFP8H64ZET,15,3.4407885000137615,3.873472321279908
A1D7F9DICBTGT4,18,3.971334340212585,4.228033711919147
A1D7G0VV6DCBSC,19,4.679908846400733,4.7061158614482785
A1D80AJD68902K,48,4.657156378211298,4.6976078024876715
A1D884EI80ZX9D,19,3.9677921661530156,4.09377776037562
A1D8YYJKUUMJCR,25,3.6191651096201514,3.8260037516479395
A1D90MKRWB0ZKP,31,3.729749927436484,3.972456441062574
A1D98RUZWCYDFE,33,4.831322297960539,4.832278493842083
A1D9VQHELWZ9WI,20,4.8519834571019445,4.861813378483188
A1DAOL3NMHEPLS,83,3.1323932638438796,3.2609195607983468
A1DAYGYEM4HFD4,20,4.177763705021955,4.417197329278324
A1DBAPK9LHRFVH,23,3.939246699123672,4.10979709702965
A1DBPWA0PNCK6T,16,4.182671855709088,4.2892647761065
A1DC3PV1KPGA3A,28,4.803640330447656,4.830525433073846
A1DC3TD7B6HPO2,35,4.716738898446781,4.733680345723951
A1DCBETGMBGI3A,21,4.644465335290543,4.698022705979448
A1DCQN87ENUUXX,20,4.94360976520611,4.9483700686631344
A1DD0X212PNQ90,19,4.602244699471116,4.647814842898854
A1DD15RXIXWENM,41,3.963376863284493,4.122356331629685
A1DECPUWYC9QHQ,19,4.906715091184958,4.909024662491769
A1DEMTWJLDVO88,18,4.674627332752544,4.68673635498182
A1DEQY49OB62T8,30,4.088186693739221,4.150873736644483
A1DG29RP3FBQ74,34,4.787486153279718,4.798220612749554
A1DG75OT3Y49EM,26,3.8060294582668743,3.9255591405768886
A1DGWW9F1JVR6E,27,4.554683601449366,4.601784356234701
A1DGXSBK0V4IWI,19,4.933941957903166,4.934186308083394
A1DIDX2O15GOQD,23,3.803469643241786,3.9222041412385447
A1DIFL0333QPEB,32,3.293532116684528,3.5568524184415984
A1DJLUH6JQ1RHQ,140,3.9210406473707273,4.232944421484431
A1DJMQJ3NY7TV5,38,3.054143640531197,3.166113134459264
A1DJRIB253T78A,31,3.8715246372198324,4.005241921820906
A1DJYY2YINYEQB,33,4.7893486031415495,4.815844361367642
A1DJZPSZJG0PP7,18,4.858071302523864,4.860681871468785
A1DK5AZMXS1QA3,197,3.079784305831393,3.3024742656485766
A1DK5DY7TP27MF,30,4.648039095639613,4.704509965934767
A1DKRG2QCYRJS0,29,3.9784884248087375,4.241412689250867
A1DKTADWRPKNYI,62,4.503547442872014,4.534071640278379
A1DL26NTQE8WAX,16,4.135270509902444,4.22369182246426
A1DL8DNHW2SQMI,22,4.98714680509059,4.98716118538385
A1DL96J7M6X0M6,18,3.2440744824018717,3.5571595607172095
A1DLFFJAHIJWD4,19,3.232599577985137,3.3404408343053973
A1DLTUNMANB6Y0,21,4.066960445999236,4.287569794204396
A1DLWJTG7SXDEQ,24,3.8162845374503096,4.079144593734691
A1DMX7V6O954ML,14,4.826495982240706,4.853758313595563
A1DOEL69Z9KQTV,33,3.6161197112069687,3.854987434346062
A1DORQXHAAR8J9,23,2.5847675176848943,3.1075173464483337
A1DOYVFA12C0KJ,22,3.987966150568042,4.084596965179837
A1DP66S1G38WEG,78,3.5475176089640037,3.725272486208845
A1DPP8TXDCHCDN,34,3.921000600471935,4.002624909489551
A1DPR4MHOB4KWC,22,3.252603647962398,3.464164581083838
A1DPTO1F1S6W2W,21,4.7173759484474544,4.751740164939917
A1DPZ8E6BAE3T,29,4.800949001235352,4.813248820391079
A1DQ6WZ4OKV9IU,24,3.196298448491165,3.3490389489959775
A1DQP7L4080SYX,25,4.194159344373542,4.226028295177781
A1DQVIG6TENR5Q,28,4.364134206456483,4.51426725460509
A1DQZBHEU98PBT,27,4.82882535947166,4.842562398489712
A1DR3ACSWRI1Z2,28,4.820702038495435,4.830743459871222
A1DR8SNSEZK6GS,27,4.811139545828085,4.844270549133827
A1DRDDXHP6EUJ9,25,4.722752233360133,4.800272202653069
A1DRM3JV6T5O6P,50,4.06855206070322,4.223227912800141
A1DS5XZOBFSV8A,18,4.050187816882705,4.189298278708478
A1DSAUG7HKCQP6,41,4.695056895653132,4.73279148103655
A1DSES64WY3DGM,35,3.025818245458343,3.3127428412449444
A1DSOF0EK9G06C,75,4.07527134388139,4.291393062623556
A1DTCJV6KOMJOA,33,4.278528985524456,4.348595507873672
A1DTNYGTWIN4DS,36,2.5881951007722575,3.0098362023284855
A1DTXQME146G7L,31,4.479942280388955,4.509970487455676
A1DUAZ17KKWCE8,46,4.750316719668016,4.775347087490779
A1DURK17MGKBEB,28,3.369096512416125,3.527104268430775
A1DURUND7Z3E1V,33,4.594802272707413,4.6185849147110085
A1DUT6O3BWXEJ,47,2.82070545373373,3.1444506237224177
A1DUWRMZVLRKAJ,69,2.7128058512001583,3.10370274892308
A1DUZQJAZUDY66,23,4.286212784073037,4.32042761485339
A1DV6B7C72NDZC,21,4.853879551138933,4.862429283521508
A1DVT1CID7ETK9,20,4.753288171642369,4.768575368217018
A1DWCV364HR156,19,4.431714118912243,4.472035146931202
A1DWGAROSTYH5M,19,4.303967641099627,4.349666053630573
A1DWTRFHUT40RI,47,4.3207505198336,4.497522581451556
A1DWUPXRD1HN1B,96,2.721466632853927,3.1085204932320702
A1DXCHSRVH8Z0E,27,3.7754169864701197,3.8707667805160186
A1DXKN2Z1D0CL9,19,4.34050570964909,4.409200159195158
A1DXV8ZLM0SKSY,24,4.90909880781708,4.910677270116841
A1DXXKY1HU1YHL,20,4.1425955188084105,4.315532866019029
A1DYPA7L2MTRPT,16,4.461974660802958,4.584357352574184
A1DYTDQ0OXNNL,66,4.748114243560898,4.767614247973671
A1DZKOOMMJM1MI,131,3.4006490903855697,3.633297541060344
A1DZU4AQR7KD9R,51,2.786943568787662,3.001011663222924
A1DZYCASJNC9BQ,22,4.705838001462664,4.753731678181232
A1E04DZV1H5944,21,4.84897506429218,4.851845140287892
A1E05RYF7559PQ,28,4.633404134132745,4.672059824908524
A1E0APHODMK896,20,3.251963597026028,3.6737849472788446
A1E0CBVHOR0ZP6,34,4.930407344798273,4.930964869269651
A1E0GXUW9GPXRJ,23,3.292735939729116,3.554219018619785
A1E0ILXNP3LKAS,104,4.7698595786149145,4.7729538921020085
A1E0RPGCXS4L2G,33,3.7651063155622477,3.9321513260301026
A1E11HKN4IRY09,44,2.846516670494313,3.1381078123252557
A1E12CWVAJYDM2,21,2.7854528660276747,3.2002361070077154
A1E15WYG9C47X1,52,3.7105934322337264,3.9148162660047325
A1E1ATIR6AFT5H,23,3.9674892353678914,4.169267908675955
A1E1XH3Q4A9E44,20,4.32042750392877,4.3475583092208945
A1E1ZXFK18L9OR,24,3.867355307045606,3.9934544419298974
A1E230P50RX2VX,18,4.069308259104869,4.327588689891871
A1E23YTGHD2RD6,58,2.9502129391842415,3.1237782857135117
A1E273XO5BKTP,17,4.975198987208933,4.975250582337997
A1E2POEKKLNLD9,24,3.4910631404443655,3.6032612095503564
A1E3EBCEPS3OFN,24,4.856159880045733,4.857878260136723
A1E49XXVVZ5CJ2,19,4.053018550810808,4.126267760388276
A1E4BE7JD76W1J,22,4.8003213892151155,4.808907564600569
A1E5K7NWAQY0R7,28,3.864880491751893,4.010038602189341
A1E5TEAC76AU03,32,3.128473006583552,3.4139252089035463
A1E5X51HAEAOT8,17,4.873238734868831,4.895678441578724
A1E68PHCWNEG66,19,4.299353861263931,4.421877560440535
A1E6JS6C205VZD,164,3.3010331856756188,3.4489790391304567
A1E723A6KDXQJQ,22,4.675983605795388,4.699165675912326
A1E7ALBLZV25CZ,52,3.699943595889464,3.854863789871893
A1E7C4BELBFLRW,22,4.502336803679738,4.537239276147734
A1E7VTRDMI4XMV,27,4.927967250040621,4.92826059745582
A1E85KPLPYVW8E,26,3.3651373005408844,3.502153683362284
A1E85U0RQCG5TG,20,4.241630478270369,4.29205307794845
A1E8A58CPCD072,18,4.095311254835731,4.115763781585576
A1E8HIVNGUM53A,26,2.8837868149473547,2.9738328752726213
A1E9QPX0866W00,44,3.414369113676228,3.6218669692516428
A1E9R06OUKT7Q4,27,4.749037692792961,4.775099784623796
A1EA42KLR15VVZ,35,4.902417765205361,4.907904093488398
A1EA7VXIUZBYIK,32,4.4803498381267115,4.574757047757242
A1EADSXU0YM3YA,27,3.6070991446679077,3.967293594942033
A1EAFFJQ2NDHGC,42,3.1586275600671674,3.3550926275918336
A1EAH69BFWEDHY,27,4.434892372197724,4.571671663832025
A1EAK1K8TPV8SR,36,4.6065411378231635,4.6972716609473775
A1EAMAQ8BSI0LY,182,3.3309019180226644,3.4311315115073437
A1EAMWCP8JRYJ7,18,3.8402312459565895,3.995470924827518
A1EAN2SFKYBJ05,24,4.699605421806246,4.713868477400871
A1EARN5PUVIF1S,42,3.340597858618046,3.595904648408848
A1EB6DSPG3NETD,23,4.60687155561848,4.695745815860056
A1EBB9HGK8FJI5,21,4.187153331679151,4.379364490052404
A1EBJ93E1T50RT,35,4.239293827400548,4.2782555371887305
A1EBQZLKUSU6CI,19,4.173273026468431,4.226976258154014
A1EBV706Z2AM38,65,4.191334338502622,4.227328846782798
A1ECIKAFT7Y5T2,49,3.7800624875819784,4.009250255601718
A1ED1L5SQ0QTVZ,164,3.52969411998138,3.73664242621315
A1EDLI3D8MOSUA,15,4.823295408732718,4.834662259419546
A1EE1A1DBKLEAQ,34,3.7260248002543825,3.9741054559695437
A1EEG7YJIYN60B,51,3.406587226179511,3.4746198238347805
A1EFS5PV3HOFDI,37,3.865567335485771,4.033305624058528
A1EGD7G5NSF7PL,28,4.502977948945784,4.591248693483778
A1EGDRTJYF3AZK,33,4.433903260901979,4.483185264851282
A1EGG1Q8049NJS,23,4.542987013093246,4.6046525264798905
A1EGIYEGW50YZQ,22,4.2734136198768065,4.310414464452589
A1EGJJ3N19G4E8,43,4.501259001376668,4.594846989684317
A1EHTFVSD0H7I6,84,3.649713876323348,3.733446540906806
A1EI65WJC85U68,75,3.113593649056076,3.309385357804668
A1EIIGQBKKVDT0,120,3.9411604744093323,4.043029991235696
A1EJT7NW91NWMP,31,3.31680907542818,3.4991113835494274
A1EKA9XSI641C9,44,3.5354873227837214,3.739381558830473
A1ELEOC1K5VREM,21,4.036234471657558,4.309638219748861
A1ELO9LMSE1CQ7,33,4.819785363506505,4.828102662460486
A1ELOBOYQD6UMQ,42,4.2884237297813215,4.472860439582798
A1EMD1AUIURQVJ,26,4.76831150298215,4.7948916790356035
A1EMDSTJDUE6B0,128,3.7206134693491872,3.8668302794001574
A1EMM62SWXRJQD,16,4.1890078714212615,4.301608182882917
A1EN55BE29GU4Q,17,4.522448000862749,4.588210003752103
A1ENC0ALMHVBU,36,3.8642902861549953,3.960651551545901
A1ENUDLR034VYX,29,4.016297038742533,4.114577565223324
A1ENUVJHPXHPBS,15,3.3527703967891345,3.475364135257738
A1EO74Z1A2WQTQ,18,4.9743057182280115,4.974390634695895
A1EOLRV216BXJ9,38,4.373580283261745,4.419122131328094
A1EP03LSUIULRI,21,4.446844670923742,4.469204820440843
A1EP3ITG2ORK4Y,26,3.969360648486211,4.025074422209684
A1EP400J5RH35Z,17,3.210525374716644,3.426299977437186
A1EPEKOOPWUP2S,36,3.860886528044629,4.004795931857878
A1EQ5D5JRSW23K,31,4.382529815801953,4.526515600186999
A1EQGFZPJ4V24X,35,4.298935894115165,4.421920781073456
A1ER5AYS3FQ9O3,83,4.09833753336224,4.179917712383604
A1ER6IYOMM8VCT,518,2.952988043858741,3.2111330197377805
A1ERDXS0QLEVKB,20,4.5060149101031675,4.572822652481125
A1ERZIZ48CBCSB,18,1.8222128510005418,2.0304182723985953
A1ESUYMIG3TZT0,32,3.669482489847048,3.9353901550738617
A1ET33Y6LL5D7S,18,3.8518811180875,4.1467482432835885
A1ET4VVQGQA0MB,31,4.820879915246,4.824348789053821
A1ET8SZ6FNUH1F,21,3.8183903770985532,3.9299355943253076
A1EU2I0LTRWN2A,56,4.397421889766095,4.480646382894699
A1EU3Y7RODB9L0,23,3.3714445941420985,3.7832107882942965
A1EU66488BUQC2,112,2.271833263806924,2.6679570536847104
A1EUDUGVTFX6GV,19,4.80316392277818,4.823292881748868
A1EUIGIJLKS6CZ,22,4.353968277306429,4.524704030039872
A1EVLWU5Y8V8GB,26,2.004757097349532,2.4923574069331926
A1EVUIUP748XXT,16,3.9271093823118144,4.01326629980754
A1EVV74UQYVKRY,25,4.243467194556044,4.287789435974001
A1EWKAGTEILW5,18,4.916758212845371,4.922028243006558
A1EWR0BOJ9TWL6,38,3.8959720850335215,3.9164648984154065
A1EWZM6Q2UUFVC,24,4.497191338079073,4.578043449080687
A1EX4410F46C8O,20,2.809270773619572,2.9947007586170993
A1EXLV6XXFDDNJ,30,4.890679242356947,4.894300504042353
A1EYUZTL1RY5CV,19,3.9229205861010668,4.006030082184054
A1EZ0LNWP4FXF9,38,4.037658740985603,4.134661270403803
A1EZ8K8UZDA9WK,20,4.9677699575195104,4.967847159752661
A1EZMV5DSWU8TU,55,4.156563402923475,4.233772621766176
A1F112O4YO65SU,23,1.9107299851382489,2.375133647389456
A1F18K8S6MFJA7,32,4.428615960218395,4.5194657996712095
A1F1FOR46702YF,69,3.84253900314947,3.884556156934741
A1F1YLNOTUEHDG,22,4.330582063876205,4.50961023382688
A1F23MY8SB905X,21,4.282916532166204,4.3293750780104
A1F2EYORWOZ3G1,49,3.523861318367753,3.866926388478746
A1F2JQDM476SFP,20,4.903964798665361,4.905576929648594
A1F357RBUHR489,26,4.280371931897761,4.385610679750578
A1F3OUX16G83OQ,29,4.2341383626831,4.277347002390471
A1F41PH89SL6JB,20,4.803212495535961,4.81728388078812
A1F4FG2F7I116O,69,4.825343567026415,4.836559177637265
A1F4JQCWE9YA3V,17,3.3126243176453505,3.68564044348762
A1F4S91JOIFBKF,33,4.087809672798204,4.226144681502542
A1F5AIFADXGZXD,22,4.537349419731912,4.564214261448016
A1F6NAV7YSDOF5,47,4.767690540514467,4.770938978425821
A1F75QQEQ00OLD,19,4.730984521244684,4.751241470138965
A1F79FJJ7WZ0Q0,26,4.128553311262905,4.2911359023785485
A1F7CV1KP77SZK,24,4.187416947293179,4.24916121555271
A1F7Q1NBMJ6RBT,27,3.6573960553644618,3.969854786155073
A1F7S3AZKMNTGF,42,4.993922344232746,4.993925359351811
A1F93NA8HQ47IU,43,4.564465083138521,4.601777895490471
A1F958T2GSWCEK,59,4.3262861444605285,4.548368038487346
A1F9MH3FZXISYE,18,4.327932622296234,4.3535071822149245
A1F9SZ7LS29HFN,23,4.498112869627483,4.594296368439429
A1F9Y503N0S32E,27,3.55608977911776,3.7788194805140045
A1FA33FKY3BH13,26,3.830139726522591,4.072437048200452
A1FA4J9DFU1EDL,24,4.945325341841508,4.949928846496684
A1FBIA3VFTI565,41,4.709526307665306,4.747689260517635
A1FBWAY8SZ11I,26,3.654915268713028,3.853774050857531
A1FCBJNIFF4PPU,42,3.7913066690213704,3.878046885548326
A1FCWRSICTO2AH,39,2.943745357774244,3.230509300703498
A1FD8LITJZE48V,27,3.70497084548305,3.782491784975381
A1FD8NRIMGD7UI,52,4.336667809701181,4.463356742555194
A1FDW1SPYKB354,78,4.765374441082147,4.776140002410848
A1FE06N5A77K8W,24,3.3236790068779953,3.642385362392964
A1FEI4HDXTA454,20,3.6240410468300412,3.904454997558649
A1FELBNUCH953C,19,3.7095392110892877,4.028162706397829
A1FEM0RA4M87GV,26,4.446874164489402,4.602105234633576
A1FF2PLA84KNAE,21,4.33504080507861,4.3630297387970876
A1FFPPPIOSI36M,36,2.464423305728757,2.795699715104597
A1FFZ65D0HQH5M,25,3.385558876488181,3.691659305278673
A1FG3A3V5IAEG9,32,3.789186080613592,3.9329445689651266
A1FG91CM8221X1,165,3.803348849558657,3.9095869463762325
A1FGBNH7J31ZYG,35,4.502869054172964,4.557871421935528
A1FGGUE0UHBXGJ,30,3.5145762128839895,3.670165948363819
A1FGMDTW0BZ5C2,32,4.712355144540373,4.747131884201021
A1FH14TQSVDH1X,21,2.931647061253444,3.252584994657203
A1FHORELHKWYF8,21,4.87149826858931,4.889952692929753
A1FI3Q75CLIV6T,28,3.3534997718513404,3.731322761855022
A1FII6B4HLS8XR,33,3.7696899470178153,3.9508415454360817
A1FIO476P6P0T5,25,4.721362145370008,4.739746421668008
A1FIQKGOQ5MJ3V,29,4.726906923249945,4.733527288228434
A1FIY5Y6LX2N37,24,4.439847483617123,4.524777626152624
A1FJ4WAOIDPEF4,58,3.3047360757345663,3.4956380144912393
A1FJIRW8MIQOLW,26,4.210747493487268,4.2678327182056774
A1FK5H1LCNWLJR,22,4.260369595047674,4.368954682328133
A1FKCYW9TY3UAZ,22,4.770225356988913,4.7791086125584705
A1FKET36CCXTB6,17,4.013449961886152,4.367184605335331
A1FKXMC3DY2SE8,23,4.662372633295268,4.723589510480908
A1FLNCQ9PNP2EL,18,3.7813303200335486,3.9022687569737107
A1FMJJKSVQDDQ,223,3.6290670041094435,3.804019694899549
A1FML9FCUPV6TI,26,4.06423311324536,4.239630267759762
A1FNES0QEBJZD1,34,3.935393544959024,4.001629077558734
A1FNUCH09U9YE9,23,4.654432900692371,4.691380216135259
A1FNW6H983I87V,35,4.738775979976305,4.760161003187666
A1FOCSYKVOOP7C,23,3.9795075972313363,4.1990163773795635
A1FOOGX90P1S57,19,3.4616592068699235,3.7450759651158942
A1FOQBQZD7GZIO,25,4.161676765716669,4.285636153385801
A1FOW1W8L8XOXA,42,4.1926375851031406,4.2562994135250545
A1FOXDQ37C4ITI,142,3.647027970884214,3.852234418611908
A1FP3FRH9N33UW,36,4.5111735833082,4.547916916766419
A1FPFWDC1ASYNJ,23,4.142374964778602,4.227024571341832
A1FPTE8YZQ8I2Y,17,4.851697634552492,4.852653765355438
A1FPWMBW74TPGA,27,4.934399756610829,4.9348184403747775
A1FQ6AXLH3Z35Q,25,3.951036980109559,4.0298126930306655
A1FQH7GDIQ7HES,19,4.3559879575925535,4.428363974537037
A1FQSVYG4TBBR2,18,3.9802394086493527,4.148559454858389
A1FR68QH6Z4YZM,22,4.268541379214769,4.393766957064005
A1FR6GC1XUSJ45,26,4.690557014177953,4.725513285750988
A1FSSPTEKSTTSJ,31,4.964696672376971,4.9648060962219
A1FTGH0SMRDYPD,25,3.9746548554853627,4.227445759298191
A1FTNBWT992X4O,29,4.768698546691659,4.829193968561738
A1FTY7V19O8C2G,29,4.595908443033232,4.66306578052871
A1FULNZXYM28IA,22,4.79437961595946,4.815227013956245
A1FUM46QACYUO7,15,3.9917652662763965,4.025088641567848
A1FUVINZY4TCCX,23,3.7956538268725617,3.893447523340935
A1FV00AV73KHQI,15,3.8554388832450543,4.1848277113496435
A1FVVULG7TXPTB,24,4.553409069086605,4.600426023814572
A1FW37K0DKH5M9,36,4.580020817975349,4.623158179106258
A1FWFCJU2G7TRA,19,4.305698554391057,4.3562331646174774
A1FWOX5ZLLOGQM,51,4.568849312167311,4.620520758393645
A1FWX3EKB70QES,21,3.8327100902492144,3.9954019660794247
A1FXXKIS35VEYE,23,3.577569021993126,3.839553990658358
A1FY2RI2ELDDRI,21,4.114403311363403,4.192898131654229
A1FY6ETS4ZPCUE,22,4.242142645301311,4.297142855473938
A1FY8NOC0ZQ3LI,21,4.300979621620829,4.488702030163492
A1FYUCCC8CX1E0,48,4.145147458313133,4.272147953594445
A1FZA9C5MVIWHE,27,4.298586248841867,4.363321568868892
A1FZHLJHSGT4DN,26,4.127377654467771,4.289926483297948
A1FZKP9XTKMALD,28,3.380423698113906,3.5909326040421545
A1G0EOJSRPZU8V,21,4.361615132240964,4.447209681290701
A1G0HQK25KZ5KG,28,4.070560102232017,4.262231029285528
A1G0VFQ9198IUF,146,4.482813938417928,4.540396875685399
A1G1PX4U6RSZEA,18,2.6195706182321077,2.934383104904996
A1G1Z15VTG3E2E,33,3.5468870490400115,3.7034769206513123
A1G23TATLJLPFK,39,3.1908871994919226,3.4117383424274412
A1G3JMT6R92LTN,46,3.372941693963644,3.555160024468243
A1G3P4BT2T9W2K,25,4.109072811678322,4.169974348097816
A1G4AKVJ75J78F,20,4.03052073423518,4.285487497124964
A1G4DB39VC5NFH,19,3.4081868425329462,3.530994500708892
A1G4FVZQ9PNS1Y,26,3.0967994036778808,3.3609511813152206
A1G4LRV9MZL1RU,23,3.914182406380659,4.141043760556184
A1G4P854040UM7,19,4.794680098612668,4.798880920279642
A1G56KHOUOFWDW,51,4.376979550993242,4.427400736712172
A1G5LJ8T1IGYC5,77,3.212971231565976,3.396156751553598
A1G5Q9HBN0EGDV,80,4.86397709840064,4.866454261249132
A1G65BMN1KUUD3,21,3.3368981893753213,3.5886619213585336
A1G69BQLIUMWPN,60,3.911480902702219,4.025850260534161
A1G6ECXNCYWBL0,26,4.255528821142315,4.2987622787897175
A1G6G630FMMH51,27,4.59983238936661,4.624647667778743
A1G6XMQ7M3NTOM,24,4.849067785439495,4.853605587316103
A1G7SQAWRXLVWI,38,4.244930493685821,4.309965647624842
A1G8K3SDFTXU81,20,3.390843204276031,3.502315800536045
A1G8SL79SLJQCB,17,4.4110623156544895,4.485338968751341
A1G99P58UALLKU,18,4.549276921378402,4.660286618675888
A1G9FX1KV45N41,79,4.3286967280822175,4.3978129128447065
A1G9JCB54XMLAW,38,4.4963581524036895,4.534804661632071
A1G9JU5OE3636Y,18,4.54600059472507,4.618675637077384
A1GB0HW46Y2EB,55,2.9215970113142373,3.233624567567156
A1GB1Q193DNFGR,38,3.6323397147502754,3.89470603997707
A1GBTETUNN0HZO,23,4.052303593066138,4.069977729292609
A1GBUD5ZD1AFWL,20,3.612554068334434,3.820925041306731
A1GCCMLWIPEKV2,29,4.844706838210834,4.85733056528438
A1GD1G8XXPRYQ8,203,3.4920857714162463,3.703344638165898
A1GD8XJJZ5M8SD,21,3.9377646392582,4.109051643424422
A1GDC3CVALB87G,48,3.054108271270946,3.251366943095227
A1GDODIAZVLYF2,19,4.9971436785098176,4.997145179173507
A1GE2UUCLJT6W,21,3.845130893081359,3.861101190423055
A1GEK3O2SV142U,17,4.38693517735298,4.531754348561991
A1GEOKMNZ553S7,29,4.826398349611202,4.852213902475974
A1GF7BR6K22GZD,62,4.3936859940056365,4.53513153163212
A1GFKO9EV72OT1,19,4.938485586563291,4.943541938998762
A1GFLBY1KW9F7B,31,4.942433918254732,4.9426735794000365
A1GFVALOZMHO2F,27,4.468741322798668,4.639953887133582
A1GFX8FS58ZDHR,41,4.32994702043862,4.466190052696855
A1GGOC9PVDXW7Z,230,3.913788858574251,3.9967801380492394
A1GGXB6CDBOKZT,22,4.262854339820774,4.386981425859804
A1GH3R40NPEZ6J,17,3.0955022226396722,3.5273413029774017
A1GHG9IO0GAECP,21,4.543519949016555,4.580592823334495
A1GHO6BR5J0NHX,37,2.5685464732633077,2.9433482687048156
A1GHUN5HXMHZ89,488,3.2845667478812697,3.4193529210506783
A1GI4P25VBXYTO,32,4.1808920694577285,4.308280547506662
A1GILHXVM03FGM,22,4.297492150728838,4.424446614792803
A1GJ0SYG0RBWAX,54,3.7174901671362357,3.9229774085172573
A1GJP8MLZI9RQS,23,4.09662904836327,4.202139375992048
A1GK5B2B861248,15,4.916334596678428,4.916785631870042
A1GKATDZ70WG4Y,29,4.052344940135703,4.250777052808863
A1GKM1ATQ1IOLY,25,4.813759626228613,4.852280331652405
A1GKQKAQCM39UX,18,3.141851374432324,3.5064636167532903
A1GLYYFZG2W6P7,20,3.6471991745320933,3.7694951806007513
A1GM70SB2UN58N,29,2.6975162629837777,3.0561203767408673
A1GMSOCYFFDBTA,37,4.163398013410721,4.229289337990358
A1GMX959EQ49H8,32,3.8709767435754467,3.972934332431534
A1GN6QONWXSAXD,26,4.6383383937683735,4.64744898353102
A1GN8UJIZLCA59,158,3.6758837719208395,3.782796025317342
A1GOG6CPHYHBVA,20,4.721561037512126,4.801979625694957
A1GOJSM3XB62VB,28,3.8230228315069117,3.8648129095230015
A1GP2LDLUKEGKH,16,3.1656576816854316,3.431396222512799
A1GPDRU8VBWN3E,23,4.194229264876576,4.251819067007984
A1GPGBHBI6T2HJ,21,4.022051972904386,4.0531433858202774
A1GPUUCF8BDNP6,25,3.1139398826945124,3.321529299468023
A1GQ7AFCN7OZMK,23,3.6102522862722783,3.7936490145691124
A1GQAKL9CGQLP1,172,4.31816528704045,4.369108938890878
A1GQQI7KB9VM0C,27,4.092590918804839,4.334147375341459
A1GRGIVS4L3828,27,4.9899282919401795,4.989937184953656
A1GS8MM6LW7IDZ,24,3.861822533644894,4.080521718330683
A1GSJ4TMAE2MYC,108,4.293845127227639,4.359073069709002
A1GSNQNGX8MHJ8,19,4.35593429659189,4.3940436741590085
A1GSR7RGCG1QYZ,162,3.0737320365940213,3.403934921017046
A1GTJRIADZCNVX,24,4.8279294076569155,4.835053022910187
A1GTZT218K7CFQ,19,4.633562466785922,4.660816366185271
A1GUJ0VRPCOC2K,28,4.8379067218517315,4.840671894090591
A1GUWRSIIMNIDM,24,4.621576013567852,4.675904224024744
A1GV0062UGCJRI,41,3.8322288521836887,4.023736935514516
A1GVKGSN6V1VTX,19,4.586965561084102,4.622805419769385
A1GWB9ER5OVKQL,75,4.427927247756572,4.488795546157886
A1GWJIYJ3L1QDJ,17,4.274235267682774,4.326215325546502
A1GWNPLODAAT8J,20,3.793232093374835,3.980300658831168
A1GXBMUTVHWHJL,22,3.8767701236454672,4.077374079953967
A1GY4VWXY0747S,28,3.8618344923424557,3.9749349094217017
A1GY8HQXQU73X6,20,3.345693966451685,3.4959824109988964
A1GYV9PJ0U8ERX,25,4.857774330430402,4.877086307007217
A1GYW0NR5K7HHW,18,3.711483238382889,4.038019070693179
A1GYY2LHM35IQG,22,4.496116254466388,4.544847085447705
A1GZHZ6CCYMG03,32,3.873931223975611,4.1570215257243355
A1GZOTI9NRAM3Y,25,3.9810234566488556,4.0415901202428515
A1GZP6A3EYGY90,22,4.098390821521622,4.180574464056543
A1H07XV8QZV9SL,19,2.7868603524397573,2.9882595325774894
A1H0CWFQY2HFGG,24,2.8624296962065032,3.1847111636361984
A1H0XHTUZEE8LF,25,4.73508804087902,4.7985406228642615
A1H14RUR6QJ41V,17,4.2269401349779505,4.423879945333988
A1H16VPL9XKGGR,87,4.336712723769893,4.433454599108655
A1H1WP5HQBMZHJ,40,4.3057766967111295,4.523349600768609
A1H2L0U0VZ64XG,32,4.841878559346612,4.854400858220124
A1H2WJSALF3E9U,39,4.631675662578354,4.658526249230094
A1H2X58FYEJO9M,27,3.9887606101484314,4.04265689457368
A1H2ZJB0SS9NKP,21,4.468293431570258,4.547561534834186
A1H3NGGEQ37EX7,31,3.888919508326523,4.12257434186731
A1H471C245Z6GK,18,4.228763463473281,4.388047097992376
A1H4CM2169AVJ8,29,2.76098206677537,3.1738116566541006
A1H4NFXAJQRQ2K,106,3.5289562088729416,3.753688005718759
A1H51IIUNBGTBY,22,4.275955911595568,4.427832841717619
A1H53PDLIUB9L6,20,4.668572141039696,4.701841864322885
A1H55H2AE51VVD,22,4.9753660403408055,4.975471356788361
A1H59LDZJERCIC,59,4.621849685040749,4.646046697825621
A1H5E7O5BW2J13,41,2.9891001928932983,3.405396915422408
A1H65VMY0R59GK,22,4.568205086266738,4.607325776953388
A1H68PDH2D0AJ6,21,4.730332606627639,4.756775964489963
A1H7I920DX5ZC1,17,3.281279674276437,3.3659765520099976
A1H7X2DPAQYKJA,33,3.9190562844932324,4.048934779110432
A1H7Y5XKPGT0OS,41,4.3275762508257,4.419531940778798
A1H8BLLBNVI9TF,28,4.341631508621292,4.598859767432467
A1H8C9ODLXR7HW,39,4.4970142461971765,4.523531049512954
A1H91GA09BQA1A,29,4.332583173233645,4.4295365938861275
A1H9DB7BDXDL6P,44,4.820348033344748,4.848001633616752
A1H9DQ50934W11,29,3.5699955486505113,3.8828995848742847
A1H9EF4S5I9OKX,55,4.103212493338828,4.263195615937348
A1H9F6VOJ55DBM,14,4.810557501631889,4.827953199036357
A1H9GAON1QRU2,19,3.090760570659662,3.2057035259036986
A1H9XALVW4J380,16,4.74545933191424,4.778269466583937
A1HB00GM5QS1K0,21,4.104207593799069,4.149457257174457
A1HBA8TR4DBS2U,25,4.9551668938237805,4.955311761058673
A1HBRMO4GD50X,40,3.3991928047288402,3.5766359715679523
A1HC5J7SVSVBVM,14,3.2803866612795494,3.4006529128598224
A1HC9TMSSTNLBI,44,3.1457754023128235,3.2970949564154095
A1HCBN7WPQI8NJ,38,4.819533680133002,4.831210013989802
A1HCCW38EQQBTY,59,4.45353198727697,4.493890678870225
A1HCD6WNT5G5G8,41,2.8976242693413568,3.281429874703156
A1HCF1D8YVUMPB,36,4.513997121732669,4.575988671388346
A1HCQ0A4QK71J3,31,4.099502732014269,4.159104797297278
A1HCV0VRVP5ISS,85,4.059523905163056,4.140798309697072
A1HD1HJQ2QJIXL,30,3.044913197752385,3.3777230103621876
A1HDAP6T69MIRS,21,3.5927108837781225,3.7204788766519923
A1HDB3VY2P2EO0,47,4.5920288495205765,4.621611324753943
A1HDDJMKB2G5KC,37,4.324322246534543,4.458625987200635
A1HDNWR2YZY4K5,21,4.567916734782688,4.6255401510543255
A1HDQMD058B644,19,4.184996738309231,4.248231252287398
A1HDYAANFQE00L,22,4.7470735931269,4.793620789563342
A1HEXO1SF2YRTT,39,4.809234554024558,4.819859684749357
A1HFG50HXQN9W6,28,3.8184330397475073,4.057132801655269
A1HFSC0ZQDUP6R,21,4.932353641058477,4.932973150524854
A1HG2DOSBZEX4I,56,3.540604468154155,3.628552688145285
A1HG5HV979SACM,23,4.853916959970865,4.861580856588366
A1HGPKXRNS8AXO,26,4.94396874673728,4.944837082711687
A1HH53MJ15KATM,23,4.212067321986908,4.2745663823668405
A1HH94C60FOQLZ,18,4.418831418221632,4.494994479408989
A1HHU3I9M83YBV,18,4.686895681107428,4.753636603658608
A1HHY7EFRT2KGQ,20,4.0838031710113665,4.144332616367158
A1HJ3FXGGCVQDA,25,3.85833375588643,4.081448546161878
A1HJ6JX58CUHM3,18,4.484724605606907,4.513277996878985
A1HJMPMVSCYP1S,18,2.472573817907626,3.074720705200201
A1HJVG9LFWIJSI,25,4.84900804240041,4.867366772352291
A1HK1LRON0UJ5X,18,2.4636492547624322,2.7132901295205825
A1HKBX2L0DV258,28,3.940802899969555,4.070016704734198
A1HKMYXFH1ATLX,22,4.671003551238413,4.713907566667698
A1HL0V61O8Q0JK,41,3.90227676114599,4.114265489343583
A1HM9RGT3EC9DW,36,2.0823302254267992,2.497840415796828
A1HMBIRR0RJ1NI,90,3.6140257838194443,3.6829838909555774
A1HNBF98OKNQK0,31,4.6011858777698835,4.624130480496866
A1HO0X1EN7JO23,15,4.727242787884151,4.749486191855633
A1HO8PD2Z8ZZWW,16,3.5104107399386577,3.6346993860125463
A1HO9J4DCQDGP9,51,4.687544722341201,4.720066628618228
A1HOE6ICYYP9T4,32,4.820316356535629,4.8401516979067205
A1HONT3WW82HZE,17,3.180552399588663,3.4769685789615004
A1HOXKR7OKJ1X1,31,4.372684848521089,4.426894588862961
A1HP7NP4DOHJPU,25,3.657920648842541,3.738641295254524
A1HPBQ7G7WYJVU,61,3.284667880213872,3.461596581276552
A1HPKOJ2GEWA4P,20,3.5235056225217924,3.654134970369265
A1HPLO89CSQFDA,20,4.9828224834390245,4.982894403647324
A1HQXQ4GN2L1VU,41,4.562256434392931,4.651044850924577
A1HR112HLBQFHE,36,2.779580177934532,3.135784605332339
A1HRDIB63K0R3Z,28,4.740295950461667,4.801806801273213
A1HRT5WP7JREF7,21,4.117214445230788,4.301284124651116
A1HS9F7J51E9CB,17,4.368277103921471,4.421207451781915
A1HSD19UYCJKIW,18,4.832091664448444,4.842122242426877
A1HSMOIUZ7THSG,26,4.760399217680844,4.764696056836117
A1HT4NXLL8BQ7X,20,3.857369406417436,4.0542924657297945
A1HTHHKE4S9YM,16,4.946591817194905,4.9471746326342165
A1HTNA3DIWVMMV,28,3.2020136084084463,3.3108596543343545
A1HTQVMJ807OGJ,24,4.756979496028966,4.762785283597751
A1HTTDII8F1G38,28,2.9773339021928074,3.0198823138231456
A1HTU3BEHDKKLI,28,4.672056029639569,4.719277572246791
A1HUAGFSZKQFMA,32,4.026830942721034,4.206649517911871
A1HUBEP5DJ6W51,21,3.3320211570542635,3.787087396581226
A1HUX8IR41FOQY,15,4.903785017001676,4.909871969540435
A1HVLZAVMGVRPQ,18,4.838212317764697,4.839515849275232
A1HW31KJ9V89CR,26,4.943710391870244,4.94400021283704
A1HWFZIOI88PZH,47,3.8301660666314956,3.9195899951991144
A1HWM8F07V6I8O,20,4.166524626624261,4.247730819842964
A1HX00DL0SZM1G,89,4.123801121052759,4.207870181491613
A1HXCWY5S8R4OX,38,3.9433296100690556,4.098362334924973
A1HXP4PZYZE52M,22,4.646224849325906,4.66647675696141
A1HXPN7TARQ1HB,16,4.945033184014801,4.945162763656312
A1HY62B0EUBCFD,23,4.982975833684018,4.983032749777665
A1HYCHF03YPZLK,21,3.585019448702814,3.8849207359077833
A1HYIX0N4RBB3M,40,3.617658644878947,3.6677492308181865
A1HYR8XU3VAVDT,20,3.8514260090104266,3.9625452046466836
A1I0897HIRF0Y9,20,3.2363670014095094,3.534493388005898
A1I0GKXCY4VDGN,18,4.240549206582283,4.351375249742663
A1I0MKOZ67K9Q8,32,4.072793460807115,4.14812871467882
A1I0QNN02SZDOK,17,4.744770394520411,4.80063770728823
A1I0YSG9M7BCCG,22,4.048214939554807,4.285915365649566
A1I1U2M5KSPY1R,223,3.587273973492027,3.8542726102681653
A1I275X57J0B92,25,4.792949330416529,4.813561571511439
A1I2LNUDOMUWMH,25,4.351046067241777,4.476529929355141
A1I3D47EC8T3XS,45,4.694633774574025,4.719018828030477
A1I3K9K4ASSWIH,19,4.11529719577993,4.193940571628545
A1I3LXCHQOC38U,21,3.8234129549605607,3.9399847337374783
A1I3PNNXJ8YHPW,27,4.576910415350612,4.584438035477329
A1I3U97KUPQB7M,29,3.614667441654969,3.8211103374522835
A1I41LGT3OK9TP,54,4.858871426117104,4.859814262367921
A1I434RCFBVZ1P,29,3.873824011572318,4.08703379657208
A1I4ORI9EUEXQ3,54,4.960858998816434,4.961476894358451
A1I4V4KQLLMX1P,29,4.527361555309319,4.646402926281766
A1I5CATDG6B7T0,21,4.223200324038683,4.321308767804021
A1I5DFJMX28FDR,30,3.649057981239621,3.8696683133465117
A1I5LC05HZJ9CF,48,3.46324961538134,3.7935404795110967
A1I5O6LSW96XTB,27,4.0084943678265015,4.17578782556358
A1I5TO28HHDITV,31,4.75400706167785,4.812166621045294
A1I66IR5DQVPNN,19,4.482944679991763,4.509052233437735
A1I6Q4VR5XOTWP,27,4.026912012264345,4.134551880691448
A1I6V1EGY12L96,18,4.345196452327684,4.421643980025826
A1I77V5LJLN8PB,29,4.325367785485451,4.35943573388789
A1I7GHG2XNYO3J,42,4.092433304064035,4.22251623026049
A1I7QGUDP043DG,131,4.342815366072427,4.382095120773719
A1I8BJY2M3A4CO,20,4.332570756420092,4.378098219926091
A1I8O7EWH01VC9,25,4.644160458218159,4.7741206754337195
A1I96OYAUJ3HQE,22,4.289274302707605,4.36232227529238
A1I9B4PSCDDWOO,52,3.1415179519729737,3.350406213428089
A1I9MEQLZMTOAS,24,4.589986487402689,4.6268648869001305
A1I9MJHOOCCK1E,29,3.9652885396703046,4.065235836956247
A1I9RV1JHXCB0H,21,4.299228237851304,4.487109002056495
A1I9Z7BQW5ZD0S,20,3.732710112825802,3.958271126966378
A1IA785M8VEU5H,40,3.8096285511942947,3.8821062393690333
A1IANEBSMVGHS9,97,3.6709540622869077,3.806976122779337
A1IAQIZSXONWVU,23,3.4827890189457316,3.8582147890153227
A1IB5SONIH59C,18,1.2153873992692281,1.5229036940831233
A1IBC9XP2LICQL,23,3.959496105790312,4.1014512733079584
A1IBFGG4FL67KO,21,4.737576050652166,4.751078683224421
A1IBL59TBI2F26,18,4.640737188507035,4.658289088051049
A1IC0HZ35M0406,24,3.436407876268195,3.6359998227402848
A1ICAHY1ZAQC92,23,3.5802747408259656,3.75108990543578
A1ICC7LBCB5V1C,19,3.52945536403936,3.757679903068562
A1ICFEK69QQTT4,19,4.21607282160999,4.324739907414708
A1ICGNUYBHHEWA,130,4.2072455522192005,4.281539172625165
A1ICNVM6ESU8OK,24,4.980710495293928,4.981010092674736
A1IG6HQ6GMSYSS,28,4.698455312659719,4.70365602367598
A1IGABVZXMQSK2,21,3.8508874546189094,4.098533458898267
A1IGZJIN29DBJQ,44,4.504223705897562,4.5716260260874195
A1IGZQ18WCF9KJ,38,3.3943256350303033,3.6504947058155848
A1IH2Z3978KX94,30,3.8260274184969205,3.8801320463728133
A1IH42TUIZ2XJL,20,4.470210501834215,4.629147785161268
A1IIPMTCMMSPLL,20,4.989488568618308,4.9894958987797455
A1IJO53OCNLW2H,25,4.2479956456679995,4.406613333545898
A1IKOYZVFHO1XP,92,4.5936144908407535,4.624325177094753
A1IL6W1NK05UW9,22,3.6317952377333826,3.8731802816498084
A1IL9EYL8SKSPT,50,3.3833063353420334,3.5076880649520024
A1ILDPE46SYDQI,20,4.752099149281629,4.831934937391518
A1ILIM2XQNFAM6,29,4.17589271306247,4.276291872189297
A1ILS7E5Y708JE,24,4.967117912023178,4.967272928212588
A1ILWYOPKPN84P,16,2.790353859928439,2.969884954931458
A1ILZAXSJCRLUA,18,4.535734539527928,4.636527682280452
A1IMI4B95YDMV5,13,4.4787572249335375,4.53724135860663
A1IMIQANXBM1IP,23,4.034886466134287,4.189187498208903
A1IMNNBC4ME0NB,31,3.825473516942586,3.8982081910559687
A1IN0MKPVLEGOL,26,4.422355136714504,4.607735020063713
A1INHPEXMKFOGR,23,4.175212718300264,4.2408652828103
A1IO3LVYV5ZMK8,28,3.5186769745322937,3.6143661901584565
A1IO64VZRGWRUI,29,4.568552977720159,4.587298936666285
A1IOJE0W1NXOSE,155,3.2413990203821377,3.359983540023314
A1IP3PMGGMVPHE,27,4.445847256769449,4.5685955166175205
A1IPS0V15Y8UMK,22,4.832876107398565,4.834987140724238
A1IQMDY802I1MP,48,4.124714077098086,4.183169507095599
A1IRBYOY6E72NT,18,3.4799507600024184,3.6256897348614054
A1IRFAUJUS0IWY,160,3.606159714375474,3.7823031195269756
A1IRQDYU5WRADA,24,4.824351556852106,4.847101276250995
A1IRVUGNGK42SR,31,4.615629670360951,4.679332621509581
A1IRYC885LNRU4,61,4.282607828659078,4.3518321784389915
A1IT9VY8Z9RG92,43,3.9712188444988312,4.038024133395352
A1ITK3REEMXTGO,39,4.658989216796611,4.751619976830963
A1ITVHRZE96PW5,23,4.287010235668247,4.467087010572937
A1IU5EPZ2UGB8V,19,4.520985490598365,4.651494284801264
A1IU7S4HCK1XK0,36,4.398112415487526,4.448793798459783
A1IUI3CJUMB7J0,68,3.187044606050346,3.404733888126577
A1IUIPJQX5UHCO,18,4.993506262055103,4.99350785675001
A1IUYW55Q1RJ27,32,4.343787113397627,4.448372151978006
A1IV89864TP78R,20,4.0314114006329085,4.17513203327454
A1IVYHDTO7V6LH,21,4.430021796563881,4.499942671740809
A1IWA90FHZZO3V,24,3.6359010757819985,3.7114915800598336
A1IWR4YH4ZA9BM,227,4.037805222206279,4.166658001030261
A1IWWRZJOXOSYP,148,3.8139430975110766,3.9274328578856315
A1IWYZ5EYTCBDR,35,3.871448676118397,3.935493965477408
A1IX0VP50Z4KFK,27,4.278324776879112,4.391895621935855
A1IXI1A6S5YL1C,70,4.20837119581153,4.283106219960632
A1IYGGI5X67TU8,22,4.164304633818097,4.238935945046499
A1IYHMJIV4P0XE,19,4.925182824598411,4.925514714040222
A1IYI4CERI2M1B,24,4.717140232582138,4.739543476460741
A1IYWZX14HU0ZI,19,4.689738527278289,4.728224908644927
A1J03J0HZ7KU5T,315,2.5203133374524693,2.864385022940359
A1J0AEZCHZIWOL,26,4.036862170494528,4.233466300497285
A1J0EVAETWAGNA,18,4.22009213972866,4.389491800863576
A1J0Q774DUMJYF,18,4.9814381074864515,4.981454895629478
A1J0Y8FJVA2V21,42,2.416712876069202,2.8530879299813483
A1J2931UBBJPXM,156,3.7782924144824506,3.8933803743904076
A1J2IUK7HAFB4G,22,3.6289092608974354,3.8278820271666483
A1J2R0QH0Z8KHR,17,3.845994579548526,4.00448053297038
A1J3ESWXPYY67B,37,4.815109412724362,4.817898381852362
A1J3YHT701F3YR,27,4.771218867914598,4.791199448672442
A1J48DYGTWSPHS,29,2.843173061935139,3.0960564988165418
A1J5A3W4B8SN7C,22,3.9338633666220533,4.081270269311892
A1J5KCZC8CMW9I,19,3.4941497406058217,3.5717762815644694
A1J5LCD8CQS3IR,20,4.054044686288558,4.313665954361568
A1J5M59E1F5G8Z,17,4.76334315882139,4.7854304315849605
A1J5TC13BSPA2M,18,4.223672214624446,4.311591982983047
A1J6A6KNI2ZLUA,37,3.395377411753525,3.664883177334065
A1J7GNY2EJWSO3,24,3.8696999047889764,3.93335829555815
A1J7VIOQEUT9EI,23,3.8530243553895045,4.139208721939233
A1J8RVQA9JX5J4,22,4.272361853301,4.371372389812076
A1J9EU7299IWQK,19,3.774395803165294,4.135443037065365
A1J9S070L0MVWX,104,4.154249468370744,4.289461022707451
A1JAFQQS9R1B51,18,4.478699051149587,4.5125546531636
A1JAICBAZ3YHF1,13,4.7998281901368935,4.82889162984957
A1JAJVL39M2LUB,20,3.6780126207598975,3.947020434481473
A1JAWQHWLLYK56,37,3.6600473222804415,3.706463565105728
A1JBNS4W7VG5ZI,20,4.453948414154037,4.610878377519556
A1JBQGL4BIJYC1,21,4.796418705137887,4.799766699511922
A1JC31P8M3TZIL,30,4.958238786376735,4.958471177358489
A1JCWZU3WJB1AM,20,1.4858986224980675,1.8280243539352516
A1JCYN70744IHW,19,2.9943910456677174,3.244669962689828
A1JDDX70A0XUFO,21,4.185419934867775,4.359311314112182
A1JDNRTMVDAFTK,16,4.876803943915831,4.882957028073038
A1JDOQTKZEV9R,25,4.036138872699249,4.128103707192209
A1JEJARMS84A7Q,15,4.995539300275163,4.995539624194386
A1JFJFHKG8Y7LB,29,4.961054257872636,4.961174967718399
A1JFKYXD18JWN4,22,4.013641046414048,4.1942053455200226
A1JG9KLAG64S95,26,4.323628788318732,4.375350702818345
A1JG9SJS7PWG3E,20,4.054891235729097,4.210265044836104
A1JGDA511BUVHX,25,3.23541402714732,3.6009562361011005
A1JH5J1KQAUBMP,373,3.050096953808083,3.2140570311948244
A1JJ1C3EWK6HG2,18,4.354087843728936,4.417325533835835
A1JJ4LY9RVE314,24,3.504210151965877,3.636272713718326
A1JJK67VXR1WSR,21,4.4444213908606445,4.503122740165407
A1JJL2K8HF6DEH,20,4.512296402283774,4.568907857101696
A1JJOBK19W7H8O,25,4.798115918751789,4.8038978371770975
A1JJOV69MAU2J2,38,3.9100260385112393,4.026949537522475
A1JJTMXB3PGFC,33,4.540785045045796,4.58041609350626
A1JK2UKMBH7ZY2,26,3.9082772913095147,4.1927840071741596
A1JK4IK5QV9OE9,27,4.506437921622493,4.621842323009415
A1JKFUUCZRA3Z4,19,3.052227982952217,3.400073071448134
A1JKMPCHNM51HA,38,4.924265228099038,4.924788303897463
A1JL7UUV6NV1PQ,17,4.287037292882055,4.497194757484679
A1JLHKDQGSPF17,21,4.553465904784306,4.5958073874159
A1JLIQ8WSZHZ7Q,21,4.950225456877732,4.95063069192864
A1JM5VUJPIBVI2,21,4.976799889543458,4.976902976970516
A1JM8PK02NV7WL,17,4.38739351837527,4.437379561186741
A1JMQ88IMH0XJL,24,3.607044158925975,3.7165314924108763
A1JMVQ9AU897ZA,28,3.831443367780444,3.979456919265159
A1JN63QBBNGB78,32,4.383029130283923,4.519947689648931
A1JND56GITIR2T,19,3.009289315990009,3.417154334729662
A1JNFS3IZ1XIXN,35,4.015992946473065,4.150554155932654
A1JNJOIHZ9MLXJ,31,4.18706249300595,4.296488470891378
A1JO9ASNRPW2IG,17,4.7432105148140185,4.7621797899923335
A1JOD6023BCP4F,38,4.006534979206055,4.055025487414219
A1JOU1MS2BMR5P,34,4.461924423369783,4.512761772243449
A1JOUATPAMAQ5U,30,3.8773446191261454,3.9270167544079735
A1JOXRFELGRLJL,25,4.950645367609354,4.951141999428346
A1JP7JE2S7PT4Y,27,4.5011149761837155,4.544455669865826
A1JPS9F1P768FH,26,3.931259069326626,3.9414947507916294
A1JQ0O84SS7TX4,36,4.551652534244188,4.580241383307069
A1JQTCPRMBRXC6,33,4.923269597236029,4.924232667593224
A1JR7MDWIDIBCN,23,4.179131847986057,4.280593653553899
A1JR8WHA4HHOAO,18,3.3572483727216027,3.683900883698773
A1JR9RJ2OQ1UOJ,28,4.929599447054004,4.929999475097726
A1JRD7KYIXTSB7,28,4.79809251845017,4.85438223312135
A1JROIHVZC4HP,38,3.6700628904746524,3.918638842992354
A1JRRK7B6YM3PU,30,3.498878581457241,3.6343207182361006
A1JRT3NJD1EGD6,18,3.6902533128323873,3.83763649660018
A1JSBBW6TB43SY,18,4.901310743438902,4.9025475334275805
A1JTNMG1XKMFI5,24,4.628815186632646,4.664581656146669
A1JTTJ7M7EC7Q7,93,4.672450723848807,4.704586866981464
A1JTVM6U3H9W2K,25,4.686264243856153,4.72167422793574
A1JU644REKXCNO,36,4.795784071329489,4.851278284335838
A1JUGTVACAC1JI,19,2.310457454763604,2.6704188963383815
A1JUXSVTM6CLGM,30,4.303510878842483,4.377865587604212
A1JUYF5D6TFFHB,27,4.739415320470214,4.762356081750867
A1JV4QKTEB7QBL,64,3.331570335109093,3.435162055770909
A1JV7WZJZWCHZX,19,4.999094425965862,4.99909450493437
A1JVAMH22A1440,24,4.880216924448903,4.8809313996804375
A1JVSIWDF0WT22,64,3.205184517744625,3.538341248966676
A1JW3SQIUMORTO,26,2.620227686125995,2.8961560487695284
A1JW8S5LP85375,26,4.530428857353898,4.58887565117472
A1JWJPTMS50UK7,32,3.5157834590924595,3.706227551901203
A1JWSDDIH5Z7DV,27,4.745645382919265,4.76111481265726
A1JXE27STRRE0H,62,3.6035406908240413,3.697096143346097
A1JXNTVO0IEOOS,27,4.807708244285635,4.835614791018302
A1JYATWK5TZ089,21,4.8662921359568845,4.884917784114313
A1JYD78XI0ZTJP,27,3.4292615044563552,3.6878928624413185
A1JYJA9GTTZZ8L,23,3.9636411291615903,4.21928759641005
A1JYZEBIPUVIZ2,20,4.975755516250888,4.975786135259839
A1JZ8J0DN66BKS,30,4.787364914149346,4.816651011954897
A1JZES8I6YV6M,20,4.845472362830948,4.8585475883157185
A1JZFB7ERLTK9T,63,4.408318106917339,4.440680995104067
A1JZUA4DOJ31AV,20,4.291166500172197,4.361945804340229
A1K00MZABWAJN0,18,4.377379671549537,4.454307132035023
A1K0593NELZQ64,28,4.425388822571714,4.563248242880173
A1K0FUXORFJ7RS,17,4.413960743184031,4.465565990158677
A1K0L2PKZLISWJ,15,3.8254697694156237,3.8890975424705063
A1K0UT3GA4QQG5,65,3.2421660446405505,3.5588699586260315
A1K0VTCZUH61K1,25,3.8453205106604247,3.980161476314954
A1K18MGRR70MEZ,20,3.626761171354341,4.007715403736519
A1K1MFQQJTR1WK,33,2.775435765425165,2.9475487668643643
A1K1W17FFGW652,25,4.890945104719426,4.899438771007985
A1K2ACRU9YJS17,22,3.856982008157502,3.9254762537758885
A1K2LJWKBKZ6F9,21,3.246023760551398,3.5844673786468406
A1K2ZXT12U5RQK,56,3.4118715913534188,3.5631501735713744
A1K31NF81TS0CO,65,4.167964950889976,4.252021958436314
A1K3NQAO49LXL2,138,3.9154577017175876,4.117491964744095
A1K3SFTY71SH6Q,67,3.1091890333186503,3.43216834708607
A1K45ILPB5IYQ6,31,4.606923605303037,4.693394442649699
A1K4AVQIU704DY,22,4.531099219245181,4.57579944981694
A1K4QIVLIL0KVK,22,3.3506112462471873,3.467089204166453
A1K5HT6G3HAWC5,21,3.9562852642875135,4.241152622327748
A1K5QEV309ORYK,69,4.0414632830361965,4.208435421419789
A1K5ZLO6JGS0Q0,30,4.598759734326424,4.623444629784564
A1K6C3AOX3V44H,52,3.8352319951775757,3.907503756382616
A1K6E15IR9UBOE,22,4.061239214847326,4.253714619103628
A1K6K23WG0IBWE,137,3.2099277178357544,3.495928316420013
A1K6RI7A1ACE74,23,3.570006674646417,3.7858033052046762
A1K6V87CJA0DL1,18,4.434970106864748,4.49967107720941
A1K7RPJ6ITGDV9,17,4.829534610990866,4.851818667290092
A1K7V54RJIGY5D,31,4.034143346066878,4.272526148891918
A1K7X23UDT0R7V,24,4.313580807141931,4.525816018285087
A1K8MMKL0ZZEF7,25,3.87061640518813,3.977811662147907
A1K91NL0QA3TC9,21,4.537890217809877,4.604734397517395
A1K94LXX833JTT,36,4.311637544397822,4.351472538594681
A1K99LYWHHRMT7,19,4.372570682036178,4.487272106502412
A1K9CIE79YTAQS,23,3.6169737313879513,3.8988894861118877
A1K9IW99EFBZ52,41,4.379249328462423,4.487807752401657
A1K9K76KP152QR,20,4.549716443356074,4.668406666269561
A1K9LTVB37DBV2,42,2.2553622205614174,2.524564865966291
A1KADQBN8K90YU,37,2.8909399547558605,3.2390634211370113
A1KADUT32YHP9Y,20,4.052807967885968,4.3957650380142015
A1KAJ06HNU5Z1N,17,4.9448666287848235,4.9455991569633495
A1KALHQD4LWAKO,39,3.879191164541501,3.9653299025896023
A1KAR9G699RM56,80,3.2820228154002438,3.4847134463908747
A1KAS2W1TD8UOU,39,3.9490758731222457,4.094583933182812
A1KBCNNXK5EFLB,21,4.7203887651745555,4.767263859283124
A1KBT3D1O0LA7L,52,3.998901230325245,4.075638096437816
A1KC5ILEMXJ1US,26,4.941283422995715,4.944986349861184
A1KCEV4LIGZ0M5,24,4.075401152393977,4.175949598998652
A1KCLIL3GG7KM2,35,3.9805121989274133,4.00213364338409
A1KD8NJPZ01R37,52,3.526634763232129,3.7708393392108785
A1KDGSZEJXSE9S,23,3.058071689519281,3.3262595076961925
A1KE3JBO3KQX2O,21,3.8085263227605872,3.9532792874696066
A1KE8URDMPK4DR,20,3.9114998676380552,4.111648954965484
A1KEK09ZA6J9P8,33,3.894719641146743,4.026108993105234
A1KER696C6CSDQ,19,3.2185899494482264,3.353688330657063
A1KF9NQLPWUF75,22,4.338197104769571,4.42925981087407
A1KFBAPAKMEQUF,82,4.052585891050488,4.244609919911885
A1KFWSYZIOBI3Y,27,3.305563130358013,3.460449380755111
A1KFY69MCHZ2JS,29,4.7564983887548715,4.789073658365467
A1KGTNYEHZC0CV,22,4.632521783335712,4.734887469461731
A1KHCK72Z8KTNZ,20,3.2341007888304616,3.338601191054504
A1KHK2DZOF99ON,20,4.856932046036958,4.876378427980935
A1KHWLUBS5IK4Q,24,4.082935271950391,4.1562800545066425
A1KIEB6BSZS7WK,34,3.6139733902931126,3.781164755872742
A1KIOJPJMMETO5,61,4.8780860590391635,4.879753709715812
A1KIQ4P4ZW3ALF,353,2.0341474601099483,2.5754242768826145
A1KISYZSUGHL5P,17,2.893774688477298,3.1333142875804216
A1KJBLRANK335R,19,4.18657534726163,4.233719248229361
A1KJC1J89UCTRA,19,3.5097835073883816,3.6088921535501095
A1KK1C0M71H7AN,66,3.836329746631476,3.9911210474988468
A1KKCUMWZVPLGA,23,3.7359678494535307,3.969374864716319
A1KKGTO5BE8EYC,23,4.624936320014325,4.634181877588195
A1KL466UI2W31L,22,4.906040834483409,4.911606930574815
A1KL850KILAK6M,33,4.854621238705053,4.8560433006298185
A1KL8V5M1MK9YL,20,2.8142044535396193,3.1860229737960766
A1KLG8F5APLM2N,22,4.307091526980705,4.411767715092446
A1KLIBUDS995KB,38,3.868189508217505,4.1430398100420405
A1KM7GRRRQ7EH3,21,2.9227495099875007,3.3060897866976378
A1KM9J57TJ65TC,37,3.3922093497568637,3.7184288876117835
A1KMF9130CHALE,64,1.019931609757271,1.2417598720235756
A1KMG1AIUS00DC,333,3.3745305419209384,3.5343603311600336
A1KNJ5K19B0TTT,23,4.017703166537858,4.16933642344729
A1KOCGNDLF2VUR,22,4.935865683213681,4.94025151917531
A1KONL8ECYFG37,33,4.2330310014336465,4.296748010886047
A1KOO19G6CFBZN,47,4.501154478139037,4.587375840021143
A1KP0IVWU0RQ0A,185,3.563210342700406,3.900822546545938
A1KQ0W1B4AVIAX,27,4.704284137020634,4.712137327735964
A1KQ6Z445AGKQL,22,4.326485470033163,4.374890829451117
A1KQQSLPNLPUNH,49,4.9517990436491965,4.952239964571833
A1KR3QNPTRMC27,29,4.918809181394092,4.922139431974306
A1KR6TADR39YNX,20,4.58019500930453,4.634144986600007
A1KS7SORRKYCSP,18,4.9824311807669845,4.982454713050897
A1KSD2CR0SZSKX,21,4.631303525473248,4.655744129446533
A1KSD633AKNRTS,20,4.949301498364834,4.949591772563013
A1KT1BXUTM1E8,17,4.349759722625634,4.455913041322025
A1KTCY5OB5NZDO,25,4.311706164055279,4.3725028285115455
A1KU8DS7KA7OYT,23,4.044647840611608,4.092656850996261
A1KUP6QA8O0UMO,30,3.073821832607024,3.1834123796512954
A1KUWGZ04I0W2R,23,3.85721326684702,4.0790787259919705
A1KV4E3KRTAFBS,21,3.403272793373238,3.733079293644973
A1KVBBRXQ2PWJ7,23,4.3031736434618395,4.422486767346358
A1KVL0WQKA21VM,22,4.146712611343817,4.2489938013200925
A1KW1K1BQMBIIF,46,4.458257230313363,4.634943083234414
A1KX507ZNWYD02,17,4.297673523839601,4.41356072488024
A1KY25HG3D9NWB,19,4.164657098078189,4.262546269554225
A1KY4SFUX7AZ6R,21,3.3389386375537344,3.5580696322745724
A1KYHPZ4J10WK3,21,4.351391668674054,4.451006904598215
A1KZ6SYAPWGM6E,27,4.413989107577878,4.530667392464933
A1KZ93IQ774KR0,17,3.623304467738013,3.8097852983507265
A1KZPIMNZ9567P,24,4.659945849684383,4.762857550913634
A1KZQ5DIX0YUE1,58,4.233174222421393,4.282740495879912
A1KZXO7N7T4ULZ,20,4.4318272307713436,4.5359993849357165
A1L0HZI35HF8OF,17,4.747867878206129,4.773833769368783
A1L0XOHKZPVL7Q,101,4.804961509047914,4.826721403388374
A1L1GM88JCXGLQ,44,4.274699009092298,4.341000987853283
A1L1S42BOGPF96,19,3.2235326163172413,3.604896784519854
A1L2DLWYRNHKDR,254,3.3942411651995745,3.6265774589433852
A1L2HTX451W609,38,4.6029367638849115,4.648123659812037
A1L2PGG9ZDS2D1,28,4.148303562873289,4.205984566014261
A1L3EP4II3QWSK,20,3.8844990297726647,4.093623558488442
A1L3JVR7S7KVYU,20,3.3781132251115786,3.5743067676208966
A1L3P0OJZ1O7SJ,37,2.844259183811967,3.0699676591474874
A1L43KWWR05PCS,241,3.8627637872091216,3.971290953162506
A1L46HSISUIDB4,72,2.731447124781423,2.9428479908839353
A1L46PC7ND70T9,32,2.282790650777764,2.7649636748514395
A1L4SL2FTPES5E,45,3.335634401827083,3.6396388824149732
A1L513YB38J2Y7,18,4.998192605901584,4.998192876092751
A1L5FQ4OWCFL99,97,2.9802380145788985,3.260481737612201
A1L5KTMKH3N24V,31,4.650454915642917,4.713060441781397
A1L66BKRVBG60A,20,3.975744257050947,4.0919159958322995
A1L68JZRJWTD6W,18,4.7201339432047345,4.737067560699928
A1L6BIDKPAOKLZ,19,1.0998409653315495,1.1873422746249247
A1L6KQKQB6NSWM,28,3.6482411960379184,3.9154704134066067
A1L6VBZ8D4LNNZ,28,4.780147711721601,4.7976458653802645
A1L7IMLGPF72GG,25,4.748523682695371,4.776032775278824
A1L7LE6ARE47DW,26,3.1029239470242396,3.3507545152377127
A1L838EPH2A9R0,19,4.310604736976887,4.358972371569259
A1L85ADJ0ZNTDI,37,3.936770287816668,4.043643632705422
A1L8CB7X2S5XZN,37,2.1736465992578142,2.5498384305204005
A1L8HRCM60W0W7,239,3.0709169972619557,3.249732209109635
A1L8IB1K8ETJW9,27,3.6058188606119126,3.7644561266175396
A1L93WV3A0O77X,93,3.660437446639695,3.827774762836224
A1L9E4OA926W9B,34,4.377120920553573,4.566139435248037
A1L9JLD1DS97L8,18,3.2379835220084496,3.6439860829127575
A1L9JN38NGOBBX,27,3.7605256100252626,3.856186081757696
A1L9MIIBI7409N,67,3.4575294214337204,3.589998061294559
A1L9SAVKFKD32S,19,4.00551733822069,4.07284487798589
A1LA826XLTR6EB,32,4.8169806472127545,4.843869384214104
A1LAAZUR8YFRW8,51,4.771844560435394,4.801658108664393
A1LACH6MLQWZ,88,4.538016574456306,4.565504585455118
A1LADZSZQRJR3F,19,3.7788078929801436,3.9044958569675505
A1LAF8NTEF6IWI,22,4.553140409700846,4.629437494874131
A1LB2ISE2SRVWT,19,4.254037091322583,4.382240548555314
A1LBGXE29GG1IR,85,4.4263613406225994,4.487786003326932
A1LBI6DHR8P56J,25,3.130548187741908,3.281863421909843
A1LBMDHBZJGJ44,12,4.24524068732398,4.391489949710498
A1LC8JBYBO82AA,23,3.9923939301104365,4.21440453915256
A1LCD4CHSM7JST,30,4.889859052828773,4.890454712727468
A1LDAIGOQ6N4DW,24,4.599270643982149,4.649581324468646
A1LDCX85SBWZP7,64,3.8289573840875764,4.029725361053214
A1LDIMQISH07WK,49,4.521059424499632,4.576776416081048
A1LDMDMUBJSUN4,19,4.162228067540214,4.241779426184685
A1LDOD4F9ZVDHX,20,4.986847444533312,4.986863297746542
A1LDSKH5QADFAM,19,3.4583047095437145,3.7251826773254915
A1LEAO71U6JGE3,30,3.852281865622352,3.9974122007795487
A1LEHHZB9RUFEG,51,3.714294133469856,3.949283512123238
A1LET625A2VX41,26,4.045110439479401,4.199796622975382
A1LEV4H5ZQ55J2,57,4.134443464468345,4.183571508600677
A1LF2ME3S7F4ZQ,19,4.444626334040902,4.4936700401432095
A1LF6JD8UEQA7Q,20,2.428199616276685,2.8068891815658885
A1LF84ED2L4MXB,37,3.616983541501038,3.841054521761678
A1LFNDW0RIPTDP,16,4.049485325639074,4.2820129805546765
A1LFNRIBRJ8LG5,40,4.389989032097029,4.443053616813371
A1LG1DKUZXGJ6J,44,3.4921964428553123,3.7139176387088244
A1LG4Z0HBKK3RD,54,3.2854380680179216,3.5103388580522363
A1LH9IKD5YIYIW,37,3.5618248046583014,3.7417520854193675
A1LH9N6K74A8SH,24,4.057992897828162,4.169985457761899
A1LHAXBM5GBJS2,37,3.343161072356892,3.5040632764153443
A1LI5M7UMUHGRC,30,4.511570712521837,4.601687730059848
A1LIRKVD44KUZE,24,4.331109411540431,4.378222180275889
A1LISVBK6TFGMR,20,3.470071517921145,3.6671395148431714
A1LIV865XMWBZC,35,4.61896923924904,4.645141557450877
A1LJ542WT0MSR5,19,4.2000673180929935,4.32951341082863
A1LJA5QXZ3WE3E,21,3.61114178596745,3.7325634931760425
A1LJAZED0HGLSP,22,4.556976188087051,4.598979590604293
A1LJR5IS0B6ADX,33,3.272627681741393,3.6781182299014756
A1LK03QPWLVTGM,28,3.9747020104763964,4.069932176749689
A1LK0VZTNAMS0C,19,4.095079962524023,4.165146578572824
A1LKGV72LBL92M,39,4.947678547522239,4.948037216701467
A1LL3PF2OD3RUP,46,4.321104119969681,4.397588405934567
A1LLFJHOE7DZV,91,3.9297865759735218,4.141339150105529
A1LLH4NHIQ2SP7,26,4.371151790121519,4.433085207074773
A1LLMKTNR4WVRW,31,4.8369258991643,4.853554625958774
A1LMBOI3T91P87,82,2.6309971706065993,2.9495641342934547
A1LMSPR5AXJ0US,59,4.530687567022654,4.561564309614784
A1LN4YNPFPF20Q,19,4.6685349368244085,4.710147018170811
A1LNISCJBDOHXW,24,4.3187892529259075,4.451374723452253
A1LOA4KCVVK6QG,30,2.877591420883415,3.2246416715035178
A1LOACNK0QV9T4,66,4.252241324016666,4.42910226135272
A1LP6O85Z894GT,31,4.1427670715919955,4.240330252527266
A1LPAN24S05GSW,41,4.444021341488443,4.611165623053505
A1LPF4XPIGKBM2,24,4.170595184367474,4.367869309716296
A1LPKQWRHTAHQN,45,4.270337628611769,4.38193379923622
A1LQIGGUB7R6JS,21,3.441606970655662,3.742933795147387
A1LQLQUJJZUBTC,41,3.841231146595445,3.965054320985725
A1LQXMCKDRM3J5,20,3.1648175618046697,3.4290247424068063
A1LS5P2WPO7ULW,16,3.7571073066624723,3.9200824494049202
A1LSDDSM4PGOU5,79,3.451972628277531,3.5997220563716503
A1LTKJ9UTZ9NVI,17,4.53156934361775,4.633679768197877
A1LU9I7D84ZQ7A,29,4.05217845777322,4.362001593924244
A1LUA9E1D7FIA8,21,4.163181034885862,4.381656699666259
A1LV1W45P7OYAM,115,4.336757113067369,4.448480062141867
A1LVHR5OO45L5V,25,4.356446171396951,4.407085459198318
A1LVZOK9F7K4CN,74,3.3135265643116973,3.463134362239508
A1LX0BIQHAFWIP,28,4.692531683606845,4.74354383507978
A1LY9I9HS4MZJH,25,4.004997620845067,4.198651330067605
A1LYD7XU6IT3X1,34,3.803970915405149,4.054418589835234
A1LYJ98TV7QZMI,46,4.382504628428885,4.471988905970899
A1LYQL40IB7SBL,118,2.2710469705784098,2.621225482930091
A1LZ7VKRQXYLRA,23,4.376668407976533,4.481387634990996
A1LZUJF8AQ796R,27,3.3905377594382378,3.6582022335841065
A1LZVU5SRRM3VX,33,3.226904234824699,3.5192190288791583
A1M06PAGKKK6LU,22,4.403466127195435,4.4313943716544335
A1M0AG65083YU7,15,4.341337134507924,4.457176966846341
A1M0F99XJYN8W7,35,3.696043670978007,4.054804792094744
A1M0OSCFOAMAZO,229,3.1937554348286916,3.3671350958929405
A1M0YAZ6JV488Z,170,3.0620790149729933,3.2877636682206206
A1M14N68BW9HZ6,20,4.9425225646286055,4.9431024785305295
A1M18D2PKZWG01,22,2.2010254733366663,2.7309728038182577
A1M1FQQGJYYP3F,24,4.2457058989325365,4.512793556947732
A1M1RJXE3WJ5Y9,24,3.6105174227099397,3.815608842509508
A1M1XT8CYFBDKR,45,4.727087555526803,4.768039482411324
A1M1Y5UGONAW06,24,4.235525639584428,4.314548953010727
A1M3CIPZZP8L7N,38,4.073384891774076,4.2044095497252645
A1M3HAU7T3HTUC,25,3.9971680491634847,4.060719262594001
A1M3NVR8A3O627,63,3.9576212366548376,4.092449556286872
A1M4LUOBRG2HL5,25,4.922891892569447,4.927232338885608
A1M4NJYP0WNL8Q,66,4.247426486778919,4.304511324294005
A1M5LZWQ51186J,38,4.317086264610501,4.369182042009537
A1M62TD0L0WMZR,21,4.848176784609338,4.857022840817423
A1M77L346AP9VV,29,4.964456431107903,4.964649072088243
A1M7ME2VWAOZUW,34,3.501504217511235,3.6999778421405902
A1M7MKJAGJDVUN,25,4.990631258338562,4.990633298710277
A1M85QRMTPB8QO,19,3.692109936470729,3.990884096522225
A1M9DQDGE07Q0U,151,2.867574772910987,3.0553027391601097
A1M9J9QWHM4CYN,32,4.971641303710796,4.971733481699512
A1MA2FBEDW3LGR,19,4.884825054941021,4.889736966275553
A1MAQHECJKA2OV,80,4.228060244114017,4.299075408928287
A1MAQQXJZTMSKT,19,4.804896011025346,4.817392128281891
A1MASW50Z8DVXH,23,4.565061536366309,4.608484135310485
A1MB3YM1CUPHUC,20,3.9920147102192267,4.32259776726405
A1MB5HUA3WYEJC,24,4.8056802972706505,4.816957832788435
A1MC6BFHWY6WC3,22,4.329549722784497,4.378118625199479
A1MD1UJUNN0FRF,17,4.929499101818341,4.929770503342002
A1MDIPKV3ORA5D,18,4.456904711290067,4.495926597213842
A1MDO8RZCZ40B0,120,3.460303191440614,3.5844659468944866
A1MDT1PD7MDSWX,29,4.627377488576117,4.673842831087128
A1ME15HKLBXSQG,24,4.402408910738724,4.517919311897587
A1ME7N1ORVTEG5,121,4.3343264589292545,4.396109831021301
A1MECEHZHFE5PT,91,4.2909497507780765,4.348058162515747
A1MEYJSKS55AIS,18,3.323711540260642,3.5664483701803533
A1MF5ZFJYS1G8P,35,3.2815714210017664,3.4228286939368693
A1MFAN048X28QY,20,4.9581479738446745,4.958425857979886
A1MFLUAQ2RUVG2,19,4.166617100871504,4.210086027902636
A1MFTTH82H28W5,21,3.8382154453854223,4.163039527792497
A1MGG9JXE25QEZ,36,3.8722525888143653,4.1063075287370285
A1MI89BEP1GNO1,28,4.900115073468756,4.90666598851073
A1MI9FDCNB3CMR,30,4.3030107354556035,4.35633556435449
A1MIFU0YKLG40T,19,3.6295377089928915,3.7451326967601486
A1MIJKZQ1MIRBM,22,3.5777372698907217,3.6757495325236915
A1MIY99ITUNK5Z,26,3.9423326569656854,3.9568207197489786
A1MJ7W3R6ZVVZD,19,4.609860678498285,4.646856510890022
A1MJNZMPECBV1B,16,4.535058393114619,4.575525216725994
A1MJS1YRKNMU04,18,3.9826769364589207,4.081020921397034
A1MK02HC440QT8,65,3.8399082788130694,4.091357730465197
A1MKXI8XVUBUYZ,23,4.782434678056568,4.8063393578545
A1ML0OK5J1TT2G,29,3.6206960879337595,3.9227816724125097
A1ML3NPCE9A59L,29,4.811171566972548,4.845169744030779
A1MLIXITF9N2GH,21,3.5802848399898126,3.7358078374811243
A1MLMANJTIRI35,20,4.333711085687855,4.52504835502885
A1MM6PU8E3VZ5L,82,4.124310400755713,4.245124237759606
A1MMMD5FZHG9L2,16,3.5768292421446826,4.020985890608342
A1MMY3M304MHYP,25,4.013543966438702,4.132551469990666
A1MN9SIP6DB1DX,21,3.5125026575953933,3.67853374246487
A1MND3QHN446KD,34,4.239601080782488,4.302620506869196
A1MNILW7JN3E1A,30,4.972632326721219,4.972745525216693
A1MNILX1J1NWV7,18,3.832964513810503,3.9048413929540073
A1MNL6EPKGAEWP,36,4.3883756001116945,4.473678576416953
A1MNQTEV71IUAJ,31,3.125589987801882,3.3389320516361076
A1MNUAXPWP8BUJ,285,3.0966701102631466,3.295001263077028
A1MO3AHSI0FV3M,21,4.196790366193131,4.252094964635075
A1MOHE5669I473,30,3.7496590001733896,3.935358158449894
A1MOQIZ7HS9RPZ,21,2.406302441507072,2.5484387774399737
A1MOSUWFDEYQ73,23,4.207416327170341,4.4882961641325165
A1MOXJOSJ6A2KW,55,3.8382406461261143,4.11973739162807
A1MOYUUJ44LEFL,31,4.144412775721862,4.179000422797171
A1MP0KZ2CY61T5,20,4.184540831398239,4.330943542910832
A1MQ6XDUD0FTSO,20,3.2908111253965884,3.592227488026522
A1MQJI851YPWG8,54,2.3341779164279624,2.8332913746359476
A1MQLH8129A7SY,21,4.530645821398515,4.566838174170068
A1MQQEM7W77L62,27,4.5880651898551275,4.719273956300704
A1MRA1WAUYLRV1,25,3.6755248764895647,3.864368994140475
A1MRL66BXLXD1A,69,3.6228662424436973,3.7394633224613205
A1MRQBVR31WPF2,25,4.780342986242681,4.804804556923933
A1MSADWKD6H1J9,21,4.495772383149803,4.533414539645941
A1MSDMFCLSBNTJ,19,4.332935728026489,4.4045080355545565
A1MT7BKLKJEZR,17,4.755202692209209,4.786412455294286
A1MTPSH65BPMTN,25,4.468336081364325,4.569110453626376
A1MU3PMWNLB0ZZ,19,3.609177370128453,3.719233374344666
A1MUTGFKWD74U4,34,4.900215986443605,4.903689506507601
A1MVH1WLYDHZ49,20,4.445489808217205,4.557723804186441
A1MVH9M2CPPHCO,25,4.080480768558095,4.300334957806728
A1MVXK2XAI2HJ7,38,3.933970435007655,3.9383396209740806
A1MW9GG8BUYM5Z,20,4.124820406799067,4.199990116319633
A1MWPEHL63KALX,35,4.113105407314468,4.222807279892657
A1MX6D3JK6IKDW,60,4.060606916772556,4.142179502421737
A1MX82JL0MUI5J,17,4.6333682910352385,4.745200375586516
A1MXC2SH327F50,47,3.98021828474431,4.107361604772087
A1MZ6Z2DT3YE0J,24,4.9146307468019375,4.91579392689006
A1N0LCPR7O7OLL,61,3.8262316738192186,4.0687650359378145
A1N0SF0MTOFXY5,33,4.447188488757555,4.4962928923893575
A1N0X4MFZ34N39,37,3.4152654806129896,3.6269274178958946
A1N15Y1NA0YJHS,20,3.4933768582635785,3.761254376554571
A1N1VS910RZ9T1,27,4.95384629371929,4.953912893367636
A1N1ZSLKTNGQ6Y,20,2.7012449144628397,3.0902137546746173
A1N2D7LLBAY25B,25,3.848056198821841,4.008911083692692
A1N32SF2087DYF,19,3.7978704481270613,3.876530084284109
A1N37F07FXPQPT,19,4.692067530179739,4.7273145130802225
A1N3F1KNLXYQZA,36,2.7031344658143275,2.919464285002274
A1N49TOJZFG48H,53,4.133304633282288,4.246203930538163
A1N4KFLQHFQTQ6,19,3.461438684015954,3.676312954303543
A1N53BOSC7448B,23,4.261491089973092,4.328327698475601
A1N59CBWI0X54S,30,3.863028443356562,3.941756934954867
A1N5QLZJJGK6E,24,4.180495954396382,4.307559986815334
A1N63KPEPN5HVU,86,4.7371811979187,4.74605069010547
A1N65M5YQHLGFG,24,3.408718847361648,3.5295522636466736
A1N6BJYTW7LECY,22,2.9579102026537485,3.173461168359892
A1N6JEKG8HIH01,20,4.68230474915198,4.7072749394948765
A1N7JQ8R5IH8XQ,24,3.382860073328972,3.65018821038737
A1N7YA81ZI4KAF,53,3.311076126715294,3.4852599698804427
A1N7Z6RBVRNIWL,43,4.574892165248502,4.609799432167932
A1N8AT1SQ294K1,46,4.115745954639601,4.1975947449826
A1N8DQJXQFZEID,25,3.960419506279738,4.167487584191176
A1N8K1X0OLLADY,51,2.1199566111477424,2.6830258668262146
A1N8KC4BF42S35,22,4.486393113475518,4.5293953995069804
A1N8KLT7H2BTJ7,30,4.42139053722858,4.492113318770692
A1N8TK4XPQUMKR,20,4.188115872288745,4.259052023741874
A1N98L77D4536X,20,4.530327268173291,4.565319436180099
A1NA7T5ZZGPLMG,27,4.294033032526254,4.3388884868274396
A1NAAUWHJKBKDI,20,4.925023437217294,4.929673964679806
A1NACCFQNF3JTW,25,2.8502505847177826,3.152318609866132
A1NB8BP0K5Z6ZH,22,4.40411258719191,4.487361315171557
A1NBLEZG4RMNQU,27,4.09264231112577,4.214305458625163
A1NC4WWJA8EBF6,17,3.969731144760204,4.045723914135856
A1NC5YN34N5VRX,26,4.302393714387269,4.4251243042289214
A1NDLCG4SGWG7M,20,4.114894716063725,4.258441728323985
A1NDYL6D6QNVCI,36,4.0823379975866025,4.179867347843346
A1NE25OBMXB4YO,28,4.566612507163961,4.688559042319885
A1NE9F5ZNH2WZ0,58,3.4361913213145288,3.747929022474974
A1NED2B7ON8720,33,4.880134546656184,4.881859045420816
A1NEXK7O36ZMU8,22,4.7529305714504595,4.827780318807089
A1NF3RPKRIPQA5,16,4.221243502084649,4.287661736117172
A1NF3VVI3I505Z,20,4.584290909716138,4.695352373728487
A1NF9WS7RR82MX,45,4.7707847682991185,4.796212098132947
A1NFCJXNYVJ0O1,36,4.072328647954303,4.217453482605353
A1NFKE0TNZUGGC,24,2.89056245171366,3.2418993804668554
A1NFSXRAIE43D3,22,3.172218143013998,3.464226844442171
A1NG0ZLQOIC04L,24,3.265509053683949,3.380143840708473
A1NG9ERWD0187B,20,4.919634558045668,4.920576811183301
A1NGF5NQ22VAVX,83,4.588870018302114,4.614206862523559
A1NI0VOVXZBM7Y,270,2.9108710970243,3.341349142024506
A1NIEIENEWXCCQ,32,3.6853710562890454,3.9682077734379226
A1NIGUK4M2ST8,56,4.053878225651275,4.183427555957619
A1NJ33WGE3K2LX,67,4.974462980513261,4.974566008253287
A1NJ67OIKPUF9G,25,4.376433290652436,4.493140874659581
A1NK6ISR6IS4PL,29,4.367066823723975,4.42269847573379
A1NKDHSM1D0O00,35,4.348229684506474,4.402768107215841
A1NL7G5VN45RDW,38,4.881174776258228,4.884153470173962
A1NLO4JVLEGGRJ,31,3.5978264240810005,3.8773174717054517
A1NLVOVCBVWAGW,17,4.813179151505852,4.827969589415757
A1NLZVP501JM5Z,22,4.444843968843349,4.477592062225245
A1NM4S72JEP2ZS,22,4.108893922744202,4.226163579795061
A1NM6DXWROZ8NV,16,3.999804637450849,4.140365446784952
A1NMZB3BC1PER7,22,4.122521771043161,4.255324435906882
A1NNDELI6HMWV0,20,4.245822956758466,4.451218508960423
A1NNU2I8JJ2ZQ9,18,4.98194178125256,4.981952694481877
A1NO01K5S45TUL,86,3.8746795755737424,4.025700008386818
A1NOLEWY3EBW01,21,3.819274584164956,4.042231189236272
A1NPNGWBVD9AK3,26,4.124698203117527,4.270453760631809
A1NPPW55JO8DN3,18,4.816236342579523,4.841816150460362
A1NQ544T0STQSX,19,4.4570472389234865,4.573519064064275
A1NRB6Y50JW1ZI,25,4.416205629858316,4.5201474246990845
A1NRCH7YAGZ07B,22,3.284033208463565,3.5686762174498132
A1NS5E60FH2H87,22,4.78897200029514,4.804358245726122
A1NSDP9YZXLMDX,396,3.397660856215853,3.5819180032187354
A1NSE3D748WUKU,20,4.628338189815814,4.673327568676079
A1NSMQIF1C2VCE,60,3.2670319483982175,3.4093974781201064
A1NSUJJCG73IRF,118,2.954138293250868,3.1006827126045615
A1NSXRQW4EFRQJ,23,4.010526837535795,4.0813608621605
A1NTR9DDR4FCH4,31,4.402838503111899,4.501798072815311
A1NTU1944WGIYG,25,2.9645171967560064,3.061571286290801
A1NTXJPTFP1G03,44,3.4062771572663566,3.7374352536447963
A1NU2T98ZNHWCK,15,4.800863233283314,4.813324547703062
A1NUL4VE056TPO,24,4.183009779894761,4.441017635832596
A1NUNET0L0BFR4,17,4.09907102121215,4.197367491457539
A1NUQWJ7YEV4ZA,18,3.7077608176924297,3.920094118219361
A1NUWG99LFWU1N,22,4.184038106133416,4.217388198306632
A1NUX5HKUQFJ8E,26,3.7333989297938674,3.9206367669886224
A1NV6GA1B5B4J8,24,3.6522824347542024,3.913669552907891
A1NV8HZTGKIPXQ,233,3.109339618391798,3.316473428015074
A1NVVRV3HS1SZD,35,4.120925346871114,4.353330993265631
A1NVW4NUXPOSJB,30,2.7626425877423304,3.1011264742158104
A1NW9MUO9N09US,39,3.961662110704222,4.1371273684060705
A1NWHDUUV9V7VT,18,4.461065698199187,4.562099813065761
A1NWYOWQCCOC7F,18,4.546928977785296,4.65915173202445
A1NX4551KSRLF1,23,4.361380726536724,4.437137502464061
A1NXFT1R4OH516,24,4.050130400080842,4.273755789789286
A1NY2WS3IKL4XA,20,3.6471764373466664,4.079721746817953
A1NYCU7O4U8PG0,21,4.189694831646522,4.223722831460296
A1NZLRAZJGD99W,54,3.5353285206982474,3.735451159094298
A1O023WXVAYVD4,27,4.483560992209571,4.512833862525386
A1O0MYEXZBV208,42,4.737036654568227,4.763685507563767
A1O0W1MJPZYI9J,23,4.676376264244231,4.730824092619035
A1O0ZP73F9OQ6T,31,4.639419567406654,4.683727289705549
A1O11XSJFQ1GO8,13,4.23611490203538,4.386890856133195
A1O1HWFO5Q9PJ0,29,3.3815949431289805,3.582565219000345
A1O1U9V9V4PXAG,24,2.9364132868603097,3.2386354051959914
A1O266BE0TUKLU,21,4.090954397861129,4.204803689178847
A1O2E6ZPVC533X,20,3.4038707697842776,3.818872290007452
A1O2EJMZ7A2N1I,27,3.1466730695926723,3.4870969374713146
A1O2G0C5J015I0,47,3.2460219785365565,3.3699280182617914
A1O2GJF5MOTLQF,23,3.428080829130964,3.5863070292223216
A1O2ITD0S3YJVH,25,4.017139005617457,4.156884724753
A1O3394DAXHASO,21,3.7051055055916646,3.969849939592595
A1O3A86NCJJVH8,21,4.971439979746151,4.971982655966415
A1O3TR94QGSKT4,52,4.906579141849393,4.90879058083868
A1O3XD02FVMUA1,21,4.771052717676447,4.7968647902852934
A1O46RR2M2T963,22,4.733031858857321,4.805566188211112
A1O4PLZ297NJO7,38,4.383177313074029,4.4174279660538724
A1O544H1R9KRFN,35,4.088979375019794,4.140663264262728
A1O5BXEWLV8G3T,29,4.953025221064482,4.956833918217507
A1O5KY4EYJPWWE,25,3.4536641996603445,3.624911894495742
A1O5LNMUJ4MBST,21,3.772490072641681,3.995012541234178
A1O5QKQ5148O31,21,4.738811489926001,4.752172353722646
A1O5ZPBUQVNYMG,41,3.4407679708164283,3.761500493569563
A1O60LWGEJFGUD,54,4.55040896470745,4.618474624324939
A1O60Q7LBN4MQ,50,3.5642414845292705,3.734023454753559
A1O6761J0TNRG,30,4.167902691803649,4.406858488916885
A1O724M0ZQO9A9,19,3.9600140197241394,4.03633260809534
A1O7PQU48TF9M5,17,3.514342593803704,3.7293453530748155
A1O8U0FEBTGRJP,16,4.507051491877389,4.561048063534415
A1O97WKID9L3IA,43,4.660654882397124,4.706600519440148
A1O9GTS2LD7TR0,42,4.958626205530709,4.959271647537292
A1O9NXXSHH2TIZ,31,3.589074490233672,3.742956053249378
A1OAKLS6IVMP64,34,3.395746242867281,3.52593451815005
A1OB1N267LNUIZ,23,4.172687556512844,4.2239078308774785
A1OB1RABPTSJEB,17,3.386773836809345,3.603105343885679
A1OB5L3WMHJAD9,35,3.486376540337296,3.5809987640688474
A1OBF92OHUHKP4,58,3.9995679505379327,4.122836736423242
A1OBJ2263JCK5,62,4.59190076234606,4.611988705311001
A1OBLZ4XZYS5GZ,22,4.05097782531711,4.136097019492157
A1OBPHRXHZF8P6,94,3.89710988376883,4.1182234779954054
A1OC44Q6V9TT0G,48,4.030979981766417,4.141696780988853
A1OC65ZR6VAWC8,25,3.921741933613839,4.032221722715358
A1OCJHX2COAS2Y,16,3.5905570912390843,3.852541896628869
A1ODIT5QV1PU1I,62,4.575427767434047,4.60226616972645
A1ODR55X7AYEZ1,18,4.441447793127577,4.577416697209764
A1OE5P78QIQ13G,32,4.1739399019621715,4.280107548284166
A1OEL8VF7CIA7K,18,4.927067378752691,4.927354666466882
A1OET6A96P00WO,30,4.983338699335652,4.983360851314876
A1OETWPCINOHEN,23,3.3649807295519163,3.446442711512074
A1OFUCVE7BPS1D,19,4.928167258902431,4.929288299855244
A1OG3N2BYWTKR,19,4.3039486745385505,4.43897418049836
A1OGJJ54OR4KH,17,4.819149915960536,4.8300258998978975
A1OGL5UUS3DY18,54,4.2823303473716035,4.380635713403066
A1OGORMOPYZ0PY,31,1.99600085747384,2.4742101370356164
A1OGPR0AKZ4K7D,37,4.351131715009062,4.390523984325517
A1OH0GXCXPZ6MK,48,4.699876652997118,4.708066847367475
A1OIWYJCDMF2FS,23,4.278741695782428,4.3839789775274385
A1OJ3443TMKE7T,17,4.956941637904125,4.957335041818115
A1OJ4DT82V6EJ9,26,3.93919727288188,4.189229425134642
A1OJWYT8U3DC7U,50,3.779802606287828,3.832366538587873
A1OK4L5RW8TW9Q,19,3.6346260947566833,3.8971284072607597
A1OKMIT8B373YD,26,4.267524720260172,4.380206953296552
A1OL3C12J3V1OU,19,3.9167112998126523,4.1322915814005725
A1OLF7JAVB69B6,43,4.460011317214841,4.533608184371664
A1OM1HSFAA4VIR,29,4.036920989957926,4.106740411633972
A1OMC74NPF8DF3,31,3.6259111796067134,3.8688720364556572
A1OMQLTM8I1Y4T,19,4.945383488986921,4.9459365701077065
A1OMUTCJ7U0U3J,21,4.685411004423706,4.70032933179452
A1OMV23RSGR5OO,20,4.851395314975255,4.856132451386621
A1OMWH3URAZQLW,50,3.6968494374035332,3.824894593406652
A1OMXVXXP07F05,21,4.066726102215443,4.196199925053672
A1ON90IWG9QKE0,17,4.792305635889469,4.801866566924309
A1OOHB5H6DM6Y0,34,2.8616940070211037,3.4240648372044147
A1OOQKIX5UE6H8,42,3.965245428140281,4.181306941071952
A1OP4JM94674N3,26,4.523956416853715,4.629822038479066
A1OP7UM2WULVNS,18,4.663503935760888,4.687278449985468
A1OPCBU44X8KC0,44,4.866607357147715,4.870839424239976
A1OPS217DE4ZRP,57,4.760720174657073,4.77646325994608
A1OQKTUCXZBC7C,25,4.844944886359385,4.860656002993736
A1OQS6JOD52Z84,22,3.4274196073625918,3.562758283945304
A1OR3TQD3IVVCU,21,4.0032742780166215,4.215765482543584
A1OSCXOVNYZZGJ,25,4.260164081482942,4.376038152314691
A1OSMDPFCEYAU5,17,4.187561255023276,4.290435794155689
A1OT19QYTT4F3F,27,4.837288268952012,4.839052500514659
A1OTGBG66P6K5Y,40,3.888621783795769,4.197667450169584
A1OTICLMB8KVBX,35,3.7358872934666536,3.8482502831284715
A1OU5BFNZRS9NA,23,4.831060603139253,4.83901022489584
A1OUI1500ZBPUV,36,4.49405876816316,4.680171499763222
A1OUTQKTAKMEHH,29,4.588616755114215,4.609288006563119
A1OV0PFHUXWM78,23,3.7075868567010697,3.826029595612529
A1OV765MCRT8I3,19,4.975260493504769,4.975312111514238
A1OVG7RXXZQ4UW,24,3.0232182576445985,3.2873948875052794
A1OVJ6GY56BG9D,20,4.054451635686428,4.225329884290909
A1OWK3WT3INH4O,51,3.692272239341137,3.838800031222053
A1OWQI50UT8I7C,20,4.1103741823764555,4.283675554350594
A1OX82JPAQLL60,28,4.485400437879603,4.5613894196565195
A1OXSK7QCTWNUH,21,4.115304199001359,4.232055099346598
A1OXVESMLZA08Z,18,3.863672581659374,3.942148609877561
A1OYW08VVPMP3Q,165,3.987023701117202,4.097675828403098
A1OZAYRJQAERTK,63,3.2595363928883483,3.525584743099361
A1OZCNSNCNRKZ1,25,3.3680740994984784,3.5004581988325008
A1OZNTDZYSL5E4,21,4.787880591029881,4.790784099055066
A1P0VR0BNH8X2K,34,3.473415541680446,3.7476454040466876
A1P0VW7IXUNUM2,42,2.9477585046654196,3.178073250357369
A1P1QNVYHD3ZE2,21,4.479892428217711,4.51710875831171
A1P2GVGDCLTS1P,24,4.240981571719191,4.415964986627127
A1P2NBM3P3TS2X,151,3.530418155053239,3.7242630196005733
A1P2T3LFXXCNB5,16,3.6315832695370043,3.9566478597985117
A1P30K8Q896XVG,28,4.805456232194052,4.837221242828682
A1P374KMK7SFEC,22,4.769471729274813,4.843710183845299
A1P3EE281Z3URI,23,4.01613198862117,4.084603384219816
A1P3SPDXNLEKUV,32,4.119939902360733,4.21358529526353
A1P3X7LHRQF7KU,37,3.5700517319636593,3.642968066240056
A1P3X9NFU6YDFB,14,4.745271894243514,4.765296666991517
A1P46NCG6J0YAD,28,4.943611052803903,4.944160347360948
A1P5NDUOM7P3EI,14,3.5160026143187966,3.6223308982204085
A1P66GJ6VSS2E2,22,4.535475733020076,4.5616165909397814
A1P6ADSYBV9KWB,33,4.557425526913451,4.630977647907912
A1P6DRQ3WSZ31M,24,4.468985890348417,4.547464711639552
A1P6NRWDD1NT4B,50,3.243895676585209,3.490837698769037
A1P6RQKZ880ZQD,21,4.190321148752785,4.351137229188135
A1P6YZGFXEJOTT,17,3.5066885360516853,3.7280843675749344
A1P740CQ8RIBZG,29,4.091225979271122,4.309546343010205
A1P77JG6PMRRPK,21,4.637284364844961,4.670468658372035
A1P7MDIJDPYR91,18,4.476258178593189,4.5306758475089
A1P7O2PAA8H1DD,47,2.5908808393187317,2.854749849059499
A1P7R1Z7BQ5HCL,24,4.4184326235358595,4.473382010427211
A1P800XYV3NZYA,31,3.831245552145625,3.9985495892550054
A1P8ILDHHFVKCS,26,4.367703326064079,4.453893242964185
A1P8K7Z2MH7N45,20,4.581717720946441,4.671342738349472
A1P8M0NF4VFHVE,24,3.881500900341601,3.949981378898772
A1P8STS1S97WT9,26,4.401824751808369,4.519288348166388
A1P98DMX8YUSNW,62,3.3917386432878174,3.55207475352055
A1P9ZGSKHVNK11,31,4.7881496351574215,4.818364816364672
A1PASRZ81DY9C,29,4.022576749036523,4.216785913230974
A1PB73RK71PUL0,20,3.8880824815621233,4.048412837458776
A1PB97NTX3RO7,17,1.5502695019482253,2.02433902618311
A1PBBUHUNZ90S3,17,4.934346141958179,4.939911766887482
A1PBJI0UM664DN,19,4.136729658534556,4.21272794900475
A1PBM4M1XMK8XU,22,3.847882791996049,3.966782481393033
A1PBMQSKNPPCE3,20,4.864883384719469,4.866365306223787
A1PBRLWY4WIMJY,22,4.211496855627448,4.38117703208121
A1PCBXYCFR54HH,17,3.96140984870596,4.202569967352998
A1PCQHQ6NPGL9F,49,3.199097672154197,3.557241087928385
A1PD1YTN74AY5C,23,4.734404086421452,4.787112641556233
A1PE1GH4ZQH6IK,55,4.160698160017112,4.264169072413858
A1PEDJKLO0MZXH,18,4.236941599569822,4.357342593280142
A1PFQ1BKCXL8CY,25,4.502074704242728,4.5625644867787125
A1PFQOK0EVMNMF,63,4.5417958121245094,4.655366135528404
A1PGC1GEBY9CZU,529,3.3390286866932297,3.5162485769182275
A1PGCSIHYT4AJ3,28,3.662672662369414,3.906742609844797
A1PH0SIPRL5J5Z,22,3.7309464611393732,3.886284368363525
A1PHQLBFDVE1OO,17,4.597989463795655,4.672332980801404
A1PHUCTJ9X9EHJ,60,3.9084595609309423,4.018667502097475
A1PHWIHCAHB0KB,22,4.94663453263082,4.946840903508201
A1PI24QFTA0ATP,24,4.208597167727482,4.230931408950246
A1PID2MT8MMPAF,24,3.1278200472933158,3.3768004924731994
A1PIKYMLSN85AK,19,3.9808358590097246,4.178711095491192
A1PIN9TJ5RMM1U,24,3.8818455416744655,4.042091825764473
A1PIOPJ39RD9M9,19,3.202823985502752,3.434983595544813
A1PJ05OW5OD5SC,38,4.618119622736118,4.710296472287951
A1PJ4J7GT1S922,34,3.659722118113457,3.7629775483835366
A1PJY4RZYFBLU6,48,4.514316851656688,4.585052190580638
A1PJZKEZQGREDY,124,3.3287843313885004,3.4612475438818766
A1PK7MKN0133ML,31,4.958251895859086,4.958397009494889
A1PL470Q9XEBXZ,19,4.852149977762629,4.862561560712479
A1PL4HHP44M4FB,22,4.0581078767048915,4.149696017084877
A1PL8JA0TEHBVN,57,3.693654224376275,3.948412562542759
A1PLAVBF6MTRXO,42,4.901663792355457,4.913065391317876
A1PLBG4N7XW734,23,4.497649640853749,4.618165261448416
A1PLWGSQS4UVCV,26,4.492633982956712,4.575611055228358
A1PLYFDI3MT57M,19,4.1386799520052735,4.290935464250245
A1PMBAR3B8JTTY,29,4.080884042029638,4.37427602626921
A1PME65QLLQSLA,87,4.131684553213337,4.205963301869036
A1PNJAY2S62SBY,23,3.973818753166364,4.120835646388856
A1PNJSX7XRT3KC,38,4.745617491881241,4.777311830583891
A1PNO03VNAJ99C,28,3.5927386035481357,3.7881092433959553
A1PO5IWPI80U3N,25,4.671484555469802,4.687249407688627
A1PO80ANAD8S9W,24,4.925449760027586,4.9295352363781815
A1POFVVXUZR3IQ,288,4.213156165235128,4.2897353119779575
A1POL4GY62L1EL,15,3.292568315632889,3.442323028605839
A1POM6PCUY0CD0,30,4.3627255143496315,4.476381228287618
A1PP9T8BL0ZRQB,21,3.177129592854716,3.4548567697660864
A1PPIFR51T81IK,24,3.8492339933211848,4.0109841150819925
A1PPL1GAYFIKNQ,15,4.110002111742229,4.305812813217642
A1PQLR0EN31PE8,16,3.5730053366674484,3.879845872219506
A1PQNUIMLIOJ7R,20,3.4281223465290482,3.7578431011735933
A1PQO5I6EF3PFZ,30,3.2860557282432996,3.43746695685042
A1PQXVMJXO7BYO,22,3.8183649681908816,3.878389729601031
A1PR0BIKB9O63L,20,3.9901384618817395,4.02673297490587
A1PR8XNXEQBU16,23,4.0480876398415315,4.134887136191963
A1PRCWSTQDZCE1,19,4.915083525522716,4.915311115179191
A1PS8I4T1RLVHM,18,4.365227381787699,4.471512711386524
A1PSFF1RX0BEO1,25,3.3596653340192346,3.6105542655456047
A1PT17P9KF7B35,26,4.902886109506532,4.903896697057455
A1PT7YQP59M8BI,18,4.454024284613263,4.482977571180815
A1PTVYFJRPN4ZT,26,3.2789237402693847,3.3857159086469166
A1PUFWBFXBOFYK,49,3.7209136918071772,4.042966534950229
A1PURPWORTVSCT,21,4.716455366328747,4.733591466257797
A1PUXIO6D1FZFO,21,4.948068362086671,4.948345335584575
A1PV3G806ZLHUW,33,3.6438403414512868,3.831214475882226
A1PVB7KG2YV6W7,34,4.8096607177493444,4.845155889713872
A1PVVAPPHYZ0SQ,38,3.708796888877316,3.9935042079827445
A1PW33JLOBPGU7,21,2.9451716940776853,3.064748898354407
A1PW6G3EFXCLFJ,24,3.343643765577854,3.606917526725575
A1PWL7SJ9VKH48,19,4.962948709429535,4.963073070067645
A1PXO8I6P0JPUA,21,4.988927183646225,4.988943062320092
A1PXU6V081VOIP,21,4.582910146894979,4.607276832338831
A1PY4BCMI543EX,25,3.549110998331094,3.791185914791059
A1PYIWO266DYNP,37,4.920985307690142,4.92239104803769
A1PYRL1LFYAJL3,35,4.308365681667479,4.520099249002249
A1PZGUWM9C3W4H,40,3.9917134465140025,4.203737063517033
A1PZU88ONVYUHB,84,3.8611942798281804,4.058791717169218
A1Q0AQ2HVNSYYW,47,3.973297621849552,4.094982155033958
A1Q0K0U5TMGS03,18,4.699223066596867,4.7294121101391635
A1Q0M03ULCSCXL,17,3.4087003312848063,3.820985149047747
A1Q15TP2FXYYMF,50,4.619387821761638,4.644467850507561
A1Q19D4SZGQ3A9,18,4.558756774301926,4.584506025085242
A1Q19LH2HQD2GA,21,4.241910003782419,4.298953106735488
A1Q1V4F9610DB5,41,2.957262003965917,3.2699216807570557
A1Q2RG4QFB4RWO,20,4.969198014846948,4.969393488112402
A1Q2Z98QWQZBFI,29,3.786108938668512,3.8489270874237933
A1Q329PGKOGLDD,14,4.340598985400525,4.384573374794425
A1Q3HSDZRP0RWG,28,2.618284792068382,2.854415893986091
A1Q4IC167UL6KX,18,4.570865246505796,4.598094010124305
A1Q5D4WRYHK5VO,25,3.5006896765376183,3.677210001763769
A1Q5M4N1ETG67L,25,3.9691149407073247,4.205348274929044
A1Q65THAQJW5P3,24,4.101913530998271,4.1454709849325635
A1Q6MHDUPNV6P7,23,4.454444894583939,4.580900707574725
A1Q77N27MBMRTJ,30,4.579171549857049,4.585360437328215
A1Q7A78VSQ5GQ4,21,4.289402694293283,4.445773432777776
A1Q8EZXBCPI4NY,20,3.5895012524556806,3.6905593697196823
A1Q8FBOH98ZXOW,17,3.2340443375917447,3.653171152782558
A1Q8N5LKI9E85S,32,3.7584181988319165,3.9385669342895184
A1Q8WW227QVM4H,25,3.3156183104331585,3.677644961055254
A1Q93XEDK7OHZ7,24,3.6814528736255823,3.946618321693214
A1Q9Q0EAC3TB02,184,4.494301956429164,4.521296973736398
A1QA6E7YUE77ZS,24,4.077395556470765,4.286075852751701
A1QA7MERUNITNO,18,4.865138905755927,4.886927779058754
A1QALHDA21CFK8,29,4.961556145647318,4.961707605517195
A1QALZ1917SRE1,25,4.29591352829279,4.449918996268189
A1QAP4TZPGKI0,24,4.977124052925693,4.977253139186202
A1QAUVRZQJFNNF,22,4.597959441407646,4.659621871657123
A1QAZTE8GMGQQI,23,4.53120534877794,4.597373759312629
A1QE1C5NZL4AVN,21,4.746772702907002,4.821614652797201
A1QEOSESP7BN6L,21,4.403092610898976,4.472825922245056
A1QEVBRPKMMXY3,22,4.890874447632519,4.89755075559006
A1QF10TB8AYTA3,36,2.937859230878314,3.2315339743654357
A1QF9JR5S88TFS,18,4.658922715351598,4.765042755173037
A1QFC86Y7W6S41,39,3.6200529969877855,3.7749225229670107
A1QFNGMIORFVBV,35,4.417505147229485,4.474144239747164
A1QFQ9SQZVGUK4,94,3.03871452089671,3.5595466323216884
A1QFXPPUHEN141,35,4.038481337987988,4.098160749951236
A1QG4TLIYZRL7L,24,3.4443405633021964,3.690882495469495
A1QGGYMSJY9W4O,24,3.56334612949022,3.841677675771564
A1QGMIQD8ZYDS8,65,4.035738085720433,4.258283988146531
A1QH0GS3X6D30J,29,4.0811566004660005,4.165839005402768
A1QH2HT51DNJ5U,29,4.135386965245657,4.161982804241763
A1QH97JK6ZQC2H,32,3.478335828171816,3.7553567502450824
A1QHOLRM0IYYD2,31,4.466467028562464,4.563959994150297
A1QHZD717W2WLJ,22,2.158546744120912,2.605594122169085
A1QI3PGEVB016V,21,4.6389388014662245,4.662363091494292
A1QI6PI0HH4H0P,39,3.8736119192925935,4.018309431775264
A1QIF5JZARLE1H,44,3.851659619897802,3.9426332099878194
A1QJCSX5R445K4,34,3.8177442036172398,3.9512269802854707
A1QJHZUUMKZYZG,16,3.0020909711124917,3.3704886247144987
A1QK4B9YJUHR4R,44,4.225290056251833,4.312471407974548
A1QLUP86XSAK24,19,4.214315631256858,4.2445689837753156
A1QM6YSI7EY2M2,76,4.7733625728641655,4.8036070290370505
A1QMZC4P3F9MR7,26,4.424472637326498,4.5183265159623645
A1QN17E9RNFDYB,24,3.5895163797090834,3.779426394988803
A1QNLOV3985VUP,43,4.519577740716703,4.6684463283933795
A1QNR2QJCNA19,16,3.739846167145125,4.098129956660923
A1QNT8T3I3YHSD,22,1.864899269592929,2.070762258259544
A1QNTPDC5W9KKW,34,4.333954174766369,4.434091932644147
A1QNYLBG73QRNF,19,3.770547975551198,3.927339396988901
A1QO29GBXI2ZNR,21,4.11890865531424,4.285354810968169
A1QO7HLN7WBY3Z,28,3.544695426195328,3.7525421043814697
A1QOD4K3K7ZJVC,22,4.682683644123449,4.712725775841967
A1QOXRHET5A9V5,19,4.092315148684198,4.203472488745279
A1QPXODP6YNNF8,17,4.558224074902397,4.6598542269483225
A1QQ5X4NV0SG3B,26,4.091331389172877,4.201016944477818
A1QQ86H5M2LVW2,35,4.353716660996362,4.488135959335021
A1QQBR1UPS2SME,21,4.607404671767459,4.693804040552103
A1QQPIUXWD4G0Z,100,2.958773257031981,3.273153729265875
A1QR46U867MHM9,17,4.468645022900253,4.528175362244923
A1QRLTW4WCM42C,19,3.518575320289749,3.6833215656770073
A1QRR06UY3LI9G,42,4.384100628606736,4.428449737658758
A1QRSNEOOZTFGR,22,4.092451725714799,4.364704502871672
A1QRXEM0WSLGT5,37,3.559679420523554,3.7428043537517786
A1QS0986XREJNE,28,2.510213712867189,2.701931883371196
A1QS2Z4W3AUHSW,22,3.7102918203396853,3.8750966214900657
A1QSM4J5IKE4BQ,46,3.868947314824428,4.043021169945549
A1QU2SX55FHNED,54,4.2268191379959905,4.352652144115122
A1QU6BHXXFZGYQ,44,3.4571053261301943,3.7115072318927025
A1QUILLLNTPNBD,56,3.784285193902479,3.962184863340265
A1QUSZ9E44QKM4,26,3.266073938161795,3.3362624919214046
A1QV10EMDQALXS,26,4.837987094913948,4.8513416480533085
A1QW1D1SCXFYG7,27,4.482114745349783,4.507346278130623
A1QW22UTMHYFJX,24,4.841706283604519,4.852686669866194
A1QWEUEM90LL9D,20,4.535977526805459,4.566687936811996
A1QWG5Y64RGUQQ,37,4.897149143221107,4.900779869248756
A1QWGK4SXTRXMD,42,4.636372690955412,4.717042002747155
A1QWQF0CXTE41E,73,4.836944924740014,4.863389330750365
A1QZ2P94TQEBDV,20,4.072844814674751,4.133851713871448
A1QZEIMPRQ578B,20,3.881246138810223,3.956516736880229
A1QZVBFD7425CY,22,4.0614721537991505,4.358366453771037
A1R08ZGLE7LPMW,26,4.1972630258202255,4.298750867486823
A1R09II733292R,36,3.620336940567645,3.6979419617020426
A1R0KQW6P1MS8D,37,4.5857808705375085,4.60682507000484
A1R17YELPTSM5T,26,3.9528683292894886,4.049084631374706
A1R29FLZWPCURK,25,3.6465892291286304,4.027986507078438
A1R2K5CF100UJP,23,4.375067761453278,4.520281460081666
A1R2ONSLAI3M2X,58,2.921956739187403,3.1791592193749714
A1R2URG8OHNEDS,54,3.5201065209401388,3.6708843097240496
A1R34V18QXCAYU,19,3.4898229856237926,3.7086729896952852
A1R3IMZO9G7C4,19,4.325263799360765,4.414401818192794
A1R569W34MX7OI,35,4.977589229195162,4.977624855860091
A1R583OW6QK5CI,70,4.0043737560064505,4.10739341268864
A1R5CXECX9BIIP,26,3.414721786370272,3.687713873357254
A1R5DPGERMEZKG,37,4.0856147470784006,4.181515651542511
A1R5SHNIOSUAX4,24,4.066662429997643,4.113078146981069
A1R602SXNGOMJ4,165,2.7500803485270127,2.9309407780313643
A1R6B3PMIZRLHC,18,4.4269531122658465,4.454696470346417
A1R6KGK8TRJAGV,26,4.015269445258356,4.291061664243218
A1R6KX5EXPNBO7,23,4.902710261187859,4.906993516701931
A1R6TTBDX13CMW,23,4.593883159443005,4.7267992907766665
A1R738D7BDSSJL,35,4.568220540475372,4.610549475582924
A1R754POQNJO51,24,3.3979838076779427,3.5716905265086303
A1R7KUJHO2EVEC,25,4.2865978307707895,4.428078503487357
A1R7Q24DI4OJE0,21,4.067681680021634,4.193926404878328
A1R86B0WGZ8G10,19,4.205355471584808,4.311023385189705
A1R8AO9XASQ15C,24,3.346923942301537,3.572876650648642
A1R8LZYZR3377O,77,2.746851915879381,3.094399250858725
A1R8SRAIQ3K9ZK,18,3.6640491891565623,3.8969848498555186
A1R9FINWMF0M4Z,20,4.172569779196017,4.3531839304060185
A1R9GZ8FC44MF5,43,3.047244348194202,3.383015887573141
A1R9MNKXD0CBKO,23,4.095091172042139,4.335368918117641
A1R9X96MP8K17,17,4.404594733454644,4.432319628814548
A1RA72BFGJUGW5,20,3.8316950802322483,3.9736967567547214
A1RC8FWDSL3YI3,17,4.546475826526621,4.608223981826224
A1RCAA8NAWTFMY,51,4.829132215113524,4.860891073196416
A1RD1LL5E5JZOT,21,3.6580369893525995,3.839159935181119
A1RDL5PNNQZLQD,20,4.8885158632030095,4.88995288389452
A1RDMSHN9XS5TM,20,4.815112698757919,4.821508953029004
A1RDQWI6E5DHEI,19,3.955609139180383,4.220775677955375
A1RE7M7NPEQHU4,67,4.141718873850524,4.182593374062027
A1RECBDKHVOJMW,75,4.053263909584527,4.135032993820363
A1REGRDFWVRUAH,19,3.066137211591601,3.326396761515666
A1REM8OR449MCD,17,4.9842600802134225,4.984403887616878
A1REPQSFBMFRP6,23,2.931873202667737,3.1852594583867138
A1RGTGCP7UG4ZA,81,3.781887789634381,3.970989659741344
A1RH5575UDTQQE,23,3.323489182156651,3.806628210069785
A1RHD1DB36ZFWT,53,3.4067516074795483,3.578858600172163
A1RHM4JTUYXKSG,18,3.805732326319153,3.8907145781150985
A1RHMQJ9KQQ6LS,41,4.524173079215269,4.588287062864487
A1RHP6PX9UPJ3E,51,2.6646817205583186,3.101539371040742
A1RIJ817Q2BL4B,24,2.9910056732104775,3.2957394478749786
A1RJD10TTI568L,20,4.56244643291605,4.621453524805937
A1RJHZYKUNPJQ2,58,4.387217226113943,4.521660115578531
A1RJI2CUW8SX88,31,3.3801750045892307,3.703303044466826
A1RJJ56MBJMX87,31,3.5679251184683256,3.7094857938678016
A1RJVM3POF45U4,41,4.554973914792345,4.601419161508937
A1RJXK6KF3LL5R,71,4.73944895302603,4.793576360506286
A1RJXO99BU5ZU5,38,3.857464551020429,4.0131353976963045
A1RK1HN64V4ZOZ,20,4.94707976861808,4.9518835822533
A1RK2MFA9W6QZ2,18,4.469101404536137,4.54189254598709
A1RKACXM2SF8OT,27,4.249534814697462,4.343244629947799
A1RKD1I8MW1LG6,45,3.8653115500668327,4.044326735300533
A1RKDFKGTB3RT5,24,3.060181302606939,3.3290759774289453
A1RLSO6B5APQH4,34,3.8952709645285237,3.8960648900231343
A1RMBUPNG7CADV,25,4.946939628009525,4.95077552397022
A1RMGYW191ATEU,33,3.629681967173816,3.945168978486508
A1RMU6F98MPZMO,27,4.62882789573835,4.652832426226997
A1RMWCN45F0PF9,36,3.511322011061669,3.6842896025915763
A1RNJDSL2VDK04,19,3.988375857598966,4.07810304215093
A1RNLPUDOD5ZNG,23,4.251573717735711,4.450768402891295
A1RNMPOY4XIAA8,21,3.014279707179068,3.2773967495007335
A1ROKA9G02ABJF,20,3.9273318760745335,4.265674628291352
A1ROP03X1108T8,23,4.9891970499507945,4.9892143597634675
A1RP6YCOS5VJ5I,180,3.8166137862241563,3.9335635367188777
A1RP8CPRR58SM2,32,4.626572994259482,4.690505304516794
A1RPBUKQ5WX01R,73,3.215574448622762,3.4723629144593944
A1RPRZGGX45OZW,18,4.98899304397767,4.989010015971339
A1RPTVW5VEOSI,47,4.3337002797867505,4.4143780994757655
A1RQH39V3SVI65,18,4.9437043838462325,4.9441031912111555
A1RQH4T89Y3A2K,35,3.622795546188051,3.783916594637755
A1RS06313BL6WN,25,4.106483569203984,4.396350315241476
A1RTBSMAL7UJM0,27,3.512820543457602,3.813933675485279
A1RTG3HXWG3L37,18,4.366254974104054,4.491433133975314
A1RTL8Q1JUJLJI,47,4.1716207378583015,4.264710747451423
A1RTNMCV9MG6R8,21,3.1858319118556153,3.448025497734068
A1RTUVTP34GFCQ,20,2.5484526673882537,3.181093229998544
A1RUNI51797VPE,29,4.7741565366828125,4.79478402317028
A1RV292L5DDD6M,65,2.7046375485815433,3.0707003414704417
A1RV3ITFIDCKI6,20,4.827666979032698,4.832541850180289
A1RV4NMR0P3OTE,22,2.9075967696962626,3.343314701617198
A1RVF43G6YKDTK,28,3.6784279151137835,3.806791454498303
A1RVU25PXXUVAR,41,4.158680340333513,4.2263923706647955
A1RWK72VF89I3R,26,3.826818320440409,4.007487783088036
A1RWYA52UUOCC0,20,4.744699048204529,4.748305333425285
A1RX2F7WDW3JGA,18,4.986653307029391,4.986668050664105
A1RXVSBGGRKIIW,38,3.070809730584646,3.2940120159878035
A1RYKK6VQZL1NU,18,4.900761516452233,4.902460673458202
A1RZ9WLSHWCHH0,18,3.762899058246683,4.045902255697685
A1RZHUYPB1FEKK,32,3.809626613726608,4.001149163496208
A1RZMY6SEBWUOD,23,4.323204496333708,4.38695705775435
A1RZS71WR8M0ZM,29,4.231744775751917,4.331311076585341
A1S012K7PWTLUR,19,4.391398037339822,4.499150519736002
A1S0ODLTQUUW7S,15,2.9283954939643744,3.2455388922119073
A1S1BJFTA644TU,238,2.3317428251670695,2.67566902856286
A1S1O3YT8NS68A,19,4.218425736674093,4.2583173665672325
A1S23DO741NAPV,18,4.935379356637737,4.940694973192308
A1S3FAW9KHCW4W,23,4.438394821506944,4.521064500407183
A1S3HHMAB9LLXK,44,4.390138463516708,4.463239040758182
A1S3IEVZI29T7H,41,4.348262528572042,4.426000116311551
A1S3RGNCO1DYUK,20,3.174022538612033,3.475000778278938
A1S3WGP18PYNM6,19,3.2505904440154105,3.358084854248887
A1S4MI54SDWQCL,20,3.081986739775226,3.5491037569258284
A1S4NMO34CBCMJ,28,4.914601323928926,4.91695212312127
A1S4Y9XTBI4JEO,24,4.933619759260195,4.934313505468531
A1S505K01LCE63,27,4.4553292896738315,4.524391210165866
A1S5B32WYMEE44,40,3.7748112170690775,3.8961385593797058
A1S5YVC95QGTHY,25,4.9849979435259355,4.985065078483731
A1S5ZQ61RFCSOE,24,2.29988067223328,2.8428028546053543
A1S6M8DWXNO4QN,20,4.63286896583917,4.667550709531438
A1S6W7HIJAH974,23,4.029337690059739,4.152857276205699
A1S6X9DS5M7YKY,22,4.810669961495268,4.8352440898915905
A1S792KKKZQK7Y,23,4.549568199237968,4.631086615169814
A1S7H8F47QPNAU,18,4.912901487128114,4.915631196755489
A1S7HGXELZ5D8Z,19,3.1501171782046895,3.5024112191207677
A1S8BBGQQLGC01,26,4.862367360921465,4.872802752758634
A1S8C518CEFXRU,35,4.941993196912358,4.942780829784596
A1S9Q46DL0W2HP,20,4.984974737169706,4.984989591289991
A1SA0SPXUGDUGH,36,3.573385759633667,3.9496402767257885
A1SA1XDESZ8EWA,12,4.631716840548279,4.759651732974197
A1SAAKWYLYZSH0,53,4.679292119912021,4.699769908172826
A1SAGYN46CJ1N9,18,4.394989780633429,4.507142503905905
A1SAJF5SNM6WJS,40,4.006526670540647,4.274084157981464
A1SBFI91YMPS9I,20,4.720906793590531,4.737027363055073
A1SBLH9FHY9G0R,18,4.96387386416043,4.9640774094123366
A1SCD2NYTIAQTY,42,3.9886777011460155,4.058262662070952
A1SCNO28CON63Y,34,4.837015041326613,4.841625516244696
A1SCR87AFN1IUV,60,4.344506308991172,4.436412863370249
A1SCWPRJ3CTAQS,28,3.306044440672614,3.477541034548958
A1SCWY8O0IL2HU,24,3.2771091974315607,3.5023244965327818
A1SCY185GQ341U,19,4.004043736478244,4.244001946660094
A1SDMWIWT7JN90,21,4.529919879975607,4.558899277803556
A1SDPA1J98UP4L,56,4.723873996564855,4.79264000869109
A1SEJQQTN6H9IV,35,4.35699612480108,4.42850740020124
A1SETAZH5XMEPF,18,3.2516454616213206,3.341204281513501
A1SFE45CVI7R1A,17,4.565810393064483,4.605378972806844
A1SFQCL5PD7Z9J,28,4.895190139230384,4.898699721107368
A1SG0EBC86HTKD,19,4.394853906582698,4.445833334882774
A1SGKOCWN7R314,31,3.810751687340679,3.921921455493043
A1SGM6RLMXA4O1,18,4.578171057365373,4.647428040612273
A1SGSKLEUDMWZB,34,4.331655157355217,4.4619902676625705
A1SHK2ON08WHI1,28,3.0899899973079856,3.2627357686577256
A1SHLQKJSPCCNZ,47,3.9777276495027114,4.0879351163984605
A1SHNOU2ODKIDG,34,3.2517973198971584,3.6496995254643556
A1SHW6BY826RXX,22,4.57075462251852,4.618577981794725
A1SJ4MTL9K5UWU,54,4.202919284625087,4.269926493282651
A1SK2O3GNELHR3,32,4.826228274720335,4.852787445473931
A1SL26ZAKYESXH,17,4.051516559475547,4.227961119761039
A1SLJ9B6KS3JFP,16,4.0619082678533385,4.194368635493749
A1SLXPLLL962ZU,46,4.770693697700126,4.776592274466273
A1SMWZVAKDPZU7,20,4.1849872020787,4.300300666133543
A1SNKXK0IGFS9E,22,2.8288413938788852,3.197209941819708
A1SNRWYQGH68S5,49,4.248711803711337,4.422739955999696
A1SO0AI373H7U2,22,4.622771477384365,4.654285067115294
A1SO2JX854GIGW,20,3.6796682998783914,4.080738779734021
A1SO8AE23KZ0HZ,22,4.807857681834994,4.829813205853476
A1SOVSOKCKJMBC,26,4.676076055661954,4.739554411379683
A1SOZ51PECGR0E,17,3.1326336684660325,3.6173214901862956
A1SP9N6QTICYTD,16,4.314995153132361,4.481253482109832
A1SPB225CVTRUU,83,3.554496119321262,3.670638160215974
A1SPKWIB7Z5RCK,19,4.754389171590961,4.757409011455402
A1SPTXH7BCFI99,20,2.8364774920082527,3.0768897362928858
A1SR06UFRQNIM9,19,4.961208151610234,4.961355577091645
A1SR5O8UN3OAER,18,2.4238420941546197,2.6869334307027066
A1SRK1UQUWSTZ0,26,3.6516641894245803,3.8039111644452226
A1SRWWY6KH8OTO,19,3.0486687765514993,3.366869888179999
A1SS57KHJMAPMD,24,3.559384422814375,3.6826437434790678
A1SSH8WW01WS8,29,4.192940267031269,4.293311849073089
A1SSYRR444SOKD,19,4.500808021650657,4.564853869474778
A1ST1XBL6EQTBV,82,3.974471662861102,4.100699562333364
A1STJE8KFRWK3S,18,3.8268102622886655,3.9348188561637274
A1SUFT02SAGPIQ,23,4.756619404969769,4.788116308665668
A1SV801RJVXY38,51,3.2980457594112615,3.527946316543174
A1SVEN1D47GWWF,24,1.8319299928703445,2.1451246105887067
A1SVX0UW2DXJ16,20,4.721831854588443,4.773258409709395
A1SVXJZ3386U2D,131,3.9423472031381945,4.000847232214658
A1SWLQMDCKOZHU,249,4.094224054302599,4.224921067739389
A1SWQMMNKJPUO4,23,4.45714657595916,4.585976743495504
A1SXDLW4FK1KU3,31,4.85346776814501,4.859723215140247
A1SXQ7KJFB140M,24,4.443951511248962,4.592471710549958
A1SXRLBHVK464Q,28,4.274951025947241,4.389513894981557
A1SYKKZAZVPDYD,20,4.020734975170971,4.253503760358587
A1SZUPMDG6BFXX,81,3.354985504167344,3.4824959212536792
A1T0754VDY5HUK,27,4.541533151306894,4.623513272747019
A1T1659UBKZAJK,26,3.2783529479073397,3.6229785961297023
A1T17BYSWE5QBE,49,3.2067965106016327,3.315735454782496
A1T17LMQABMBN5,39,4.157195776168861,4.26320383404099
A1T2DNKLHYWP80,36,4.1358443299171,4.18838639453615
A1T2UO8EON20E2,26,4.979029257373725,4.979083081098593
A1T3O2LILVK0C4,38,4.0488094379783375,4.101841354274763
A1T46ZX99UL07S,22,2.9320473795321265,3.388505692465062
A1T4AAVH0TEFTI,40,4.240526403020977,4.32056514588587
A1T4I8QONUYWS6,28,4.148903613983025,4.226495573746045
A1T4JEK323BYYO,44,4.8051408424753275,4.8160844341128755
A1T5KZ1TWXZ0AG,24,4.384279744773652,4.4576823066822815
A1T6MBYEFFG4LH,51,4.069293568234482,4.238090629688329
A1T72YCNR34IC7,20,4.960561459230567,4.960783957311231
A1T74JYTQJT33S,25,3.9772155602763535,4.324337043147149
A1T81NJLOGPL3P,20,4.232126713940395,4.301274254325368
A1T8PHSSFAM2LE,17,3.9907966939603945,4.3969628158731044
A1T95RILR29KJJ,31,3.4901540521441556,3.7273678706325137
A1T9TED6MEIF2O,22,4.691059688599534,4.697437063812851
A1T9YSDAYS097M,17,2.819146686378847,2.9807714734497517
A1TA5QYECZP1L1,383,3.2723586453725746,3.434936400710684
A1TAMMXMAYBKC7,27,4.873885255743487,4.875493712806303
A1TAWJ2PA3USVX,34,3.8557811810529037,3.9888907537027665
A1TB00M85NDDRJ,26,4.265580488235626,4.4930427733407186
A1TBCYLGKB9W7D,42,4.396032952222335,4.507838855474167
A1TBJSEZ1L7SDR,26,4.720223828878492,4.73728979778211
A1TBSKSPZHAYHG,54,4.32272984366316,4.4847485733020465
A1TCHOGTTOU5CZ,21,4.728515261238321,4.807642944219358
A1TCJD20WQYBMQ,20,2.674381755131281,3.0277426955497746
A1TCW678SUL6QL,21,3.9431524889548966,4.13697923669589
A1TDB4WCNLVPMG,17,3.1422599303741072,3.545396112751355
A1TDR1GBXXOZ06,23,4.3599108282968,4.4453925337664275
A1TE2G6QSHKMWW,31,3.8472832277427105,3.9452098721758557
A1TEFZRBR82P1V,17,4.935212654996591,4.935853695439492
A1TEMNM9ZEOLJ6,122,3.011918346649489,3.229817324992443
A1TFH5Y9I9M3YN,21,4.375444651597856,4.477407685980036
A1THNW9Y672UWG,36,3.754431567917983,3.928661099619272
A1THSBWV04YAIK,47,3.069067293677125,3.47475161412742
A1TJFB2ZAH23SY,83,4.708905181488159,4.724102452940863
A1TJIJKKN15KR9,295,2.8549609779039726,3.0603371410091573
A1TJLSSL0J0ZHA,123,2.9152570885245854,3.2268404378234026
A1TJPMB7N776WS,145,3.1964759995800707,3.3261468415064432
A1TK6R2JSC97HL,151,3.117600980253673,3.2334931930870603
A1TKEITLUQTMWB,32,0.9873264261555329,0.9876451369870812
A1TKM36EYEQNSM,74,4.053700714132386,4.121423191684824
A1TKYAYESYHIA2,22,4.667336641242986,4.755234267565301
A1TLGJO12QEQMQ,26,4.948190413909742,4.948466928377537
A1TMAVN4CEM8U8,73,4.286367297793047,4.372536897113994
A1TMGZ06IS9JYL,18,2.867900293955449,3.211070083008314
A1TMQXBTA8THPF,16,4.617458149829412,4.642843429401774
A1TN8A6PENVN8D,74,3.601188998496643,3.7284588356149433
A1TN8INXTQN040,34,4.821389915204158,4.8342199952219485
A1TNQ04EWGE8Z8,18,4.594942925487918,4.702936058176623
A1TNQJFKPC8GWS,34,3.5094222967351327,3.785046197936564
A1TO1P3NV7OAU6,200,4.023109006126476,4.117538115914185
A1TO2DECBQ942W,28,3.408972089844152,3.7022077656887804
A1TOD9XVO76865,42,4.6393984550908085,4.6691193969752005
A1TOH8S8I1VT9R,49,3.5600734012802535,3.6618654372060973
A1TOIHXSJBPPLR,24,4.861501827442302,4.863181965469835
A1TONI9A0YFOD6,44,3.5967089649871373,3.7171700882541656
A1TOYAJH9256SV,17,4.6387247470400945,4.674457424795991
A1TP2RW7KDI5AZ,20,4.329996299884497,4.402727567915764
A1TPW86OHXTXFC,241,3.874563596030301,3.9408115611792227
A1TQBEW2FVZ5MQ,21,4.309398248926919,4.436880379822465
A1TQBPDIBIWWVG,22,3.9206215565225606,4.248275645191843
A1TR16L83BEC73,18,3.8302044465769765,3.9146710735061134
A1TRVZY0ZIFY12,18,4.991900541950462,4.99190650396165
A1TS42YZMOSIHL,25,4.780811050218406,4.788648487830032
A1TS45JWJVOSSW,54,3.985261101048973,4.125060140502828
A1TT5T47AVDDBM,28,4.202122897800913,4.267218658084117
A1TT7QGOSXZKM2,37,3.3693710368902314,3.4965789256664346
A1TTN5AGHRRF2M,22,3.801896222741432,3.821211885709085
A1TU904JG5QQNY,72,4.4701143271330945,4.519671952683832
A1TU9MV9S3238V,22,4.941261660783296,4.942080118180074
A1TUC03JJKKA6O,21,3.6881412085357845,3.932849771963194
A1TUDEC66M9FO3,20,3.4648169995298788,3.8037631499088125
A1TUVJBY0X4M5O,42,1.6851624014525524,1.8901239804865244
A1TUZL12O7X1A9,73,4.678849584728117,4.742472384094093
A1TV8O1XY9HREW,18,4.455918666772367,4.5336930749790305
A1TVV2ZZ52SC1U,45,4.285534221977191,4.34840219126008
A1TW4NFRPZPXW2,22,4.752137809518434,4.832297290250078
A1TW8SVK7QJ8E5,43,4.756609571670997,4.761607557951575
A1TW9ZGRDQQZ2Y,315,2.5154311189541034,2.7589985585118817
A1TWP6OKFKS9T3,48,3.939901581396734,4.07729177219544
A1TWTULVD6F22O,56,3.799064318270776,3.8671000276030716
A1TWUKLBAUD5KS,30,3.532483121715365,3.611877116125379
A1TXLXNYOXEUAA,34,4.101601383788161,4.1560439277582475
A1TYIBVAMWU81M,19,4.310463114074813,4.499165484468763
A1TYUTCTZ9JE45,32,4.252089052704305,4.3560617791923315
A1TZ69726FLT9K,22,4.014116560188017,4.292751307250861
A1TZ6R3EX1EFWG,19,3.5509423951220684,3.882384781371377
A1TZQYIVHLYGCI,20,4.6352749178391175,4.691302622559861
A1TZY961YP1G9E,24,3.6356053727439526,3.8181395339680426
A1U06NFEEH67Q4,35,4.006026225668136,4.259991275724405
A1U09IG4057WZE,22,4.9023884888366,4.910755417956579
A1U0R7IRFZDCYF,23,4.122926679446717,4.26296397994983
A1U11PS71ML0YJ,32,4.317862211256514,4.425336425854404
A1U24HQP3WGKXT,20,4.242665090318391,4.350120648841535
A1U27RUA859702,30,3.47547262467547,3.7835541308078935
A1U2EA59VYHYXU,24,4.453122554106341,4.545552336831661
A1U2IMZ2HM6ABF,15,3.9821053834799884,4.147574950345471
A1U2OEABWO6STL,38,2.645290202170243,2.9231238158820747
A1U33P030QUSH4,48,4.177028505375687,4.31371487950274
A1U360OMVQRPUB,49,4.103628989853751,4.146920550953092
A1U3LWEEKCKHGM,24,4.549296743108692,4.616909775555135
A1U44CAKLFA7G,35,2.138512890919573,2.788837103608227
A1U49N83BPGVOH,26,3.62017567406053,3.8332077720214364
A1U4PGX0KTLQJC,17,3.981406536692878,4.164236877252797
A1U4V9XI3B7H4J,20,4.718603329022999,4.800049310891367
A1U5279S68L0XL,57,4.7268606098698465,4.7638167441557115
A1U5NWJOYH2QQH,32,4.133283107823264,4.235385653503626
A1U5OYOI3BYAGE,24,4.529859314839871,4.665035718059296
A1U6B2LDK3BUVU,68,3.0706992982718933,3.297933628763055
A1U6XPYATU9OPG,93,3.7253424371711823,3.8862398673010987
A1U7MNSDE2QYZW,30,4.80687055599098,4.862027093556514
A1U84IIWIAQ18R,20,4.464056701263124,4.494429055533303
A1U86MCXJLE57H,30,4.967706608118288,4.967872417306144
A1U88T3791C2D8,26,4.836583216669364,4.850470689806517
A1U8B0BFUSWLKN,22,4.989288068450148,4.989377244725321
A1U8B4Q4KZ99RI,25,4.629852244435164,4.650598053747698
A1U9DBA04UMBDN,25,3.777876742677787,3.878856906109673
A1U9G06KOZ8SBE,23,3.667050493215855,3.7744661674835727
A1U9S3VJ0VMPBV,37,4.770213668933425,4.786413937904676
A1U9W8URF8MVW1,24,4.024640428961237,4.367816959140783
A1U9ZD4AZ5FNIT,27,4.079415441324869,4.239853626910625
A1UA9EWZESW0DW,18,4.583413929482676,4.608092873648545
A1UAFCOM8DLCDU,25,2.854824299184594,3.143354956327471
A1UAMPHJLZW38V,30,2.691782769750551,3.0578506681897486
A1UDAYARKNHIZI,24,4.9028309163006,4.910499754798705
A1UDX2PT3Q86EN,20,4.670527419211359,4.691549351956918
A1UE1HIVZPHB2A,16,4.437292090429871,4.544161473256949
A1UEIAIRVH070I,50,4.045963131636959,4.28386311836035
A1UEQ4RFJBMGYJ,34,4.496573678550263,4.520836813213431
A1UEW0GN2JOK5B,17,3.7985040444755724,3.874002144119721
A1UF75S2SG846N,42,3.1206187286263427,3.3865803516601583
A1UF83K68QNBXG,37,3.7930734069356418,3.987226888839209
A1UFEIMITARYH0,21,4.210616631272445,4.324875515356146
A1UFV4HALV2OXW,75,4.529427161027984,4.551767965981346
A1UFY2YWV81UZB,43,3.96112133936561,4.0497533118463895
A1UGKTZ5611JHQ,46,3.860188973639603,4.009832110761936
A1UGZHQTX5GOPQ,39,4.258288975990725,4.327329566111921
A1UHLXLT031G6W,38,4.349614976849657,4.393325118503631
A1UHOFXKMT7DPW,25,4.357627585535418,4.457634455253891
A1UHV0T152J92N,23,3.9522141012909,4.138886498520537
A1UI1DY6CPWHY5,68,3.377676564115021,3.5629721000924297
A1UIOMPBKE4FZW,23,4.2811608724138015,4.493205682663843
A1UIUIOHOHHX2X,20,3.8721527936625706,4.073970624617664
A1UJPR7G1TX5D,18,3.92791533454747,4.137999169791281
A1UJR4T1DAC8BI,28,4.410734793850152,4.450507969140771
A1UJV4Y9IHNVXQ,21,3.6541835304438375,3.83533150489652
A1UKF4Z5ZHR751,24,4.184599406967898,4.278783188126719
A1UKLVVCX2NNU9,43,4.394505531111006,4.556987141205273
A1UKWX15S9SY1U,22,4.531752623289857,4.558734744326067
A1UL0FO9AGP4LS,35,3.8343829417504676,3.996374332791107
A1ULAVYI0FQB,20,4.4658522132678415,4.532769119239568
A1ULDQ0JVRSG16,19,4.686070029677488,4.771621921196908
A1UMNS2ZZMUKK8,23,4.7066643557060575,4.719450699000352
A1UNJ46NSB352E,47,3.9551254023414315,4.132451689122992
A1UNWUVI58VECE,20,4.028863714674264,4.065153158185495
A1UODWQ2K6DFXT,20,4.549490484869595,4.702024741843585
A1UOW96N3ADIRS,22,3.6641380389167044,3.7639675203168803
A1UP3WOGJ3UI7X,37,4.670397142773175,4.703659040076655
A1UP98ZHDA1GCE,21,4.083294905270872,4.169458612248981
A1UPTW1ZN3ZXLX,17,4.448597646030985,4.554718953811715
A1UQOH76AVX8CC,18,3.4285687930598203,3.528369219866297
A1UQPBT8ITH6R2,22,4.350421681915995,4.397911456329148
A1UR5MKC2VCJ9F,29,4.190991531830987,4.233474338111891
A1UREZ3YUK9ZB8,76,3.3952762374860384,3.6486271513526707
A1URPLR8P1XMXI,33,4.938004025491234,4.938433676917068
A1US2OIU4HBXQI,18,4.559348442346217,4.609405494080604
A1USBZ428WB33F,22,4.929516297070166,4.929847969957075
A1USPP905E1QX4,26,3.845068396356862,4.025937415957192
A1USQIVU62MUC0,20,4.311378504928577,4.381970336636946
A1USX2AHE53K12,53,2.9690488970063846,3.3051330961596874
A1UT41PQ3CMBKP,20,4.913733175738294,4.918353603223309
A1UU3B8OK21OP,20,4.819557540279473,4.830048647541428
A1UUC7JTSBUGWG,21,4.233571589579503,4.397700178732473
A1UUJVQZOMYI9F,36,4.266313444582901,4.3788720296660015
A1UUQYDMJCUFCY,27,3.9762513618507995,4.2276290896267845
A1UUTZ3CJM9UZT,28,4.3607434218347,4.444992471213309
A1UVHS2BTNZLKJ,26,4.97755529575887,4.977598635736344
A1UVKA2ZQD2C8Z,26,4.1676101712541,4.411757082234655
A1UVXHRX1E8FJZ,33,4.795328733431358,4.811864163850567
A1UW06VXAS8A75,16,4.3181451309879835,4.386328053189269
A1UW4R3WHWDTBP,35,3.618984008257698,3.6947223246903995
A1UWH2Z3QHI8LX,38,4.665601181802105,4.701103293363942
A1UWMOFWP3NTF8,70,3.3382476853732963,3.496871941402573
A1UX9U118WJFJ2,30,4.4804014931617555,4.595129425746707
A1UYMYC34CXB42,21,3.292543482786756,3.5319735964482057
A1UYR8SN4A3TG4,21,3.1737275084616194,3.4311122680778166
A1UZN58UQCK1QM,29,3.835801601725351,3.899160412327468
A1V0TDDAKM4T63,38,4.317662635987985,4.386155984749556
A1V0ZYOGCZOE9X,19,3.77546956090533,4.14622535886269
A1V176RDEFNDXO,53,3.791202746838572,3.958497369798967
A1V1JZQ5D44CBG,68,3.8409072635038806,3.8710279281382167
A1V1NUST6DYG7F,31,2.6009887873108566,2.807853240715747
A1V2542L08YPYC,19,1.8270534124533369,2.2935827742924486
A1V2TIPBEEMMDS,33,3.0742678643019397,3.2407326019766685
A1V3IO23FZFF9L,162,2.7655331203660634,2.9827140130356913
A1V3TRGWOMA8LC,115,2.7050559939179304,3.03034232508691
A1V46Q1BL0WKAU,17,3.6565729520795025,3.891205848061997
A1V4F0QIO7JSWH,21,4.438794884241077,4.518076116892157
A1V51M8M216Y69,33,4.285311373159548,4.376265714387137
A1V5E2LYHO5EO4,18,4.749688625488194,4.7672665396674745
A1V5TJ5RECY498,30,4.332037270355966,4.447647089692097
A1V61UQIV008X3,23,4.998201377524402,4.998201704517143
A1V63LD616VAO3,18,4.831309785965127,4.841572475780029
A1V648F568FS9Z,20,3.9638305139653207,4.261980547794423
A1V663MYG156B2,20,4.5268009247890095,4.5717681894486875
A1V666Y9QXUUWP,53,3.668285174019614,3.8277391299424712
A1V666YHS42UK3,32,2.620487647944285,2.6727184638036605
A1V68CETC0BXV7,53,4.000074368257309,4.080210069723873
A1V695PU0NJW3P,50,4.125751048111741,4.218146841722499
A1V6D5EBCX1T1S,24,4.347950913565726,4.476907151290322
A1V7JA3W5T6E5K,20,3.569119995395242,3.7324380035800733
A1V7SMBLM223EX,23,3.8374691810501376,3.995863605718979
A1V87U0OE94UWQ,22,3.741779226265743,3.9570701433682354
A1V8AT1PLLYSC7,38,4.470507953941049,4.522008566884777
A1V8GY9ERC5T70,21,3.424525195235261,3.636403809205075
A1V8T8HC23ISKH,21,3.9010314940482353,4.027813559002833
A1V9H8B9L9S0H5,18,3.3887145850213525,3.4335333776826826
A1VABWDOUQLULZ,75,3.222018958612727,3.3794819323254104
A1VANK6OJIUJQ9,20,4.3470830968694125,4.463099320193428
A1VAU4V7HOE90T,188,4.16244794141241,4.255086126727343
A1VBKFN3E96JCV,22,3.164788646063947,3.3402820978127736
A1VBWYIOZQQIDQ,20,4.720824983047143,4.738382059450203
A1VBYS3G8NQUY1,28,4.200944438542014,4.263835106024669
A1VCLTAGM5RLND,169,4.133056975594977,4.297045008416768
A1VCOD4HLIDN0Q,32,4.477696820430546,4.572048334320418
A1VCPMT1RRS7K0,42,3.671244380323163,3.8258394872885892
A1VCU222WOHH6J,24,4.142419967203195,4.205426030951627
A1VD9ZTCVUURVT,53,3.8422731594487103,3.8673838864420556
A1VDP96YSG1TTR,14,4.211065307084403,4.247895869915438
A1VDXE2UOLGW0P,46,4.78201955694061,4.798854252245218
A1VE6X18O9WMGA,21,3.9053349789647673,4.068793457325292
A1VEKMVQAU3D4I,45,3.8313283502464546,4.108390948904816
A1VELHQ41OR1WX,23,4.098352992858875,4.152886066493511
A1VENLQNVVVQTS,31,3.676489693805929,3.901902218282562
A1VESKY30NAXWK,22,4.698924465660133,4.723162212575595
A1VF0102Z9VITO,85,3.276462607982645,3.4110872275646207
A1VF4BV5ONRSL6,44,4.7280654950367,4.758475866663832
A1VF5LN6SHFVFJ,21,4.734284702509477,4.81257115121182
A1VFCX7D378LXO,30,4.111547089306596,4.346846667034184
A1VFDEXH0YR7SF,27,4.005227392241419,4.217006236982178
A1VGVMUOI5FHTE,19,3.1487549446251184,3.2398136949202394
A1VH67BZ2LBWID,36,4.178877888305304,4.264051952981313
A1VH6QWC6JZRAC,27,4.039490582263877,4.182125315979983
A1VHBYHV0561A3,21,4.7873105413337695,4.791137312173932
A1VHK9A4VLJTHC,71,3.2700556671339998,3.431173093759443
A1VHLFIZDBP8LG,21,4.164571091217046,4.2243154655324755
A1VIZFPC5FDDI5,45,4.451942796565997,4.478290539263774
A1VJ4D9J9NUUYI,45,4.931659040473993,4.931946457522116
A1VJ7HYM1EC94M,47,4.444582811896835,4.497650712700034
A1VJCNVYA2YGAK,18,4.97326835956782,4.97335263842986
A1VJGE00T3DY61,17,4.944280491146632,4.944484635849508
A1VK22JLEHMMY8,22,4.95828259794306,4.958487048275014
A1VKESFP69TQNC,39,4.072802207532302,4.131079296059142
A1VKEVP3GO1G9R,21,2.303189761522374,2.659704806695242
A1VKK4LWC2ELIU,22,4.934737633789159,4.935078138954097
A1VKQGSAPBDMXD,26,4.88624235085364,4.887024737058225
A1VKS4ZTOJR3FX,23,4.583159889288939,4.626953439754925
A1VLALJZC3VSG4,18,3.2989420385380974,3.693620059867754
A1VLK3ZGA3Z9CL,26,4.130735254694827,4.175863474622539
A1VLWVR79FQVBO,22,4.927029245805911,4.927641800760292
A1VLZTJ7C7L732,37,3.974066067534428,4.147695309536444
A1VM6XDJYUGJSL,20,4.119189857415453,4.22852226873046
A1VN47JVOTGYVV,21,2.8366728187441246,3.175813564884174
A1VNDQQAHCRC9B,26,3.4676772814174535,3.7310756538978205
A1VNUD4PFNJZM2,34,3.783669721159246,3.948608448642
A1VNUU48CSSRSY,27,4.1586581960245965,4.308672835704454
A1VO3U31SAR5NB,19,4.321623027812336,4.373876502842934
A1VOTDXLN2MO5X,20,4.584790271817661,4.662207317619393
A1VP6NJPWF7IGV,26,4.637608304904625,4.659369076745759
A1VPNWK3IUF0KB,64,3.4044968817138344,3.5575739300109808
A1VPQYWNV3ZBUL,19,3.430053463834683,3.771131264962846
A1VPULYV32TYLT,21,3.97637578656884,4.061274965515202
A1VRD8L02M7BQJ,24,4.548257217983157,4.584156130480506
A1VRLWEW4O26HA,33,4.212301416736148,4.325773947510938
A1VRVXZLWD2DPE,27,4.818032303090373,4.821142230893386
A1VRZQZBK4YVH9,43,2.725640399627867,3.1230756390071583
A1VSPB2KX0TX06,21,4.92523598253934,4.9256686785915385
A1VT2UXULSVLVC,35,4.40582362531981,4.495435401630978
A1VT85T58KA246,30,4.338559508934845,4.374104377191028
A1VTBHV2A7V5CG,17,4.685900240964913,4.733081372307412
A1VTFZ4K6CNNN5,55,4.2994347663868675,4.356321159491553
A1VTHUZIN04QQW,31,3.7304418520473326,3.913416486764724
A1VTIQMM5L2ZK9,53,4.272033603947003,4.351114941227642
A1VTV7GXWSGJ3E,26,3.782172055865552,3.894543108956815
A1VUA80DLZGWIP,30,3.4028231565760545,3.5871223094106437
A1VUEMPC6V9B3X,18,3.4289349475795365,3.5866221966012333
A1VUIDYSKILDHT,20,3.3182926977901204,3.5710636455205558
A1VVOHRZXFSITK,66,3.920535745904734,4.247401100566183
A1VVRE6L15FAKL,37,2.6316735121794257,3.099412610717346
A1VVVV1Q6VDRUR,53,4.737444509724639,4.759716527334585
A1VW4ZBXKEYTZ9,25,2.788076116610174,3.0732252734342294
A1VXEL8R0NFPJE,55,3.707380872097041,3.8411098999646622
A1VXUBSENNXHNC,18,3.025892209987581,3.385507089000254
A1VZ0ANWLEAPEB,21,4.476854915961705,4.602673990004123
A1VZ0SF3WGAHIY,43,3.6150963316351326,3.6850547399015783
A1VZLLDNLURGJB,109,3.830687679836578,3.929740632295367
A1VZN2BQRR11CK,17,3.5526007644819315,3.745217619916118
A1W00KVU8VU6ZG,34,3.276094663845611,3.4396481092774707
A1W0FX1NGR3OFZ,32,3.3423465626872826,3.54777502827884
A1W0ODR0SK9H4R,21,4.509132425526273,4.568881886107809
A1W11AZMA4WON0,20,3.2820344620666972,3.4800581384712954
A1W131ZP075B7D,25,3.863316853967733,4.143562464256438
A1W1ONKNMIHP99,19,4.133756715887208,4.190647406859236
A1W27Y4A98OZ5O,19,3.3281068580536646,3.386744501433573
A1W2HGC3TJH8KQ,34,4.817018762152885,4.840693410393749
A1W2J2WFJLU2I,20,3.473317012946951,3.6895839194359685
A1W2JAZXUVWUBZ,18,4.661692365197748,4.749042916971737
A1W2NS6QC29RZM,26,4.461094711793812,4.540523273139321
A1W31ZPTV5OMGZ,59,4.371168473586572,4.4039782324272805
A1W3FS1C2H4RCV,25,4.028375747021913,4.169918986038965
A1W3Q9E2QY16GF,30,4.489829961142571,4.626616626229022
A1W415JP5WEAJK,24,4.390664532286437,4.43677886009868
A1W45HIJSPH62I,20,3.60979910562896,3.8393339954332126
A1W4WPEKE3SKAH,26,4.257194915084718,4.359093746200203
A1W4Z3QXMJ0UJ2,38,4.137330340027574,4.231851944742925
A1W54XF7TPQ8SF,19,4.0455953435775385,4.130216295984163
A1W59LBXOHFY7K,28,4.563114457620243,4.679603070392728
A1W5C74LMU4JTS,35,4.598965863194948,4.629543456109041
A1W5C8RF1JMBYH,22,2.653147832013469,2.864911546975291
A1W5CNXP4PTS8K,24,3.6041111977313185,4.011561912229953
A1W5GG6K8WEDY1,63,4.863575304268662,4.865729787272267
A1W5RCBRSEDI1V,36,4.141446347655009,4.180445125227568
A1W5RUAJRI8ZD3,113,3.826316425640798,3.926588185382079
A1W5U6443BKM84,44,4.2710516604243,4.369288224679229
A1W5VA2EROX7XU,24,4.857012898333738,4.8595511290603355
A1W661TC1P6VQI,32,3.277106873889918,3.5198163131348412
A1W67810BRQSDO,20,3.588803972020788,3.8247583986889007
A1W67FO0GE6NMG,19,3.9895764147925092,4.0284910985713775
A1W6AC0JPMNI4E,21,3.4433955921628505,3.88022803112775
A1W702WG1LC6R3,162,3.4198251210228685,3.474814542497888
A1W790W8B1UIYX,15,4.173548265719544,4.292838213159531
A1W7E4B1OLU3VH,17,2.5723838633303693,2.7054184539999726
A1W7EVQZE219Y,21,4.978303972557097,4.978331230476293
A1W7N3EWY7CX8H,42,4.558622658845899,4.605574230019642
A1W7XOQEFCMZ1Y,22,4.345987590643226,4.472739809574825
A1W81WBRSGIA8L,21,3.900131653657514,4.105784642138658
A1W8H4XMJUOGCJ,21,3.1322319050787804,3.355495354020769
A1W8KACWQ7BCRK,25,4.3608229390136355,4.452937944120894
A1W8QNUHI4U2FQ,23,4.373669346531747,4.537297546799603
A1W91C3J6HFLAE,20,4.639243008007088,4.671130478342662
A1W98Q4MZK80VA,55,3.539439038600358,3.7788239374188706
A1W9JB3KRSDEQD,54,4.1723481652075405,4.348540795378185
A1W9QAR7P545IC,18,4.452499968721998,4.497391890871467
A1WB3MLM48TWTW,15,4.360038362076399,4.418811991393144
A1WB5NZYY5XR8A,26,3.6117948768412855,3.758610232082273
A1WBNGEESYXFZZ,19,4.790317757733564,4.79769670179003
A1WC70JT42H0FY,49,3.8977490917692528,4.035287380213278
A1WD8PRZ5VQCS0,18,4.52729783836975,4.633068140488426
A1WDML31IUGE1Z,19,3.4174097422979717,3.620518133233786
A1WDQ4J8I0RGQZ,62,3.4820465043685354,3.709303141354215
A1WE46O7KQWSTJ,33,3.09454653179699,3.2187220082260013
A1WEHJG963TAGN,19,3.9262297065032685,4.052308994832978
A1WEJH8YFQD9YA,36,4.380307886904969,4.566935978906972
A1WEQ5QS0ZQL1X,22,4.275872006614377,4.422267185780835
A1WES5H9O1YGD3,27,4.132625269865092,4.183426464204724
A1WF0YBYTI6ZAZ,38,3.9014943550298473,4.045308923610215
A1WFEHAV42HTM5,28,3.5060853001938197,3.634541760682742
A1WG09L61VA9NN,19,4.988103388623816,4.988106811938842
A1WG543QAC3UII,45,4.51175857404456,4.607366323676828
A1WG9XOD4NC69C,26,4.410441638562524,4.471619702313088
A1WGF3DAX2WUV0,22,3.13444670392973,3.2954189075044953
A1WGJJVQD683WF,26,4.644391923463389,4.701692541657361
A1WH44RZ7L3CV1,31,4.319804295740745,4.398072652500659
A1WIFTKTYK97FU,15,4.520021706334665,4.67665850334368
A1WIH0QX1MSXJZ,17,4.58784222552108,4.629189919613948
A1WJ49M8IJ0C97,26,4.852129929406387,4.885928465118417
A1WJ9UJPL7DR16,20,4.868724883559585,4.8777587886567195
A1WJQGN2TWZHSU,36,4.934677473597375,4.937528969881912
A1WK41KVPNDWUF,38,3.3159152360593738,3.410921124505191
A1WK8A9S73T3J0,21,3.4054178823902297,3.7200358007480228
A1WKP6CCA76DL7,26,4.367400151493777,4.487813380220653
A1WL2EKE4TAEJP,19,4.0623420470358464,4.1730086694084925
A1WLORR0TC1NN5,31,4.970384776931171,4.9705726250485025
A1WLZYEOIL1HLT,24,4.906492471508803,4.914448077684016
A1WM8RM3H3MW0J,25,3.0195100379304165,3.3862499489504807
A1WN0BY551YN8Y,45,4.953965019773524,4.9563731939758915
A1WNQYYCWFUDTZ,19,3.583912600109032,3.7697535599766083
A1WO2FSLV6DL6X,18,3.4885790364009206,3.6489950608772688
A1WO8R8KD6YOQ2,18,4.589226345936063,4.625983850745061
A1WOFFWF8UYPJ2,23,3.0541944959851093,3.2866644323483376
A1WOSJEYV48BGH,26,4.183126472984644,4.300783026226872
A1WP8IXH2DSHI9,18,4.932614998282937,4.932819903640853
A1WQM564J3V3P2,19,3.39252212985588,3.783221357455014
A1WQNBG0RY9GU3,26,4.360655806384205,4.538454583078752
A1WR12AC35R3K6,32,4.434922264636414,4.518027950755556
A1WRJI2WIGAVCB,39,4.059968835434055,4.118042729063763
A1WRXACOKPITBQ,24,3.2179633556361025,3.5661352480869697
A1WS44YSPPM44F,16,4.387362867505008,4.41261994391613
A1WSFHRBY2ZD1R,39,4.552591121091907,4.646177398041273
A1WSUBZEB2WGBM,47,3.6980114185616224,3.83858564600477
A1WTP99BOA0PGA,64,4.237438859550423,4.369842418687729
A1WTYK0O1I81Y8,20,2.4417958149422097,2.703926810506527
A1WU7YMHX6U0DA,40,4.520963941955899,4.580179688084202
A1WUMTJOASEL5F,130,3.735070288609711,3.9154172360069
A1WVA7V02PQOY6,111,4.508882620812747,4.539994207432419
A1WVGB7T5KB2L8,81,4.504781390937824,4.560849305681996
A1WW1RP49DJVAU,19,4.437387873537515,4.503081969716497
A1WWHO8B64HCLN,22,4.534075482195065,4.57059871128245
A1WX42M589VAMQ,22,4.197670046701523,4.262088886035958
A1WXKAKSAQD2YH,37,3.490359923599114,3.757769033312007
A1WXO1LU9O7Q2O,44,4.657088992410924,4.718880315986207
A1WY5AOU4OKMAM,31,4.976245526741291,4.976301622813402
A1WYENJ1QI2S7I,22,4.127667181818385,4.3082415922115755
A1WYIDGR8ZG21X,16,4.216803144756211,4.352210274569902
A1WYIFP0KRDB3V,23,4.899353245444734,4.901935303850245
A1WZ9BKCXFZ2SS,29,4.853798425623475,4.86099931241179
A1WZA1X8TBUVOT,40,3.359190975341371,3.4433521986206843
A1WZI4N6V5F0EC,17,4.726499680361884,4.758222627653173
A1WZIOLKDYENXZ,29,4.421946620760198,4.484109970648082
A1WZPI6GNHP34Q,21,4.712157489486573,4.793723231691226
A1X054KUYG5V,456,2.6257600792973355,2.7928923553292098
A1X08P00UFEEBU,24,4.654266495358992,4.683721550909761
A1X0ALSCMNREP9,22,2.443112378027108,2.699508383986997
A1X0RAIKUE5UN0,45,3.3041086566217506,3.393808173293646
A1X12F0KC8GY6M,29,3.358558568263603,3.5238759504800483
A1X15AQVSCKKRG,49,4.280637413602251,4.3925581376362075
A1X1CEGHTHMBL1,245,3.4839081473828846,3.686662482329837
A1X1HUIZWIGK3D,31,3.8063994047610223,4.0257780928452425
A1X1P3213WSDAU,21,4.162397848858339,4.292072004938357
A1X1YFOGWL8L6P,20,4.219602834795903,4.337625823832462
A1X243395TKXEQ,24,4.968399013350587,4.968482011950126
A1X28NWPDMTDG7,38,2.939582818264778,3.148486617896688
A1X2RLL308LP6Y,46,4.7207833718109615,4.729481527024426
A1X2WWMYJ962MX,28,4.4476817424460515,4.496266862368045
A1X3GHUIYI9XMJ,27,3.7238612403898554,4.074059822755338
A1X486UGXAMLE0,19,4.572341317982789,4.689396860410864
A1X4P6CN08U57A,29,4.300078009876736,4.366587115791955
A1X52EN7YLJPD5,23,3.8415140059528254,4.007359656357909
A1X5I1LZBOKLP8,17,2.781368016051655,3.0498466887493616
A1X5K5AFPF2LNJ,21,3.909848548180233,4.104096997410291
A1X5NZ25HFISZX,20,4.628292097934728,4.684777906268479
A1X5SHBAAHF3LS,45,3.4064761606256906,3.7506871603916925
A1X6M6IINHDSRC,23,4.127041024201224,4.169118659973682
A1X6NPS275ZGKS,24,4.920761331778485,4.925943915823013
A1X6WS9PPQC3GI,43,4.389521996717711,4.585947859088963
A1X6YAT5B6YA8P,20,2.1351762233616727,2.589044246865946
A1X7FS1H4R02W1,41,4.142832904453958,4.17945530195916
A1X7GHP8KRATS0,22,4.8695147030315535,4.8713572117764565
A1X7T3M5LXNAP4,44,4.719465134754262,4.794006908446956
A1X7X8KB9NXPAA,25,4.225636457489105,4.445284791031399
A1X87QE33VHOSW,19,4.702365287507894,4.7849237322514595
A1X8AZTUYEXSXD,33,3.446572468991366,3.7930584100667453
A1X92IZHY7Y14A,23,4.5187185514992105,4.572422529465472
A1X93ES4DITTWK,25,2.4973844271385355,2.8439074455389104
A1X9EN9OJ9AD5,20,3.083118319609503,3.4161494601615146
A1X9G1F9IJMFX4,20,4.67447603487946,4.697682813691571
A1X9JNM3I0JH3B,25,4.325039770647429,4.377907808269666
A1XA5RVUJQ2OQA,31,4.642779852943175,4.661150411431064
A1XAPRM0OO15SO,41,3.961052694141462,4.1389063285003145
A1XAQQ9CBNWV3E,37,4.241680337453579,4.310058144046907
A1XAR44IW48IEK,20,2.9478750098945814,3.4328534152980263
A1XAT06V5QWL86,28,3.699718458097073,3.79247402968579
A1XBLFPLF0Y1N9,19,4.305246952210214,4.506773202348383
A1XC3VVAPY4SCJ,24,4.476149107099421,4.499900359017494
A1XCVEFKQHYL90,21,3.9737329285025993,4.166451330848172
A1XDWZ63IP3IZ9,28,4.609534490864859,4.639332997213206
A1XDZTS5FCHVS5,27,3.4754133262969336,3.6227919732241745
A1XEFHQZP8Y35W,18,4.14116431051119,4.3111378389637505
A1XFCGDWAAZ0OU,25,3.9706006609352302,4.10805857422067
A1XFH6JY55XXCE,20,4.55384922873095,4.615960570770492
A1XFNWGTPMG1AE,27,4.2380218573433,4.362462843844831
A1XFSE5YU4JE0E,39,3.6421109742272995,3.8544538173675544
A1XG1B1MBH7LV3,21,4.032850732228391,4.1597701861210865
A1XG4C74H1ZUW7,21,4.703223075626654,4.724536820668499
A1XGOW1AYKE56S,21,4.96973205843508,4.9697898319100915
A1XHM3TFHJD8EW,26,4.12680428926769,4.2256348612526935
A1XHNL7FSH4U1U,20,4.926780562033574,4.927738085614436
A1XI2D51AYA7F0,25,4.967208101817391,4.96729607128177
A1XIQMYF4XWPH1,22,4.886699540717751,4.88770007448669
A1XIV0LPO8CNLI,21,3.8444706031640767,3.908488413515267
A1XJ16ZJ0OT2VJ,24,4.476370498977352,4.508289464585356
A1XJ46TTMNYECU,16,2.4848808898521173,2.9745334710442557
A1XJLAA4MXSDQ3,17,4.873025021073997,4.883623369125242
A1XJOSJN6FHFO0,33,4.794915461960873,4.8027650227565415
A1XJR789UD8Y07,17,4.027864217012272,4.178925757578568
A1XJWXF9LDFSL0,27,4.44375216409329,4.522899031391362
A1XJYEOANLNAYG,25,4.748919483212096,4.771120327951547
A1XKTW28M6X5Y9,18,3.311992856921653,3.486832831630639
A1XLDOOU0VUCGM,19,4.916194318329481,4.920975240029132
A1XMHK9HN5MW2H,102,3.5486538695353556,3.7613444718737097
A1XN17U10CP78X,20,4.804601634404679,4.818698243865905
A1XN2ORFU4W0SY,36,4.773371090789847,4.780126538174347
A1XN6MBYDBTX16,62,4.800335991416426,4.803469058341762
A1XOAWH42QK71Q,20,3.132987094024462,3.410055229078785
A1XOIEYW7GZUFM,16,4.415473866395322,4.457993163235628
A1XOIK660PN5AQ,33,3.895907348058341,4.103880115117721
A1XOZW9A8TL7JY,41,3.86918492984318,3.9082942537021896
A1XPUHBMSKN2B9,18,4.549803151224327,4.576945206209183
A1XQHRKVMW21QJ,20,3.883099569083984,3.957589467095892
A1XQVED2NX33TN,22,4.4683429470113465,4.512904935961502
A1XQYIMS15N2VI,25,4.132337309485993,4.249161515974239
A1XRYTTY66KNO2,44,4.77825701570339,4.787052556252349
A1XS60V1ZOIK03,140,4.226082864011906,4.338281777225858
A1XSMD515PNSK6,25,4.953364207392654,4.95364891137187
A1XSXUBCNFIM3W,24,4.408873438846409,4.502907823155719
A1XT8AJB7S9JJG,645,2.1018376872567135,2.3241922065652676
A1XU2VGHMZEHG4,30,3.3425859984339996,3.5415419928544503
A1XV95ID4PBQSH,39,4.9561827520195205,4.956954737909212
A1XVY7QFMOFD3V,23,3.78890476634525,3.974689654046429
A1XW1ZXKZ3DQEK,22,4.321173487371308,4.468910819996976
A1XWFC2CF0W3H0,66,3.9860619305542753,4.219816084579342
A1XX1KKXH9W7I7,28,3.6999036714080336,3.9315058292099976
A1XX33QKV67SI8,36,4.402316256368315,4.57809643869779
A1XX5797TIZT5Q,79,3.499101815084922,3.748337565831669
A1XX7ZG1DI7E39,43,4.183583566330117,4.3306005817685636
A1XXBVRRNGBG5Y,32,3.773159655031165,3.91386563893882
A1XXFXNL0TDS5X,20,4.425981898761394,4.541574499713909
A1XXMNLOLKNO0I,58,3.983621698208454,4.115929844242654
A1XY4SJ7LBLVLX,25,4.774462420789187,4.7967703906500345
A1XZ4EAIC71NZV,43,3.631387416266108,3.8509958596131195
A1XZDIWWE0FRHM,32,4.963128134506856,4.96624281793773
A1XZJ32DJS8YV2,46,3.9217542008685826,3.9895335076193166
A1XZJAK9FLFSQL,49,3.20043719431984,3.4792609020618754
A1Y09QLADQYQJG,227,4.38579172557114,4.438920619445393
A1Y0HX12MCT6OR,61,2.3886185562835904,2.6935217379053613
A1Y19SOGNP3CQO,73,4.1173727413133605,4.231896933586199
A1Y1UDSR8B837S,20,4.750299847541885,4.767727594004158
A1Y1YRO74S6ELA,24,3.556790809081271,3.9026236924690063
A1Y2GZGBMICFG8,18,3.8224777398481424,3.9842945611745204
A1Y2U096W9HFCZ,18,4.015082146408863,4.048607394710937
A1Y2UGUCT44QH2,27,3.3690460086256993,3.724850960272458
A1Y34LIL1KXYQB,20,4.347012321172046,4.476421891593625
A1Y34Q15XST3I8,19,4.668685065707211,4.705793950490826
A1Y3A4QU28JMFO,18,4.517128486345804,4.619318939746091
A1Y4K7C1RL10W6,17,4.637194339558901,4.736455470939363
A1Y4RN9RIK6IBR,22,3.583271923721432,3.79052281874171
A1Y4YG58UEN3HJ,27,3.2412217940827865,3.3583361866888626
A1Y5CJ0FLV1787,29,3.5687803790762214,3.735218330097187
A1Y5LUJZ8879PP,28,4.002221644423034,4.085130209450221
A1Y5RYRM4AFUKC,24,3.544290249172819,3.8291480591634306
A1Y78WGTPIN9YV,37,4.232866123305712,4.283037560598595
A1Y8FBJLVK6LS9,26,4.441639012696732,4.555444399690843
A1Y8TGXPPVOF1M,28,3.9773794193418865,4.0468756574839215
A1Y8ZKREULPFRJ,17,4.985345205513728,4.985381297002781
A1Y9TRKI0SXN9U,17,2.0855301872369267,2.7027762419086767
A1YAUOVZ06MITU,27,4.346899168747155,4.383563170022482
A1YB29BIDULEYE,55,3.981709346273859,4.041701732330362
A1YB92TD0LPGSV,31,4.51172225076357,4.602490619425196
A1YBV676RXNE02,17,4.461884225085754,4.515569414990853
A1YC9XEDFKXPLK,45,4.117264075819386,4.177432693264966
A1YCW7P7M44W4T,40,4.066440169354737,4.213859946680403
A1YDQEVBW8WLS9,29,4.7946133381799845,4.849467453315435
A1YE7K1URMJ1Z2,32,4.519506053332304,4.579731122287573
A1YEP749YW7MRH,19,4.567115026775329,4.578811627741296
A1YEURWYFKQC5X,31,3.539895451936734,3.8004452561129325
A1YF39ESGHGM4C,21,3.939142934285087,3.974915165849388
A1YF43T1MG74PM,57,4.115400930282728,4.35090501330413
A1YF6OX7EBBHQO,27,4.397060796409286,4.452623608993056
A1YFEYES0KTNXW,16,3.4499160645382707,3.692605155291557
A1YG1C4CLS10VE,18,3.7166597372715455,3.9402066947179475
A1YGHW8VZ3GPRV,20,4.388196117248968,4.483105824420914
A1YGL5TTRERN3B,23,4.928456409249589,4.9292820144967235
A1YHDI4BLS9L38,23,4.866650424403514,4.874744498588446
A1YHKSTVSYEYTU,43,3.476696990422563,3.580494988327285
A1YHOUOOQW6BLF,22,3.8291672636486593,3.9763029243372134
A1YHQ1JWEJK6BI,18,3.7155029338221652,3.9137091702310216
A1YHYWSQKVUNOR,23,4.787749562323893,4.823945999110677
A1YI1CILAWF1A4,17,4.334185665358397,4.428032351360152
A1YIWDKM1292L4,26,3.8833860082882774,4.027838127236035
A1YIYS3J7EQ3F8,26,3.8021240531475966,3.8392614303980226
A1YJ2M23KYI2X7,19,3.8226901979888592,4.09319023839813
A1YJB0V4X4P4MW,22,4.227277421933547,4.472771580528797
A1YKXMAZGWWMC9,22,4.818380060471124,4.823115020100643
A1YLBLGW4BTSMC,17,3.934648868934773,3.935264554223043
A1YLU5RV7GLQ3L,19,4.876786891623583,4.881533804142349
A1YMI8XE1F7QYD,29,4.596356419605246,4.679826758676156
A1YMPN984KO6N1,85,4.786368233686774,4.788359942337818
A1YMUJ9DW4Z2XC,31,4.120255637264409,4.326031119151535
A1YNGDGQ4FS3EN,29,4.976010367564889,4.976068411609849
A1YNY07W406ADN,35,4.385854647868552,4.522816472065592
A1YNYJP5XC1MUC,19,4.189445009104145,4.365661955480725
A1YO38P4WUOA3Q,49,4.358639275709045,4.433065703447208
A1YOO43BF7D2GN,22,3.7623172246059626,3.8678451297125567
A1YPKKJJA53OXA,20,4.950845136790258,4.951468278801591
A1YPOSCA9T0ZI0,33,4.812787759567005,4.820994836148213
A1YPVVTF19HPCT,33,4.603862545027434,4.659753598648627
A1YQ3ZOH3R8NFE,30,4.565949372423394,4.585942501497916
A1YQ6QB2127AJ4,113,3.8357443510475537,3.9274599022408982
A1YQB7CGVMX3D8,33,4.113648152355119,4.263564729040208
A1YQO8UHPVPMRU,32,4.194417010503315,4.283508888860893
A1YR2NVN23DVQE,17,4.453352712561987,4.635702929109728
A1YSCOKXIHPFC,32,4.363364804142548,4.427674258934197
A1YT006K60SRXN,17,4.1805610121919745,4.240335446798339
A1YTCY4VRPTHF0,18,4.013503995449627,4.020928802632498
A1YTL9WBID11TZ,27,3.9504910694586934,3.950570040971693
A1YTRGYYETMB2N,25,3.467690398712811,3.6905969054607968
A1YU3YX3VLGTZC,19,3.458343975538026,3.6870709200661524
A1YUBY4IO8EGYN,29,3.8308946571500573,4.052513066207053
A1YVDY3TISDRE1,55,3.5838668150089785,3.6594080662546373
A1YVJXBTWHGU9C,28,3.525492844267888,3.6534566622390874
A1YW5BANL8O86B,18,4.351039432033907,4.43934142453229
A1YW6FBNPZH1Y2,26,4.749468209105443,4.757973052729791
A1YWA9YV80SYGB,23,4.327845501720141,4.537697960557836
A1YWRVA5RUQC4L,26,4.855123351451335,4.856343243280386
A1YWUPCT83WY48,29,4.202883892966392,4.333324670801372
A1YX5DX1N8K91Z,27,4.672630183328233,4.710234437425114
A1YX6YUHJA11KE,27,4.365538200574926,4.475806623150655
A1YXGVAKHLCL26,25,3.4250282883698997,3.6777500731502233
A1YYXSD91KR2F2,30,4.564263484619074,4.630932493228191
A1YZA2K8MGUM1L,23,4.830486419493544,4.836809545895609
A1YZB5M3ECP3H8,54,4.271700624447324,4.3364519661594985
A1YZMGEC9ELI4L,74,3.8557278980972707,3.925133730098519
A1Z0ACG9OR846M,18,4.543011037948702,4.6180092251777785
A1Z0CJXQZ58NIX,22,3.8908834132712538,4.1224798229265
A1Z0FQGEPV017X,18,4.042665447386597,4.16961786079029
A1Z0HECTLW6ITR,22,4.738581725627518,4.812824386255323
A1Z0Z8LL5ZETOD,30,1.9189996366735358,2.4363769738673486
A1Z1NQJUJQ5CRO,309,3.049508744417688,3.238687701684794
A1Z1VAFA9YUWND,26,3.895190813556504,4.135358444830345
A1Z24QWEHPDWQY,16,4.98941682718722,4.989436266909184
A1Z2HOY56LNIQA,27,4.541752941353146,4.574672158267185
A1Z2W2Q1HC1T4E,26,4.740840321670837,4.801277891997078
A1Z2ZN39LL07GI,63,3.9430305618185106,4.012206201479437
A1Z35DL3196AQM,20,4.915531442157166,4.915959832810527
A1Z3AZHRT9HPK2,16,3.842288870198168,3.9441948106192823
A1Z4303EYUPUNX,14,2.1402413062860974,2.696906623255319
A1Z6G9PEJDF1L1,21,4.0563346429603975,4.35869048952213
A1Z742AV2M7EK9,23,4.884182489195259,4.891957666262503
A1Z77BZWQTRIBM,33,4.3176664334735495,4.394617295840331
A1Z79KWBZ3U9J4,53,4.196301402641881,4.30326363249272
A1Z7FW4QA1VNLA,37,4.482280989279699,4.62596927424278
A1Z7HE1UO6KXGW,127,3.434775555790138,3.56454777618887
A1Z8CW9FTJDPK1,23,3.5630813627205065,3.809804358566029
A1Z8SY17CPV5XL,24,3.7885490219664972,3.9704510935023047
A1Z9JJN43A5T3W,41,3.8534975442439054,4.044826399298013
A1Z9OAK38PYOYY,27,2.906811737365594,3.3945893746098226
A1Z9WUDJX1P4GX,21,3.590054372045755,3.8274117429340824
A1ZADTD68PC83X,20,3.5800338475685116,3.889993753236465
A1ZAN7KBME97B3,31,2.928863049229672,3.192109356371958
A1ZAVMB4XZL8KA,30,4.674690023064678,4.735706617644773
A1ZBAULAX3OVVW,21,4.99602078051552,4.9960222306094
A1ZBE5N5O773XG,27,4.711024942007934,4.734495313353568
A1ZC61DBXOXV0Z,38,4.837634260968349,4.842792446170174
A1ZCFM3AU8IZ4T,29,4.020104107509973,4.099724138341891
A1ZCYC0RHTRMZF,37,4.127482927273765,4.301134243905308
A1ZD9G3HWQFZVL,19,4.970618940627589,4.970655730957834
A1ZDSBE2ZOTFB3,23,3.690515411146714,3.801621490385406
A1ZDW9ZLGHBRR2,16,4.032676394965426,4.163578735755199
A1ZE1LPZHGG1QP,16,4.099610955461042,4.318391986006265
A1ZE5YHH3JN79P,21,2.9366729493817036,3.145461252152446
A1ZEKEE140M6JO,28,3.8972190095529724,4.056787895480452
A1ZEKK71YKEEG4,79,3.952316380885432,4.2353266085023495
A1ZEMAN7TXF1NU,25,4.674154446013693,4.696636900730134
A1ZF2MSBDUM5SF,30,4.647380456840701,4.699463016083091
A1ZF6S2QKQO4HY,20,3.6742442421634345,4.0120313833514025
A1ZFAYDQE9YQ9O,17,4.952869391992472,4.953091145036333
A1ZFCYYS5A4BZU,22,4.120551810776303,4.192988339311596
A1ZFE2XLZ99X68,72,4.67397473034347,4.723390953216973
A1ZG0OBCQNTP0N,18,4.855448380457739,4.861287286940986
A1ZG16KOOJNCN7,24,4.898900922831969,4.900843353573385
A1ZG9OQBD17GSJ,19,4.4869984741731805,4.508391585505047
A1ZGCGPLUNL9E1,18,4.49455764546528,4.519243597130475
A1ZGHFGVUF9SR9,28,4.542277274880008,4.577171193235157
A1ZH9LWMX5UCFJ,65,4.009060490571938,4.130968138040847
A1ZHXBTDNQGTYI,24,3.9408144615764447,4.269702403781792
A1ZHXUYLB69H04,20,4.185534814657857,4.2632087762585575
A1ZI18REUCPLRM,21,3.8940464495025022,4.163481341770061
A1ZIT4JXTJCCNX,39,3.3022180234539915,3.5067812731670993
A1ZIUKMDFL1OHM,20,4.107831129979018,4.179545786105289
A1ZJ2NHHFXZHL,36,4.560342472168713,4.607780946221234
A1ZJ67SQ8MESZV,26,4.938764511858627,4.939388863355246
A1ZJE1342S3HV5,15,3.418543032366829,3.7168219174919384
A1ZJJWF69R31ZL,25,4.527249968698602,4.607134834695203
A1ZJRZQRCPBL9X,34,3.977107844226114,4.083038283399411
A1ZJYLJQZSCCXH,23,4.605126566919992,4.738058956097747
A1ZK87ONRJTIL0,24,3.4121766000843823,3.578163273739757
A1ZK8PPFJO83UX,24,4.018957143082315,4.205992686147568
A1ZKAABPMCKVAU,22,4.147029830149308,4.260854724695289
A1ZKK9GOD20W2V,24,3.9854564359199434,4.068687436306884
A1ZKP9DFOIEBUN,19,3.13110781599217,3.5075334790152053
A1ZKTI37TXXR89,32,4.744252288533039,4.770314124439758
A1ZKTQ0O7U3GT,21,3.4334632703836894,3.612270924069375
A1ZLFCUF4XX7RZ,34,3.796698510202659,3.9430946270483407
A1ZMILIOWUHCP5,30,4.824676554149992,4.8336449239344725
A1ZMLLRZ9ZIWVU,21,3.2652545878983807,3.7591760346450713
A1ZMR8L3HG35UT,18,4.601365990544611,4.61317786272638
A1ZNCIO851MBOS,26,4.701736442407854,4.765807615680836
A1ZNZPK9ZNKFDQ,19,4.893030080741557,4.894675531526389
A1ZO30Z16MQ7Y7,34,3.5186582947460345,3.835905882242624
A1ZO8VGVXSPEFN,24,4.508659288801716,4.6248107261337275
A1ZOE9J3OPTQFE,47,4.694805758494708,4.764449090864559
A1ZOF747O5EB6R,67,3.511048341987541,3.6543523935084723
A1ZOYQ41EGZJ7D,21,3.892787514141721,4.038922758890279
A1ZPKKWT79C6HW,27,3.049988319180186,3.438854977190802
A1ZPPKKU7MBCZC,28,4.935752699191455,4.936978122609845
A1ZQ9W0RYWG7OE,74,4.533049992031492,4.563267889304215
A1ZQAKC7NMGT9U,34,3.4057520781662896,3.6464348756107348
A1ZQFL2NTDW3UD,25,3.6702276094971635,3.8174655102295225
A1ZR2RO763EXE4,17,4.319885549301632,4.374354843209815
A1ZR8F86DJRVLX,35,4.131835976161192,4.203631654590182
A1ZS82R4RC0I2N,76,2.2445677479995645,2.3948155771342026
A1ZSAE2ZMIXZN6,19,3.0946083442298122,3.338447263114229
A1ZSDUCOVDDT0A,18,4.8761826464589095,4.886297212862857
A1ZSLZYH6LMM52,29,4.8211014017296145,4.87828684543458
A1ZSOK69XSXF73,22,3.3577617047838655,3.729150462188547
A1ZTE3K3EN4TS3,40,3.868097388438008,4.072761492004248
A1ZTSOBAPOWT3,125,3.409194237454091,3.745255000906261
A1ZU4ESC3VFUAI,27,4.12559464804326,4.211079027180775
A1ZUG9H60IO4QA,22,2.3542090797275197,2.6371907726072363
A1ZUQG0G6550I3,50,4.471823309270145,4.520653833404442
A1ZVHON412U9JX,64,3.8035641624086365,4.057465997376278
A1ZVZI3MNS3M2V,33,4.521779165036106,4.641854461040149
A1ZWDTXSH1ZV8E,41,3.368499742376428,3.5741215853330455
A1ZWI72HBYGUB4,26,4.669577207794216,4.703850715214019
A1ZWKGS4AKMS07,24,4.458304805915479,4.5415554033806735
A1ZWMQTIUDSIHL,28,4.913699887674919,4.913892267552702
A1ZWW1VRIHFHJV,28,4.625370629130896,4.687463017905332
A1ZXZ2ND3R1C0R,19,3.7795520760725916,4.029455355857091
A1ZY828BYZGA98,20,3.981155401698442,4.066536029451247
A1ZYHX9VGO3FB6,35,3.5127294335381607,3.84501042969531
A1ZYR3WEGYOX7,19,4.376388404467856,4.430620948631142
A1ZZ2EB6FCY8MW,40,3.480938523312851,3.6537271656674766
A1ZZ85SS43PCDJ,27,4.6007565132436135,4.62504112286062
A1ZZFC10CM57OP,21,4.624928747115714,4.6789783688443025
A1ZZI3VQH1U79B,22,4.468860013472998,4.559366302229996
A20025KSM8MW8U,30,4.57561520333386,4.648632355077544
A200J1FCU3BCG2,24,4.423884760889835,4.55931411324661
A200KMUEGHWONL,49,3.4280109787960047,3.492678030221274
A200TIT9OM36VC,22,4.304832688887142,4.414983585650376
A2012B8O37VSPV,26,3.241676001984902,3.6458987444524174
A201HVK6NWJJER,29,4.4536091265708695,4.4816222468573
A201SKPNZLX3JF,53,3.588316958049506,3.7910295016099655
A20249WQYUKNII,19,4.801007819718107,4.804541314552566
A203GFDF90DSWD,67,4.578278163510572,4.644453291302162
A203IGEMGBSHR3,30,2.643751453742915,3.071990860595294
A203K9HA5QWIWE,38,3.6257710464087265,3.8427311489903135
A2040XJMKQEV1,65,4.377290903585923,4.507477661893115
A204906HLJ443E,30,4.003327285642396,4.127797111315081
A205FSSV9JYNVQ,19,4.267947512193736,4.358851504906109
A205K5U0M2K8QC,34,4.241247081825343,4.447893265727862
A205L9OMMVXT9W,79,3.3306779779697506,3.5952838909736196
A205NEEKCQY4F8,24,3.668831879907881,3.812834263888592
A2064UKX4E89JT,27,4.428656626785045,4.530510743803374
A206DXHF6LCINL,34,4.714277503497228,4.7874428622083816
A206JYZTUXTFAS,24,3.630977442508094,3.8840813144054036
A2079SD95TUNNK,20,4.143518353616105,4.242097260508928
A207IYGZTAF0DS,53,2.6095124363590454,2.863411087552664
A20809HXD9OAQY,27,4.010327076166369,4.219290717580678
A208ABY28HR97E,19,4.177380871865606,4.297046848846602
A209BAVGAVO6WT,32,4.260314332491345,4.394987538629008
A209J4NK7GR9S3,22,3.932852587085452,4.096031164663305
A209QRVZ99UQDC,28,2.9280906163251283,3.3313003492702205
A20B7WTZ7JRU5V,37,4.682734192334761,4.710791158949029
A20BHA430QDYV2,109,4.345213043624188,4.410963499042736
A20BQE13NVOYHZ,16,4.212071099385132,4.40694393607472
A20BVONEPZI5HN,18,4.987251014022977,4.987276041164339
A20CR4907G7CTS,24,4.163014971211976,4.272279223594817
A20D388LT8RFG5,43,4.958554570279968,4.958729761187535
A20DC45PH53W39,19,3.280337200374373,3.600926579618688
A20DOIT275Z4BJ,51,4.61256381579191,4.663524576692312
A20DRRKAN5Z9Q,26,3.165934769713341,3.448704532149066
A20DZX38KRBIT8,135,3.464561540507554,3.7761818205176008
A20EEWWSFMZ1PN,625,3.4546005649590987,3.6369770702636086
A20F0VHBQ48NFF,19,4.579125450728154,4.653182666355893
A20F9XP4H6MG65,40,4.840511466381029,4.850318476792282
A20FCDYJBFBHW0,31,4.78916967117863,4.8196368264017755
A20FK68BUB1IVA,99,4.603515526536626,4.646446659988857
A20FZ3RRV1PYYF,21,3.645764387773627,3.6838041492194513
A20G957N2TEVQX,23,3.708589457306019,4.017457460551881
A20GHWCXICZZFJ,44,3.784826293670873,4.170113716629605
A20GM2FEAPGGJ8,27,4.438649628858077,4.516613872461534
A20GQ70AJ9B0NY,28,4.241965495257472,4.321612535794033
A20GTTGRBGLKV1,18,4.768631409476712,4.78631118338206
A20H6ONKR14FMM,26,4.958729879325268,4.958822262772925
A20H92QVQ8FRVB,18,4.932122272806246,4.937427876740633
A20I2A3HFBRO7I,19,4.495705831392043,4.590694072648767
A20IH1A224EGK0,22,3.8532907430769043,3.9728174575807405
A20IIR0422G3A5,114,3.997240423703253,4.085061792574548
A20J989QAU0H67,149,2.1967467169199875,2.8526801927861727
A20KJ6OVTEQREG,28,3.399437036780381,3.646828793450848
A20L037OGCIXJB,103,3.7256505304515546,3.8833681268272384
A20L3YKLJA2G95,25,3.437183661480428,3.6536390596571877
A20LK1LAVKME10,21,4.604199230816107,4.639790814664206
A20LY8E9NGYA4M,65,3.3493944000099534,3.4448288875394084
A20N1LT8J1MVRH,37,3.062538134530815,3.250229743541893
A20N5AU2SCSRQN,21,2.580437907105698,2.7542257480331256
A20NJ4SRSEF9KL,23,4.525484009172475,4.582249339659019
A20NJAPECFGIR9,60,2.6608711983882634,3.041584838564618
A20NTWL30HBNYE,25,4.55411066263332,4.65095428425103
A20OAXZSG607PP,22,3.0945314494480245,3.6140752460609233
A20OKVKPF23P6O,28,3.7329072734572173,3.926511838897895
A20OMCGB73X5LV,25,2.2064213150072858,2.595244835046906
A20PYZ43JTV8NQ,21,4.927254783948613,4.927776247781689
A20Q26CIILN0O4,20,3.3984646310910294,3.697104450271479
A20Q4HD6A2B8W9,27,2.9153096850679607,3.144258407071598
A20QK7TD80QM3Z,32,2.2234942322013334,2.6445403374601337
A20R68F4EKYYQ4,19,4.938103182834144,4.938504396065918
A20S3728C2297,25,3.476816687594083,3.549981683040105
A20S7XV2JK0UXL,23,3.8143434356048735,3.82882854020143
A20S9RECLL8QW8,22,3.4394652961834855,3.5660292529574273
A20SI66CZOP0RT,23,4.717598232173433,4.788850421137482
A20SS3TGOFEWJ1,25,3.765012732139997,3.8528413786110858
A20SZNEQJU638A,21,4.930221532246481,4.930723627980654
A20T1MOIU76OL4,24,3.5145929011207993,3.6629484711194835
A20T72CTVOV049,29,3.9557450892373494,4.022630243867489
A20T7V415ZBFT4,17,4.5104794840609,4.602313636388099
A20TD5PADOEGFE,16,4.732728656385964,4.752680797749682
A20TJ5P97W5MS1,78,4.510433830872521,4.522007663278398
A20TKYWJWJR7CI,19,4.455510816729833,4.4729177379362595
A20TUZ0XS4K21G,19,4.038108704516662,4.197173034977599
A20TX9KNZF1E5,33,3.6416078031158294,3.7921649855201993
A20U54S8PC1291,40,3.958066352803667,4.19092635265936
A20U8FT64WSAQH,40,3.960882317106944,4.053678650935368
A20UWFM8GH8QFR,29,4.5513246395176825,4.610021391331805
A20UXTMTBFL06P,31,4.824160291507777,4.834574836175234
A20VAHDMLHVWG1,15,4.646549451759211,4.712522736567223
A20VPLFO9SFJNV,29,4.020188074873595,4.120516090271795
A20VXT9M05PJ5Z,21,4.927937204616607,4.933486311759037
A20WHZX4O78CIV,29,4.465365918781067,4.507611899240667
A20WKQ948WZOQJ,25,4.255784007292728,4.335165349036451
A20WN9BYOVNL8F,23,4.287138395360276,4.400017189020142
A20X7NCNZ7T5ZK,33,4.676859195046873,4.742717307791763
A20XGPIJW6UE4S,25,4.239505359899694,4.418734054340924
A20XRFW6O53FEL,30,4.0823990618134305,4.186082683355366
A20YK8VEEOIJQE,73,4.1834425051878465,4.216052336232842
A20YL7DZGEMYT3,19,3.835651860146983,3.986591848712325
A20Z437RMKI47S,51,3.847220098690496,4.124605657160288
A20ZCHB9EV90D4,63,4.841629134701556,4.844813461386602
A20ZFWGBY4REFX,42,4.369714243525747,4.423689058173778
A20ZL3EINPD7YX,20,4.629572766221594,4.723400628440887
A20ZPKPVFOFH0H,42,3.2620839566362063,3.5003377552372315
A20ZUNN7AOG5MQ,28,3.854162974026259,4.088270687852736
A2109HCQ6XUL1E,33,3.4570972125930886,3.6288413019479613
A210DQI4TSTCR8,20,4.927718556375405,4.928096939152975
A210NI3I6Y4ZMO,23,3.6336314578949342,3.7474434221065325
A210WDPK4PNA1B,27,3.416034091058884,3.623613026241705
A21150LQQN6PF4,26,3.858805148446994,4.040116986395604
A211QS8A92IYXD,18,4.942709923786989,4.943086036152442
A21279TEPJ8YJ9,43,4.637630189580464,4.659555727602631
A212DC6EMHOXYW,24,4.2450208454140546,4.323549302721343
A212MDP6K4VJS5,29,4.498002332327475,4.554975130286101
A2159194STURZS,21,4.273826425536809,4.352483660871145
A215DQ7IMZ8N3G,27,4.485748720645663,4.561009477641499
A215P85W653CZV,24,3.3162093753558075,3.532048294605183
A215V2YUWAMN8H,23,3.205933345175497,3.3333918937107936
A215WH6RUDUCMP,28,4.057182517029012,4.142273836468588
A2161MAS1NMMZ3,47,3.550342159036359,3.9021887768374843
A216NLPTKDIUVU,23,3.9610764855929115,4.173692606497074
A2170CTBAOKQ6H,35,4.248208649791703,4.311378170319218
A2172P0XZDC8L3,27,3.9134913000901315,4.112026767756816
A21776CR265ZT8,22,4.21412574390995,4.299001444188187
A217RWSFWVBD6T,18,4.5407621757168295,4.676074216526694
A218T4MO2D9DF3,32,4.24024285271933,4.460084084920411
A2198FZZMTJ38H,167,3.1896482263533366,3.3951426951923063
A2198O25QYUPXE,125,4.0402695819982375,4.117636546609881
A2199RNSE7KIMM,18,3.8933692971726694,4.048134360308978
A219E8ERYAKAKI,32,4.755389300541202,4.764688313933144
A219I0TWZYXXVJ,25,4.891068765484451,4.895488818375323
A219METCL6ZIVC,55,3.2224167529676846,3.420695977729385
A21A82RP1TJDH5,65,4.6184748962401825,4.674617266716418
A21ACKP1NWDCDJ,44,3.7791734532255528,3.87644037099978
A21AIZV14R04TU,20,3.720080077969423,3.901316220275381
A21B2TJBWCSK1R,188,4.051539635434051,4.122247174588433
A21CMTEBWBSUP6,22,3.513610299812419,3.71696123286262
A21CPW06W6NWUS,18,3.760121161066742,4.044791004740572
A21D037PSROQTT,21,3.089886453733934,3.3239241720834274
A21DQR5AOIYFK8,24,4.826866465462667,4.833182302634422
A21DW7KAXDEF6F,23,4.962601254137625,4.96269796947625
A21EFR70T6JD8K,20,3.9457616678252654,4.159654670670194
A21EHV0OT8Y3I,18,4.691151496733174,4.710072942987634
A21EYLW1TG7KUH,42,4.838381995573599,4.850775091472992
A21FFYP8KNT1XH,22,3.5867638082162996,3.8269700783569567
A21G7AX9USL9D,23,3.6690768465196113,3.9554879197950257
A21GGD9JZ189H0,61,3.2759362593652845,3.606479863269464
A21GM3ZIG7SJTN,17,4.0215524464503,4.130925392515219
A21HEHMU6YADAF,20,4.351726417452979,4.4462732855775995
A21I4N7CQRQH1F,45,4.994384002362412,4.99438563117697
A21ICJW9H2Z15V,22,3.3955951833658404,3.5610739461118373
A21IGK3X5DBO7V,33,4.272613664623136,4.333844769604318
A21J2GQ3F5XZGE,16,4.171947659335306,4.264096436676686
A21J3YTIDUQ1F3,18,4.94350496326556,4.943869418936566
A21JXVR5ZMOECP,19,4.219958156422315,4.306547849121802
A21K28EQ023UUU,80,4.2144848771885455,4.399137147654056
A21K8TQCJKANDE,21,4.430890857461349,4.464341439927342
A21KS1Q6XQ7IM0,30,3.998413360764292,4.059438967830075
A21L2EHIPJLQPI,23,4.688938652365462,4.7143523455629355
A21LAAI0VRHH7A,21,4.951915169453637,4.952083380813225
A21LDIFT02EMXX,99,3.9558383989710055,4.033108476512338
A21M02M48DQ1G7,20,4.937499635733357,4.9384479605239955
A21M3YYEERMG3D,33,4.843275939293637,4.86119060951089
A21MDUHQXA6E6T,23,4.764871789543789,4.7804313234654465
A21MYX4YR4KQM3,21,4.84902073148632,4.871293914468976
A21N19509ODZR9,21,3.3262496376890325,3.4114900552854523
A21N1A34HIIXT9,29,4.362862137460896,4.5194695888546
A21N20QGFUWFEC,19,2.71146719535664,3.052026844194023
A21O3NIG8WX0X4,18,4.251118422968916,4.334072179474829
A21OA8773GTIKD,21,4.1837715168797684,4.325923450834383
A21OTH2LUE1NJ,22,4.621958949873872,4.6668632083714945
A21OUHW6B7R2N4,19,4.898111818180119,4.9034493469777205
A21P5MI0892X9N,20,4.460461339868121,4.511033263470132
A21P8BFX88A9PR,45,4.767649404520328,4.798890069926625
A21PAOG62V6KV4,18,4.64712660979939,4.7058830001252385
A21PBYF8DV2U9O,23,4.83013593412881,4.84747584138361
A21PQVRECFD4HN,13,4.175946712211605,4.307258850387628
A21PRKJH677DOC,21,3.2093837941646033,3.4905011699329758
A21RJ6PVI5KEVW,44,4.527940316370634,4.566847023984152
A21SHQIYLBDUSD,18,4.7717435490630296,4.792904830986379
A21TDXN3UXKXG3,30,4.85502840087261,4.87388448122614
A21TYUPIBTDMAW,25,4.1118933243258065,4.259077802146914
A21U3WUMSXT1NU,49,4.8599990902532975,4.869560168551433
A21U6W0I6LPWKP,24,4.908209466802664,4.916149886108394
A21UREAIKL99ZY,20,3.0010640792937653,3.2691031124846464
A21UXK2Q4138Q3,18,4.70145795170545,4.737504633131084
A21VDYXUC8HCON,22,3.9041413295669045,4.0308988406606785
A21VED1RNTZZ0,18,4.299581899431125,4.46830342666793
A21VGNU5959O85,61,3.336039204117145,3.7785606698683663
A21VL7TF0TZ7KT,21,4.315083728369194,4.3797193369780825
A21VM98A8XXFMM,22,4.91876069613132,4.920846917555349
A21VQDGHP3T7Y,19,4.150776616127054,4.302851685571956
A21VR7M8O55EF6,40,4.147586773727425,4.204361431844491
A21WDIWUSWNXRQ,22,4.550419828162364,4.633949211775157
A21WY2PGCGW9NN,32,4.9098906930301895,4.913510237375459
A21X3J5P7Z96CY,34,4.954227307692161,4.9543430794443175
A21X7PJN5UNVQ3,18,4.75095367890473,4.767200005632528
A21XVS00AIENLX,67,3.770860283880689,3.9012386068068423
A220FJEQNGMSRN,234,3.2652489926207036,3.4388583160775728
A220TILX8JEECI,23,3.9331844626861603,4.255141919076223
A221K100FDHMNV,19,4.762969840156365,4.769739036519551
A221XWNYJZX863,40,3.8718157706895,4.0380413486842315
A222GBGBMY0N4X,31,3.857760805449474,4.065022580639633
A222M965XQ9WGZ,26,4.976567328920103,4.976595980082934
A2233A9ASXECX7,20,4.720326881102545,4.7360468752038205
A223VOS58NK67P,20,4.891943512995307,4.901096352304315
A224NKBWSJUOZH,21,3.883133804886862,4.023703166253916
A225BX08230333,16,4.685527762591516,4.7874082183953615
A225KN1Y2I7DFO,23,4.199543149466579,4.362587678768625
A225KOTGHS3BRA,105,3.608245174546491,3.708244840314947
A226O6B428VDIA,37,4.075403652626658,4.3046240124422
A226SUE9TIDTJ2,31,4.307020003464361,4.3528600678338405
A227QN3ORFWZR5,31,3.6246853894099655,3.8678043833933553
A227T2XMGWU5LI,30,4.083819635516712,4.255661256914741
A228AAQ2F4L3M3,41,3.507915310555025,3.674246675354746
A228JH8V9Y700G,124,3.5890768777536883,3.7505175598191185
A228NBNLYJ8V3J,30,3.6077707111740995,3.8348709288776424
A228YMLWH4J5UH,20,2.960550806819268,3.2269318369212177
A229UTZEADELQH,28,4.2476708845229085,4.372964737808604
A22AD8M2SSOFHJ,17,4.362922430172412,4.42000681290845
A22ALBNZ4PWG0Z,33,4.589742637990782,4.605837941745041
A22B48DU45M23C,21,4.991240257646023,4.991244849964288
A22BJ6UO0S8W4Q,18,4.709678105810384,4.754104782605642
A22BNSB6QAEP1V,25,4.049746469046837,4.168586800611067
A22BPC7LRSGSYQ,154,3.632777228445103,3.8189276441096163
A22BPF5J6OMNRA,20,3.720688092008266,4.042840885471816
A22CADFSB8ZW,31,4.392252369279675,4.589864995286178
A22CHQDM539WPB,35,4.380122236451281,4.4780869259440745
A22CJPTFPQAWEJ,37,4.313398880586036,4.364371916911549
A22CRGZJKUW24C,33,4.854021416275191,4.8752255833217895
A22CZTG5OGLEGR,19,4.883100667812715,4.884805672429114
A22D2MCNUH1T4V,20,4.828090930594229,4.84204254605104
A22D39U0CDCYE2,19,4.673734382608215,4.7077332248199015
A22DH8WSJ6Y7QL,18,2.262191297957403,2.865295573432692
A22DL4TOVCA998,27,3.932821088716319,4.206231841846732
A22DMREA3FD71H,31,3.344861150567078,3.7726586263238517
A22DVX2V1NO80Y,22,4.863337209472891,4.8719721113627985
A22EYWA8OUTZD1,24,2.5083347406606813,2.555968525233158
A22FAP1Y5IRMVX,25,4.6631983112945505,4.7455353593568095
A22FZC7RRGEBAJ,103,3.087029780221469,3.3194238019185063
A22G4CIN8K98TH,53,4.21795144913909,4.347260755381067
A22GIMZSXF8J5O,31,3.649127594911913,3.7793664051867757
A22GJ2SRENMZS0,111,3.367670429299675,3.5904607725689814
A22GSAZR0B1EJ,61,4.419309776277336,4.453920894803259
A22GZ2B2A12RZP,24,4.255573362434345,4.3200594525924725
A22H5UMEDSV8K5,20,4.741112341014212,4.771222223964277
A22IFF43YU0HP6,66,3.809272360841553,3.982920396509867
A22IOIE3RCON2R,20,3.330547305246779,3.511006614612498
A22J3OCEN0J191,21,4.467955582640353,4.496222006216076
A22J9WI2PDAVJ,28,3.4270660036176674,3.5016154694262323
A22K0HBYA3ABTT,23,4.291592114528189,4.39028207612333
A22K5CUTUGJMAA,38,3.0260161520489,3.217766952700098
A22KMCKYE5KQ2X,39,4.517734369125084,4.577395626673377
A22KSA0626OX53,21,3.634028356961025,3.722147913521823
A22L4Z84Y9AA3U,32,4.413983869541979,4.488449755218121
A22MEMTZDJB36C,23,4.392616880888815,4.417659462799532
A22MHI5GECRIBU,20,4.6374974943076746,4.650617358733625
A22ML2C7EXDPMD,77,3.0217913462827135,3.1616054621366207
A22MO09PM7CHA4,25,3.181124178606166,3.3382759016904986
A22MQ2OAHY8SIJ,28,4.483527368960655,4.589315780533097
A22MZH89E7MYTP,22,3.8461843425487285,4.08876905021344
A22N48W6F7LOKP,34,3.793391863187002,4.032364674620762
A22NMGFY6KRA0D,24,4.326740393739382,4.455939566414554
A22NURLJTB1US6,18,4.632396154678499,4.655813745559363
A22OI89TWGZWJU,19,4.409463804636097,4.445240593307865
A22OW3FPI774S7,27,3.9238736995866197,4.11296650657211
A22OZL9346YGPZ,19,2.991761998757029,3.3252154603430255
A22P09JO3PW1W2,17,3.5544162739106415,3.86337560169615
A22QBPOG0A08AB,21,4.877546718178695,4.88287075754668
A22QFL2QV9336P,26,4.554506762157115,4.623682663281367
A22QQSBTQCL54F,29,4.789783125287226,4.7987731429047
A22R1X2P28BFCV,51,3.5783530015991514,3.7770980640186145
A22R3CY3FCCSUL,19,4.808414789812666,4.815196345399517
A22RE7V8QZFICW,25,3.10618578995091,3.624155086107868
A22RIIYSPA3EDH,30,3.987309011419041,4.118206813581619
A22RR331HOIW6N,20,3.8419554753069227,3.9478921068722244
A22RY8N8CNDF3A,357,2.7721335692143474,3.056213645305371
A22RZG1NQ0WAUX,35,3.7346793235262705,3.842925455269023
A22S0XUWQRAJC5,20,3.0285885003706268,3.362884965197572
A22SSONOV3TLLT,24,4.616327228795884,4.730355036250334
A22SZMJE4UXZG2,16,4.164429745263754,4.272862659704058
A22T3G9WGMMNGV,37,3.7796313537257293,3.8850249093441125
A22TRI3C3OI8QV,41,3.858200019425558,3.899812676530863
A22TZUXUKA11SQ,50,3.6082694632425376,3.7248105668261298
A22TZX3MOLWG4A,19,4.192265617185643,4.322326955862963
A22U5T9Q0GI5GV,32,4.787574649609394,4.80951362358345
A22UCQ7WIYIJE3,21,3.8787604089985863,3.9638533637552094
A22UEGDX65VTZZ,28,3.910345979529174,3.97636775090885
A22UN4KOSQ4K8W,24,4.8717504658365725,4.874420216331204
A22VKGIY6EYVVJ,45,4.686862859071884,4.695448792593112
A22VNXHU6IZ5MT,129,4.646111716868039,4.67457302286711
A22VUVVE53YDEV,34,4.964802246520883,4.965147726003492
A22WIR0R5KSX8D,25,4.36284923024938,4.406787349741263
A22YJARSBKNID1,20,4.259154052264822,4.313052470442479
A22YJTR3G7VT69,21,4.3966047498571,4.520625564129069
A22ZN5CJ3YQHVC,71,4.582730975465037,4.607332842435748
A230EJX6FHBGHR,18,4.983328657504537,4.983349206621913
A230JUQIZ2YSOY,25,4.055636137410648,4.161932295492264
A230Q74IVSK6NU,20,4.640937918598135,4.69167693815362
A230ZS8F6I0AGM,22,3.984647788387102,4.119606215034425
A2318JDGHUVP2B,26,3.9497528901236127,4.06544996104587
A231LDOHWO3C4J,45,4.306239768589179,4.379326557935206
A2329GPAT2XIIZ,24,2.8093807261714754,3.217724536066716
A232A4K13XTE7J,22,2.8278944714726357,3.2147176361684324
A232MYTPMCW21F,21,4.8922178676578865,4.895994190896513
A233QN6P2EEKPS,23,3.9266895360673253,4.0827578810573115
A2343DBTHKN8Z6,13,4.962058159639355,4.962126308866356
A2347D2GVP1AK8,18,4.807104414124144,4.821155004993062
A234H4HFNHIOHM,20,3.8428348266386356,4.143972919984811
A23556TGY3Y8F9,21,4.801685574634431,4.876568884056413
A235BHFX7FS9NW,23,4.656308250730703,4.682370435720278
A235KCW5P29N09,48,3.157465815237787,3.487072100793593
A235LJUGNV1AHY,30,4.547182549660105,4.579955097072392
A235P1362XB3VQ,22,4.6430927550904295,4.703907879115017
A235V1HEQNRD5Q,18,2.3162186184568685,2.6298796670021916
A235VW1RDVMCYE,22,3.014943763300967,3.383890565712821
A236GEIYIEWAGX,38,3.8178559632087867,3.95467582123712
A237E0FTADYM58,47,4.649093109613838,4.672983960124245
A23837JQORCV01,20,3.8119617557506764,4.02662909867328
A238QOUXD8JFUT,35,4.155953208018053,4.193660330087562
A238SOOM3ZKZIU,28,4.297767725722377,4.364978790069519
A238VS1K7S85CQ,21,4.3927593021258735,4.569463765646134
A239KL6C1RF83K,22,4.745570467374356,4.762835854275658
A239PPUVV8O0U0,62,3.7837499788058118,3.9355928681494414
A239Y3ZDM5XM0D,25,3.438778550829733,3.6705406909111704
A23A0QXR5ULD9F,26,4.869485450022016,4.873340940330394
A23AA5C8I38P33,18,2.2075253225538516,2.388724526397343
A23ADL6IBETWH3,46,4.215814424534377,4.2689483188025354
A23AN4ES1IQJ3P,19,3.8312061126129957,4.160018485408863
A23BTLTIHMJN01,76,3.246360834943699,3.587889307087156
A23CZIKUDY5WVN,25,4.545617741474251,4.574319751372965
A23DLRXRDP09SO,39,4.219583692853483,4.406835428424569
A23E9QQHJLNGUI,22,3.401175587471546,3.5095651921755957
A23EJFR9SY8DGM,36,4.906311415648016,4.90773901541491
A23EQ735FFRFQP,42,4.5226882076252855,4.687622225406826
A23ESFMPNA1DKX,18,4.220830809203047,4.28287731966444
A23F0RW1RUBBDF,22,4.545441200897842,4.607230668535053
A23FA4LJ8EBCEI,34,3.9972222379688445,4.2315261090507414
A23FBI8U8IU5MM,35,3.658964645520298,3.820368851189969
A23GFTVIETX7DS,73,3.4426006921110144,3.5626426975916274
A23GII3YAIPHX4,35,4.009809189397524,4.0525721285441785
A23GU293RUEHZJ,26,4.8597382754945,4.861826484677153
A23H0RM8Y87X6R,32,3.5090575199728105,3.767702137300925
A23H4KU24QJ2B,35,2.9349309878941225,3.2049925722309958
A23HTHSRWOI7Y0,39,4.129340886018334,4.205949630487219
A23IOPI0D1OG7V,31,4.13792596691592,4.347690614689594
A23IS0T0OMZUSN,20,3.9465338584424474,4.1326840663044075
A23J4S3ZHX48AU,50,4.777111454158484,4.806410714918329
A23JIZY6QMJDDD,19,4.961248945752106,4.96137003664176
A23JQEUQU5WNWQ,21,4.9630893756225625,4.963173301236827
A23KN6VDTJ7EWY,21,4.928778516193923,4.929616543116144
A23KTT1U27QU8R,17,4.68805583538604,4.701224675720205
A23L2BR07AOBG1,46,3.43068495286956,3.697847074746627
A23LCEFE2BWE5F,27,3.7408293501249883,3.8976368153192795
A23LIUFRTWOHNB,22,4.184606774434611,4.346488215073953
A23LK95G7TWHZ9,47,2.8562840381612022,3.131285634708391
A23M34LR1SQHS9,101,4.863954403363279,4.866111936245771
A23MZ5EULW2GHH,20,4.1235075824402125,4.280353047694059
A23NOGJQ18CSPQ,22,4.135906809839813,4.277714618849339
A23O0G5F8G4IBY,24,4.137311371525688,4.191301331874577
A23O8M7VZVNAHJ,22,4.12099415095723,4.234872064235188
A23O8T3LNL9YY8,24,4.499804210746233,4.573332173537645
A23PHNGUSSIKK9,18,3.2527557346722613,3.732176175967959
A23PVFENVCMQ1B,25,4.057259785344156,4.155293448276153
A23Q1T4MXZHFM7,26,4.098513205819759,4.178277902270264
A23QOAXJSWIBS6,46,3.620456373911414,3.827983148058395
A23SNLBXAJLKKY,48,4.11171688695163,4.294342708575541
A23SNRUG4L2IWC,25,3.8443549942533912,3.906570911147888
A23TJGFXJGY5TY,19,3.7946922755862396,4.154060537373693
A23U3IKN7CWO3Y,18,3.407648050289954,3.546931410414265
A23V7QLTUF8Q6E,26,4.549247326450875,4.608959530904308
A23VBURIWZPRR2,18,4.875594552148424,4.880612888033987
A23VGBG17K5NJ3,18,3.9554674152408578,4.108741891728225
A23W55M32D2AC,60,3.77554237747516,3.9260571776981705
A23WA7Y8FZVEE8,39,4.095745987736808,4.168365520599696
A23WMXH1HXAXT2,18,4.974176348730534,4.974267140070842
A23XVF23C7BHP0,47,3.8631562876076235,3.9372872764351543
A23Y0QLC0N80AM,23,4.722986263185225,4.743955279960948
A23Y4B63VROH7W,28,4.8705012754819546,4.87694999352973
A23Y6DXVZTTXKJ,53,4.818795439561767,4.835238703778549
A240ER3NK0N4SP,21,4.1823844682349405,4.373387069498244
A240QB45BSMDAN,26,4.797280512271648,4.807003112144917
A2416G6CNR0TLQ,24,4.643621145292604,4.666398365187226
A2418ZET66CQ0N,36,3.353944197770614,3.5515490289906517
A241Q3KI2JSU38,18,4.4455436464187335,4.507233656768098
A2425OCINPGIY3,20,4.762313345450084,4.768456765553086
A242NHKVYIYHHP,37,3.481916662322517,3.6498478448509992
A242QY5FEJ3I1E,22,3.4008611778600324,3.5138758213083054
A2439PW3AVB4H6,19,2.974020912191129,3.181097141547242
A243GUOTNUF2VN,20,4.1069110278975565,4.204566417655812
A243HY69GIAHFI,33,3.675256836394636,3.8491957234831995
A243WSHBHCPW78,24,4.897883792005387,4.898565503810609
A244CO7R7B168I,29,3.7398750685753392,3.957133068573843
A244CRJ2QSVLZ4,69,4.177065683753185,4.214252003361166
A244WQ46EV3NOD,34,3.93235177468603,4.192854532090096
A245AST0T0AZTJ,30,3.47884476902349,3.5986705198832833
A245EFSMB9G7KL,17,3.801786288198732,3.818232862518148
A245EYX4GDFG6L,19,4.272922086763329,4.44056457504964
A245H7R33UX7P0,33,4.622217836596104,4.644747276379222
A245SULJZNLHLD,20,3.8918000841062166,4.053821987281856
A2460ZRFVC2YGV,18,2.8995749954067502,3.1405163933107105
A246D56KFO5CG,171,4.738820393708252,4.787242549781338
A246DPGDMYPQ0K,24,3.051167675505169,3.390376215444064
A246LVJPQ0B0BK,25,3.416908777030754,3.6047194123241737
A2477G33U9ASYW,29,4.577332799455007,4.67798720391356
A247V1Z9O671OA,19,2.480672524901061,2.996155514362451
A2482UE46CI2BZ,23,3.8393875377212714,4.059244915286808
A248C4TEUB8V80,30,4.704655470348885,4.723314988492026
A248DN6416VSPK,22,4.950110432461306,4.950392742919769
A248EHQYY285GD,32,4.304022682433241,4.346253898480577
A248JZ2KK7QV13,27,4.926365976436182,4.927227446469492
A248WGE70H7IRC,21,4.254566105266246,4.529295288658419
A2490GBIRZVVJT,106,4.714282107787523,4.723275875416174
A24A2I5G8MGRWW,20,4.257456465260497,4.380479776358145
A24AKZ0HCVAB7C,21,4.243130649755234,4.4034865362752456
A24AMW3M97N9VG,47,4.104793654401322,4.271934657322165
A24AOB3ZR0JM39,19,2.6650999335870305,3.0976607766278446
A24B4SGYBKFVS5,17,1.8645317425416184,2.3896706343448035
A24BFJI03MM1P6,20,4.755890453337832,4.7719711619774685
A24BSIUPHLX0NZ,17,4.672315381543713,4.68333437886592
A24BSKCWXC4M6D,21,4.692294562338599,4.735398665123884
A24BVOQ3OJ3HBL,28,3.437009212817666,3.729503563624804
A24BWEH53GZT8U,20,3.4407941255596137,3.6220684420856055
A24CFOYIVQWM7I,20,4.7181542907993785,4.744311033072264
A24CUFH66SXNVD,27,4.6967947555646425,4.7298336152328595
A24DIJ55XL5J9L,24,4.086749120031524,4.269535750901938
A24DXMZ9N9SL3B,28,4.175442225616855,4.259310566736107
A24E0EFNJMFII2,30,4.219039507799087,4.2806345888855795
A24E4JWAKKK3FL,91,2.5170349133276737,2.8377858175404054
A24EJQNTZ57PJY,17,3.7073832196563994,3.9069015886454186
A24EREP135RUB,21,3.9692148862445653,4.119493222087937
A24EWWRZRXQ0VH,25,3.81566686728765,4.009451182979141
A24FX30B20WLMV,22,4.062822979168259,4.225495130506358
A24FYZZXCMP44U,20,4.059711690181558,4.278018734136136
A24GJ7RK75WPFL,19,4.746476628564762,4.763225431440967
A24GQJSGZ4XOWL,37,4.4458640976376005,4.522609361236379
A24GYTKSRBTR7P,20,3.0370464199122678,3.2223216759966977
A24H35U47VPA9P,20,3.268237388905805,3.5741246066699697
A24H4MQR1BU7CT,43,4.618708141876266,4.70265849366474
A24HCKRTJQWLWE,19,4.946560317891457,4.948451570727604
A24HVUW2M9VY2K,25,3.597358271462986,3.807100146414762
A24HWTU63NN9VQ,17,4.861132654336915,4.867584873048378
A24I73D21IOK5N,19,3.9910612152490352,4.108815217934616
A24IB1EL8WJFUV,27,4.800152109875932,4.817377365409253
A24IJY3V0804WJ,167,2.983774135920415,3.1092698348134
A24IS3XC60NAY,21,4.690015296006005,4.711471694968313
A24J6PQ0FN55A6,25,3.8327233298853844,3.905488411795603
A24JA3KUW42D9Q,25,4.331135764703596,4.381122895812313
A24JH8BXAUCFU9,28,4.3434520759879485,4.4427908206980256
A24K5Y2GCIKHRV,19,2.518557436306026,2.8401921683796516
A24K6KR7RHW7XB,42,2.5812651699468776,2.7602163649789864
A24KJV993ZVTE7,22,4.928054619664703,4.932303894912507
A24KRETMX2SA9S,37,4.201681734502403,4.302649028427985
A24KSFA19N69US,60,4.960058837529056,4.960272552603958
A24KWSWRANS18F,18,4.760916022761968,4.791146984308777
A24KZBAAUTC83R,48,3.728582651629663,3.7985817585869883
A24LCFOX8OY7E6,23,4.569838903825317,4.597235945426191
A24LGV157R9NFT,18,4.061238489276964,4.201529444860676
A24M2KN27MDEXO,17,3.986284783468968,4.0966350129288
A24MFKJNHJDVZF,23,3.8830381810361674,3.95930148466759
A24MRMAPO2CYAA,29,3.22217358537896,3.44258183754017
A24N3MX92GZFCV,22,4.2886028100204205,4.38644486007527
A24N9LTCS55CWP,32,4.804608417907111,4.815442569880305
A24NL78E7KQLZY,21,4.348341385626766,4.506420969505154
A24NXI8W2T9Q8G,25,3.5115724170688076,3.733598014714388
A24OFOIWNQI4DG,19,3.301220796621603,3.531856786988615
A24OG1ZBIRUXY9,20,4.48184129335519,4.520144873361344
A24OUHVDMLR21T,19,4.527812954252467,4.578597778019424
A24OVC121TBE0W,23,4.429398626299736,4.512120865371604
A24P0G6T1ADEGT,19,4.802211624428623,4.811403573683236
A24P0VJZV2AKPF,31,3.57740849435075,3.8133610418799053
A24P15MFBS2AL8,21,4.260868871793955,4.333766769170156
A24PTVSZSM8968,85,3.6939101507091023,3.805640992837351
A24Q40NN7O07GK,19,3.6402778231946336,3.7190273645679435
A24QMIP28MCNON,16,4.713318527693734,4.734127854171469
A24RHUFVZZCROH,21,4.694292741883187,4.721065711078894
A24RM8EQ4LL1IA,53,3.959304595839487,4.22241436551034
A24RWM7GDJ5V63,28,4.705326085474,4.7779996798001685
A24SJQQQFYD2G1,43,4.691882226508447,4.717501469011342
A24SP9OBA2OO75,23,3.7298976269361757,3.8651563752525804
A24TCJS6T0TPKO,19,4.4574384835850465,4.58946111401203
A24TCT2CY6KY68,22,3.8554264341753974,4.06563829751292
A24UCR42KCIOBX,18,4.316559549767512,4.374392166338246
A24UP8HZ3X2BIT,16,4.869437648855992,4.880693059723367
A24V6QTMSFC0B4,20,2.8944881324391556,2.995348210268432
A24WJ5JC76X7D3,33,4.4940118604848225,4.574152680707948
A24WOW04XP42N0,20,4.552054792128648,4.570386340802995
A24WYDXEJ1VQNV,76,4.267476982705414,4.414732989388283
A24XCW5V1I5G1Z,28,4.0207100746212445,4.166959066314119
A24XP03W94OU1W,77,4.861512458803639,4.865342951013882
A24XY5O9HAA3N7,25,3.21217255853173,3.4273142384959985
A24Y50K0E1JP9E,21,4.843606510075351,4.855980962895096
A24Y96B9RZL0HK,61,4.8520287863114016,4.85744272360967
A24YMWBNNH7A6S,58,4.673628407647961,4.695682376758288
A24ZDWXUZN732Q,17,4.925188388355725,4.925453165872116
A24ZFFRQ4MG3XL,149,4.430049173622145,4.520478059364368
A24ZH91LIJ3DKX,19,4.847142633503582,4.856289399613265
A24ZMNWTW8AQUR,36,3.88263296459156,4.004419116330791
A24ZXXMB0R5IDG,70,4.605023815043998,4.669974403327267
A250AXLRBVYKB4,46,3.0536159429947816,3.285661030906001
A250BI36M1IR26,40,3.519090898443083,3.785704069237304
A250NTF2EU77BL,25,4.940693718344644,4.941434880753644
A250RSMTAWJOPT,28,4.826091974109796,4.829164880617257
A251S39F0ZZ5Y6,38,4.247784719219083,4.302858062731964
A251X7FM6DEHSB,50,4.61852943385076,4.655218279519363
A252BTY7SGPYLH,28,4.550556411894003,4.600868794143264
A252FXQX3GB5J8,34,4.338812724232443,4.470587622863707
A252OLCRSNA37I,45,4.150058909959788,4.256961899060651
A252VTWCDLHHC,36,4.349094488304323,4.3997338405619795
A2533CME05HREB,37,4.055348988193575,4.136371843012831
A254D6I4JABZYN,42,3.3819773056912177,3.639694450873714
A254N8K05ZWM4C,20,4.519957847456238,4.5811305050891695
A254R1T0K6CLP6,29,2.6557997359356547,2.782801944239957
A254TGDBB6Y81I,27,4.942310770985587,4.942829637919734
A254Z4O7ORVL6U,27,3.3844988461890098,3.4507974845081586
A255E1L105V4MU,21,3.66637317132166,3.9368960297939366
A25654RSA3UOOJ,19,4.9511079834577485,4.951275478676545
A256C5GME3NIW2,21,4.685956395898905,4.727569890508657
A256DAN9DSJ9Z2,18,4.858195616283293,4.879578369084656
A256NE61EDDFS1,58,3.2924561737646965,3.4590269950500234
A256T5PCQ0UZIM,31,3.023095343963941,3.200845568775825
A257K87KQ1IP28,21,4.103960582058683,4.186496044215171
A257SH0JF2TWTI,63,4.726687643011931,4.779277163522037
A2582KMXLK2P06,566,3.220478885697783,3.430970717347762
A258EBXKVPKQ9C,44,2.8662306134717492,3.1692468157879743
A258MSMKY2710V,32,3.344908898723605,3.498685918876279
A258OAXXPPLP57,29,3.6176035710032126,3.884694753611121
A259F4J3QOBIUH,38,4.2375867995558325,4.292342146347345
A259N102M3248P,22,3.7015688173708967,3.854322555984445
A259V3746XH1RF,41,3.9644089039542276,4.099185721570745
A259XWYQZE6NYM,23,2.8575582160495885,3.243372967213545
A259ZOU9CG59I0,30,4.889217627495408,4.896553353295198
A25A0MJV5TXDR8,22,3.2959705335364005,3.5953465255612005
A25A88AMQBGBRD,29,4.636189048381991,4.662631345812579
A25A9D4L49HSHX,18,3.541229323896835,3.8724445069855666
A25AXWGBGJ5KBS,54,4.278197586957548,4.337216418054346
A25B1DF7H6KPRN,22,4.092482146995411,4.289642592945128
A25B3JOTYPRCX2,27,3.1393746342918027,3.3964484700751982
A25BT6TVBDNLHO,22,4.947117400752738,4.947321360328492
A25C6UL3BX7EPD,30,4.186864861960749,4.309658589732576
A25C7YYUSV6CIZ,24,3.533851474345035,3.6910523706757843
A25CMSI6S7S63C,63,3.5848677647609684,3.761428190854825
A25CQTB313XDWO,26,4.370998270583535,4.420939006115762
A25D54N9GTA1VA,42,4.984376588475866,4.984452378328421
A25E4MVU33VEAT,20,4.4752663568639175,4.524463031310393
A25E8V5JMW43RY,20,4.832724176424431,4.846150347991074
A25FL6VLD7S23S,31,4.145541463774575,4.355980325786274
A25G0O16Z8U9N7,29,3.644427562019322,3.8361706851491606
A25G8AIUFSGGDS,24,4.8214154954211095,4.839085255859805
A25GAS44MY1ARA,70,3.8134348535417524,4.001432295859006
A25GMONBLGQE1U,45,2.765602841954866,2.991608191584115
A25GOTH9Z2E8KC,33,3.1436812964857603,3.6159044290285545
A25GS7DFWENY7S,28,4.709552523153859,4.773609483468429
A25HIZKN80O2PG,21,4.5583017842815945,4.708207337002961
A25HYPL2XKQPZB,88,3.03175964873499,3.2584402141728708
A25II7WBPQ8LWI,63,4.651431470762338,4.697859460271717
A25IKGD31D0P0X,24,4.356274150984905,4.418056820504666
A25JBPU5G0C29H,27,4.115553513553433,4.2020231645259205
A25JH6CO4DVINS,31,3.5402689214867733,3.6669305318612673
A25KFV4A87ZEZ0,38,3.2957848586898173,3.7805829387080356
A25KKXUQQ0OLWB,146,4.6090688554774095,4.6349591399977985
A25KW7SOA78XAQ,37,3.514091922441096,3.71223377221932
A25L1GQF65K55K,19,3.785399862643411,3.8621582593256503
A25L5YZNUZHON6,31,4.100290262891039,4.2620735041752145
A25MZ06ARXNKMU,18,4.410819669524361,4.448978847238289
A25N3JGX4QUZCA,37,3.991518703788592,4.200179157457524
A25NP3S6ZRWNAL,18,4.602056473168681,4.711302021796686
A25NV7VSWVFGR1,16,3.9564641486049297,4.126952546135364
A25OSF3AQ72VIG,26,2.7605944924254855,3.058515249546308
A25OY2U6O3WIYD,29,3.8135713253163535,3.9558537892424313
A25PLRZ8RQ5TQM,35,4.597188156404001,4.635190740122807
A25PM9JGHPU8EI,67,3.103864525959723,3.438227361151619
A25PNC0L669DQJ,30,4.707073718407886,4.742801981883087
A25PPBVUVZMOT3,21,4.951994359482308,4.952676283695791
A25PZJY3IRS10Q,25,4.560789730681125,4.63380914279804
A25Q7H142YREQ5,25,4.942031955683103,4.942810829848356
A25QJBK33C4O0R,60,3.5357736881586517,3.62486957316779
A25QON0OO9X2E5,34,3.5367189066419225,3.630934383616778
A25QSV4L555L7A,24,4.931042215837705,4.9314650254779435
A25QWSHH6WW3X5,64,4.6178036595874,4.649158695461505
A25R11RC9YV63K,18,3.770816928960797,3.8380351949901734
A25RA7AD7315GU,19,3.0402717373107544,3.5459627555267836
A25S4Q7KSTEW02,27,4.420107677581481,4.4545616362767095
A25SBAC3U573JX,40,3.215907234810133,3.3635284112010795
A25SJF6W7G6RM,33,4.615169480471664,4.680967832947483
A25TM6Q7ROIR0Y,23,4.901743374508859,4.902317931536896
A25TTFV67ZAC6A,20,2.736334007118873,3.039923851661252
A25TUXM2LXYXOX,23,3.2843647769135926,3.6027378488702
A25U22DSH512T4,23,4.658427671207066,4.668298629152274
A25UY4LWS491C4,37,3.929232924897686,4.0824533343365
A25UZ7MA72SMKM,164,4.148868165072186,4.254134348302657
A25UZX9E66ZQ1R,23,3.7824451651211697,3.995706907362478
A25V2V2ZUIE9S2,81,3.87029532278409,3.9948882428975625
A25VMJXGS4BTK8,27,3.6327636093409734,3.890348644350385
A25VZ9FHZNAKKI,26,4.124544593280212,4.192421484835072
A25XBQ6HTOCNFM,32,3.5741070047462444,3.816414820070338
A25XGZX0YRTJKN,31,4.257451444368457,4.382865165711264
A25XWFC8NMM08D,105,2.4657206503093088,2.6385333419899175
A25YF0Z8XDHF1U,20,4.955134350030006,4.955207338749231
A25ZIRHTX1QQCH,20,4.162224703573191,4.48279722978692
A25ZVI6RH1KA5L,152,3.4923682569859893,3.5824559959365185
A25ZZMC5VB6MC8,33,4.619797451796412,4.674643895760494
A260ASF1MRNHH3,26,4.838867845482353,4.845377688428652
A260QDPOB2XKHP,22,4.683393833273552,4.70857398283998
A260QLS8Z33KCQ,33,3.8701616603223026,4.021475315085254
A260VHH71O75UL,21,4.094323270015058,4.187105449979626
A262B3K57YX1CS,22,4.786863014265511,4.804859711965865
A262MELD5EJ1EL,26,4.870199452410287,4.876050297583163
A262USD6ISQLE6,22,4.481412863278297,4.530063790860506
A262XKLCCIVP1J,64,4.447172913387407,4.490153350622025
A263RRSNHSXUC5,28,4.602276395963274,4.628930047781924
A2641CJX7J90PO,33,3.3332048849290445,3.7083090120758757
A2646V4JMCER9Q,23,4.011671978103297,4.065365874465059
A264XR8LZ2YX05,28,3.621124926339706,3.9421365146652616
A264XZUXLFMZ8B,27,3.5442618492181057,3.866349932207243
A264YIOOR9HXV,19,4.154861715921571,4.195977710416903
A264YSV13KJ25Y,24,3.8721993153084053,4.017701303399031
A2655CYSFWYOBA,20,4.704150693106564,4.718605602943981
A265D61LKBQH17,56,4.193563104621135,4.3039195857201245
A265K0OQ18OTBG,19,4.978527651599759,4.978558841216589
A265S6DC1KZGC,21,4.618463054402118,4.645682288464632
A266EP8VAB1AG9,22,4.847659024741618,4.856925642082141
A26724UJC98P80,30,4.965819286957188,4.966018499601069
A267IXCC7UK1HY,150,2.5026211523176434,2.7686073892151914
A268EEWUXYCA8Q,52,3.3160926612566763,3.4963132069861076
A268O7SYZKRNUU,17,3.1214554343176992,3.6017843573123396
A268OJQ47MGFVT,22,4.538335979687061,4.58919699855923
A268RUQXUWZELX,23,3.9062794489417993,4.1375940741553645
A268W3C0KXBNC8,63,4.621312900177793,4.66295485463635
A268WAQS5WNMGJ,31,3.306468304592062,3.4963630292241925
A2691WDOHD8EYI,18,4.966602734575041,4.9668426686164615
A269BIKIOF4I0N,23,2.891562758445333,3.181829760327448
A269E9XWZ3F5LM,33,3.832171604656133,3.886268415842364
A269TY9KCNOJI5,18,3.0625929435960266,3.4593990232430163
A269VE75LHXHUD,17,4.58298451402969,4.653879278826462
A26A598OG6SKD6,20,4.9818070346509185,4.981860197673974
A26A64X86VL1R4,47,4.1330189807472095,4.215654331813699
A26A8T38C2GQD7,190,3.605738213460027,3.682475645969851
A26AO6PZISN0CS,30,3.852546349145595,3.9874035266944725
A26B2N6IBF33ST,24,3.594823111655355,3.8779300786302544
A26BWRBPP4V2WF,117,3.2397535474983945,3.389631543991392
A26C5VEVL6BIED,30,4.068670832622536,4.135812237100603
A26C7KJIZESJ6P,23,4.984839487190558,4.984863149974558
A26CEGA9GYBUTK,20,3.519514269617738,3.6613152784567933
A26D0U6FTDT8NN,47,3.9988522077084236,4.0406756016988
A26D17G4L6DIX0,18,3.7355249231057295,3.854420410177974
A26DFZ1H5N0JIJ,26,4.74084673171864,4.757176572117685
A26DMTLIKAT8DN,40,3.6625233256313265,3.8233036679764063
A26E68WQMH85NO,28,4.333294950320392,4.444992195752283
A26F0H4X95PSPN,64,3.5118005192479,3.650603583877935
A26FGUAHHYAI4O,23,4.410990586785966,4.467356082427996
A26FPHC71C5IX3,26,4.268104865721919,4.3933564600928054
A26GB2E87JAGN5,23,3.607604899172077,3.9606086816346795
A26GUT2H0407Q6,52,3.430709317757167,3.5314928151784883
A26HD3S38PLD5A,23,3.491907109142221,3.7200961029098605
A26I08JEDMHY8S,19,3.2871378005358816,3.438465688930409
A26I97LPF7GHWB,24,4.69585595702961,4.71623669170954
A26IJMBOX37ER4,28,3.3089840633785754,3.402295230367563
A26J4NS3G3DAU,51,4.888146558605697,4.897480786254325
A26JCLCDK5AY2O,24,4.331567058741042,4.497122034716163
A26JGAM6GZMM4V,105,4.159724165728061,4.1907221617894725
A26KKZ01ND3PQI,18,3.5108658560838233,3.5457241044146364
A26KLXYE2W1H2K,30,4.225479336645913,4.295285291033996
A26L99MGEV891D,32,4.269645383320653,4.403183782979988
A26LCEMW9GG71T,26,4.330530579379206,4.517614207377613
A26LD9FQHTM8ZH,40,3.3644762487894817,3.6153015637073955
A26LIR24MAM6VQ,23,3.54241185173949,3.7212730644198957
A26LLI9Y35KCT1,26,3.8893661212781123,4.181970954163774
A26M0UKV9MRB8D,23,3.3126096888465484,3.692122490863673
A26MJME9IBNETY,52,3.0202582955237296,3.264334423056485
A26MN0REN2AZAS,28,4.814977910190015,4.824132285347918
A26N27LJVQNVI1,74,3.2165222027881053,3.5194656606992614
A26N5JRAXN8XB5,22,4.882904288266484,4.888445147113021
A26N8WVYQZCRID,20,4.2380939792600145,4.33922704631615
A26O0T192IBKY1,80,4.055644686753226,4.104093459890542
A26O4ZLM3H7B3H,22,3.5867664027432524,3.9596178655404293
A26ONF960LRHYI,28,2.91714353855831,3.306193494247137
A26OR9VFY3J8CT,18,4.228728825293801,4.34407598761254
A26PYUBZBD3E80,74,4.602850185222802,4.63542857684639
A26QVWU6AL85TN,34,3.9858939134878493,4.220582228504414
A26R33GPXHWR6X,29,3.6007696661014372,3.7962869629574016
A26R4PDCZX5SOK,56,3.592481356046734,3.668987107132763
A26RJIXWBNJQFC,27,4.473982848398163,4.564853161202895
A26SQLY5TOI3TQ,15,3.926774083243118,4.0041384455739015
A26SV90ILK5BNO,19,3.9700054066352775,4.051226192009524
A26U6WQ96A8PK7,24,3.9263186581875513,4.124481990084267
A26UFPF2CEXWJU,32,4.734227600406142,4.756123974642347
A26UHHSKOOV8LT,39,3.7108874498574815,3.895136021614434
A26USSYLZTHBKA,22,4.41145313912644,4.520705691189371
A26UWWTIYM84M9,23,3.3489324056580294,3.404916379400867
A26VF18X91983P,26,3.6724299928751325,3.9659144676363076
A26VNYTGSFO9EU,19,3.865172829922028,4.100849273498605
A26VS586HEMGP5,21,4.05857111309382,4.256974027625203
A26W3R1WMJBWDF,22,4.483338389529454,4.540606023987696
A26WHR1IP0A250,36,3.9030648559495495,4.044745509462551
A26WVK274IA7DN,52,3.8212562332185467,3.9083732826691677
A26X5RVZJRBBBD,26,3.66543454122941,3.9883705525948683
A26XOOCIJWDITO,38,3.621715469187958,3.793549598850248
A26Y4NZC99I8E5,21,3.326210586532493,3.6295546898049085
A26Y7GIN7YDCYN,90,4.326366762782388,4.456723933830616
A26YEH6M1H4HVR,23,4.903990022762089,4.90530088389718
A26ZUQ0T6P5DF6,40,4.2701871967621035,4.328765638245021
A270Q76N6CFAKX,21,4.773921910651506,4.818908027151611
A271HUAFEND3AA,16,4.741022501534296,4.838429492554386
A271QDD41UTD0S,51,4.8671091200985686,4.8755876328111665
A2726ZHKMUE6K1,18,4.662214873476759,4.723002061631463
A272DUT8M88ZS8,20,4.808943345768883,4.817573495754661
A272LERG5184RY,27,4.628164213426669,4.6726713107280595
A272RIGQ5ILO66,50,3.6554003269884316,3.749356757289048
A273QJ76P5X8W1,22,3.46790037480184,3.64513176319922
A273W1N6IKD6JK,31,4.960563740669388,4.961131104289925
A274CVLG3VAYP8,26,3.979025688091316,4.136009024684895
A274EO7M9ICQU3,22,4.619340941184786,4.644315242160334
A275TP581B35WK,18,3.6513998542921016,4.043645085471297
A275VY3Z0OBZ1M,19,3.5057551806210285,3.697783459788573
A275WB4PYH6227,39,3.6960203876367577,3.8596763572686035
A275WOTQXYDL2D,19,4.796693122260118,4.809865206102566
A2764UZVBFC61W,59,3.9896719323126555,4.101479580776767
A2769F5JKAA63S,18,3.7171574714720634,3.8459038876159144
A276BSDSBYTULH,37,3.044561593120494,3.276565226676973
A276M3NSIY9B82,39,4.188813847272678,4.270108992548949
A276N4FURSHBFD,17,3.04894582707579,3.304083947831007
A276YDM0MOLKRR,35,4.6751334781287435,4.698107307231727
A2777YVBKQ4KHD,18,3.2300813701720887,3.5959592287671267
A277HPW7B49PAO,18,4.415774621698465,4.5303014786986875
A277MYG7MQTKYW,34,4.0430175186262405,4.216483039200342
A277NVX8DHM48K,24,3.674088548521075,3.7407460038756377
A277RYXTGQGI0C,19,4.361686489719063,4.4944882446688466
A278AF56R7J86,17,3.925896681097034,4.015828130727373
A27A3AZA7L12N6,27,3.2172058033582496,3.290704614420615
A27A88BCLIGDW6,71,3.4701219976189224,3.573860991684435
A27AMKFAKYSU8B,22,4.080448036795681,4.287218917515368
A27B3WLV2U5I3A,20,4.053147323683037,4.218448951209338
A27BBXXBD83XJV,26,4.754264475288782,4.772723565345345
A27BONCK6IQMKA,20,4.197730104607612,4.2946591300948675
A27C4UXXJ5ZXTN,23,4.75055816475947,4.7864531250061075
A27CFNHYZG6WS8,68,3.3718938409695913,3.598437676945386
A27CHILBK6HIL2,52,3.350620030221996,3.494197911818425
A27CILV5XK1ILE,20,4.184642626209974,4.345898488671178
A27CPM2Q0HOP9K,35,4.135562155976887,4.2252124008579335
A27DHFFWMH042Y,30,4.481516650842932,4.570412344592508
A27DSB3LM9YKAG,47,4.747773799591488,4.7623634956158325
A27E8WBZPYJX87,22,4.17258460511131,4.243905623878183
A27EF8CGCKL1BV,15,4.7970557157924585,4.800315409622751
A27F1WYCM6IEYH,25,1.7453565682304149,2.2676665482181364
A27F2XD8Y776X4,32,4.58372400270209,4.592387403748499
A27FD3F9WMD18J,22,4.646810255261925,4.656291514898238
A27FK04WGPSEF7,21,3.519514225298061,3.6749360539776204
A27FKWRVKGEX5Q,21,4.8791998941171775,4.8885306294336335
A27FP0S5QH7GNE,20,4.888624687164379,4.908066573990522
A27FR2C67JPDRS,93,4.168441241204212,4.228227140785095
A27FRAY7VCLXVV,21,3.68824819594392,3.858593490512545
A27FYYS44LH7KD,30,3.275719049169371,3.562913837271696
A27GMOW04U1C0E,24,3.9954245438626788,4.053623742528215
A27GTBNUF8DUEF,16,3.8657082620844667,4.159244231193579
A27GY3X9Q348ZR,21,4.733130910698325,4.750068521767902
A27H4WPWZLGUXJ,22,4.751844301189614,4.797618842901308
A27IHE8E5MGKG3,19,4.044474238041654,4.290097357414413
A27IKW8HJ6IFQ0,19,4.992896860816376,4.992899917253372
A27IM95K2U31OU,28,4.551166455743874,4.624218535701497
A27INQKOSK9MAQ,22,3.549415886246129,3.674779465404089
A27IT55XY4M9WX,46,4.823364507738797,4.83853140248441
A27IURIXX9JW7C,40,4.425940665268277,4.463810448288598
A27J2K7DSI3WEP,32,4.936417158358517,4.948672011448635
A27JAIYP0U9FGH,24,4.153997165684113,4.341818934792427
A27JJ4GP14XG4R,17,3.912276659530415,4.083895296665148
A27JNXTQBRJ2F6,40,3.0071583160436632,3.2476499019041927
A27KRDZBELFVW4,28,4.823571044650945,4.828717275007441
A27KXHPUHIOK4H,25,2.605721124128367,2.9371514329870094
A27L0ISEV7ZF5L,44,3.5730148265216766,3.8844044075183213
A27M15DFUPV1CK,22,4.168973420795928,4.231241873822414
A27M6TBYGNNY37,28,3.456306405542457,3.5412919592481806
A27MKOVSDQSXFZ,33,3.8278304334184003,4.063922921945862
A27MLYDQDHFSX2,17,3.549004933636429,3.8751412557803184
A27MOT4ZIUAKIW,31,3.398578781694209,3.6352658630804475
A27N1ETXFT9BHI,19,4.979908387445939,4.979933302493544
A27NFDU2XJ7OF7,26,3.584486220454695,3.7606701186845477
A27NQQXW2G3FEH,197,4.312475973152309,4.403275106814327
A27NSE3WWGM9A7,16,3.543295060357451,3.659670897409843
A27NTH2Y9DAR31,43,4.652660424126676,4.705986021056599
A27NTHPTRXB766,34,3.8392191606627724,4.136021981235036
A27OBJA1YDQFZI,39,3.7041815091094965,3.7980307181953856
A27OPIPQ6UGVSU,18,4.7542748366264975,4.840805038285121
A27P0MW8TE1JQP,74,4.249493855991201,4.317483277982011
A27PSZX2SE0B51,77,3.8980982574060357,3.9978665508441082
A27PVVXRXRLIES,46,2.751589365897356,3.0304390910091143
A27QS4FWJMRG1W,22,3.2897704402718335,3.551413363049792
A27QZDO1FRRFCV,23,3.9470808192358313,4.0427481943517325
A27R9Z5RZ4YSC4,73,4.141170294647216,4.232939212774429
A27RJ30RN5K9MX,73,4.474711953332628,4.511263719496913
A27RMXD038NBB0,26,3.7545039932447235,3.880271459387187
A27RN61BJWIAYP,43,4.8635786853530485,4.865836962260221
A27SMED6FTN6XR,17,3.793047673043836,3.922397109136001
A27SYHZMEBM9CM,28,4.816970223682809,4.829015627451956
A27T25M3GEM24,42,3.6583388255319473,3.7948152486137645
A27TG7WK6J55EX,22,4.917700540272905,4.918812914970378
A27TMU9HWUHG5X,30,3.7194584250022653,3.833841803018995
A27TO1YTYEA9E2,18,3.0365982845233335,3.2724734356995455
A27TQ6L6C4XTYF,27,4.63765993509652,4.676338960810652
A27TQA0XCZUXZY,71,3.7794351325804225,3.880657755905132
A27V8MRR3JGVE0,20,4.63517081351517,4.669154966153037
A27VAGZX8L7UGL,34,4.278831499090106,4.384007212329132
A27VUYQ5MX18GZ,20,3.3407289932715836,3.5190489856828306
A27VWKADW1F512,19,4.042677961273505,4.193922533665638
A27VY5SLCUH8S0,22,4.990427671052644,4.990449783261988
A27VY7BUVD09I2,35,3.965995750389385,4.087134792279321
A27VZW86GX9AVD,20,3.6941248386877397,4.049463476859779
A27W5AJNP6YX7Z,54,3.8383260405970003,3.9753865298924733
A27WO09H4ZPRXD,35,4.484342864865763,4.586460014194101
A27WPJ5JYEZPPK,20,2.3051821410395394,2.5119941949142053
A27XXS9XY18H3Q,52,3.806422614687077,3.9337821356453433
A27ZCU9LK0CMQ5,24,4.1703211612444635,4.459129527031675
A27ZH22PHMKT3A,22,3.335065037860754,3.5885693084444834
A27ZLF4B43B358,32,4.076880828180818,4.158667509084141
A27ZLV4D9EE0V4,28,2.173349093150405,2.65142396661778
A27ZOCD5B63Y0P,24,3.908807494899903,4.1315743158277165
A2809U2S14N0K1,129,3.063542628761526,3.266645121166279
A280GY5UVUS2QH,66,4.100938712315493,4.14993427359946
A281387UUS2IN5,86,4.100722292342664,4.151381390615204
A281NPSIMI1C2R,127,4.569509100557571,4.5992700672595905
A281TPR8M7V04S,18,3.252474500411376,3.498631667891817
A28284HBJODBF0,41,3.8988016537002617,3.9557601142186853
A2828HLP7LEXRQ,27,3.480753813507121,3.9069239537531466
A282BT9002I6KN,17,4.584456037795796,4.6329125587904185
A2834VZ4ABL4EG,19,4.6390914016621245,4.652175521001235
A283RLSV4II9OF,19,2.9808989170513085,3.2422762860186487
A283RV05QVUTVI,20,3.8852467591997573,3.973674241151703
A2845BYVKZYVZG,20,4.4795677040439,4.604536527265414
A284MNFYDWZA2F,17,4.286585575512805,4.338411393076354
A284QGXEJ43D3U,26,4.21070580989586,4.321759916332384
A284U4WS6ZOLME,16,3.87993424248595,4.016415322178188
A284WUQS94AQ7A,33,4.310938559743134,4.369214837453845
A285HVUTMDA37Z,34,4.857664171214247,4.864111563172283
A285Y6MRU4GH9,25,3.499966685175019,3.7649722572486337
A2860P952GFG39,35,4.408862026906326,4.485205188014268
A286XNXOREIVWW,23,3.956245569169353,4.161121442629519
A2870IOT7NT42H,26,4.570398918190902,4.611771563484124
A2870SC1WOA7O2,20,4.755607685747078,4.7585246306702205
A287A8WVJE7ROE,23,3.9344048717537463,4.243694361895675
A287G9GGZZO77K,19,3.887633605883086,3.9902561687544664
A287VN9A5PEV56,24,3.8189332869969372,3.930932470794674
A2884033OV6K84,23,4.681001583853911,4.7367790681771975
A2885ZASME7Z8Q,21,3.968448313323028,4.195280424389816
A2887J6P8VPB5H,19,3.3667842324982886,3.6555865812907413
A288QENIL0GB1N,38,3.902604693502228,4.132251992956611
A289788T1M7A9F,89,3.4809862948356978,3.5894063862948324
A289FKI0KVB097,18,3.526551864607847,3.8153904723746517
A289MVW87BI88R,26,2.5588129401654336,2.8501575762277764
A28AIG15GAA581,27,4.540529939756091,4.557771758627678
A28AJ511MTC11F,22,4.41285338221089,4.471634861145012
A28B3PYZC1FS1H,19,4.379906884940508,4.419902259127614
A28B7IJR80M8KE,104,3.7452737964276515,3.928996549714658
A28BCMMC6UX3TN,24,4.096941314658616,4.26619201357994
A28CCN6VYHRUKS,25,3.6226128174050785,3.7124605046199144
A28CNOV68PNQJG,21,4.771652958028432,4.777082793083177
A28COVH4IU8X5V,23,4.789978793401897,4.8051593773166275
A28CSWV4KPSZYY,24,3.4756325389581595,3.8008294585092943
A28D51USWB99R6,27,4.444307506917686,4.555700541600256
A28D7NYCS8D88F,16,3.5575842165994955,3.9081940730377163
A28DBHARHVKWUB,21,4.48725064408602,4.535807548927644
A28DYDFK9BAJ6X,28,3.872352431136345,4.0054900766328885
A28EBXOWZYDY3C,20,4.375429345816397,4.546480155537818
A28ERDII8FZQQ9,20,4.389034424148734,4.522013740467037
A28GCEHD00JFZG,63,3.264112133262504,3.5067312080932784
A28GZ5XS8DE660,29,3.4862404386196912,3.655226854234123
A28HB1CS21SRDU,21,4.231142847739068,4.339635467663871
A28HMZO0MZ6HAT,20,4.668376930383639,4.693687156504716
A28HNEKB4NIKBM,20,4.956495453139615,4.956888035114553
A28HQDUE9R846F,25,3.8769130028111745,4.042805107647703
A28HZOHUUP1QX7,37,4.683473943511024,4.690040639829828
A28ILQ1UPL7K5Z,23,3.3579881197549493,3.5142608206058563
A28ILXH590CMRJ,47,3.9975999622287324,4.065894819343143
A28J3123I1QDKI,14,4.155923022614409,4.305473845329265
A28JK8TWOMD3TX,48,3.6801482195272075,3.9328996103041174
A28K07PPQ3X43H,21,4.900631139077983,4.907140799613175
A28KBCDVIFVFPF,33,3.167639647582998,3.266628149539422
A28KRMOGV9ZVP6,54,3.7402077664655993,4.141923766790986
A28L8V3FT0B2VW,17,3.3900797795661344,3.512650428637461
A28LCD9ZGAZ2OM,37,3.977712161709694,4.1567355216522435
A28LZA3OUT9A1U,20,4.516284261099937,4.608375432868726
A28M2F3ANXTR3I,15,4.895253086182288,4.89612533321454
A28MM46KI4EQB2,85,3.9243115445829964,3.992201718667101
A28N03KI43DA2F,17,3.936111857200048,4.174897816476152
A28N4ZIS9ARI8F,20,4.0157964426248105,4.096952738510778
A28N79Z604LRCM,40,4.6753200490791755,4.744745251289433
A28NEQRAC33WFB,20,2.721161591804111,3.1326190407639323
A28NNW5DLZH1RW,39,4.540288874721015,4.566716584888302
A28OB1QLXN5BM6,93,3.4126108853027692,3.649019626786682
A28PR863BR4RSF,22,4.30262436866283,4.35501473156455
A28PRQBUX9ZW9X,31,4.397050571008916,4.513542812881424
A28Q2LJTX52PMI,54,2.692293282456399,3.107025614780268
A28QBMCWQPHAMN,26,4.328478723097491,4.471248661044507
A28QV0KX6LXFL8,18,4.830494360090782,4.832530099892805
A28RBLQ0ZX4HP7,28,3.661153869391892,3.952674663797102
A28RCAA27DE22E,21,4.560078595431184,4.577429385186764
A28S159034TM38,27,4.430465867705328,4.489794406774818
A28S3F43F76HSH,17,3.069317408672269,3.284574446125604
A28SBPF6KFZ7VL,26,3.731050180513676,3.9891449666932246
A28SD44P0WAP25,18,4.016253663455639,4.337299447238874
A28SZSL2013PP3,37,3.930949084031331,3.9999559627313426
A28TV5XEZIBQUU,18,3.7958862664184676,4.191871441718673
A28TWD9SGSQ1LB,26,3.8857257344469742,3.990638303957047
A28UFH7QJBZZMU,29,4.740548949854597,4.773951569380032
A28UFJF5K9DESN,34,2.8910587040531905,3.3698116838723946
A28UVDQ4ITA5YO,21,4.904359918300146,4.9092859617440086
A28V8XJMS2T89Z,61,4.252927285701864,4.366851071250296
A28VUQ6TMHRS8A,19,4.49071716393496,4.623347747946794
A28W9C3T3H2T53,35,3.8854226057869483,4.127966878750556
A28WGVF8FLKRP,34,4.370229307956431,4.401268151735371
A28WJUJF6D2ULA,113,3.7538852021930036,3.8848815937947103
A28WUS6LW6O7EZ,18,4.547427803427413,4.594979451172392
A28X13Z3YQUA2V,29,4.489012642288193,4.537366915973297
A28X3GJYYY5M3F,25,4.503613050002369,4.539814103168862
A28Y252GI2O843,35,3.6153815508494698,3.6701158989477682
A28YCXNX9SKRNS,15,4.767931427610085,4.798117622285831
A28YDAHP4HCUSR,20,4.74105305223603,4.761955925091002
A28YE81E63ZOZT,34,4.332312614151393,4.454073883298431
A28YIEPGLBN3GI,66,4.189062439477108,4.362233969206841
A28YUGM4B3ILMO,18,3.2389432408266856,3.4473809006669063
A28Z84QTQ3ZLF3,18,3.262539649406316,3.6490104213622288
A28ZU7Z39BGG20,43,3.338166498341806,3.5878688150003293
A28ZWAB7XKIURK,23,4.893038555694167,4.900919377766423
A2908FSWRQRFEY,37,4.068679780565453,4.221731946383127
A291CCO4E6LT,20,4.2876683795071715,4.344096769987578
A292163FE9C117,21,3.9724293746382853,4.0808408610804054
A2928IGMQCS018,17,3.5159927270788236,3.632724678043843
A292UXMLXC60UZ,54,4.597342702176801,4.662511621897484
A29313797NGT9L,88,3.3216188704825025,3.4034815315789304
A293C0BJJY3RFV,15,3.1016420810834173,3.539073236098547
A293HA28PN3VO4,54,3.763164168839669,3.8536349143732864
A294DWRBQUOIK4,47,3.4677115780066203,3.6414654860741162
A294HSVTOCR5L4,36,3.119210878929333,3.1831111056981385
A294Z6KMPPBO3H,26,4.557391587695867,4.600518519271796
A295IP2QV2MMXV,19,4.708333251811047,4.73911840664459
A295T5W0PID9I4,23,3.184196785959941,3.3388813616369455
A29677WGL6A8KH,19,4.995914411924505,4.995915180208112
A296EEAAZJV9UU,31,4.920221820107347,4.921028735340018
A29736SKZFX9Z7,44,4.223165294671163,4.340478388675209
A29764MQVYWKDB,35,4.177796678579423,4.3013180274203995
A29776Y281PUQU,53,4.5919751057996345,4.680665623956573
A297AYM700BV0N,20,3.8492613676057794,3.8739899727425144
A297HOYHX10FOD,28,3.09634848644691,3.2131713961952943
A297OMZLM6XGB9,18,2.9293564915666024,3.233856141565672
A2983GV7OC64E,54,3.415912435906236,3.6196604478775436
A2983OP6MDZ1M1,33,4.294517123299797,4.429643531565676
A298CVISRTZBAH,22,4.621419424516334,4.706611662799086
A298FGRIDX1QKG,20,3.458103363569665,3.794761681666881
A299PVUZHBVBC6,21,3.9470067802596014,3.9914837463378685
A29AN984I1ZEBT,24,4.7088868294633865,4.777964533198268
A29ANRYJ09M424,26,3.906857057495593,4.057600981560522
A29B0OWQJ70GE9,30,3.2823041636691186,3.3932208318587302
A29BLO0GUTI2Y2,21,4.685348806421952,4.76393442090498
A29BMQ3ZXPRHVJ,20,4.9879745531066755,4.9879982840048624
A29BQ6B90Y1R5F,13,3.6757323258718824,3.7758530488948936
A29C0J4EMMR4AL,17,4.992840303849346,4.99285163185691
A29C6KZM59UVLB,32,4.249441959483917,4.338983089994206
A29CJR2LAN3LJ0,20,4.586169958386712,4.644512672763714
A29COAL60SB48B,31,4.127488475798351,4.337818462572149
A29CURRQW4I3ZB,41,4.377963046003797,4.544796416745574
A29E5I8I7KLTBH,85,4.57769858106257,4.628057025819099
A29E6IO3DZG6IY,40,3.9311845003579675,4.113356007880446
A29EON4U0G1U07,23,4.351670917057378,4.430472925617502
A29EPDHQWQXPFQ,28,4.660589544290128,4.6702998793174695
A29EREHE2HKK12,55,2.669799141693926,3.2520948582033755
A29ERKQ8Y9PCV9,20,4.285912819791694,4.343704136001967
A29FFT26RF63YX,23,4.284969383619013,4.432257369671012
A29FL3A31XQY7A,24,4.862539267658187,4.879534088214315
A29G02FR0R1D3J,30,4.657469262975953,4.763767303344749
A29HOQ02CF2UDJ,22,4.716862756980507,4.747303538091929
A29IF7O5FIW9FA,25,4.158618247081469,4.288533210568184
A29IKPDK3G334J,19,4.293332657953779,4.453035055640346
A29IP009QER7FR,18,4.986843583361491,4.986898650086203
A29IPLCBZ3LIGX,29,4.427982666154957,4.472701160182102
A29IYGR7SNPRIV,49,3.5606988331516547,3.7757756837033924
A29IZYCZFQVMGU,23,4.001929836265706,4.22359344835505
A29JNAD0IA18J4,35,3.1434638344814494,3.3095063018705915
A29JPSIEKZ80IO,19,3.6084002040284275,3.7097822131935927
A29JWFM03F89XQ,19,4.971017644486843,4.971054770388112
A29KL4M6NW4B24,26,4.528554733431852,4.607635342272691
A29KXGISIS0H3M,24,4.967112248660725,4.967205383494229
A29L2RN5D8C0HM,26,4.07610625347527,4.145707952057884
A29LIPQHFF6UP5,25,4.43053879103974,4.525968081861751
A29MQGMFW5TRFH,55,3.372758376393734,3.6900006493084794
A29ND8RD38SEUZ,27,4.763854567545444,4.7761616036175
A29NI7YDJLJ8YC,19,3.906059809732438,4.041158367299224
A29NZNOUQN94FD,36,4.645606693835261,4.698370320192131
A29ON7RAVEIU4P,16,3.7108869605885264,3.8816566096993186
A29OX1U438RA2H,20,4.256338195679648,4.328914362688368
A29P65DEEZIEB0,29,3.9796747786124502,4.215767116737441
A29PAPVDQIHNB8,24,4.798114724058012,4.807275290929999
A29Q1SCC4OCO67,25,4.640700334523302,4.716122895338772
A29QA79VLQGHY6,55,3.878386857452564,3.9100855446374134
A29R3O02O0PON4,61,4.021802130776103,4.14099565653278
A29R4FCO6RFX4K,124,3.0579430801706637,3.2485195099032187
A29REIC96NBWKT,87,4.713044500935402,4.744440921604747
A29RHZNFEJ9OF8,25,4.945473608573204,4.945581320228355
A29RPLS6SDDS24,24,3.9337226754977888,3.9775370152130525
A29RUNZT2H2GCU,56,4.330097635666974,4.421544159576561
A29SJTG21BVWF4,65,3.1637074443526014,3.347408465630027
A29SOTX2WMKPPA,30,3.6895626062603473,3.765243508240386
A29SSYHRLPVGJ4,19,3.658109981982122,3.8527945904883456
A29STFQPT0DAXP,18,3.794828250758143,3.8266452708549337
A29T1YK1BKEU29,18,3.8784640107323733,4.1648263459004715
A29T77UEKH8O9L,21,4.423826269686284,4.495075742974709
A29TKSIWA3JKF3,560,2.8569741243915083,3.0836475082510293
A29TM2NSHRQ0ZY,22,4.602572072465781,4.638211844737141
A29TNAVMPYFRDF,21,2.9527635826748764,3.1908380405910486
A29TWAFI927A05,35,4.838493098823861,4.841159693007844
A29U8ALME3BB2,17,3.94600584275724,4.110412996610072
A29U9FPQFD1XBO,31,4.746380878956245,4.79746591965173
A29UK7GM2HXMIE,48,3.5201965395277592,3.613556586693959
A29UTKLAFGIP89,22,3.7613283640108235,4.049900993687773
A29UXE5B1U2163,14,3.838314221519976,3.9281605943442846
A29V0P0D7ZG2Z,25,4.118394715935018,4.2058248967296175
A29VKODW4R5U7W,20,4.114192474319546,4.240789044968622
A29VM7GGDPVNTJ,25,4.310235996650652,4.350624524998813
A29VWXJ99Z7QYG,20,3.830852754411539,3.860021657907542
A29W3J5BG42GSC,30,4.125456837603914,4.397635979249839
A29WXAG813FS7A,32,4.411715922093033,4.436403386898747
A29X9U79LWG6YT,39,3.8767068924786825,4.003701698163102
A29XGB9J3NP7X,22,4.2959216631393025,4.514639182099596
A29XKBB6SEYTN6,138,4.144224967173346,4.216009926525263
A29XWXJ525HH7O,43,4.31089268213974,4.3625317544755315
A29Y2B2OVQNMLM,34,3.299915935680221,3.709594657206758
A29Y34ALWJUGB5,36,4.131564759807151,4.2584769743762285
A29YCTC77VQ6AZ,26,4.672118909400157,4.749618840152688
A29YRR716AELWJ,16,4.80021556587075,4.808147120242444
A29YUTFLVIREFC,31,4.938623970501004,4.941740757841773
A29YXBFTD7QUP3,82,3.193387065110197,3.368872703436105
A29ZNV6RY2B8UC,23,4.079214860008975,4.1241077365108545
A2A0FBLKJN4ZY5,37,3.0111762957700474,3.2635423135531085
A2A14JYNTGG9GJ,48,4.082481864582776,4.185276512253224
A2A1AJO2GNTG6W,28,3.6972146759430764,3.9017065049443564
A2A1CFL4A83Q20,30,4.794324418852449,4.798731389361813
A2A1HXFSAPA9A5,79,3.0694757575542155,3.350989415828095
A2A1I8PZ7QXUB9,13,4.5060841346624025,4.566019206504605
A2A1R7X57XWUXN,60,2.808364675747983,3.2110408227661966
A2A1XYSB692L6J,18,4.1593309936582505,4.345824059227431
A2A2CQJH79MN6I,29,4.871238064234884,4.874985983808281
A2A2H13VQH2J94,18,4.965776079785042,4.966366623728621
A2A2JCY10L0ISY,17,4.745188477461663,4.760043727206469
A2A2KBPDMKQACI,17,3.5725223625255738,3.844277913298287
A2A2QGGPSG2DLJ,16,4.423514172305958,4.548956395244963
A2A2SUY3IOQKY1,30,2.49863050670638,2.7151316058436716
A2A2YGCSWWAF13,24,4.0391858992859735,4.207227181242496
A2A3578Y1FYA8U,26,4.92516492135896,4.925572469363515
A2A36XDDO18X21,49,2.645303737899816,3.114264535713247
A2A3R1DDF1Z4T3,40,4.501967260816128,4.538165021940029
A2A3XI1YHAOY1K,68,4.169985784708518,4.261042243413752
A2A4F95257P1QO,24,4.131963029874417,4.1887196576252546
A2A4YBNFV76DGA,29,3.4829573433421244,3.648701311155962
A2A50BZEAWUQ03,22,4.893625093247114,4.9111153217917565
A2A5MCAO2PL050,20,4.460967654036174,4.5692031304180585
A2A5S6N4AOKRGL,31,3.576431086253363,3.7161842248831185
A2A6NH6DPE0VXR,335,2.7672597945358994,2.915608693128907
A2A736XI0RBXC2,29,4.822486650978824,4.8787702874993055
A2A7CI7OWBOI3A,18,3.1315034586720416,3.462483038734453
A2A7NHE5HTK79N,67,4.667853219285524,4.687359578188809
A2A7XY78RAM5H5,167,3.25183857012638,3.448535721863067
A2A8J1N23BUM70,28,4.589372042323973,4.661358756513187
A2A8TS6ZNRK7JG,27,4.146464542237444,4.279194328499235
A2A90VTWBVWVLG,38,4.056608712334342,4.23360004075664
A2A91HERLKGBLB,20,4.338967929600932,4.419858863451733
A2A97MMIZ8P23T,18,4.166509420847453,4.293396081225049
A2A98J7UJ2EO5J,20,3.4834700787203934,3.656972235641401
A2A9J57S5QZQ87,27,4.373084340183368,4.417512706084947
A2A9LOBQEGKH0V,23,4.146270682097022,4.252502534182547
A2A9X58G2GTBLP,29,4.62567503195079,4.651362900844504
A2AAHDM93LC9BI,34,4.722199810599401,4.75389513389384
A2AAHVC9E2Y7JL,27,4.180481777147498,4.296986314012112
A2AAPG4YJ4X37U,28,2.5534732471648867,2.872033088170633
A2AAQF7IPCS9AK,21,4.862365928663127,4.881136286047109
A2AB76P9LR20Q4,34,3.6160158441441768,3.8885390437112535
A2ABJ4XM4MJ5CD,107,4.687482675753465,4.6995704826228835
A2ACUB2881HW0X,48,4.067794796838789,4.180469517467319
A2ACVMYXHAMDNW,20,3.2089397316364234,3.3838117745773837
A2AD4IDRV2ELFB,17,4.927339254537596,4.93294045148661
A2AD5KZ5U6YYO5,24,4.479913173658944,4.503967573244577
A2ADBXRN9IX8O,20,3.3012801038705772,3.561685876214045
A2ADEJQVWZ8ZG8,28,4.937672932676127,4.941073863661646
A2AEWFYUP6I0M1,18,4.962542562993048,4.962962641258433
A2AFBVM5O9R09V,32,3.454513903096721,3.730783985938275
A2AFGNABEUWPCS,29,4.462241626783254,4.49975334249514
A2AFM0SLLFPSJ1,25,3.6846465643383706,4.006444396038855
A2AG6WE4Y8KIT7,22,4.14760787249005,4.334173335924594
A2AGL7ZWN7GE0U,36,3.899269222268102,4.111697930288096
A2AHI9YY06CP70,18,4.332289769775648,4.4330396193934725
A2AHS9Q36KZG9X,36,2.8629366947900676,3.3013334758215573
A2AHZG5PCHTJQN,38,4.421316133778046,4.47127026479104
A2AI3SZS75JAFO,25,1.9725837116908753,2.559105006002206
A2AIE9DO5QSVBD,19,4.23775401287055,4.273982610999232
A2AILGW1AHN0BW,58,4.6569549821850424,4.671532254098604
A2AJNLI3V5O27F,41,4.056810140287037,4.211564093922176
A2AK7ZFKW08HID,121,3.801099664165299,3.907489441300635
A2AKDKY2LNMQVK,87,4.407393212392223,4.432618329986116
A2AL9EZDP5UK6X,22,3.189296341205672,3.4682460868065226
A2ALMPXIKDLE3C,18,3.118902759286186,3.2106548838485485
A2ALUVGJ3WMWW4,28,3.9862703373448674,4.135244790451105
A2ALXQFQ5AZJNL,23,4.758106645129621,4.78258323215366
A2AMREE1VCCYPZ,24,4.334212700116242,4.5700032830801565
A2AMWUBXZPG9GN,18,4.812980250519723,4.833991119141834
A2AN5WDTIQSLWU,15,4.4575585005935645,4.5446880732434325
A2ANEXY69PPVMA,27,4.8235408544570815,4.844360057543241
A2ANZYE6HTIUAO,25,4.336220076211105,4.418466034152479
A2AO3JIZQVW3WZ,35,3.871369134204764,3.960526467580685
A2AODZ465PK036,23,4.3926006373653514,4.49331048390038
A2AOQJN018QK42,37,3.7016242672518014,3.749789327060684
A2AOWL1P9APFDA,16,4.065624170012891,4.194660749511832
A2AOYPE2OK5TJH,21,4.667872162021023,4.721916492974204
A2AOZQ3WTNVVOK,165,3.6429007827627937,3.7293967357490376
A2AP7H8IVT2NOS,30,3.1487389175395317,3.3848552900341966
A2APWXR7XDGGUC,18,4.417494115108967,4.5514412813794065
A2AQ4W9TZU1RW7,22,4.990384074633696,4.990388966999134
A2AQ89DQEC9DC1,29,3.303684660368048,3.722292725793766
A2AR24JUVGKESE,32,3.755499072254713,4.062085110401575
A2ARDVMUGDFED6,36,3.960968905523706,4.018509994093002
A2ARQSWL3I68V8,27,3.4221503503886983,3.529661200290235
A2ARRAMXWT83PT,120,3.7414478123871833,3.9484972861913366
A2ASEBCEN9ZWTZ,48,4.000927367498657,4.063163716857113
A2ASIT0JYIGHTA,112,3.0373750939905273,3.2020254896899987
A2ASZLL0RHVI4Y,27,4.97728929989716,4.977419386218356
A2AT3GFVBECPNB,20,3.883437459303999,4.143049194067956
A2ATWKOFJXRRR1,239,2.643433072318177,2.8767240883123097
A2ATWZO5DP2AUK,26,4.969830254261132,4.969921305539014
A2AU4WCDT80U6A,40,4.923725201896033,4.9245189842640995
A2AV7Q95QGPTO0,33,3.297854231924846,3.577691289650875
A2AV9Y9K47K753,23,4.774636965323158,4.785698789671572
A2AVJH0HHKRX0K,65,4.079906364870537,4.199408460383522
A2AVSKPLMDEBJT,21,3.111150052360755,3.3486141549084234
A2AVUK2PGFMMUO,27,4.844377321405663,4.8491756885255795
A2AVV9LV9UXT6F,28,3.752102660252085,3.9471031695647976
A2AVVM4XO97N1E,33,2.7651038210753436,3.0514729142033543
A2AW2ELILR91FN,21,4.35529422295068,4.512218982188215
A2AW69R6SVUXOD,17,4.729726866149048,4.8208817682695155
A2AWFTIINDFGUK,23,3.335332994496614,3.6063371189658864
A2AWR3ZZNBTI0R,24,4.137412174391725,4.199734060128776
A2AXQ0P5ON6NPZ,43,3.1741316990152133,3.561149843967607
A2AXRVE5LH5IC0,31,4.512414455545964,4.6431476307102475
A2AYEHC9KUBWWG,38,3.886437715828363,4.055856965854021
A2AYNSEH2GSP3L,90,3.5532770407838776,3.757477043927494
A2AZGELRT64BN6,24,3.90991814009058,4.079008250054048
A2AZIQJGBLU7WN,25,3.746303312787528,3.83888785626776
A2B0DPQK20LYYJ,69,2.2377680936318796,2.5927979295535146
A2B0O130JANRZR,15,4.457105423655221,4.529188873569537
A2B0QSN3IHBISO,44,4.4293130627911985,4.469564418977715
A2B0WD72NXO0F7,25,3.6918572923859982,3.711962817515388
A2B0XO8BTPRX7R,19,3.6051519062069395,3.795264878011716
A2B1OM6AN53PKQ,31,4.039763822846741,4.201243699415087
A2B1TZ5317IE6S,17,4.154899718205463,4.254441482694714
A2B215ZBXN382R,67,4.94917594951753,4.949680282619827
A2B2G0IOGQB93Q,48,4.823649171326019,4.844363559488725
A2B2JFYNQNUZGZ,16,4.408569868929401,4.439087057813832
A2B37SC6SAVG1A,25,4.864854131739934,4.8803447677902145
A2B49QIP6RRERY,33,3.637920524381598,3.881143083261831
A2B51HOV1XEOLU,37,4.546683943918371,4.587110089813223
A2B5EGUUK7JQ23,31,2.860262823854795,3.1391541852125937
A2B5IG6943RSIL,23,3.735878073183534,3.8973169703195856
A2B5JQ963C30WG,21,4.788358892731968,4.863239427506013
A2B5RVOAEPEDLH,27,4.892096024669687,4.8933218759821875
A2B6037C0QS8WD,28,4.920420076125061,4.921019656307707
A2B69ROYEDJ9T1,28,4.842622909768269,4.862547977699622
A2B6QHMXM6AQH7,20,4.770694353128404,4.8487312546607
A2B6VI9MQI0WKI,21,3.486794857497473,3.6008630153043604
A2B73CL3QSYWLB,618,3.2083945082116365,3.3524099481745293
A2B7PG6P30GPZT,22,4.750012057045101,4.7682883157436775
A2B7R88NAKTO0Z,23,4.144196475872727,4.187524163630162
A2B7WKCO6CSMEH,18,4.450029944547293,4.488524591996183
A2B8DJ0CKN9FAO,97,4.23716463372907,4.3340362468477425
A2B8G7W3JXKMZA,21,4.517916867663423,4.586749293360544
A2B8GXSCB1R05T,80,4.479270722195867,4.550546303869687
A2B8JD970QE0W,17,4.329678188310688,4.405831914777608
A2B9NGZPJRM3BG,30,2.8934629639165097,3.355262432804788
A2B9R9LAZ29V7G,21,4.781891315162428,4.796023909772058
A2B9W1KRWF3NAP,17,3.6822907865823575,3.8333005882974542
A2B9Y0WXNSN17U,14,4.637100024907587,4.661565344150408
A2BA64CPR6LQ4H,20,4.847799916597433,4.858591628921618
A2BA74EF95VJW0,26,3.4487381053985975,3.550019412629634
A2BAAKZHSUGCDP,66,4.135510089038104,4.183065500626
A2BAOT29ZRCL3M,19,4.38050146337551,4.453556054007364
A2BBBID6B14U9H,23,3.5133697410747637,3.6861959440382637
A2BBV0UYCNMOFE,20,3.871773618752003,3.9833931947717294
A2BBZGVLEGIAVN,19,4.323961076322683,4.396217466191131
A2BC9TW5GO4XJR,31,4.542644518677522,4.588153786636644
A2BDBVNIOVZI3A,47,4.258642445693589,4.410166358460604
A2BDJOIXPR2AYU,34,3.6425494992128833,3.7880423829287277
A2BDPU4K4RIQH6,23,4.558861203725201,4.665446573404085
A2BDZAU0Y4J6NB,51,4.569890282972301,4.60698964133334
A2BE3MTUT0YBF0,63,4.307031597271158,4.383314000706528
A2BEQH7FZRVYS6,31,4.028866285018394,4.184566444351143
A2BF70S2H1MPON,31,4.5447589859400415,4.575720673889387
A2BF9ZGV6T0HM4,42,3.5731200576999886,3.596655880652899
A2BFCRZOUM8PWS,16,4.656494731413047,4.72302771869206
A2BFH0JVPC7BT4,41,4.417420662648065,4.456242016326345
A2BFIYZYNK54QX,151,3.1971544784343813,3.50723910221696
A2BFPZW3MUZ3O9,20,4.214932137197549,4.321942924430823
A2BFWDCZJLG50L,18,4.602347419940216,4.636986464223493
A2BHOZM1UEVU3Z,20,4.356528895715771,4.526930463707002
A2BIAR1V0PWO27,40,4.129459236937814,4.201712084427089
A2BIK37ZMXKW91,24,4.06867242260978,4.129793789221808
A2BIWWHFELY2VV,24,4.955165064216262,4.955467605708069
A2BIZGEDXXIUB8,21,3.990551810634155,4.258916426464129
A2BJAET1P9QUGZ,32,3.4473293522563133,3.704584643663603
A2BJIOMMZ5O1W6,25,3.9980623866530447,4.252827369282371
A2BJT63CP6QJ0Y,26,3.412360096353043,3.674659601661115
A2BJURUTPLM7ZW,65,4.980492223347302,4.9805312071703245
A2BL7H1OKLIAGF,19,3.7607219643785457,3.863209642887004
A2BLITJITO97N5,57,3.312556938759963,3.622925349545009
A2BLM9DALGXNWT,17,3.6964463005937906,3.839496491284161
A2BM9GYPVGSXD9,37,4.1640190222687465,4.218763182378975
A2BMWC2S2KG7YG,34,4.6877521482212074,4.702957945435886
A2BND36PJJRHOO,21,3.916032979962965,4.050639348546844
A2BNNU4ELFKK4N,23,4.774810134509824,4.7924894666108635
A2BNSD19Y3W94V,47,2.8680970918015722,3.2012504101169053
A2BO4AA9T3COGN,35,3.758122188257208,3.8824744462489478
A2BOXR89A3BJLG,18,4.148159276370102,4.3583437324229335
A2BPDFR58H9575,187,3.337817721734362,3.4997316450826204
A2BPFDPS6EYFUR,23,2.802188201150426,3.1427389717358456
A2BPOSVR6X942V,21,3.4679021206867326,3.6561482046345155
A2BPW1UGHSL56I,24,4.468790612514026,4.532458577797578
A2BQBLCKJHP65G,45,3.2302049622539015,3.406332494964272
A2BQBRRKDUJAE6,31,3.8762348400883804,3.9476986601339554
A2BQWD54CXBX6R,37,4.732209040477887,4.7518291071234176
A2BQXTSS8G6ZL2,69,4.410549490448224,4.482711251735897
A2BR12BYIGV1ER,81,4.580437661016178,4.632627775130433
A2BRZDMSGCYIKN,28,3.366107560656315,3.727789650538315
A2BS4J3VU0SYHZ,16,3.112608173113606,3.2088067778336895
A2BS4LNORER439,62,3.3942347999577196,3.5449272813663977
A2BSG2PZCN2QUM,30,4.222852604043559,4.336776358329204
A2BSZPRBKYAB2K,63,4.608820275569951,4.643727852939385
A2BSZVTDYOOD6C,19,4.643276053036935,4.744235474499271
A2BT7IC8PT1ZC9,65,2.6907864474417234,2.968316890200092
A2BTBLPSXERT9N,29,3.7269200623873773,3.8602094779427847
A2BTMUF359ZHZ5,21,3.549188819574602,3.8410891914379763
A2BTPFQKA8LT3B,59,3.604054279671167,3.883059607436288
A2BU833AWY9OFQ,21,4.9371127311387895,4.93736402520909
A2BUIWSKSTCC5H,23,3.9842141495033774,4.170387728852784
A2BUU3KDGIFOVB,19,3.9889814357946194,4.0797748084064995
A2BV0VTOEN6WRW,45,3.2633367449911703,3.4316390349214867
A2BV7AD1K8JYDD,31,4.233118220716914,4.262374744836149
A2BVCF2AKHHCDF,35,4.771560959241503,4.800395134865369
A2BVTD0985AJEC,30,4.522196522537905,4.589442876425512
A2BW1DK56AR2OZ,21,3.1230103655093466,3.272621348539002
A2BW6NUIRM8I8N,21,4.211070562486591,4.278174612432547
A2BWEZBRTP7UWV,17,4.6931365297834935,4.784813862047784
A2BX1HVGDHV2SL,98,4.401189743857911,4.479983146937439
A2BX4L9O6ZCCCV,52,4.661498398096771,4.755060107297169
A2BX6LR02P30JV,25,4.269237998234864,4.385468772502976
A2BXTKDXE61DNF,44,4.509104799229664,4.611231824636244
A2BXUP2XVJ9YQN,22,3.5986830548675344,3.7118757075856026
A2BXZJPLOTMI5A,26,4.544001406861127,4.660048597764926
A2BYBMYA1AQJAK,41,4.403161580410248,4.482904599477052
A2BYLLOQVUJCSS,21,4.91287471554788,4.917674384376266
A2BYPQUHGKRC1F,24,4.36994623112033,4.499375949793046
A2BYYSUXEOBR1G,20,4.9257976398712575,4.926690893603135
A2BZ7MYTSNYMEW,45,3.641544291050197,3.7977141415700735
A2BZB8RDEKJGYO,28,4.344051791590394,4.598087453649015
A2BZO9V4DTSXNP,25,3.8336238047300917,3.9441142790481822
A2BZWG2LTJZGBQ,29,3.9095030688831165,3.998198463410847
A2C05OHYJERICI,28,3.0044671395565787,3.379358466975309
A2C073PJ0TJAMW,20,4.793726718023316,4.841297293737505
A2C0LU0ZWR541O,17,4.159783401352745,4.190559686984921
A2C124A7MUL99T,12,4.474852120158613,4.511140642607989
A2C21DQ4FQARGV,63,3.8937603039503466,4.225582473281768
A2C27IQUH9N1Z,78,4.033596756910628,4.1016862151916476
A2C2981IUAY8YB,27,3.528761848963174,3.702792343602131
A2C2DPAETXA2LA,37,3.5489451571069885,3.6776239281332135
A2C38KCH4SRH2Z,29,4.038014197863448,4.144315674871299
A2C3EI9MASZRWL,19,4.166226151766766,4.305807370577778
A2C3HT3LANF0Q6,19,4.664364442074422,4.724679948960909
A2C3M4LL3M6ZGK,25,4.498874506955,4.536290199584942
A2C3MWVKGGBJFS,39,4.108108825872354,4.195680545321335
A2C4ONIIUHAUYY,30,4.2324754733141585,4.317428522698715
A2C4RDRV45JWUE,20,3.034392713812829,3.2660993556450473
A2C4YEL6R8F62V,24,3.674919567618156,3.8563596064435988
A2C5LA07JCDWTN,66,3.4194532072948434,3.751850262403716
A2C5Z6F97S4X82,24,4.465853176784501,4.582671403607523
A2C63L2TFNY44V,52,2.022918021128638,2.5112474501301416
A2C6CGS9LK1AV4,34,4.635388833034875,4.678997470054808
A2C6CHL9ACIKTI,20,3.7075410736234113,3.7473982220166144
A2C6RVKIE4F9CW,18,4.21872281794969,4.265884311051873
A2C6SDEU792XFY,28,3.980907672185379,4.180428521822785
A2C7514FQ83HB6,24,3.3023533554684263,3.553272468166791
A2C7BOQVFH1HLE,104,3.385219899123017,3.5702907130499617
A2C7M79A9NKF5E,57,3.5666915305365405,3.7208002738013457
A2C8ATU4IJX4GB,44,4.463846760595971,4.528615610315513
A2C8BZOZKGW57H,36,3.8216884101848945,4.0244566855006365
A2C8S29IIXWXSA,25,3.3815739150055,3.6272530923929436
A2C8YKPAF27TJB,16,3.9279635838320948,4.285097451330244
A2C91DSJQKQTW2,32,4.4556444929465036,4.519672509749131
A2C92Y5O2A9UM2,26,4.054312612332385,4.142979900282882
A2C9QS7ODM20ZV,17,4.74645694468456,4.754570703769716
A2CAALYLIXPY75,24,2.24531618201402,2.323142844895321
A2CAT73DYUOBP,33,4.033191731613593,4.141820765554695
A2CBA33RRC5OOS,24,4.155682655952863,4.364171110176743
A2CBTM0HOSG1J9,59,3.1377823959018887,3.261630027108814
A2CCQR2T9TX6R9,20,3.3266473968558605,3.590094072230504
A2CCZSJNZAY1VO,57,3.675439220615011,3.7887504074500944
A2CD4HQ2AINAQ0,35,3.8391950719958126,3.9764149636266426
A2CD6U9V9CXXVA,20,4.737777856134384,4.760302208936624
A2CDMCG1Z84A51,33,4.03063831836042,4.123182410765356
A2CDRJ26GORCF4,23,2.9835933722411765,3.286345888761183
A2CDUALA83E9X7,85,4.217117076989131,4.398716348088148
A2CE2XDCBDMETZ,19,4.795833119632827,4.842713217427367
A2CEX7784M8YSU,27,4.636161792433945,4.657924687750215
A2CFOTFPJOC5HA,18,3.5306019414209047,3.840661614654351
A2CG4UR3T6AN86,18,4.3066813689739805,4.395866335609058
A2CGGOWSYXLJJS,21,4.39842159926147,4.468669032819035
A2CGJQFEI8JRF7,22,4.938000589399593,4.938216466302443
A2CGORRQGDEL37,21,4.8914629489379955,4.910886663300474
A2CGWWK1XD2AND,20,4.4104411704645345,4.4452287756569895
A2CHC5WIIX7YSH,22,3.697412581502185,3.903456163044602
A2CISZ4JLKQRJA,18,4.823539455614062,4.838108329572187
A2CJ2LPSAQ9L8S,24,4.030190335973283,4.149353345053388
A2CJN3IDH2DWT5,24,3.207022108446951,3.51498769289466
A2CK0VXUDVXGMN,57,2.3775016330075966,2.7690526991080264
A2CKN73YNULGTL,25,4.930667741847015,4.932808111937096
A2CL0JE11EPADZ,21,3.7293985292835763,4.03610512619424
A2CL818RN52NWN,25,4.739880135388912,4.764479608276302
A2CLIFY64U0F6J,18,4.308432532752241,4.5212310587501205
A2CLO0M7XXBWMQ,18,4.3192286609053685,4.4469747832633075
A2CLWN9P4S2Z44,27,3.777222459716603,4.017633554817827
A2CMH39OB7MTE7,19,3.4647825528459473,3.7638756492868546
A2CMM3YHFGI3IG,20,3.8426082931064003,3.960501725494181
A2CMRXZ7VKIGEN,83,4.284932676922912,4.330023243752512
A2CN77LGEW49Y6,26,3.7470168277534475,3.9592141655876762
A2CN9G73EE403R,29,3.300906506565192,3.4999076506369087
A2CNERN52PN1PC,21,3.426116484728513,3.647195475267703
A2CNRFKA1KOGYJ,58,4.28345620796062,4.452320666640793
A2CNXXVWOAPE0B,45,4.452167838234713,4.541578668011319
A2CO6YKJ92948A,27,3.7673710395103335,4.0444043054942185
A2COUU30N1DMAX,18,3.992532574843361,4.0907107578160575
A2CP7PFPE2SXZI,27,4.249515505000925,4.3210824778201
A2CPA62CXDOC65,17,4.669025503393701,4.714356262664364
A2CPKOPYFMDADH,22,2.747292233114535,3.342512354632529
A2CQ7MZ33V6A85,47,4.636146524649344,4.649528134108625
A2CQ99W0NFVGEE,70,4.7662542021392476,4.7840802253676795
A2CQFWQE4X6VGS,24,3.002621852081704,3.087867308537201
A2CRUETJKX1WA5,20,4.955058653938786,4.955142911050889
A2CRXQIPMYZHKE,16,3.9618294845107105,4.0536050445292755
A2CSA4IIIS3NPB,18,4.790119627029833,4.797737508054452
A2CT2SA6KFE8GC,150,3.4571458416270677,3.6479286485600277
A2CTWMNE7GDZT7,38,4.822403968030947,4.835269136887164
A2CU4L3OK00M23,20,3.643596084611926,3.9361376290161862
A2CULQT01K3QHF,30,4.940960495174716,4.941450434304176
A2CV12QOHGV93E,45,3.5119839264576713,3.6399998285672464
A2CVP31XTYSZFE,44,3.8178875516401662,3.9108297470367526
A2CW9IQAPFEYLM,136,4.053290473564266,4.112457437619134
A2CXMAC756YEBH,25,4.734558138237137,4.741035294483246
A2CY5UH49I033Z,29,3.6022980902070243,3.7716268331996865
A2CYS44A322ZWX,26,3.7946250788454723,4.116989939351231
A2CYULPE4Z76BJ,31,4.586013606947692,4.613997615520515
A2CYV6VOL9YM0R,33,3.168535498368014,3.3861173609317095
A2CZPM110DW516,49,3.7984856752176603,3.915784227917866
A2CZVT1QZTOLVA,22,4.501841291230094,4.534886723643051
A2D0T7AYNB222D,18,4.291245649275502,4.361527926189235
A2D1EYHCXOFWST,18,4.986036596654149,4.986047464628885
A2D1INM9V0T0TN,20,3.5578939380964143,3.8430459698990997
A2D1UD6WYNRU55,78,4.034714206819888,4.244090392884944
A2D1ZQEFS1NBH2,49,3.9424317968125377,4.194303420030131
A2D23RTM510SIA,20,4.638086715015257,4.7575144659735304
A2D24242KPZGZW,21,4.48761349309013,4.514989909915195
A2D37EP9KT2E3D,71,2.7029805684851667,3.115466123989025
A2D3DRPYRQCAN6,19,4.465869636586027,4.571720145587541
A2D578Z6NMSXON,20,4.8711387747927235,4.890407597055222
A2D5F9Y8028DIK,37,4.109452891375505,4.227725713006936
A2D5FK0NKOFWNJ,38,2.9885845733597587,3.401898890190842
A2D63SHGFMPNK6,19,4.083926204716934,4.247007912452606
A2D70TWFD64Y79,18,4.422102727259841,4.4578831331928646
A2D7AN9CVLF1YW,19,3.2984218205952445,3.5425837586026248
A2D7EP2OAMTHPW,33,4.109085177102037,4.20481952387393
A2D7HUU7ABQJYY,36,4.215779246220002,4.360143017582666
A2D7NX9ZYBJZ13,57,4.714715517074222,4.731795451179711
A2D86WKNV20TEK,104,4.2713957530980355,4.355413093856131
A2D8CUJPOSRPNA,98,4.161271446191591,4.229162225678757
A2D8VA65QES3C8,15,4.809772605842455,4.815924651052974
A2D97NEZJLWRIP,30,4.791952284182667,4.84602530624793
A2D9IEFJGB483Q,55,3.7126431209015416,3.8671447236429577
A2DA6HOBLBUQL6,71,4.693564786804502,4.725649129485526
A2DAHERP7HYJGO,498,3.1335830548001122,3.3250470358961777
A2DAX9YH4EVXB0,35,4.414293584329128,4.495863231886817
A2DB22MRLKXUT4,30,4.213622949307014,4.304746826884343
A2DB6J4514QIB0,21,4.778284965768524,4.7844399266940005
A2DBSRX670XO8H,22,2.8061989649625825,3.1738932619540603
A2DCS39GFBJV24,79,3.490118281792372,3.6898472972465783
A2DDBYKXF1N0D5,47,3.914536985591557,4.12292061555606
A2DDHI1MY91NQU,34,3.9162765887569186,4.047170696275641
A2DE249NY4SMSN,21,2.877030867392809,3.114427872801099
A2DE6F7GBV7W30,20,4.9677540532694895,4.967907610930448
A2DEH60UQKE47P,74,3.886217909361861,4.090926037327555
A2DEVASN6KBRES,20,3.4137485233861207,3.7317393693535337
A2DFJJC0P0F4AS,27,4.590241304665601,4.6375152169782545
A2DFJKUD87O8DN,30,3.6539148517800015,3.9097850694878113
A2DGBV1K82QMHE,69,3.826950482350495,3.9902514972908962
A2DHON4QDFE8Y4,22,4.163688368456653,4.26400739755166
A2DI9XP5ITS3P,21,3.649718849614084,4.012201166097362
A2DITGL3OKLPHS,22,4.514279001569421,4.641800178350115
A2DIWSDCEEPZUI,31,4.751856464462476,4.810368049363909
A2DIYGM51UGTXI,22,3.962807770987183,4.138261571127203
A2DJ29D6E9VMUM,69,4.442423395303631,4.47998458645615
A2DJFYBB2L5VSN,145,3.98252336115966,4.0980978018151335
A2DJXU22IBUU0H,35,3.203320198020796,3.6009247463738774
A2DJYERRIH5C8T,266,2.7271142772551613,2.755105894520034
A2DK5KFB9VCK2F,17,4.9710173169889025,4.971069121751615
A2DK9RAXO2HFFJ,15,4.868253269035571,4.874442895538537
A2DL5U6LFT2A6T,20,4.057360352030612,4.199647035239611
A2DL668WZNMWOV,22,4.866130009285793,4.8705229627531255
A2DL9K3V0ELM3D,26,4.792810804198294,4.804270051820103
A2DLGRG9GGHL8W,24,4.265647092089902,4.550451753729075
A2DLI5YKAGGA65,19,4.3245759037307545,4.479992222302188
A2DLKD4AC5JV5Q,80,4.222177701373143,4.290018769367294
A2DLR7E133ET4B,21,4.767556848906843,4.7925912885493025
A2DM12Q3QQ9E4J,24,2.817946418681865,3.1624674524521117
A2DMF8DFLLPO67,39,4.6402426074448995,4.659901649522391
A2DMQGQCAINBOS,41,3.5365973046478314,3.716281669367576
A2DMV5X4LVQPD8,42,3.7752050061212037,3.830461645937758
A2DNG4FZZCGNQU,20,4.32950703251762,4.444789502072797
A2DO1KU8KJJU5W,56,3.69745323693006,3.8555502581203336
A2DO8VDL44621,22,4.0067710946840664,4.135017433017166
A2DODVHULA5D30,36,4.260362427534171,4.361348854509564
A2DP3VMSMJFPGH,18,4.434440557835098,4.462388760673481
A2DPGDKDHE40KR,21,4.902180224663722,4.903103591091446
A2DQ2KFLIMHKWT,17,4.516100776597866,4.63362227515596
A2DQQUEPK53ORW,21,3.36214656566079,3.6664822773148655
A2DRPL4GAZ0PAI,57,3.8218083437987187,4.043268121086809
A2DRVUMQB5S930,27,4.522410943894624,4.578500581400289
A2DRZ29E3KE5HQ,28,4.406464157660291,4.4768674787314255
A2DSN56RQA699G,46,4.118368548236627,4.203397259691598
A2DSSSXAHTSIEQ,20,3.6299319143645974,3.676654022350239
A2DSXA1E02C86D,130,3.478863279253407,3.606596536446274
A2DT00ZK4WGOQH,24,2.80861934790109,3.30758986807631
A2DT1GORD541XN,24,4.428563540990386,4.46505387650761
A2DT5FONKQNORM,17,4.384039594774293,4.514210609646902
A2DTZUZK9YRJVK,68,3.381611587672439,3.5284617588453457
A2DUT0PFNRWBG9,37,3.127420626644154,3.388305100015
A2DVA9E4O9UPOQ,23,4.270252706329262,4.453469977167839
A2DVKXMIYTFWM9,42,4.086577433677362,4.226362038716004
A2DVMP8WRJ0XUR,24,4.711545661173649,4.736416010903794
A2DVTRWJHE8S47,54,4.54515345271977,4.585346041206279
A2DWFMBAKFHAB0,21,4.286134289228823,4.352283036205689
A2DWGA365CR8XH,18,4.825082369366138,4.839548871953258
A2DXI8AYJTW7K,28,4.961050179857961,4.961214878310054
A2DYF8RW0CJ9YV,19,4.860450607268621,4.867153046171477
A2E0691DSJGUQG,22,4.267047433560921,4.40078517729348
A2E0EZ8DO5YSU3,43,2.025515691325949,2.3412167232998886
A2E0IYBESSQWVZ,27,3.6537549651179932,3.8395761987500996
A2E1ASI99DIIHQ,20,4.607892518278215,4.6341946066832
A2E1CSRN9E3RW0,17,4.434292558363974,4.577219035828626
A2E1EFNIZL2FVA,41,4.42516804841381,4.548053180978434
A2E2MQB0IWJS4S,44,3.1817579920498527,3.492184256786082
A2E2X9YQB0B0J,41,4.01913132307611,4.234345929022064
A2E32HCGXCHVW4,28,3.699535805199404,3.7341886003053393
A2E3F04ZK7FG66,139,4.356109371771093,4.440051270351827
A2E3IB2ZHJ7QXJ,17,3.816373214169323,3.9003568634549306
A2E3W3YV5R6BLU,19,4.769105956187208,4.78730376626766
A2E3ZYS1WJT4A3,23,4.175255368112774,4.287963096184576
A2E423NV84GZN4,31,4.484128359389145,4.535138323982617
A2E4MZXFXIWZTB,27,4.099792271952546,4.162543196521498
A2E4XN36JTY8SN,28,4.810670677363848,4.832759663769696
A2E5HVW8DMU76Z,41,4.22723674861471,4.300892017402901
A2E6D0N0N8QK35,23,4.100727881864031,4.143501814207234
A2E6FYILODE1KE,24,4.131874437382611,4.209086301683291
A2E6PRBYRA03BS,20,4.98973028527165,4.989734396676024
A2E6X695P0PPEL,25,3.072343499743845,3.51955820160359
A2E7E9EWADK4S6,35,4.008091052883225,4.165719063378908
A2E7KC0EI7QT8,19,4.343316334454039,4.405725311004304
A2E7TODV6TJFQR,21,4.691359282746762,4.723862316926939
A2E92LU63R26UX,24,3.0176705414841045,3.157402775476758
A2E96W60SMKKZL,22,3.472477907418391,3.612041472109448
A2E96YWPUQ4JWH,26,3.3506031951859208,3.523015720206331
A2E9BLUVKD88OV,17,3.1189110987495647,3.2720287584723833
A2E9C2SELN8Q68,27,4.386714358607342,4.4642469818589925
A2E9FH3QRKP962,39,4.039893272638185,4.162365598480995
A2E9NYHOFXVO2E,18,4.3395621791784365,4.451602502615399
A2E9SQD0U8FJ2T,20,4.0937362225408895,4.341727587522022
A2E9TRM8096BXU,61,3.38021947652586,3.5493205030060073
A2EAI4948TW53X,34,3.841794135804625,4.09088038910169
A2EALIWTRNL2FX,34,3.3677427655829124,3.761126594743304
A2EAOKEBPBTJL1,42,2.5298915863339366,3.159839009087482
A2EB1VQ5U8SJQC,25,4.004279967661987,4.18427348808424
A2EB6JGRPDY4R4,27,4.203956540735231,4.361022627691595
A2EBBUBFJJ9KGZ,42,4.309528148596267,4.461306811575992
A2EBHVSUECXI3I,139,3.8031380571982223,3.9483593084374564
A2EBLL2OYEQJN9,59,4.2330729273248675,4.303131431802191
A2EC5TFJYHR50K,23,4.689825884614224,4.710101039009299
A2EC5WQMUBFF3,17,4.448015095181018,4.563140589793884
A2ECMACKYU32GJ,18,4.013103762662535,4.129298049792209
A2ECWM2Y9G87PG,35,4.408908997657958,4.473323030819595
A2EDA9OFXBIDYO,18,4.735309137371739,4.759118555643585
A2EDI4DDP7LRNK,15,4.894982047690047,4.901505222258514
A2EDZH51XHFA9B,551,2.3077782829591036,2.552580187490697
A2EE75G9P3QLRZ,45,4.448594416237095,4.5188353353361865
A2EE97Y60HUS8N,29,4.494864887203213,4.524474784902528
A2EENLV6OQ3DYM,19,3.137284696297955,3.5130694029337683
A2EERM752BMSQD,34,2.909529154114903,3.239962390017619
A2EET1XKF3IRT5,17,3.6244592493284378,4.007062460057479
A2EFDLJBNYWFH7,24,4.785185114795092,4.807397063794822
A2EG10U2PV1QH3,29,4.181987666279916,4.279417953458996
A2EGE3NL7BTCJ8,23,3.7146073205204586,3.8417985952161473
A2EGJ3XQ2A2DPL,17,4.746367066797472,4.778102877440561
A2EGK0YRDF4ZZB,43,4.410177856898094,4.46200027835246
A2EGYUNVA48BWY,22,4.0083192119987645,4.1882953672041525
A2EH3EAQKCZJ2G,22,4.852239282466583,4.874130313221734
A2EH9PUFVZGI52,27,4.563547483066622,4.648614892713829
A2EHA554JUGZWL,18,4.261001059186363,4.361737151591514
A2EHP5T5KRVUST,37,4.1439978031422315,4.1988551048771985
A2EHSHZF7FEJJG,60,4.747917662508062,4.772726036438229
A2EIEXQVCPXZNG,37,4.163990686607086,4.300702486851935
A2EIIWDEJEQ1CL,26,4.15516283654833,4.240992845318653
A2EIK4L9730WWJ,50,4.435305614645107,4.531343550543038
A2EIRAA1TZJWNU,24,3.9965543593175084,4.032560950783776
A2EJDL6BPMQHYU,22,4.900645754808516,4.90180150228393
A2EJP1CB7YGPNK,18,3.5429398749371317,3.7571532819885567
A2EJUXE7323N2X,18,4.305142671019855,4.458819858023315
A2EKGCLH2382G9,28,4.057828461830517,4.336835594334492
A2EKIE8ATFNAWU,21,4.786958039639636,4.861735293068572
A2EKSJ7RPATURD,46,4.002657358641903,4.0697617981100755
A2EKSOLTKBGWTK,87,2.941883165057558,3.2050069102533705
A2EL3990HXOMZB,22,3.8260153955790064,3.8613458499408764
A2ELSYOASARSLK,19,3.4532643043246667,3.8062453551764417
A2EM4AZL4SQU4R,25,3.8004360354951063,4.080602891253581
A2ENBQO0GOE3VI,18,4.548264979509157,4.664735614215877
A2EO02TQOE7M5F,38,2.0328209801214885,2.445919842239684
A2EO4O7D7BA2K8,57,3.8696673022019734,4.03205701561437
A2EO4XLC43MVED,23,4.516284093498197,4.6577519158826
A2EOJ3JU97GIX4,19,3.933427465637683,4.033709652647265
A2EOZUCVVDB3TI,37,4.057762796783945,4.237700935354432
A2EPNJNQ754JEV,30,4.388972508437864,4.4226435267197255
A2EPVK7MO9I1Q7,30,4.631078508302764,4.69633263426868
A2EQJSK0UWW8P5,38,3.8116401958283856,3.934220800548439
A2ERCQZNOZSAXI,43,1.8234573424438514,2.3540507643666673
A2ESVW2O6KSEY9,24,2.8141132313079784,3.1822135837705705
A2ET041T5RG20N,71,4.426100656557435,4.527147038481197
A2ETWHDBSLIVYH,29,4.32215555362339,4.400638377085347
A2EU95NHTJSDWR,18,4.141383856815168,4.228999168692696
A2EUG9W2IAVCT,38,4.2830753591821304,4.315445450149283
A2EUN25B63U0IP,23,3.7770928421314443,4.033870084191139
A2EV4FTMMFPLVB,41,4.335869408214458,4.516274716258073
A2EV6SMGMW4UNZ,17,4.215018064649757,4.2497716727573485
A2EVP0NCXR6IYS,21,4.888230954006208,4.893438499088239
A2EW24GGMDYU8K,21,4.041082546428509,4.147281900707701
A2EWCWAO16SWRX,17,4.152767414491446,4.252547631606364
A2EWN4ANV3CPG6,18,4.637025538468834,4.683779224513946
A2EXIEQ92N69DQ,18,4.605294669533339,4.654843898368438
A2EXMGQEFLW0LD,25,4.101442732369276,4.242502119509005
A2EY9C3Z80FBOD,24,4.504910150694811,4.55002351889565
A2EZ3TDCNQF3YK,40,4.312741878373321,4.375503707476199
A2EZP38KLCL8DB,16,4.457653576364064,4.516145232242595
A2EZTM9WY5B5IL,36,3.7517259293653984,3.939912544803975
A2F09EWKV3MTO2,30,3.1519262466892886,3.37791719012587
A2F0IUNCUBKAAG,37,3.5087550568463395,3.7821673361546124
A2F0KIA4NMIZHQ,30,4.761970410274205,4.786600108323683
A2F1L9CN8KS9XH,21,4.303678664189843,4.351593050722441
A2F1P10GGZ7K2T,40,3.761032217725275,3.863228004297552
A2F3DB6CJUSICJ,19,4.884876308589519,4.889720803770103
A2F3HLHRHQMR6O,31,4.317831929360665,4.442572818093174
A2F3M93RRLFQNJ,76,3.396313117486425,3.6729000457834347
A2F3SXHT6RBV81,57,3.240481100274788,3.3165534261399485
A2F3TZBN4K9YO3,40,4.65200646763939,4.689178916767543
A2F3U8FECR2C3R,18,3.6427197870045966,3.7460844612265656
A2F3YN47AY39BY,21,4.677384008809752,4.728361967169616
A2F42D9XNVTM37,36,3.1200561150327224,3.320191072416291
A2F4SWXMNMXZNV,19,4.634985798450325,4.649435915190917
A2F5G9LDR8HZMU,25,3.6810110649100283,3.958575404493272
A2F5PAC9I5SCG6,30,4.611757824543013,4.6686288371543165
A2F6I505S3B8A9,21,2.342545267783155,2.7458361797751705
A2F7BDA4ZFMJML,17,2.961023096061637,3.171495301872517
A2F7CCPK4QL359,114,4.386605762829421,4.467985344773954
A2F7KIN0SL00I6,27,4.720718514385755,4.737922605173085
A2F7PEA3G37YDT,23,3.0903547476946,3.382233033760544
A2F7VLF6RG01B6,21,4.1136497826080864,4.16987086656963
A2F7XTL4KHDZME,21,4.585974130430533,4.61280595912649
A2F7YQZ5FTYTQB,33,3.999369148040573,4.122059139780433
A2F82KSYGB5AV5,21,4.68707209017012,4.762246371015735
A2F880Z6TN9N6H,48,2.997949821549943,3.398606894445493
A2F8ERAS0M7P39,17,4.22240910332249,4.326479263329993
A2F8NP8E9XPPZB,24,3.9077884811863153,3.9130308022858715
A2F8R40Z2OMIJM,31,4.014186377596951,4.102411065453275
A2F8XZO3VAIQL,61,3.919261433384502,4.022995418428038
A2F97THPERTLC9,51,4.166351777911837,4.243847041833537
A2F9DCXY4GD3,16,4.435479827925038,4.559941570751816
A2F9DI5QJBYE0S,26,4.976374268869959,4.9764329354423245
A2F9UU7WRR7X0S,32,4.870202139925911,4.872394854342509
A2F9ZO7ZR4L3JW,26,4.2918778018258035,4.324487503829027
A2FA18B50XGXJX,21,4.463375016453429,4.551687299041447
A2FAJ3YPHRKZ88,18,4.415461437428995,4.456696267784128
A2FAQ691TEEQTN,18,4.159065889027696,4.288220246993668
A2FASUKWQ17F5U,16,3.720455278965858,3.857621129235271
A2FB43OCYEBEUJ,60,4.6021513172800805,4.607958452223169
A2FB8I294J2LRW,18,3.586647159753158,3.709841161140996
A2FBIF1FKBC193,54,4.1297086134556915,4.3397069516450495
A2FBKH6PVCJW0F,30,4.606118629775225,4.6981100549792485
A2FBOL36JONUGO,28,3.489590490343812,3.67556328275694
A2FBV7ILAV7UO5,39,4.750937624682253,4.770365614263171
A2FC8WFZL6E2OU,33,4.840852205927313,4.8563287976783585
A2FCVS3YFIH4Z6,23,4.120402509394362,4.332274122826378
A2FD5X2EAZSP6Z,22,2.9965993121790944,3.32340552280924
A2FDUKJPKZ3L4R,24,4.802299947305371,4.822535590463388
A2FE4OK3UPRQDW,59,3.9492534521958245,4.062403461811466
A2FEGRJQNU51P9,125,3.374718667049537,3.5034185754403033
A2FEJIORC1MBG3,87,3.519974066981049,3.667541739590839
A2FF11D7REYZMX,19,3.6574946021533745,3.983963613878181
A2FF6HVK48D1C0,22,2.7548286627114282,2.9125770765202725
A2FFXO0JR91PJX,23,3.9472815053052512,4.118784136990526
A2FFYQZPUGOX58,67,4.185541740771081,4.260115299087751
A2FG5ZSY34B829,20,4.425429419991359,4.471478558862106
A2FGB83OJEOO94,19,4.199997950709675,4.397417557159378
A2FHM6DSCFOABL,23,3.1700531964360614,3.456085823790023
A2FIG16LCNTCFZ,18,4.960028864614705,4.9602847745772864
A2FIL25QVJNEI6,21,4.790058297613568,4.816393704189444
A2FK35LO6EG6XB,20,3.943909407156076,4.018171327564669
A2FKGHSN6EY6BY,18,4.991420708241117,4.991437037190395
A2FKQRSLKZ2ARL,23,4.78253799564614,4.804934213546493
A2FKVWN8P7K00V,22,4.358936167616256,4.4877521994118394
A2FL0EKQ2EQ9E6,55,3.695982109659723,4.023716093495081
A2FLF8FFM506VM,21,4.2522315213620026,4.34312831880842
A2FM1IDLKUS5WF,21,4.5990295413265265,4.654678847581702
A2FMJXUZRAJGJK,21,4.957588778316715,4.957809476110833
A2FMPWCAQSQJ2E,19,3.4208106125899462,3.691980782945749
A2FN19M6059JXZ,18,4.762454427235843,4.803498182547424
A2FNA5903D9E6Y,16,3.9177138075283144,4.04972315664115
A2FNACF8M3K07K,39,2.6661016100771966,2.717251786274213
A2FNRER6EWA5ZF,18,4.945207453117937,4.945665291423229
A2FO27I6JQJD1H,27,4.983956184092726,4.983978621852783
A2FONUH88FC1EQ,21,4.245556799947529,4.353810161832034
A2FOQYMWAN4Y4C,18,4.461073038157496,4.4846713070841275
A2FOT0QE23VN6J,71,3.073032752862119,3.351399170787251
A2FP7YK8ACBH1Q,23,4.917110037767022,4.92118158112833
A2FPDWTD9AENVK,201,3.2539413739081824,3.384656918860017
A2FPGOKMPRRI3I,53,3.63308068185251,3.9600246345212256
A2FPSRSSYA24C6,47,4.271269383939534,4.352644802386254
A2FQ1USWVZMPD8,76,4.468408494380812,4.554678404869416
A2FQ6F9HFA9V98,37,4.477326432456117,4.522416420866141
A2FQBQB0EG3SKE,17,4.974117142358977,4.974194702069767
A2FQDSUBDAMTAT,17,3.8690762603321827,4.184675672027168
A2FQFWL5N4L70Z,23,4.115590590100851,4.226007733181022
A2FQH8IOM0F5YJ,18,3.3292244156186013,3.663227250018899
A2FQIUK70LUEMB,58,1.593278125262268,2.0449372927494225
A2FRKEXDXDN1KI,366,3.773182649391894,3.8555121149472833
A2FRKKPFS7GBPW,18,4.612013867181975,4.649651515426893
A2FRMDSIRQESOE,33,4.943893796123938,4.944510649044374
A2FS38D943KX12,42,3.014750220475972,3.3542188846810923
A2FS6OGMZMALTD,36,3.8493262990842516,4.042810674608799
A2FSNQ980WOVX6,24,4.81104779783638,4.833719558282287
A2FSOHSM9X13JT,18,4.235875911154213,4.264169043080988
A2FT7A9JECCFE5,18,4.816070625759271,4.83014168468192
A2FT7XIQYANN87,30,4.9715818056898495,4.971674025480921
A2FTAB2MF0IDZV,22,3.976094364576221,4.0711554116336695
A2FTHCGH06O4Y5,107,2.7118093692255942,3.0473009083110587
A2FTIS8800TVBJ,28,3.2773928093237323,3.424561588831777
A2FU3G60IXMY3D,46,3.1689544122982407,3.34484481218339
A2FU5D1IXCQ2TC,22,4.423167187912919,4.460388019431246
A2FU8RE1SNBWQ1,24,4.696125645383064,4.735361649353572
A2FUOXFJ74B32M,23,3.743995856100811,3.8303960290041035
A2FV4Y4I7BBL6I,18,4.5833833488498295,4.620558602579701
A2FV5HLIBE5DP7,22,4.966929711135291,4.967059383022365
A2FV6OSD93WLN9,22,4.625134488172206,4.679064025581389
A2FVLYFKJSV1WJ,40,3.8110780784467115,4.062882644785799
A2FVOBHO3IPGF7,18,4.232855969786556,4.382231999500971
A2FWEZ0QS8N7A7,58,3.595364756860056,3.780841124510979
A2FWPQPC7KBY7B,22,4.100993250265891,4.260301118632377
A2FX5I9I1SJSLY,20,2.1883795908466523,2.7213925927382583
A2FZWJM4H8L5DF,17,4.042155753129647,4.091082106218766
A2G0HJ11WHWU4,20,4.395348704915752,4.422993744209175
A2G0HWHYWAVL2O,16,4.2948049316499,4.404778281740055
A2G0KS2DQPFI9U,34,3.6212517399189643,3.823977161110963
A2G0YC2YETXTNI,31,4.533859175265612,4.583674453770519
A2G22MYFZ28LST,32,3.965941596229043,4.10429589676275
A2G24D4IUTBB6M,37,4.837850131402272,4.860720341950288
A2G2B2IGREJB2Z,39,4.875027941123153,4.8858539576161775
A2G2EUM8ZB459G,20,4.293703070460245,4.39011482119785
A2G2WSSPM7T3JI,24,4.945191286476651,4.945694836717093
A2G3E051FS9UMU,18,4.638480345652612,4.6731143207838155
A2G3GI5NS05PY4,22,4.190579082644944,4.32324140416194
A2G4F1QTM00GQX,47,4.460225141194207,4.532786748077502
A2G4GVCF1NGKHQ,23,3.8650066792092668,4.109883389487346
A2G4OOTGXFEXFU,53,4.507176765099048,4.550854248055485
A2G4XD1XW0YSXG,25,4.47018381441081,4.611828088014786
A2G5866WW1RKVU,19,3.5841554928686397,3.6280168649128637
A2G5KL6WVDZFD6,33,4.03180840791222,4.092249921716036
A2G5T794AIUMNM,54,3.1398708545605967,3.268237670465109
A2G6GO4O7EVCPF,18,2.409243805714748,2.690841659435393
A2G6VF7XDPKFG3,41,4.835474273450327,4.840336216528623
A2G6W7HPS2E9P1,17,4.527802447700522,4.578157938244558
A2G7M0IOF6HLIS,31,4.980563085459654,4.980637405517197
A2G85SHONFVPKN,21,3.414759984171733,3.777187179126552
A2G8D1VN3MVB6F,61,3.6939384826631723,3.9139411237768806
A2G8E46VVYDDUA,23,3.1271558483975452,3.4354060905146824
A2G8IR6ENZSQHF,22,3.1668322970698553,3.3264559854408957
A2G8ZUL9P1Y8YG,17,4.301142691004159,4.415787464420358
A2G94MGUYVNHHF,28,4.527969991954807,4.576060464887481
A2G9DGP3L4JGV1,27,3.9258809633061302,4.16229854632406
A2G9RPWRZVYEZI,21,3.252654138287979,3.540010651726031
A2G9SKPD1X44HF,54,3.7217866076258046,3.8132730143306834
A2GA2SO3YK6CXI,63,4.730355791372521,4.759482633544302
A2GA39XPMZAFFS,23,4.8209874292550765,4.823413683169873
A2GANR9I6XHTU9,60,3.4233235943532443,3.6400325613067785
A2GAUG7MPGJQ1B,45,4.245620583016997,4.287980757232256
A2GAY2M7ZKQT6J,31,4.811203426196296,4.862592297343426
A2GB5CG77LGQRB,42,3.953766470788581,4.031020018227705
A2GBBDNZLYC4A9,42,2.5716199249498994,2.78777844389526
A2GBJQ9THOYDAJ,47,3.350445970219756,3.4788708731293347
A2GBMLJM53M0FZ,22,3.548311496672581,3.737395762565152
A2GBUVYBBO8A3J,15,4.840444474178188,4.866564095117622
A2GBYWPSVR6RGX,17,4.558427204131124,4.608999882880684
A2GCGMIX4KYP5F,29,4.113221438756027,4.174386681000825
A2GDQ8P54RK5NO,25,4.133456176806418,4.2414553070909164
A2GEQ6I6M11JR2,41,3.586724168876695,3.709122044531044
A2GESIVA4US7ZL,23,4.900084271348562,4.904589212752014
A2GEZJHBV92EVR,15,4.825845701762952,4.8273639309979375
A2GFYQBPL6ZGT7,40,3.6968274846196807,3.8174595680007797
A2GGA9Y08JHFIG,16,3.9158167662888754,4.053929428701032
A2GGB5O6W6D8QN,26,4.538540432889391,4.568573004004238
A2GH77WAYK07ER,53,4.368701532401588,4.445973367301993
A2GH88EWEJQGRZ,109,4.101530396698576,4.194887888512627
A2GHIQ07GEW7NN,37,3.874047651639891,4.059393757131027
A2GHNGJ3LHNXHL,27,4.536421753651122,4.546870870369595
A2GIBFKJS5FXKX,41,2.406983405035618,2.6014228827300934
A2GJ98824GGXGP,16,4.431327630379399,4.471465166485388
A2GK3T3ACRKANL,26,3.2331968790156984,3.4794534514252327
A2GK9SBFY1EMV5,72,3.9591259483914985,4.085536578071584
A2GKFMGGL72BOT,38,4.561499205600584,4.581191432494141
A2GL6O3SRJ6V8X,24,4.385851969260506,4.560654186464247
A2GLLKYQATPX0D,16,4.171080927270586,4.40659626657608
A2GLVVN7QVTAV6,45,4.493123561312496,4.535842034196271
A2GMUNBN9HKRZS,57,3.2107430186876056,3.431330765685152
A2GNJ9XB34OPX8,24,4.372664480142421,4.491847225356693
A2GNOXYXGM3172,29,3.7021084448630512,3.7992764913735555
A2GO4G1MBL6T8I,20,3.4881356337137817,3.810584536086982
A2GOGVE8UYBOAX,46,4.859980998539855,4.880104021520257
A2GOKFQGLRBXUB,33,1.9184038394327532,2.4640608345886506
A2GPEV42IO41CI,276,3.4486572959260675,3.6361244784661877
A2GPLOLLE6BUDT,45,2.6864945607738817,3.002113441942967
A2GPN2VKS8E77C,216,3.837899010462957,4.011018392978153
A2GPRA9HHLOC4B,55,3.914997253652428,3.988576314319763
A2GQ6CX7TAKLDT,27,4.824153442596828,4.841319857184257
A2GR2EIKSPUSWA,18,3.8285682170506865,3.886304421685581
A2GR983G9HQQJ3,22,4.014084752416721,4.1194448282192475
A2GRC6IJRA7W4H,25,3.8979378027816045,4.057723001944526
A2GRHZV0UBY44X,20,4.357194371366298,4.393398494835699
A2GS09OLIL2KJZ,23,4.0177252541441275,4.229679105744016
A2GS6XMWDUA4KG,27,3.1302072260253984,3.4639656077200165
A2GT0MCMRKLKDW,41,4.571250132891231,4.607738528338822
A2GT65YTNYXBW3,14,4.558705877484079,4.647090060644474
A2GTJ0WW6LVCPZ,21,4.4071904697348225,4.486099347090185
A2GTUFSJWVMASX,24,4.212994638010345,4.282745004703703
A2GU2U6EJVYWDP,22,2.8518700659716454,3.048521989438642
A2GU91ACEJYX4D,43,4.540410070001965,4.566242382603757
A2GUK6IX4PS3GY,25,3.9608166861530454,4.157199916874279
A2GV8Z11T8ID1E,17,3.4729046582532392,3.875210422594016
A2GVCOYEIGUEQY,37,4.787093674845562,4.806249471856279
A2GVJ83F092MIS,15,4.7224273039211395,4.738209811698704
A2GW1DBM406VU1,27,4.4743419925396255,4.518188670759061
A2GWN6XQR6EH3R,32,4.877009607490507,4.881843302961245
A2GX9QGMENROGY,20,4.8349561036540525,4.878741537161513
A2GXIA1I5VZ4IF,23,4.7345578436068605,4.782314437926055
A2GXKHLB4F48CW,25,4.136495628352616,4.2898389715067236
A2GXZX0PTNE9VR,137,4.458775192644935,4.5258164037020086
A2GY0TMHXYD5LU,37,4.210860307694462,4.370539206007956
A2GY7QMY1QCKFY,19,4.982100857968336,4.982164465177267
A2GYIZ74N28BI1,46,3.243044871888516,3.527484722887232
A2GYJCGJCENNNE,27,4.505328075322635,4.5876709567695
A2GYX971VETQBV,72,3.392320436465641,3.545846927643475
A2GZ27CAEUH4SD,22,2.379611541556257,2.761050811817982
A2GZK6IF56XWLH,36,3.7690460378695843,3.8542410075803217
A2GZTI0EIOCQNZ,30,3.884513293302256,4.0369910165746345
A2GZVA22WYG95I,24,4.365823554338153,4.392792858681891
A2H0CPZOTGGFM6,26,4.091674081519376,4.150017611471754
A2H1WNB30JNAWU,112,3.9937820057810254,4.035171649473782
A2H22I2RWE0HOV,68,4.018272401299626,4.096714856919184
A2H2XUW5UDXK0G,29,4.266060593107965,4.291517308701992
A2H3D2SPPI7RY6,26,3.6207209540544056,3.9479947536062
A2H3JURQZOHVMB,179,4.410264759850361,4.475269586212951
A2H3WTDJSFY5OI,21,2.4888956959009283,2.642464161769233
A2H44WVZS59KKT,81,3.6708433231017246,3.786224988521724
A2H4AWIOK1REMX,46,2.8780335248365283,3.1061694825267208
A2H4BZZWO6ZJ1D,28,4.4915049087691985,4.5340619044665935
A2H5C3IWIQCNY2,28,4.960137626929716,4.960258351827749
A2H5PY6EUOSWS,27,3.832637641804837,4.140217362955016
A2H6BSS1LDKJ6U,23,3.553748725026032,3.647236024200263
A2H6RWEKIMMPK9,19,4.88055912153356,4.886626358178215
A2H71SJ9PNWNNN,21,4.683804539770594,4.736473947387285
A2H72EBDRKDYXW,18,2.168036780883572,2.69145802837371
A2H75TC1WULNA2,24,4.9913735741587155,4.991395735014198
A2H7I23NPWBDU7,22,4.288093500434949,4.565045612748127
A2H7KI9ERGVCAJ,60,4.0568139474753115,4.26579717702507
A2H7TYN6T4K4MH,24,3.8982554807745515,4.029055542252777
A2H8ALHVOFB9TX,23,4.407471070637533,4.492655182464191
A2H8DQUK877EU,21,4.660720907341679,4.686051410472407
A2H8NP7I9LF6O8,40,2.3694547290129946,2.774628187445714
A2H8Q94VS46MKK,18,4.581456900575596,4.605692943232705
A2H8VUN1V75CX0,20,4.790829822131185,4.869340406097451
A2H8ZSX8SEEI3P,18,4.147452509878539,4.268506458126202
A2H93KUPMTBTGD,22,4.785500689730713,4.794708869447676
A2H96RO63HLR8Q,38,4.140459034125764,4.19855941227842
A2H9UO8RYFX5MB,38,4.053149021296427,4.141329179919946
A2H9VOQ38NU4J,28,3.9528194004390715,4.111243998431538
A2HAT88KLTYALC,20,4.577378480108154,4.611651383246794
A2HAVICMBMJ1B6,19,4.369148111255656,4.496362528092873
A2HAYGZ0NVJHLY,16,4.260689438813164,4.467434491936121
A2HCI19ALK25EN,18,4.915295980262793,4.917349325126219
A2HCOMTJECCLRI,30,4.681835018415051,4.717696510060271
A2HCSRKK2JL0T1,21,4.8469291506823815,4.856471840468967
A2HD2P1KERM8L5,64,3.5243448316492847,3.6357309647904805
A2HD9GK78IOAV2,130,4.553551077741015,4.605191754616061
A2HDU617CSN9IE,23,4.191631198412704,4.239987334565831
A2HF9ZCBHQCG0Y,31,3.1119171363586586,3.32084964360997
A2HFL26OQJ2T9X,18,3.6256893416749816,3.7764011306340843
A2HFQ80XFQHGSJ,23,4.996646829822626,4.996647628582372
A2HFT9LTGLPCYZ,46,4.883223924153153,4.885309210341742
A2HGVGBEVX1XE,74,2.521109569422487,2.816504198858437
A2HHOZK72E97RV,21,4.696858074845274,4.719067260685021
A2HHUP0LSAJEU7,34,3.839500265840932,3.9351665299033147
A2HHYM31YDR7YX,19,4.514284191729073,4.535859892920729
A2HIC63YABC2JL,22,4.334616071495052,4.423401521824787
A2HIGBN6COONW8,36,4.491748543067632,4.5624566524050625
A2HII4U9WQ0XUV,100,3.3161167073099493,3.6118181522473134
A2HINP4WCANEZ0,19,4.543059098772048,4.587489418075069
A2HIWDD2TDXS19,24,4.162982065809344,4.368736042621012
A2HJB9J5O5CLPB,110,3.076252865480901,3.2779054528557894
A2HJNBIVUTAO9W,26,3.8623635898679947,4.175931371219739
A2HJNR5KRVLKP3,32,4.083484828675785,4.131364948537717
A2HJZ2KN9YA9L2,31,3.4403531252556774,3.6914660468398606
A2HK3TPF4OVOZJ,20,3.8905338523136193,4.162017710353585
A2HK6AY7D1FGQ3,62,4.154452606015086,4.189644245614644
A2HK8T0U1XQBMZ,26,3.9152485905606773,3.973147665617681
A2HKFMBM1WNE22,33,4.284036383017095,4.401025411683744
A2HL2W8LN865DW,51,4.0179286555620175,4.18239204972517
A2HL7R8R23NERT,25,4.217936879764455,4.2605908390491525
A2HLDQJH5H28OX,18,3.632093794413172,3.889356650125789
A2HLHBRLVLIIJ7,20,4.47141856128934,4.57671891548566
A2HLPWDR0Y2JYI,22,4.22169106138027,4.267515660651488
A2HM40QPF7RWZB,22,4.647636129717351,4.685456876424124
A2HMWTSBEXNJ3Q,25,4.742387615085539,4.743787767826395
A2HN2BU4VXBQ3H,19,4.603966897924212,4.639520521723854
A2HO26XOD5SXLL,44,3.874376214825695,4.042183609466083
A2HOEZYY0SX7SV,40,4.663042257820964,4.682159209424991
A2HOIF0C8SW15S,49,4.674922856381417,4.686692494202822
A2HOMHGTHMFQQD,17,4.912481708105167,4.918340519681786
A2HOTPWQQPZW92,23,2.8597830641647226,3.248050728975125
A2HQ4F42L9O7XI,87,4.082524482147271,4.198369888611867
A2HQX7AC9EI4UR,19,4.172079632312981,4.239066376217455
A2HR76QEWVUCHP,19,4.189713404997715,4.259337276418225
A2HRC7MQ56WW5F,24,4.946456706950393,4.946903982066885
A2HRG4PVXU76W4,51,4.355896477416649,4.390398695568484
A2HRHL4TBATK2J,57,4.2593714732916395,4.405235925831536
A2HRY9WK9T3RUX,28,4.050890942743946,4.206583232936066
A2HRYI1NGKJEH4,43,4.695941567448695,4.721691587665347
A2HSBSWKUMLJQG,18,3.48449425005163,3.6037970081592765
A2HSC6H51K13DL,21,4.058323908898974,4.214232425124705
A2HSE6PMI3C4Y7,21,4.773124910313259,4.788626168686923
A2HSIQB9VMBL1E,23,3.9085363274853124,4.309509604437777
A2HT0J58KOSITH,18,4.617530088391998,4.687401664209452
A2HT8T5LF487VV,26,3.5047807339147874,3.617339130135346
A2HUHOQS9RV2AR,46,4.918346865905459,4.922540569298696
A2HULQXHNHQ98E,19,4.7528854216843515,4.756731038197171
A2HVJUXRT1RMH,19,3.5069512033517043,3.7359925330777886
A2HVL790PBWYTU,583,3.4114391828041164,3.591061882871777
A2HVN2Y0DNVGIG,30,4.116582507319307,4.21370030019811
A2HVW67LK5WFUZ,27,3.7018803703027037,3.8736686420366504
A2HW33PQSRHLNO,126,3.6965119420022488,3.9400907936793415
A2HW4GC6H0L2LR,20,3.6411774890403508,3.7340748536077983
A2HWD9PTM7RBXN,52,3.4457330881965427,3.636245654525653
A2HWJS01XEGJK8,19,2.5450505617499295,2.956275720258186
A2HWY2TYK7HP4F,20,4.852275500633974,4.8601786750035565
A2HX6V1BKZNIBA,20,4.840708618873202,4.864405128160647
A2HXNWA29X9SL3,33,4.708607003454099,4.748745075589929
A2HYGTHB4LJ9FW,43,4.07216767317209,4.199817397651308
A2HYVOA0ANX4NY,24,4.671938090816121,4.693998186993493
A2HZ8XB9ZYUT5Q,18,4.581246512760093,4.688148873413315
A2HZJE6LQAETS0,22,4.433987925123491,4.469339643851606
A2HZJUJNG04VIJ,21,2.9147663119492093,3.38645540335044
A2HZL339Y174R7,29,4.882391625754304,4.883877437919585
A2HZSCP2YBACIN,70,3.47155147741845,3.7564134837955643
A2I0CEBYLTLMXS,22,3.6483113615663596,3.9489095697407905
A2I0X28L5E42VU,20,4.904115561657527,4.904510411151284
A2I17T9XB6LSGW,28,3.7594464567592243,3.8346055659432996
A2I19DGJQ9C9LG,26,3.924889841337491,3.991930690209567
A2I1MVXSZ0X24Y,26,3.7137282530255646,3.800210012524211
A2I2DE1DJUVQOO,49,2.74094853012221,3.2041548354864764
A2I2HG07UG1H9X,34,4.414834461071922,4.480824980963047
A2I3I5MHCP3WU3,18,4.132880270771251,4.170074000436204
A2I3W7TRTMMSTS,20,4.4139104461013074,4.549641230159649
A2I3Y4SMOPGO1A,24,4.058737746639735,4.0685971220290424
A2I4IQP3E553CV,20,4.08182935089177,4.177813355985917
A2I4VHEZTJFC0,28,4.982740065502967,4.9828555777679595
A2I4VTPKGSQZ75,21,2.799249831911491,2.9043860161940462
A2I5406XT0H9VD,24,4.293379594077206,4.404053076127293
A2I5LVVQ7WXEH6,35,3.6504748683292076,3.884926030668614
A2I5U2DD3X5IET,23,4.815376369727997,4.830304828043282
A2I5XLUCBTKQE4,25,3.4848474296879033,3.8517993059041413
A2I5Y44XCGXQ7X,17,3.4917422743472537,3.5991163646022173
A2I6727D2O1OUY,24,3.3912036364079348,3.4928392848517387
A2I67VU62AOKMR,43,4.764139979586153,4.777667435476728
A2I6MHMAZZDCRX,398,3.234636255249725,3.460856359149289
A2I6TD61IGTSSQ,34,4.1630243327511804,4.248451420698935
A2I7NGKA8LPN89,178,2.349240479479943,2.5729505918523206
A2I7OXHWWVR3JV,70,3.3680748725089416,3.5232792808712285
A2I7ZAB04Q0DML,29,3.9691031292492465,4.059064895153054
A2I85TDI7XF3C3,34,3.209421513326294,3.595405808655648
A2I8JQ3YUCBOM0,16,3.64413331962922,3.981527640090547
A2I8M3NEDGXN9W,21,4.688712192355942,4.726283590836637
A2I8SGPAH96Z4,32,4.648710534233978,4.673093606767996
A2I96KXXQMK9NP,28,4.908324846897978,4.908641105688713
A2I9DI5ZVCTWUI,28,4.71855481545179,4.77544536936164
A2I9F7SS8AYT91,21,3.8889581339265145,3.968793098103405
A2I9WSHWUBKGF1,19,4.2345397854588365,4.294607937218927
A2IA49JXKT2C4Q,19,4.99125187412762,4.99125912586547
A2IAA0RGUAT62S,29,4.446368887239185,4.58482980651052
A2IAH5ZZ97OLY2,18,4.976617083801446,4.976678823624889
A2IAPKZGWP0T3Q,20,4.6118898499514875,4.649236984197194
A2IAR5XDY0KT2F,21,4.57571192323846,4.669478551692785
A2IB1UP9VCFV0R,20,4.78554567858085,4.801746333526883
A2IBUZECB34CMS,23,4.88738721207963,4.891774751520935
A2IC3NZN488KWK,37,4.297532731448459,4.384074586088385
A2ICW5OUWX2A2V,46,3.3907950184137245,3.5677190538713868
A2ICXHRW6YS0UE,33,3.9350297269325862,4.132833070230459
A2IDRRZDTM22WV,24,4.8404407112580055,4.841466942936501
A2IF5C0I5BH11F,29,3.8731650067878327,3.9530399238630047
A2IF5J75C7N3W1,33,4.388834622328626,4.505068420154046
A2IF6UKZCV0V0Y,20,4.088808182538899,4.171735056915616
A2IF8V4U9FNOB9,16,2.925921995321708,3.355443377577962
A2IG2FG7L85RMU,22,3.866692062014617,4.074069668463036
A2IG2HXR6AIWDG,21,4.416742763485244,4.452945539525962
A2IG55FX67ERKH,63,3.964381285739616,4.01637102181489
A2IGH40Q3QTFHZ,26,3.7889147247303154,4.0525293475377175
A2IGHA3RRHL0JI,20,4.586247008181527,4.634803849764877
A2IGYM7K8MFJRC,28,4.127892582261573,4.211606412903146
A2IH2Z1RE0YNVP,39,3.1568081248544506,3.288743608549639
A2IH6OFM9MHR7S,26,3.9307175334891267,3.964596281393603
A2IH9PKSYELXR0,20,4.089089368398033,4.218888177404071
A2IHB3M0ZIKNOZ,58,4.56154211718067,4.603741089895855
A2IHCZ5E42IK62,25,3.1394559559564033,3.3783931098897373
A2II09GQGWOMTQ,107,3.8770141441986086,4.073566945318301
A2II50YWJG9Z12,22,4.915254942077954,4.918089999968985
A2IIJ6LYNMPF5S,25,4.220906865152671,4.310666649547093
A2IJR151S8RZ3V,30,3.419364778235884,3.6536002869962036
A2IK776FY6MEMG,146,4.097466522279847,4.267647007908251
A2IKQ0KPI3RTA0,45,3.7143026140145734,3.8902021385291086
A2IKWMHSHKRLGG,20,3.675972740633985,3.899586159819064
A2IL4AJIXXXLEM,34,2.800275782583846,3.1560420365189072
A2ILXKOV4YBS9A,18,3.650200655183844,3.882595687772943
A2IM5CPAAPAFS6,25,4.2319077415401125,4.39693008689705
A2IMP5N1CT9M80,17,3.6851086313752446,3.8191200900413103
A2IMQG6JCK6PN3,23,4.920553504563059,4.924656133931939
A2IMXOZ0GT7HD8,19,4.4074018513389985,4.549364869930957
A2IN186Z40BRMK,23,4.913597653143422,4.914170501777144
A2IN7KRPHDHXT8,16,3.373701508209388,3.6618989442802596
A2INL3AYAT6325,131,3.4876422275776875,3.6022729662758546
A2IOGHTCJ3QAHU,18,3.425558197862738,3.813076826334078
A2IOGN2MK57X1K,20,2.6668002079754154,3.1472618836534965
A2IOI0KZHTVY7V,21,4.831829514540014,4.854290894860606
A2IOO8EC3JHCWS,22,4.31952187531353,4.391092403944744
A2IOZ6UYTUSUV3,20,4.700330872204542,4.7293373345366785
A2IPJU07ZEDQXR,31,3.137727808026059,3.325693095014844
A2IPY9UTB8JEU5,36,3.89141643848557,3.955932310805639
A2IQTN81N6Z2Y0,16,4.24837286359683,4.336425944647506
A2IRYPS2I015JK,62,4.315965561544881,4.4193461940571925
A2IS16K96YSFDV,41,4.561842304384358,4.609103676418841
A2IS1LUHS5J1EE,15,3.9100464785728994,4.018043500990162
A2ISID2YRLW23B,22,4.6881061227524405,4.719774420558165
A2ISQO1LCTX1JX,20,3.7287465508871085,4.083591442748803
A2IT88ZGTC711U,15,4.564956143528385,4.646834909380254
A2ITA5TAYTUYKY,26,3.795632689673698,3.9278800087726102
A2ITPZOXVR7X6T,21,3.6632239342960458,3.9899640032461674
A2IU2BSVWQLKJ7,38,3.8141688776803657,4.110226445750484
A2IWQ8XC3HJ82Z,26,3.2763082350264527,3.5489528699898876
A2IXQ1IUT29PV8,19,4.797487569742427,4.821228301369405
A2IXUK2YVDLXFR,26,4.9486948183067145,4.9490481844495084
A2IY3CYRTKNEQZ,22,4.253357859832989,4.521782700616666
A2IY9M330NKBW6,281,3.281436824489665,3.363712450640554
A2IYXA798GG434,37,3.045851119717788,3.3091595654385446
A2IYYWBVZS40EN,28,3.7841756317147026,3.8021874239284674
A2IZ3H5ZL8R2KR,30,4.225470694673269,4.4133019353268725
A2IZFN3RBAOUBT,19,3.7081314274697954,3.811539404525245
A2J0XKTHUVSWTO,16,4.617873780833159,4.639468310482109
A2J1CYG0MUYRJV,22,3.649714594444683,3.740877209147928
A2J1IBVM8XEM2,21,4.656302733601795,4.698739158801607
A2J1M0SR5I7HVS,23,4.8188664520010045,4.842812458081397
A2J1R0N3KF8J2U,23,4.245122742489769,4.3694087529052705
A2J1VVGF8FCO7E,42,4.7136990774784735,4.7446273247814394
A2J3LNBFYLGU3G,20,3.9104673996078945,4.002196439688601
A2J3RKN449W4MB,26,4.484107130407117,4.563331155654075
A2J57EQ9KPGXR9,206,2.6378136048935126,3.0103375200373828
A2J5FI45GIZGW9,21,4.944206526839727,4.944674336883462
A2J61ONLQX1C8D,46,4.339038240331958,4.442510669689555
A2J63JEHYKX856,16,4.974827046916988,4.9749033392565485
A2J69XNJ8RKCFE,26,4.0294060250938095,4.0947145948878765
A2J6K00TXTZWJQ,40,3.8930675683065594,3.9972429312317743
A2J6MMNWUJQUXS,17,4.894525220448037,4.900040945530572
A2J7HKC3K8RKWR,48,3.7782886249438987,3.9713818340293394
A2J7UYBDNUIEXK,21,4.612683680499943,4.699346875172696
A2J8GLHLTFDB1R,22,4.978563474698162,4.9786068856351555
A2J8SDH5V1T4PO,33,3.740872762728336,3.908916783698409
A2J8TPQ0E1EFYZ,34,3.1972171666281133,3.4190746950296003
A2J8TT7ELEO4L9,45,4.761156285810707,4.795720065019887
A2J9054RM0S9N0,35,4.061173423606781,4.181271175044463
A2J923P92GK0TB,21,3.9477616155096733,3.958373835489368
A2J94RBT2849R,108,3.62455095046846,3.8183561287515198
A2J9VABNNAF4VG,20,4.305569531767675,4.364031890786992
A2JA59SICVG83V,78,4.496425501085871,4.556435801395834
A2JA7C0WEMB1M7,22,3.781032830928062,3.900930999937494
A2JAB8O2WUFS9Z,26,4.092376462313086,4.154641112327253
A2JBI9T7KY24Z8,32,4.348300633578081,4.418922616855009
A2JC55M4BFADBK,51,4.7327737010842865,4.760520732579072
A2JCEAS5327L2K,16,4.350786882874445,4.403084989610054
A2JCGI5QI9FIBD,23,3.0692660845623876,3.3037037991477303
A2JCOOVS5J4XIG,25,4.93568078501216,4.9361380741505085
A2JD2AMPNHFFEJ,31,4.911201089588753,4.912007117966003
A2JD9YDHLC76IB,38,3.46680255919899,3.8355276166478554
A2JDYUSI2RILEB,71,3.7640190678265397,3.868610273252743
A2JE0JYIZL5NU4,43,4.108010174787095,4.262645157201681
A2JE51BZVQY0D3,19,3.925005687876351,4.073955584223628
A2JEONEOLE4FD2,23,3.2706296192470283,3.563517735436389
A2JEP2TDR9GUOS,20,4.441591961675399,4.61248847699075
A2JFDCLA9PZGQ0,31,2.6784419999710516,3.0075185674706715
A2JFKSHR0WQB8C,66,3.500958258662756,3.6419992972180295
A2JFXWUJ2XEA1I,22,4.063343300663754,4.189464639020248
A2JG0Z691ZEC5,21,4.41767633750818,4.4803116258704865
A2JG8KEHKT4WU8,25,4.825676851499583,4.8326931548591565
A2JH39V83E2BQU,31,3.322322994434314,3.660802718537963
A2JHD25TB2EYBB,27,4.988944077167379,4.988955856641462
A2JHHYYOOO4DS6,48,4.106798927763342,4.171059925977397
A2JHM8YU4A0T40,31,4.933465995277084,4.934323380948697
A2JHNAYLI03LEQ,42,4.049482909966164,4.156354830442028
A2JHXTPZ5F89I4,71,4.893885131797421,4.895244769596561
A2JIAWSBQHIWLB,33,4.755885021411069,4.783365088365806
A2JJGIJI8X6KRS,25,4.0373073925436955,4.176753852605989
A2JKZJ31ABMZNG,18,4.974488049631048,4.974582386511261
A2JLGBQYB4PLC4,36,4.904257475040997,4.917545533502452
A2JLSHTST2SP1I,44,3.4380142605692923,3.5686236970076366
A2JMIOAVBGLAJP,20,4.422064067244065,4.614349937419358
A2JNJA81LTJTFX,19,4.011545492672018,4.214002631751329
A2JNZP8T4TJ4EH,45,3.9972392111317516,4.209764231506975
A2JO69VQ005FZX,71,4.804016565317908,4.818216864132904
A2JP0URFHXP6DO,204,3.5814071696548138,3.7498244304359254
A2JP64181F0IF9,31,3.7462461302223793,3.824873085146309
A2JP9Q8MTNHO32,25,4.884529890054266,4.885548746472973
A2JPPRCFAQM206,20,3.5113221271470687,3.9429543400258398
A2JPX2G8KU15X8,23,3.83782283252645,3.9409892641964053
A2JQ73NLF5SSDJ,30,4.709359262353003,4.72786150836617
A2JQHSICQ2LVF4,23,4.551365520522544,4.638178579717406
A2JQJ7S0LOXH1G,83,1.8102859114064775,2.2315143762106624
A2JRTD4ZI4LM1D,20,4.946080306090596,4.946321472329534
A2JRTHOWT8IZ30,41,4.595281336105199,4.656385810800314
A2JSZ6OR4MRXD9,151,4.082287834295775,4.116921142243325
A2JT7DJNL9WRF6,31,3.3018202414328237,3.5406753386185326
A2JTD6D79HNA5X,75,4.0507070945632195,4.110159069785101
A2JU0QF6RR5LHF,31,3.963084132635152,4.05480751728053
A2JU2LI8S91CRM,21,4.378141866755284,4.424078413784583
A2JU4FUSW1PBEC,16,3.6748250995833454,3.91659098584138
A2JUHHYHAWMHLK,24,3.3977369579578838,3.480130256482788
A2JUMUGEHONAVB,31,3.752242803336685,3.9894768654950705
A2JUY9N22M9J2L,28,4.875822903825508,4.89268577077493
A2JV8PH4NGQPJ6,19,4.427074859762905,4.539406940957288
A2JVDIEQGLQP64,13,3.2886574080866913,3.596417232546893
A2JVI7V1S02YJV,22,4.664634998512349,4.7520704885956535
A2JVIA9P648H6Y,27,4.1152337709123,4.370816911920111
A2JVR4P3BPDWNK,28,3.942208863640744,4.114636071343484
A2JVS7DW7HI8PX,19,3.617461470744059,3.780276765981585
A2JVSNULPMEVOA,47,4.124292978083454,4.316500649417809
A2JWG7UTZK54EL,25,4.961513316058458,4.961667479082253
A2JWNYSW97TI2M,37,4.182917381059342,4.245318848592521
A2JX9AMQV8BYK,42,3.749305732559816,3.817868800348087
A2JXAQ92WYPAAR,43,3.6993254505301376,3.8883453483059593
A2JXDV7H3WPUWI,33,4.907699545736621,4.909971496403074
A2JYIDH7JIG48H,59,4.1056872318697,4.268870596889067
A2JYX71YHYERFN,20,4.939439484268,4.944194443974288
A2JZCJCZD7P2W,31,4.20790589448768,4.309578424262709
A2JZJK5MYXTMJ8,24,3.3939465122044226,3.5887141790521015
A2JZMEMX80OKJI,19,4.3343078355249585,4.431793253736347
A2JZZY8EB9AIPQ,30,4.747966639421407,4.757229990212271
A2K0EOLDYXOJWV,31,3.1114779648310487,3.465979873666235
A2K15A5HI1828V,24,4.899976155544753,4.900825145102868
A2K271L58D0ACC,27,4.772883817607503,4.785409422549891
A2K2DMOM2BJSKP,21,4.014492840012744,4.219241984050323
A2K2GSY6ZCYBM8,47,4.700312484096289,4.719972386006097
A2K2PML6QPYJ9O,25,4.623919539648119,4.66964982919703
A2K2TEQ4WYTIQV,25,4.570743573204994,4.618962091281557
A2K31K83HCSI5C,32,3.4258322971076667,3.565433630701704
A2K3KSV8GZ00IA,20,4.158661949178931,4.285301399279888
A2K3L0DOPQQ697,39,4.165855398049483,4.298208916722561
A2K3Y5P6FQBDIO,18,4.471378776892877,4.524506258449047
A2K3ZF5LWRBB6W,27,4.571323060384001,4.66853522897199
A2K3ZJWLF0V4K,28,3.083671127788051,3.404276263683617
A2K4FAEI565JP2,21,4.039879465940883,4.132111380813599
A2K4G6SMXVP69R,32,4.632986280842976,4.676912884030658
A2K4HN6EECBNR3,22,4.63351391493667,4.665524780091944
A2K4NY3LIST3EU,23,4.875187516078816,4.875828080512654
A2K4PH68WESPT4,123,4.116021312992773,4.256091243174067
A2K4W5BX3CY9KM,18,4.637382864474777,4.742917770849962
A2K53OYO4JJO28,41,4.097452766332927,4.170219848238597
A2K5DTOG4LRCLV,22,4.741838468100625,4.788089194443503
A2K5ZAGWF99VBK,51,4.506332455673738,4.556408448270752
A2K62IHNYD9CBR,132,3.6923663794600405,3.942858604399581
A2K6B0ALIIQC8A,19,3.999998998360334,4.170620302953301
A2K6DKERCFOCEN,47,3.9836494481110596,4.210827169585307
A2K6MRMBNG5KY2,40,4.67455936533866,4.716153816481523
A2K6VDHSE2NU4R,28,3.0177776788129345,3.393444089989068
A2K79Q59WRL1JM,22,3.658127269402559,3.831943187357174
A2K7CMP1DGZTI6,19,4.373416471026419,4.5512305312586205
A2K8AVBLQHN50A,31,2.6883864588201787,2.953331885966457
A2K8XV4N3Y97KB,19,4.952179990125579,4.952288139481251
A2KARIOEGE27DW,17,4.094405342112858,4.286535842608459
A2KASTU01ARCF9,40,4.719101611198232,4.723881379178927
A2KAVTXN21ZCDZ,38,3.162106843752427,3.4074824111051947
A2KB14WCZ1DVE3,52,3.5337172772434373,3.7315386432678306
A2KBDAPCF0OV0H,33,3.9629667284286376,4.210872899786171
A2KBEW2GOSLS3X,19,3.6182265055021205,4.010178787924276
A2KBFB6A2D7PNO,20,3.6064834686325256,3.7590475834885733
A2KCHMTU1GU4Q5,37,4.243430711111858,4.455141882722177
A2KCJ6AACY6J0L,19,4.449482223416367,4.617281230593787
A2KD51SAC7494C,45,4.478040405515826,4.534855150049349
A2KD5P119BR6NT,22,3.847602245690331,4.054726554975371
A2KD62P971YDYL,43,3.6661451577032182,3.822920236762005
A2KD8KYAOE68RI,27,4.634617106595581,4.7051988021050555
A2KDAV28A2K8UH,37,4.605473740311809,4.643839948103061
A2KEKPMI3WQMPA,40,2.741970779385753,2.9819870720045487
A2KETRDA2QWM8M,27,2.689301694727993,2.8171195216937472
A2KFAEOHLMLX0H,19,4.355469298773105,4.405323435211323
A2KFAN56C9UOS2,47,3.9132004481861102,4.009326750543457
A2KFOBB8RXJTSR,21,4.169731397480601,4.2678428598045635
A2KFPNN36R0GKW,22,4.847858744822819,4.860247881877833
A2KG8WLR1AKO12,53,4.175929033138529,4.260055290777524
A2KGCK3Q4VARC8,27,4.143300807625989,4.271589289282735
A2KGH8PLJ5M9FH,16,3.4605221320388533,3.8765594246081183
A2KGMLHTZAYTRT,27,4.010283295970862,4.14052325852651
A2KGQJWZ5HES4M,15,4.232303482487165,4.42309666554886
A2KHLSBZ888EUL,22,4.1581603196152,4.191260274371467
A2KHMDGXVJXAJV,22,4.742213880269599,4.785354840357972
A2KI1SGCZT2OEI,49,4.072156216245882,4.170660169875372
A2KIJBT9HRIOM8,23,4.879661638390512,4.887810036105332
A2KIKKDMSYWTF,17,4.1593271779473255,4.248818625025584
A2KILNYE6LV4Y2,37,3.9225792284631043,4.055662743444396
A2KIY4F6QMOLFC,17,3.5039623213790456,3.665770385142323
A2KJ9669L4EAC3,23,4.95021144440246,4.950699640505709
A2KJLFS4CD488H,28,3.550235065418779,3.7527591420930593
A2KJOWQAADBFM8,34,4.117664483920783,4.2129207099995805
A2KK5E3I0RV02E,22,4.875796762769166,4.884536051506378
A2KKA3L6GAS195,22,3.2626265655972464,3.467969575034015
A2KLSFIQUUNTJ8,25,4.842346116849721,4.844404797828571
A2KLSMW17HZYPN,20,3.667156707633622,3.9290816709456133
A2KLT8PCDS4YZY,30,3.435294035715828,3.570199864469347
A2KMBX0DZY8EHL,37,4.943130057845826,4.943392481383394
A2KMIOYON4UR7C,27,3.8421679248381624,4.096576845776007
A2KMLEJVUJ3OMV,21,3.649341147744686,3.803347785676757
A2KMRC9TS9YGCW,19,4.949722993905268,4.9498654165075076
A2KMV056844YV2,36,4.707114112819365,4.746473512011818
A2KN3KDYX39U4L,20,4.551591332153167,4.606815694093072
A2KNX6Y72E1FVJ,24,3.479146008312347,3.8128584696518293
A2KOXO70G7Q10Z,21,4.895275138578526,4.914001419706979
A2KP0ONGECY1WT,23,3.793810188752116,3.894258505919547
A2KP1SXTMHK8ZO,20,4.67807736628472,4.710411366530086
A2KP5EI9VUHSRY,20,4.389323056057666,4.464862987575705
A2KPDG7E311YPX,18,3.0845201549153143,3.476698889127083
A2KPEHJ0Z93WQ3,18,4.4902210292346965,4.578559584465304
A2KPKJIWBAI0N2,18,4.3307934555988545,4.417424848437559
A2KQ2QKM7REJ7P,34,4.781446435333513,4.798441598050584
A2KQ36MM72JAXP,25,3.9512754202296594,3.957212990908063
A2KQ3EJ06EW1Q6,20,3.8844607497335604,4.119413882066414
A2KQK2R5QG9FRL,44,3.4118376143274785,3.679420129493465
A2KQRJNGZDW3YC,17,3.0860907189559925,3.466873800751999
A2KQRUKXGEIPJ8,31,4.055480754517471,4.3162984132182585
A2KQSQFBHTR0PB,19,3.9804576348307408,4.018241487441779
A2KQSW2Y52VICS,20,4.829318172446159,4.842113837113519
A2KR5X4NJ40PQF,23,2.938415198520798,3.115620144529836
A2KRO7Q1QYIJBV,18,4.931120266368471,4.9317869126769285
A2KSRJFZ2R9JK3,58,4.63753592187249,4.6733272962554615
A2KTGWKJXA4LL9,19,4.155155036976046,4.191011894646377
A2KTTL88FATKJO,21,3.0971535147945497,3.4505178692436353
A2KU5PG32H7QBN,34,3.825260608501323,3.9862398038770723
A2KURLAGE596UA,20,3.625552271561844,3.7456236048067297
A2KV228OO2O5NE,25,4.7647966421876085,4.782955401840104
A2KV3VIQDVP2ZO,17,4.410661779388588,4.444722858589361
A2KV8NES2POU7R,22,4.960817946659572,4.960939953273086
A2KVUYPLEW4LXT,67,4.44273458495515,4.506879436410006
A2KW039CDK63O3,19,3.5932774912885943,3.8906966238497067
A2KW2KWKABNYNO,70,3.2605635573803076,3.4977022507748616
A2KWQ64TRHB3YH,358,3.7841115363916877,3.890731012379457
A2KX55QXYK05E2,27,3.1959523365732903,3.2636957647219065
A2KXAX6L18GSD1,28,3.2713645920551078,3.345295735651871
A2KXC33ZDH90Z6,61,3.7369078475058584,3.943449544315822
A2KYCBLRQT5C0P,22,2.9749958879175264,3.44020686675653
A2KYITVZTSC7WN,18,4.816162568515804,4.819326246015368
A2KYQAKDQJSFIR,34,3.1597080364901795,3.2991009272319185
A2KZQ6ZK98FSI7,24,2.319083763812508,2.67500783887795
A2L05YG20D3S4U,40,4.501415375486977,4.614123370020685
A2L0GS8NX0AKJH,18,4.882397841760719,4.9037620808053175
A2L167UOLOYOO0,49,4.814539454041914,4.818988318056986
A2L1A3LDX3A50C,20,4.683987761305837,4.707335642670855
A2L1LSYPF850R3,53,4.85465796712978,4.861211059832
A2L1S50GABL5SI,21,3.8527453107105667,3.875575301149451
A2L2T241FX9MQL,18,4.086990873177255,4.296253001255584
A2L46AZHPG7VCT,33,3.811976750713044,4.051022864347605
A2L4I37XUUA6WY,53,3.7343901031057944,3.7443793486651353
A2L5H05G2GRA0C,31,4.564148738097332,4.627528823428701
A2L5UNYTMUSGIT,21,4.115532387244369,4.212677383509983
A2L5XWA1DRCFAH,20,3.2605342539814,3.5391658961997248
A2L64BVSRA9O4Z,17,4.454871578002924,4.533654568125228
A2L6LM65KEOQLU,21,3.9305840271685404,4.240981043104597
A2L6QS8SVHT9RG,25,4.3015354638048935,4.372469154016774
A2L7CR7EXRZU2,21,4.367897236442943,4.45911985368468
A2L7JN8R6GQE0F,22,4.06536351887211,4.221451877652541
A2L7M6J9J2WBWZ,18,4.94235395243498,4.9476674471915265
A2L7VGH23KPF2B,20,4.36887098284472,4.474969843309137
A2L7WYA5OENV03,47,3.465071298785651,3.666556584361183
A2L8DETLN5D2OU,18,3.1109094254687766,3.2984615131715773
A2L8ULFIUYGRZQ,18,2.6795676500965246,2.9585579476710864
A2L9GXWHU7UUUJ,20,3.8446101105811152,4.000284007021174
A2L9JXFTGO1MAE,21,4.939799770631721,4.944499843922651
A2L9TLZ951F6PD,27,3.446459842787465,3.766592122521949
A2L9WQ5ZWKKVIC,28,4.113719400473583,4.200728027151359
A2LB3D2TGD32P6,25,4.204720247266105,4.249722525805545
A2LB4FLRZG6CUV,44,3.6836830828511724,3.880322740462534
A2LCMUTW8OV54U,20,4.41630405549721,4.477162180014702
A2LEIANN1UZTHP,42,4.059016757641741,4.264559736051442
A2LEJJ1HBH7JKQ,19,4.232441722220191,4.3292454320145906
A2LEK5P8Q5WCY9,20,4.091037405737375,4.130643819883674
A2LER16JFKO902,22,4.28023208619123,4.417337291575857
A2LESSJPC1HJDL,21,4.565526441482085,4.589284304872752
A2LF10GC4SYFP2,34,4.938232158696621,4.938389530393874
A2LF7JP80LQG2J,20,4.7474978795429195,4.826282469935988
A2LGARWHRXMQZ3,25,3.9727325832093254,4.188370448268136
A2LGGAVSA9LVO6,37,4.289846273734211,4.353105403524879
A2LGJH3FBLP46M,20,4.609188109021607,4.63497056703589
A2LGK6SGZV5KSR,27,3.847586186619444,3.91419210866339
A2LH9DP6O5ENBZ,19,4.457513579471872,4.484683406246322
A2LHMP07OFU6JW,22,3.2677175451987157,3.5389278580367876
A2LHYYXUJLDDYF,33,4.84126175898226,4.847364323167297
A2LIACN9V1XZBU,42,3.4635359593094703,3.6186222137847626
A2LICSQ2IFE3C5,23,3.529574972012108,3.718440117870663
A2LIEVBQGLYSSJ,19,4.1989054598367135,4.413990801920502
A2LII3BB40HVFZ,30,4.059472398252298,4.22607797165481
A2LIMQOBHBAQCL,24,4.1922059863462815,4.256081333564994
A2LJ4XZCV4OZEO,19,3.74703279757098,3.935685270361972
A2LJKDPRVR907S,27,4.905641714254075,4.912490268542124
A2LKMAWW4S8KZI,34,4.676937533281738,4.696486401549131
A2LKOZ0SSW4NH9,20,3.7364432377090693,3.8269618279474837
A2LKXDUWPIZW5D,17,4.101124282717938,4.14166062387317
A2LLZEUZEOXFXA,22,4.156900269441222,4.2762352099116105
A2LM34XFKBHUKN,23,2.836586028586506,3.3684410168760768
A2LM4WF0XABBND,37,4.693661779641814,4.7120243285650885
A2LMQWIB39ZJQE,25,4.837796436217875,4.900819156662285
A2LMSCHTDMPDCT,18,4.200250388904385,4.424828985353088
A2LNQWOWZUJO1V,35,4.602112870606199,4.638853120898675
A2LOA2R50C4FN9,53,3.877757240453282,3.941382306943361
A2LOK8DAERPEOG,22,4.960018431034246,4.960100234984495
A2LOUIXAOUAS3H,28,3.717303775369202,3.986825877334129
A2LPG8I4A2LBVQ,38,4.022850250427251,4.201026407363902
A2LPYJS7IPM5QI,21,4.608876910251811,4.724598743606552
A2LQETBAR9Z5AN,19,4.812397114827498,4.827100502030115
A2LQLJWXQQM3PB,26,3.6475942852359036,3.847897433675593
A2LQRA892B12F,19,3.7804951353169542,3.952414934254848
A2LQRY6QU7KQY7,22,4.722625052193603,4.762483841830863
A2LQZG3NI1DYOQ,38,4.741148565895412,4.826275310816256
A2LR4NR0G8KO7C,28,2.2139723684787027,2.3924297346591104
A2LRE4YQ7RLGVG,18,4.070599364587254,4.243880766186505
A2LRUR0I68G5SE,41,4.367297184833519,4.492772349889517
A2LRWMHJ1ZK36M,40,2.3985748332617076,2.656024560671823
A2LSPNT1W8XATC,22,4.500304884934546,4.565142540998301
A2LSRBVD2MK3PL,18,4.75306611959677,4.75937219886517
A2LTDCVOGPJIXP,19,4.16405372609109,4.207765428168253
A2LU0TDP2264E4,22,3.797710771500506,3.8885334973440076
A2LU2K36BQV4VX,19,4.158634020174141,4.305370209397177
A2LUAMVMG2QDSQ,36,3.738791752071089,3.927681886277541
A2LUDG4FCOCVSD,19,4.01758965013134,4.132933146944422
A2LUJINJYU5G9E,25,3.687753467898801,3.833620083226906
A2LVMEG7IP5F90,54,3.3798571400976214,3.447127535673786
A2LVRPJXR89F2R,19,3.873714849408199,3.993783251501936
A2LW5AL0KQ9P1M,30,3.617939375518916,3.9082872684391026
A2LWFZF8OC3ONC,24,3.96992683608995,4.001757689682789
A2LWUNJVOGYUIM,21,3.681824616918336,3.8140241348002815
A2LYA0BTFHELQ4,31,4.456903865317078,4.575417149535225
A2LYAGSQIU327M,21,3.8352490307630274,3.980309651014556
A2LYAMHUS1UCPV,17,3.783968105491178,4.042430005804081
A2LYMKQ8D8LU4R,54,4.814980647367355,4.855439445978516
A2LZBXPNZ2AIQX,53,2.4606713933448194,2.795433749263076
A2LZMD9YOXCNSP,19,4.820152619697072,4.844644834418196
A2M0FW9AFTG72V,127,4.5915477612089,4.6045810934941125
A2M0JOQWQ0KAJO,27,3.946841218041265,4.05540305315322
A2M13JN7YVG29U,22,4.406489207616113,4.503762763617248
A2M142WV75V5GY,19,4.984604333292593,4.9846330183232075
A2M15WTRYMLHFA,53,4.113240329355037,4.229316675324526
A2M1N8G4W4END8,65,4.0225697086008125,4.091451297882151
A2M1NIC3WYYZN4,20,4.414275851810829,4.498229850631054
A2M1WDT2R9WZ4F,30,3.836481148820787,4.077453820248699
A2M2OYC73FSS31,40,3.984231760899694,4.158516348767154
A2M3Y7HI15K84Y,20,3.9944774528042815,4.0933619763671025
A2M4Q4S5CF7MU3,14,3.9985190578223198,4.147153285412559
A2M4R8R6SU049A,22,4.265642269123922,4.386521092570114
A2M597GCCE1N2S,43,3.988010827208548,4.073969748104353
A2M5FI4CB6VUXF,42,4.0527263665205915,4.161006072031175
A2M66S05KKNSWC,19,3.3450864197952086,3.6488204809038103
A2M687HYOW9JFW,17,3.7859291251347504,4.221239019564263
A2M6Q0M563E6V6,19,3.934071103385811,4.0568299186515935
A2M6Q3JIHPYZLK,20,4.570128209638466,4.606732684357668
A2M6X960TCN7ZE,38,4.462482933444129,4.536310995231262
A2M7BMDU8BPXYN,18,3.323344528141413,3.837406502296569
A2M7CYCDDC4UPK,41,4.424960955090117,4.48641123560191
A2M7EYEE5D4F66,18,3.130602201265322,3.595102248650812
A2M85JGCPOR97Y,78,4.57219317350652,4.62941488349527
A2M8P02S3YMF3T,16,4.520567144860066,4.576182046755643
A2M92P51A1WT8C,22,4.0285972019212295,4.123568877108869
A2M9FQJ1UL2JBN,31,3.0179185198819765,3.1807253809234424
A2M9H45CBS0UH0,25,4.203936528573878,4.337909803247464
A2MA7915K8TA68,19,2.931578168969595,3.344793600662389
A2MBDT1UE61KKZ,19,4.921220285246069,4.922048257442777
A2MBKEPPUSAVUS,18,4.559371245242399,4.657832385655426
A2MBUVPKRJWWLC,28,4.649530301832496,4.762657437922541
A2MCJI91HV6XJL,22,4.573670269169136,4.62989955211335
A2MCO8YEUPKWZ,22,4.851126138267989,4.872323036567101
A2MD6815TK32I4,26,4.640291143029126,4.660171096749799
A2MDDH2CP82KPE,20,3.5284563051856574,3.6755858345292274
A2MDHY259AHH7T,21,3.748516738430878,4.136294320394713
A2ME0JSRAHUZPY,33,3.4763462095348747,3.5922354278297495
A2MEAKXVQ5JX1B,19,3.4491322437811966,3.5450152179246253
A2MES5C4U5A9J5,17,4.814682699837588,4.829484909465151
A2MEYAW7JC9YDO,31,3.621973381814837,3.699921738601763
A2MF0N72JVXDAP,27,3.3287645093814264,3.4922289614243103
A2MF0N7YSN9P08,15,3.326476253860311,3.437961372481765
A2MF1RNF2QX7TG,29,3.3294114383453577,3.513411219977051
A2MFNDNS1L7D16,98,3.517159443226855,3.6379803991630957
A2MFQVMR4Q4JZZ,26,4.950656256538671,4.950954907207934
A2MG8HX7BS374N,21,4.028076981277961,4.128923888983224
A2MGJ33YCV2DJM,31,4.716428174146831,4.739992250069369
A2MGLVTZCF1TQ8,27,4.89488189694536,4.899325648246934
A2MHCZISNWHQFR,27,3.725664665752097,3.955133883843979
A2MHDZXWWF0VIN,31,4.310921950904996,4.427881046286087
A2MJ2LPNNQ7LIP,34,4.051769006397286,4.085136180632914
A2MJ5J9EGTS3VS,22,4.8794570602569145,4.884724837845717
A2MJKH6DQIKTM3,25,3.738773071337641,3.9054185379328974
A2MK2OFXZYK3TC,24,4.438760885091082,4.555719871945899
A2ML5N0ZHY4RBP,22,3.9176303981407745,4.188304244218577
A2MLNHBNIBVNZ1,36,4.570213269561529,4.615822813998165
A2MMHAJRZD7GHO,22,4.330619904487304,4.355421148003481
A2MMOKK1YCHDWW,28,4.442684404170296,4.531047165506659
A2MN7LIJ5V7XMG,17,3.2880144860253804,3.4469854627583763
A2MNB9PF4QMK9P,40,4.051147243533187,4.2128437382040005
A2MNMZMM6BGLTA,149,2.7479889153563586,3.0177998915656805
A2MNOHDHJ8VQPV,54,2.9982361763651557,3.5161430508779086
A2MO4QXKPWJLOM,42,4.713266574921701,4.732631700110242
A2MORASKNQYQAN,34,3.825110646660532,3.8878913924213627
A2MP1SXOBLPQMQ,19,4.333698520388352,4.372959617455114
A2MP6YUBYQ0VBS,24,4.190574317868621,4.47620915448928
A2MPRSZM0PV0ZD,22,4.306218964678771,4.394707218430539
A2MPSXX36R4BNP,22,4.101315066899296,4.220068745856246
A2MQ03GBHLHQRA,33,3.723432939328893,3.870054467266504
A2MQ58EYQ4BCP3,20,4.57112199621895,4.657311163375586
A2MQ6W5DISLAF0,23,2.8736432199383133,3.0640852604529525
A2MQQI4UYT9C11,26,3.7496194021196816,3.8539445708133604
A2MR87VMPFNFJ5,35,4.082181249602367,4.134247724338331
A2MS6UV7ZGTMLR,50,3.5306308901662957,3.738504232558888
A2MS8VW23B7SWQ,21,3.694032594728609,3.9632373821507296
A2MSNH98PVQ58,24,4.321964699290722,4.390334516691447
A2MUJ66Y0IEG6X,44,4.929859963399982,4.930453858653925
A2MUXDHXWGOZ4R,30,4.692717086279041,4.7572927494376485
A2MV3TN2R6YA0,26,4.4984053750468895,4.536368653527179
A2MVCX6AWGANXD,22,4.9749975322328694,4.97502681362944
A2MVEUCZY9E8WA,27,4.43078015561781,4.609901364247924
A2MVIEUB1O1OUA,36,4.6720575587069915,4.738434989705226
A2MW0RYIXMEYGS,18,4.069386955172082,4.228779852081107
A2MWB3Z94FOP88,22,4.488943221870129,4.5371096929986
A2MWHPNXYBKQQP,46,4.4423848564554405,4.590504628529156
A2MWSDGRI9SHV4,24,4.742743804915538,4.753593265290981
A2MXDYRIOQJV37,19,4.6745270322753685,4.763960806164489
A2MXJZMMJJK3D,31,4.832787771000189,4.834665565673749
A2MY1LW130WZV9,23,4.5418501914328715,4.596725842094749
A2MYUI8IT6UBUU,123,2.70177889847859,2.8547256494365802
A2MZ1VBYTQ7MO5,27,4.084490248280819,4.270706656682846
A2MZ25NHSJ3KCB,20,4.848668794784068,4.852812208661496
A2MZAHWS7DGS1,18,4.507268697775646,4.547577457596558
A2MZDXW018TVJE,38,3.72072664204079,3.826944092215848
A2MZXOQPH7FAAL,20,4.707774893629051,4.7308170154521605
A2MZZP3ZU9B5JS,50,4.110400545324715,4.244690404521842
A2N03TUL3EZZDD,34,4.38731742104236,4.519863843011698
A2N04V181QHDG1,31,4.865907904894374,4.875250025926093
A2N0IOCQK69NQ,31,4.385490153921903,4.506602815301295
A2N0KJCTUIXQRE,24,4.003191439511795,4.091360716167898
A2N0RBB1PXSAYT,65,3.439693768994463,3.5550383015940232
A2N1R75FSRZZG8,44,3.3836521916345093,3.7795949970520373
A2N1WT1EBTWTBV,39,3.523359885896234,3.771989296872427
A2N26D08MG34FO,40,4.567960521650173,4.597520026890016
A2N3H4U46HUTVH,23,3.8248812340407214,3.943178690734999
A2N3VW80RM698R,34,4.315204137202594,4.3452404674914025
A2N61X08FM8WCT,27,3.606864330575343,3.656755293200457
A2N69DJM8NVYZ6,46,3.7145894997489566,3.823822011873076
A2N6CSN1QBTOIB,18,3.0449855047476855,3.178266714334827
A2N6K4RFSPY2GV,42,4.347623387221075,4.4322464464031786
A2N7HDMIQJA4LE,19,3.248858993409938,3.416929010314943
A2N7K376TWKNN,28,4.1919454523906845,4.2698651967474905
A2N7KGDEAB7XOC,18,4.5869070822358085,4.636204494284279
A2N7N3OPJSAJJD,25,2.8513509661776437,3.213815569077682
A2N7O4Q7PBFQTP,32,3.4011076899460657,3.5700862505755793
A2N7WWIVEBX8A1,27,3.5112404274063893,3.847000594037337
A2N8KCVAFTHFH0,22,4.919293466668585,4.92376346365108
A2N8L4FH238FM7,17,4.838819419343163,4.849657710933045
A2N8NTI0VMOF0G,29,3.9844637474783053,4.231160075522185
A2N8P4Y65DJNTT,22,3.690772486316344,3.85087550238798
A2N9CIXRV5BBKM,36,4.57907826023631,4.629210910335145
A2N9TV0DG6N7X5,33,4.970629376369394,4.970766873366122
A2NA7A356B0PPI,21,4.6630255176833675,4.7322277622648565
A2NACIQH1P8J01,27,4.105872878788893,4.235400659442896
A2NAQV49A47AYN,23,4.1982174860614165,4.2881863717547954
A2NAT8JHKL4OON,25,4.5072293310447415,4.56905089539482
A2NBOL825B93OM,57,3.507143203418391,3.653167029589454
A2NC47HIWJUMTI,40,4.134345721259754,4.219985132273783
A2NC63TX65CQU5,20,3.435977841751393,3.776639173617932
A2NC9G399V3UF0,40,4.485302172934321,4.5299761232418705
A2NCDPC8P56GIR,19,3.4358789535896737,3.5591075442268867
A2NCUYVS7HVOH3,19,3.4852758038472706,3.8635214946091083
A2NDG1DVMSSAEW,37,4.119486676015286,4.350609080493441
A2NDJB3ZBGYOXG,21,4.6888145397928325,4.720349751943352
A2NDL5QQONHLPX,18,4.864941115498709,4.874749237154716
A2NDZYCKD6XQJ7,20,3.6381454899332724,3.8468513453600477
A2NE7D8GC41UCL,53,3.9685100426354234,4.0851494146979155
A2NE9XC4XAE5HA,26,1.7722079469538805,2.238344893819116
A2NEBS1KBSLQJ9,21,2.650673452366587,3.0170588660870425
A2NF66M6L43EXT,17,3.760354709588546,3.9061116542341563
A2NFKONN38XBMX,27,4.608197307831682,4.646602320062405
A2NGCE2250NLC1,35,4.133007103135397,4.227776267176846
A2NGHVNVPDTSL2,22,3.793896059335208,4.046267842044689
A2NGIM58N5MXR2,19,3.793655800741233,3.9871956454405346
A2NGK52CJ0TN43,21,4.598262499706297,4.695220693624318
A2NH4Z77A64LP,30,3.5917532272435126,3.7578047404791124
A2NH6XSE79X3VY,20,2.306344285398583,2.662237685561606
A2NHWQJ4AJ90W4,21,4.563758699809222,4.5946477730109105
A2NICTOBBWK2ZE,20,4.832012397420959,4.836203606901392
A2NIGI5371S5U6,29,3.9278007995094812,4.155604528660633
A2NIH8JB9AL786,27,4.73690660539748,4.811070496331063
A2NIOFZYWR0KEJ,21,2.6906198275679776,3.0710522344014213
A2NJHHS42V86ZI,18,4.999917463027474,4.99991746320159
A2NJHXM2EU5MQT,13,4.293161083239725,4.387111451828509
A2NJO6YE954DBH,591,3.2228958019185585,3.378045945055372
A2NJPYDDCWCLDX,27,4.890380262723767,4.90462891916167
A2NJQEH8IJ08SX,22,3.195995111466294,3.399661520401512
A2NJRBJFBTF54A,17,3.1656936343191933,3.2950050360105414
A2NJVIC0ZW4MF9,19,4.684044185891972,4.704056170189683
A2NKUHS4I7H5ZL,20,4.0992222554286695,4.253541730392498
A2NKYZG0EP3ROV,32,4.8754236812111955,4.8788715435202645
A2NL1F7V7GGN2J,35,4.716808272720367,4.731560848950505
A2NLHD77QZO9RG,25,4.7028600054664,4.741220828323824
A2NLPEF3GXKZNH,30,4.384063692902254,4.456154387613219
A2NLPOCH2C5S4M,63,4.2540649219213815,4.322987115869388
A2NM3CYDIU5NL8,59,3.8585394650857716,4.018570492292845
A2NMIW0RRH9J6S,19,2.804250151465418,3.0126190001693405
A2NNTHLM1RKM1Q,27,4.657312468778706,4.7044817616508885
A2NOLI10R74GTE,46,2.1979068441192666,2.438426201097853
A2NOXOKGUVBI03,21,4.992919051352581,4.992920913744071
A2NOZB6VZCTOI4,105,3.804261938551425,4.01934893586051
A2NP1B2ITW3J3C,54,3.5181501868336973,3.662038876674638
A2NP3CR8KPO8PL,17,3.579073249640483,3.98276837146529
A2NP4X9TUINMWD,37,4.832086494226674,4.832880221415839
A2NP5ONODHBGDU,65,4.366256818122391,4.414157973801833
A2NP6OHM8Q2530,22,4.263571321635185,4.379663601114488
A2NPBE5JEBL06,23,4.514108135447683,4.589155477718031
A2NPOQXJDJVN0W,21,4.850115652578206,4.859510533279205
A2NPYUJYAA243M,47,4.537830752743341,4.568580254756526
A2NPZW0MXZVKPZ,22,3.575156092496039,3.7189228306964317
A2NQ1TKK380JU3,21,3.8717877678235637,4.143487091443008
A2NQOVI6IEN9MH,23,1.5514669491349993,2.050257045831648
A2NQQKGE9N5JW5,23,3.969890347030342,4.257634944886341
A2NRC7ZB06DCC7,23,4.782917353397418,4.7887401483577525
A2NS71AKYALZN2,28,2.7524441174542638,2.7627860429057756
A2NSBPH52BNJ37,37,3.30444244336385,3.5734969590970924
A2NSEHGMUSE2U2,18,4.583569881930836,4.61030689319172
A2NSX3ASG1MFI6,23,4.219491585516623,4.3009412044656905
A2NT9URZT9IXZD,24,4.149232442929589,4.191098312720409
A2NTNKFWSU5K7R,18,3.2524793050428644,3.753446652445161
A2NTORHW5M9V75,38,2.8687996078555047,3.3364373182473175
A2NUAHWCA3QUSS,20,4.521572471223247,4.575487423377003
A2NUHWMHA9XNKV,167,3.914916616683619,4.013251279255481
A2NUTM1FBPSTOE,20,4.02969759734767,4.063911246223809
A2NVLFEVICBZNV,20,3.4752220641520126,3.6675687193187305
A2NVOYAHH1CNSH,25,3.0562647514538965,3.460149096801786
A2NVQZ4Y7Y0J1R,24,4.1477668567221615,4.227690420414077
A2NW4GICXSLUVZ,66,3.828225240017328,3.9599298258354185
A2NWAHM64KMWV4,37,4.47548438396389,4.676185036334822
A2NWUR9DSUMSVX,16,4.831651161715654,4.854918042846453
A2NX3F54RTHSQR,20,4.35212191327134,4.4702083431156625
A2NX5UZ6WEZF0R,38,3.7176468809346725,4.064653325571535
A2NX99GVAX4TRP,33,3.8503981163184693,3.99595040349782
A2NXA7KSN02AYD,56,4.501988960654399,4.535421693810358
A2NXLMNPSZ6P0,22,4.414443125774496,4.481804593880187
A2NY4I4X4AAXYG,22,3.9552139314012975,4.042545770031442
A2NYI8Y811YNR5,22,4.336927067589173,4.426088625407264
A2NZ0FCYF3G8LL,27,3.470996622218857,3.854067651828005
A2NZAGMAS7N5ZP,61,3.400153031966825,3.5839120718032778
A2NZOOYOXH5OZR,31,3.3082993473257267,3.695776743876307
A2O0I8V46W7NVP,17,3.8208081874320166,3.989869783807821
A2O0LIVTTFU75I,22,2.8163253672841315,3.0880314295712665
A2O0SO7VF720Z9,21,4.255948294851979,4.399840517787464
A2O148QZFFINQB,19,2.587432117526215,2.847495045702024
A2O1AZ59TMNLJQ,22,4.9747220856223855,4.974761437786629
A2O2CDLW7HJZ98,40,4.779213268561721,4.795296548244425
A2O3E5PENSWBVQ,22,4.65711040244543,4.684454678230973
A2O3R0QFX9AOZB,44,3.6461570299490877,3.8463646728387486
A2O3S6BG2KQEWG,21,4.704492838815755,4.786067284392409
A2O421DTA8J0RW,30,3.7494518180555474,3.9971323291706984
A2O451L6U4X8HM,43,4.059653469023682,4.143794105653681
A2O49608LMXSLD,23,3.9883962660759664,4.0485202933716415
A2O4EVVKFBNG8K,18,4.49002266667408,4.578279000330454
A2O4IOLPD5TA49,26,4.930831866898923,4.93129985193291
A2O4KX7GJ1W5LX,41,4.161301578385007,4.256856389418608
A2O4V3MCB7EPPU,23,4.135027582337618,4.1926449552566085
A2O5IL9I55K7IS,21,4.871680468688585,4.87348345755914
A2O5PXYLECFBZX,17,4.2676728704069635,4.420787757758743
A2O5TMK8ACA9FH,16,2.999200021134023,3.438984486111422
A2O67QV1FCQY97,30,4.0980577686101585,4.152589188548437
A2O6WPTZT87KR,26,4.595877137417082,4.637850437611015
A2O737FCZFIQZI,22,3.7434519942720836,3.959820637718597
A2O7U8MGJ0CC3,18,3.6355239090349993,3.9080744208193594
A2O7UM0GF6SBY7,37,4.904939512837988,4.905815385702201
A2O7XXGIOYVR8R,35,4.57673819884952,4.670208484072178
A2O826JLKTYN1T,18,4.939689656814757,4.944983007836878
A2O88HFN90MISY,28,4.0320940197442985,4.2961317153393
A2O97GKCSISM3F,41,3.8257906644202984,3.84522498944022
A2O9M056X2BK8T,33,4.359323540382682,4.388236770632745
A2OA3QKXJ8FO2U,17,4.286052301039198,4.417874270343719
A2OA55AAEY0KD1,18,4.641675354526765,4.711766575694411
A2OA8TE8CGQCJO,65,3.9692467908990126,4.15994788543883
A2OABV0QP9VX6O,23,4.728744318542055,4.733585135268704
A2OAH8CPBITI2Y,30,4.603780326685023,4.6266685592479275
A2OBHEPREQZN4B,21,4.9419129108265585,4.942341294716416
A2OBSCDNZYGLW9,24,4.963792315608653,4.964287026701173
A2OC0LWPUFE1K0,19,4.115411333721905,4.189603292207124
A2OC5KD7GE7W38,20,4.993984670845873,4.993985155373966
A2OCJNB6B46OKP,193,3.599991032039191,3.8356719150735503
A2ODBHT4URXVXQ,117,4.174398388458884,4.206605030227444
A2ODO8TB8TCEEJ,28,4.429064513140854,4.519309419569193
A2OEKN5S0TSP9F,20,3.231465554136612,3.453354204193562
A2OEYJHD2KTPJ1,18,3.8321513172357253,4.146346685500477
A2OF8EMCWMNMM6,22,2.591998415313189,3.1528803267626326
A2OFC0HCXCM2PU,21,3.78767865697029,4.006696866318329
A2OFSDJB3MVQ16,124,3.734933399501506,3.8230062570123624
A2OFVEMVHB4LT3,21,3.7555342737934776,3.9633018989271926
A2OFY8W5XCG8ZM,17,4.920745506096275,4.926478860820218
A2OG0T5FU2WUQT,18,3.505117689048481,3.6627416077658803
A2OG8HQEE0UD08,79,2.274708557939036,2.6322060714868294
A2OGBEGFRG4RBJ,23,4.221724008246475,4.2744284840425415
A2OHD1XJ9HHXAK,26,3.7564159702751234,3.9683178545543654
A2OI39YGJQUC61,21,4.227818185120249,4.350336941533178
A2OI3HU0KN4118,43,4.694839110350183,4.779742821192105
A2OIQ2N0E67EVT,27,2.3949073091452884,2.8389566821089027
A2OJ1CMADGSQZK,37,3.9696869042575766,4.024006804733684
A2OJNSLXRIAEJK,20,4.887736113307982,4.896768859261759
A2OJTUY8JFGBP7,19,4.659208642541992,4.692914351252534
A2OKCS5234ZV7S,40,4.883599527271029,4.925241835413216
A2OKE8WUZGFHB4,25,4.282605301840057,4.434901878759782
A2OKJ5F92ROLNT,14,4.743027292026921,4.747810470021075
A2OLAN1LU5FXJX,29,4.719222167367641,4.729978239742227
A2OLJM7IREKPWZ,55,4.7510238645615015,4.755028010904731
A2OLLL9G9D4XFU,28,4.019243960403014,4.04087743750878
A2OLO96ZRSKT00,35,4.618764568562233,4.644101509659808
A2OLY9GXP0WMH7,16,4.088472625300314,4.175354020668221
A2OM3SMY41H6DJ,21,3.609430598228574,3.8684801884528337
A2OMGHKYF94FM9,21,4.447119602504043,4.486018943399017
A2ONRXBN7XDX16,29,4.14848303844763,4.374648690268144
A2ONWRFRPAOG86,41,4.515508134382482,4.560186416080778
A2OO6GE116VTGR,14,4.967832527022616,4.967971412703106
A2OOLI2WFY4L2,28,3.0677979625741747,3.214292770236702
A2OPD3QH9V9581,25,3.977994594633372,4.0924963567501775
A2OQ6D9O81PHCL,22,2.205192135871965,2.686024066976927
A2OQPSAQTTR938,31,4.81112793850699,4.8137348533940285
A2OR09N5HH20PY,26,4.729096388289512,4.751488782135059
A2ORGFJMKLXW8F,33,3.3557001409119867,3.48950101568765
A2ORMBJU6V5UV5,21,3.5398785029928552,3.837357561253456
A2OS42GHUMLQ5,19,4.342776774153182,4.429943179912704
A2OSNLN1QCO0QD,46,4.716570560200097,4.727844138281422
A2OTH4Y3HOS9JQ,26,4.655685448831014,4.665993238463103
A2OTJGKTNLLMNS,22,4.886322539889314,4.895593030200894
A2OTJZE8AK0Q47,21,3.559469877710272,3.697320111364469
A2OTT4J4JLCL1G,46,4.648869636906565,4.707797310115666
A2OTX4X3895YXT,23,3.293784747013476,3.4882981972245513
A2OU415LB9I5J6,71,3.768844232053296,3.8709202221411765
A2OUCP7JHXG9P9,25,3.9972374633645327,4.188289994529487
A2OUONCBHNMVA5,20,4.490125986902852,4.518933632482945
A2OVR63TMZ8FJJ,21,3.7404048462223067,3.9287964525217784
A2OVTQN1M9OHVJ,21,2.8394089634387347,3.016442542012968
A2OVUDBRWGX0LL,16,3.375651277986437,3.592059638476307
A2OVYIPL3OW0FF,16,2.3161102712548582,2.7192574299288967
A2OW8OPJ82HRU0,20,4.609396161369708,4.65409162324407
A2OWKPODAEV4IX,54,4.57788706018758,4.598692822418317
A2OWRTAQK6500U,18,4.921602884829324,4.922526749388956
A2OWS83EY0D7TO,31,4.766976493538565,4.796209516933997
A2OWWQCIV78MCR,36,2.2165711459257014,2.570398848195169
A2OX6IJ6O96W4A,24,4.251253289668766,4.290519679756403
A2OXDJP1Z3LNOK,60,3.312467248849978,3.5589865304693933
A2OYGCT92U1M40,32,4.118182775233885,4.3456990221609715
A2OYPRPEGG9UYB,25,3.9621970975503826,4.233467413484131
A2OYT6UXIH4WSS,26,4.225356536738203,4.371575255303261
A2OYWIFZOUMH41,24,4.330757450910014,4.470148508564114
A2OZBJ58CML9OS,62,4.247718496814749,4.348838481700334
A2OZFHUJOYUVVH,18,3.8755784748792816,3.9788427681999283
A2OZIY67Q6ND06,29,4.008956995886037,4.122631930078236
A2P0CHR2KVAY47,21,1.691125913276315,2.2130413884374596
A2P0FXRQXKOTC0,18,3.9276990097043774,4.287393176737193
A2P0G4L51V99GR,44,3.7750036069235224,4.008771202036136
A2P0HOZFUZM3JK,19,3.853596018401153,4.029926174072708
A2P0I91VFN1JI2,21,4.857662287375846,4.86423930318493
A2P0Y85C896QIB,43,2.8495762991039735,3.144524429366565
A2P1PB0V5U0V97,20,3.3466734747127864,3.6460212325126338
A2P1VYIJ2C4GZ0,23,3.532699468338153,3.772550412525727
A2P2CP4WU0RFQM,25,4.387962789327055,4.434580262706009
A2P2JXU9JEYNV3,32,4.455346713379713,4.524729920105777
A2P2MYNKNWN799,21,4.942109382023775,4.942565444838781
A2P2T9YB3AZBZI,36,4.6565350883659455,4.73171832810473
A2P2YX7CBBLJCX,19,4.7815603835779825,4.79895912391496
A2P3VGXBAFSGA5,15,4.9433681222540775,4.943696033905259
A2P49WD75WHAG5,102,4.272081438006381,4.330868724037862
A2P4W7YS7RKHUN,20,4.563909345594189,4.599681128223096
A2P53J3PA5TH2O,21,3.444512688072149,3.659801759233873
A2P5DZA3DQHQUA,22,4.1739094628615385,4.302351555279428
A2P5FZFT4NW7WI,18,4.626246769157583,4.660934151984743
A2P5HWG1UXUIH3,33,4.854844745284415,4.878321672708654
A2P5O5YKOUSQRX,19,4.888044386199347,4.897644557960494
A2P5WV8GFN1HQO,33,4.969706952146992,4.96987880512018
A2P6QCZWW3H1X6,27,3.872296613109177,4.020728276513706
A2P7DDRHBDNJVC,23,4.033588181613217,4.237010084549706
A2P7K1SPPKXPO4,25,4.826168371022589,4.836522412519658
A2P7Z2C6IS8UIN,40,4.133012307735195,4.234263824469412
A2P8KWORWYXAK7,37,3.8404340788258557,4.051539522171479
A2P8W1ZCW46E2A,12,4.52451583827926,4.547388473054645
A2P922IN7UTEFT,17,1.5283402545026572,2.0077309461389996
A2P94BHNNTB91T,35,4.078392847962621,4.333443741409335
A2P9O2I1QW6RFL,19,3.1228243376865734,3.2785666282754296
A2P9WZT6UCZ9HD,29,4.957400675351645,4.957492767972122
A2PA50XN192XPH,22,4.377722527327131,4.466306566898055
A2PA624DT1CXOS,80,4.4530080433090395,4.494101274214716
A2PA9ACXDNHFID,37,2.8116626796058948,3.1286982955504703
A2PB011LJCG2OK,34,3.877629924453085,3.9988496821347854
A2PB3Z06TOP4UF,23,3.988915160610214,4.144203344542859
A2PBUYQ975Z92A,58,4.951392145359921,4.958262440866603
A2PBV1899CX3TE,117,4.051544821481123,4.115494321248465
A2PC1TB9L48DZF,24,2.9702055909691154,3.3927312006044783
A2PCU98KV5BQA0,29,3.84055697659968,3.965097179957262
A2PCUN81I8YJ9Z,18,3.8547097770926877,4.001017173660697
A2PDAT5MVMN326,21,4.5931847085705675,4.639504014339527
A2PDQCD7G0RQ3E,20,4.9002722124761675,4.90504083300592
A2PDU0O2GKJ5L8,25,4.689046859105628,4.752780504970936
A2PEOMD8JNINSZ,21,3.4581107590183975,3.5873599762180977
A2PF232ZG07XOW,47,3.847987897547859,3.909822729583032
A2PF5SQGKREVWC,19,3.979083970958429,4.08827743370424
A2PF680JPQ1LE7,23,3.78335895722072,3.9461110319245094
A2PG6NNDVE245J,28,4.918752028606824,4.920518070785092
A2PGJP6GV2ZC02,27,3.5759134856117183,3.7456156373169778
A2PGYT2X5N190,21,4.58660896069075,4.643586251783204
A2PI38SNDNI13F,35,4.598491150589188,4.61979556710748
A2PI8WXOZUNSWH,20,3.80528882449993,3.964868768429465
A2PIMG3HBF52NP,14,3.4774098106100646,3.6204850588371174
A2PIX2K56IZZYX,26,3.176354686800643,3.3494995508123386
A2PIZEIPIE1QX1,19,2.9502151481931995,3.1961805885694647
A2PJ0XLO1WHU7C,21,4.832122261201893,4.850171464118841
A2PJFG5U89NJ35,20,4.981475685808345,4.981502020803857
A2PKE927BIZXBO,14,4.490412959806354,4.517850967297403
A2PKJ3VMEK4V9R,24,4.64614625817068,4.663013842407966
A2PKJVEG13UR8J,30,4.936986278444179,4.94069215368644
A2PKYXHNT9F0E9,20,4.204446988373452,4.238057904089476
A2PL4KP6QX65EA,30,3.9809129517882877,4.128631814187783
A2PL5TVNOIQE1W,34,4.335689965095735,4.391572443833279
A2PLF0F130N5N4,22,3.7716042092893973,4.059003783844427
A2PMD2ZQW3K003,96,4.2998113481774425,4.4476732782758015
A2PMQH87R1H3QU,100,3.077391865673607,3.3615804719423994
A2PN1VYDXBI1J4,43,2.489867686257182,2.9558517965412667
A2PN62S0L13TD,23,3.177067804885456,3.625646959393307
A2PN7V4ARCEKO3,19,4.027360501642776,4.360691431624507
A2PN7Z2VTHICL8,84,3.991499630345647,4.08580772221692
A2PNTEDGMOLMOY,163,3.4206864358215787,3.5709711169627227
A2PO0FGZYPO6T2,41,3.884391695428109,4.007938861976926
A2PO6BB2VDMF1T,25,3.060393496597421,3.31523005166367
A2POC948V7UI89,29,3.9011331369300555,3.9091856645100758
A2PODK4L8MEKCA,27,4.226213014575867,4.461360377527858
A2POL079FJTNI,19,3.9641770445297824,4.0665214214024985
A2POLRRZA1XSUJ,16,3.0581223556680035,3.2064173144508805
A2PONOA2YYN7F0,21,4.936543765807481,4.936935785485057
A2POT13FER5L82,20,3.8425667761978617,4.073108815657348
A2PP6MI5WVCNNT,77,3.7665214796003683,3.8263984735630974
A2PQAJDYMZSBXW,36,4.920128285103351,4.9236652897829645
A2PQOXTOVSYM97,33,4.221561835938059,4.365564422316373
A2PQQ5IWXASYVE,19,3.714347228726655,3.9794352153679347
A2PR2GKNE90HTP,19,4.89302301182715,4.8974890559257815
A2PR6NXG0PA3KY,74,3.9161408219259375,4.081809124281994
A2PRVRKFXLHZAW,21,3.6192420037605255,3.949012666633589
A2PSTKMB42IM6T,27,4.958123006963562,4.958254309724183
A2PU0U7D41HGNN,65,4.431100331184608,4.56484901405689
A2PUOBJDETBPQB,25,4.102034641038756,4.22327404946102
A2PUYMR4W89GUY,26,4.23643834681584,4.373387348952687
A2PV6GK1HV54Y9,470,3.2764886815412453,3.5236078067539283
A2PVW85TT5U7MR,48,4.65489892017366,4.662126057060089
A2PWB7XW3MI66U,30,4.920390557159538,4.9218792985599675
A2PWI9BEA4V9VT,29,4.5810076700249684,4.603481112640112
A2PWV7Y7AGT69S,16,3.696615478359389,4.009146315386715
A2PWWYQXKXG2LP,20,4.386690061445427,4.4444876176625225
A2PXHFGJZBNLXB,54,3.7782406075643724,3.8757192282374517
A2PXOGTU89EYVU,21,2.989845637983566,3.14599847311984
A2PXVWLL03U56G,21,3.898805776374021,4.006302192375412
A2PY7WF3OQP3ZH,19,1.9616219314480907,2.2359266702554383
A2PYDYQN5QE6O4,26,4.828001090156072,4.849563454352453
A2PYOVWF2E3FEE,15,2.3247308764212127,2.861870744694334
A2PZ4A3H4ARIXI,14,4.243298916434225,4.329087568427824
A2PZ4R5P0WT7P6,23,4.0168489857224365,4.193064626613604
A2PZIJ28O1TUTK,20,3.888826321299875,4.045360052142948
A2Q0G9MID85IBW,19,3.434608091544111,3.5672752766196316
A2Q0M79FZ77I2R,27,4.785716968357556,4.79798189589867
A2Q13PHEXGR48Q,89,4.058868841607201,4.100007330451461
A2Q1JBAYZBPVEN,84,3.350669939288984,3.6050759257537055
A2Q1PZBYSXV1D,31,4.394345131850692,4.622141841832299
A2Q1QXPAQ0EROZ,24,3.47869469809209,3.7511639629998275
A2Q242EYOXSRYF,19,4.0859808267797915,4.132337118971703
A2Q28S6FZVNJWN,37,4.4748336990348125,4.544557198860334
A2Q2D9OY6IZPWV,22,4.684810327540157,4.726248853965815
A2Q2YJHBYV8T2D,22,3.173023912681878,3.2525839482801446
A2Q38YG9RGI0RW,17,4.977147017087332,4.97717695225851
A2Q3JAF2FM9O4S,23,3.2642091789809076,3.6151022750416577
A2Q420FBJ6UNAO,30,3.543447470851204,3.7051046266552463
A2Q42ON9CEHR4O,53,3.028225963920718,3.2975393702775895
A2Q457CES5ZUZ,42,4.25082777424915,4.335532481691319
A2Q4YU0327F9VU,37,4.6362868635440435,4.684237831996676
A2Q5E452OLGHQZ,25,4.790470976453597,4.811651785291532
A2Q5WWE5LYMX6Z,22,3.4308647452130754,3.5733702223969237
A2Q5Y2EMS6KDWI,65,4.584109847126262,4.622738498394211
A2Q6PN9V5QOM5X,18,3.8068294499933097,4.017678085221627
A2Q7DDB8S64BM5,29,4.085091599712543,4.169152212805
A2Q7Y0UFC9JKQJ,23,4.109146976873031,4.255975088940598
A2Q7YBUV8IPTLW,59,3.416725996491686,3.6706790518931043
A2Q8LNA70NF1TP,97,4.021990956449499,4.173804961857659
A2Q8PI1QVAF8BO,17,3.081664117338675,3.440569108703645
A2Q9961GP0RMBT,35,4.955140051891517,4.955384680763311
A2Q9A0I50T1EDG,21,4.402232391192413,4.45181915527205
A2Q9RIOFDBU76Q,19,4.293108104555262,4.497530760061104
A2QAUMR0V33GC9,21,3.900034442572146,3.997998768298292
A2QAVPY4P8PG92,20,4.420534859925025,4.469835233966872
A2QAWS4YB3V5NP,21,4.361384547994659,4.388123217733652
A2QAZ0PR7TSSLJ,26,2.5667630732251543,2.894207769984993
A2QBNW0FTHH31Y,29,4.922687430130329,4.929138423350933
A2QBPR6O9STPL7,57,4.219323722560232,4.287318791477963
A2QBR0ZMJJCK92,39,4.646175332943378,4.706250802667621
A2QBT1V2NGYVJW,20,4.0852489978726885,4.388557204718175
A2QC9QCGB96UNO,21,4.7147423353412865,4.720963812099264
A2QCV09RS094YU,24,3.8654853295826967,4.03849462708905
A2QD4TPD0K4MOI,39,3.864871916139023,3.967095907186554
A2QDNLP4DYBORX,18,3.65994407739424,3.7425956130959075
A2QDPJRVXL7P4F,21,4.36394652582428,4.488895404854148
A2QDXIDRNI7SCT,23,3.957752931910254,4.103087621513839
A2QEQ9U6OLC53A,18,4.3860814710289,4.52492529538317
A2QEW5BSX4HXOR,26,4.84483512016462,4.862831579408395
A2QEZSN0PPOQY1,37,4.696826614029519,4.727629976393061
A2QFO64UAU5N18,18,3.681325899715234,4.031621605212084
A2QGRE376QBRV5,33,3.6703714972316908,3.814561289769071
A2QGTBATWMGSOP,16,3.5563016026870153,3.743579901476337
A2QGWCKEOJL1I6,33,3.2264293362222807,3.6113910750900833
A2QH5NMHW1KTJ1,51,4.470480518932957,4.52126090650572
A2QHM5HBSIXRL4,158,3.725354631799172,3.8234704220879485
A2QIC03Y5W50S8,26,3.8110069845999806,4.078761016838157
A2QIN4FN4CP8PO,77,4.420424516576015,4.448125057974864
A2QIZDHQIYBCNC,49,4.617381399722408,4.687462889883096
A2QJAMBJL5D6N0,52,2.97204581932719,3.4653839552340293
A2QJP924WOJ1RM,97,4.46660592904758,4.584588865958828
A2QK6CWANYGXTB,36,4.368917987188324,4.50959664461054
A2QKGUX6OKTAV8,22,3.7492117045977054,3.8836439087639993
A2QKIA3FGGVI97,37,4.941181779078617,4.941581893252106
A2QKLOWB4VIWZS,21,3.976760509544794,3.9770205349599794
A2QKU0WN30GCEH,72,4.807876062345706,4.8100486555736115
A2QKXTUGFT7Y0S,30,3.635452850509053,3.781790057467361
A2QL2XJV4NCTTI,45,4.724966414090687,4.746641339466285
A2QLVTBO2ASL9E,31,3.348984154800226,3.5369742982224546
A2QLXTFWE7G4J1,20,4.944861495463988,4.944960063107916
A2QM5MTMB70XBB,26,3.9594480934754364,4.099149267687653
A2QM6ICCAHG9R1,50,3.552257287765341,3.8036488369397468
A2QMNA0ZT6XMRR,20,4.329624378706905,4.44450775297958
A2QN9G6LPS8TQH,20,3.1813398034523193,3.252217933395041
A2QNJARWTF9H89,23,4.216886971265099,4.343997662592116
A2QO25UC5XYJWJ,31,3.1102463689243978,3.440373570343691
A2QO30JCFV6IDU,53,4.9149726393148585,4.920719602472914
A2QQGJWUPNUE40,32,3.008538528218201,3.3427825580734924
A2QQHIY23PL7H3,71,3.977485824140584,4.090070766629833
A2QR035HCPBSLC,17,3.884224954518583,4.048562097709668
A2QR9IXLMIDL5U,28,2.696464715255941,3.302703681026864
A2QROHLDO548E3,40,4.9721326035144005,4.972178786993378
A2QSDFAOO1K4E1,51,4.618828104116557,4.645419320091879
A2QT4YH3MHKWP,37,4.635149777018749,4.690771135758333
A2QTQQPOGY3HGV,43,4.042962834700434,4.151273243692449
A2QTSBRRLU72X6,23,4.622431293902472,4.667731868315438
A2QVGELFE9LL41,21,2.6826751868938454,3.176233343855372
A2QVQB7D93XIPA,37,4.27783183949592,4.364802679192542
A2QWEFSPX33C5L,31,3.8795130631220314,4.0310760975437026
A2QWF2BJ2FM4R2,60,4.13578580211908,4.231969651448815
A2QWHC6G91IDJA,27,4.516913030182941,4.590774201385919
A2QXHGGBOSNNRP,17,3.7448558474395366,3.9228580943925526
A2QXO2X84ZIR0E,40,4.147277366619183,4.258455867257438
A2QYFNV1PYFZNI,16,3.350127693509148,3.6117356373971394
A2QYPJN8UDNCY8,20,4.52151449046174,4.606516105303451
A2QYS97IYMOJCA,21,4.212727777317822,4.323805429622522
A2QZ3SHDKY49JV,26,4.91882695526689,4.919151284129975
A2QZBDTO9F5J06,21,4.5239647415299045,4.549923033271435
A2QZT2DSDLZ5SP,20,4.678227094317992,4.709361153385398
A2QZVW56O4WSBT,22,3.792895316966752,3.8924109475894095
A2R04RVGKGL1Z6,19,4.3027705493079775,4.376058342186805
A2R0P7CPZ9N44C,23,4.198801499856391,4.2604484355079455
A2R164STV36F6C,114,3.7262870992301336,3.872190817134496
A2R18SK8VXIU4Q,28,3.5419837516588513,3.7729210380829725
A2R1FLU33VJR8O,19,4.467889688683132,4.50849111994424
A2R1GFS6P1PC18,26,3.3058636850081906,3.43189965982689
A2R1HAXRNU0QX7,321,3.01206845936923,3.1788079612758606
A2R1R907SMOJHD,28,3.998548655884718,4.210673482375791
A2R1SANNO5MD5R,49,4.519460838762072,4.572554943293521
A2R1YK3THA0RB3,119,3.381641380926925,3.52230867559626
A2R20IPR4Y4VYT,76,3.4169924413123587,3.5231908969570194
A2R3JI8YFCAK90,65,4.6524683259137,4.694596411409917
A2R3T3KUQUN8US,56,3.8934062258761273,4.112646890272864
A2R40C3P3AE0JA,69,3.68080662991247,3.8187249447145746
A2R459LO5P41W4,18,4.04946364576982,4.117163102579762
A2R4S84ZS263JH,29,3.9901380169471437,4.007327355953394
A2R4UR0UT6FIDU,30,4.80587618897284,4.810076077024988
A2R4VFP6NVD4XH,18,3.8631439015172386,3.977265870536269
A2R4XG0L7Z01V8,200,2.750959555690145,2.868419211650312
A2R5KUJ9AWSZJB,27,4.170252492325193,4.249272982708209
A2R5OBDJPV7M6T,18,4.47484574364588,4.510057632896968
A2R60DUF9N2KKK,21,3.0041287703987454,3.2805056449260985
A2R6314LPCFIB8,19,4.745640962203453,4.830576037046746
A2R67QMXJA9GPV,33,3.823652564451191,3.9310319411126042
A2R6BGGIGE3F95,30,3.3565033077786377,3.4353104015353986
A2R6RA8FRBS608,136,4.316721260306039,4.35786695699068
A2R70Z8WQ8BZNB,16,4.0762382810982825,4.209341975107032
A2R7BL5BF4HYSE,27,4.5836013819020005,4.641630968351071
A2R7LS7X0YUQVQ,25,3.9918969389152266,4.113375699283306
A2R8HF0TAWMAY1,25,4.790183062958526,4.811653435886669
A2R8WUL3YZ86JH,30,3.4417508295032766,3.658038621372751
A2R9J5LULVKF6T,22,4.27277010025188,4.386242071385578
A2RAIVTGNO6PQD,21,3.5129873145670936,3.887758051116475
A2RAV8KNJ5PF12,19,4.994919902283011,4.994921226298647
A2RAXNR9IGKVYY,24,4.3364410889929745,4.458476133052607
A2RBE2EXK10ZTA,76,4.052309052360597,4.177268148835555
A2RC58KZZC41QW,52,4.734346747145456,4.7457689455063115
A2RC7DLS5VAD3W,27,4.4120554311822815,4.449644957130704
A2RCEQLQA8TZRJ,28,3.234497310682471,3.4663079925029794
A2RCFHI67GI5PJ,22,3.880666161208231,4.046488155489037
A2RD0HCFOVZJYI,25,4.2648607238382095,4.3519367672362845
A2RDPC14N6ZKF2,24,2.550651981673498,2.8059642769513746
A2RDR5G65D9H84,83,3.7506301629870182,3.9096375571509046
A2RDWABFO3QODV,27,4.973426044231508,4.973524839315378
A2REDULZIBLOTB,23,4.262384202639568,4.3601360500108814
A2REE7QK6XOXOH,94,4.785691537766564,4.806885924163867
A2RF2POHV60QV1,32,3.5926246638487997,3.6376680452563717
A2RFG9LI7JDILS,49,4.106356122534234,4.230988299776248
A2RG6V2HH02U0M,23,4.786935248119725,4.801233415507277
A2RG70T24R5A6P,32,3.0246923967225783,3.2535407581453706
A2RG7JOI3ZYE01,22,3.5621629537837247,3.8731436468122156
A2RG7OPDXVQZU2,39,3.7595652951226306,3.9826700997512305
A2RH7ARWQSUVQV,82,3.9294239715245243,4.074256668405053
A2RHQMV5GD18Z8,117,3.7304068346295756,3.814092308356447
A2RHV42BTJSVON,18,4.689230351034316,4.707337397187486
A2RI2906M3N0N8,31,3.992192661653748,4.090045773987855
A2RI3XBU0E9YAE,18,3.6543871828330805,3.684841755246949
A2RILKTE950ML1,17,4.648659871356218,4.683741993569038
A2RIRJJPGPMM8N,27,3.731701596922314,3.901974251754367
A2RJO8Y1WKQVM7,23,3.9826465882317814,4.0755654199717775
A2RJT770ZA4WQM,24,4.094781761416228,4.17986135817521
A2RJVN59J6ST4J,19,4.596421447454805,4.651059970591924
A2RKI7RPP5CJMG,201,3.117316468547816,3.2272232750616285
A2RLK9KKVGEETZ,62,3.239672324070342,3.2902222622153703
A2RLPCNSPSAQ0,22,4.466783201103861,4.544989533281801
A2RLZ2VD2AT8DL,67,3.1353804363844633,3.3648508010686684
A2RLZPBK2H7H3Q,21,4.726301113883761,4.755513093490948
A2RMBKRBURPSPL,22,4.318880635828205,4.366105540570842
A2RMBNPJXM7DA5,75,4.278460758954162,4.380662836259042
A2RMEYH0D130VZ,17,3.5416269568292873,3.703209106773858
A2RMGXLH0T0BN7,26,4.990041347329621,4.990051639688413
A2RMSH73IB2JB8,108,2.9504860958949757,3.1494976065678664
A2RN2AO4BE6F4K,45,3.4704819017404014,3.6264511960254593
A2RNBUIPU4W59S,23,4.487084407628646,4.514357548095398
A2RNKU9KJHQ2BV,30,4.080673207110371,4.212025155540069
A2RNTG686ZATNP,34,3.597230238594964,3.7509484662333357
A2RNZFN47J8XYW,21,3.6888730403206282,4.066796751852415
A2RO2FSUH6RUK2,38,4.554605748596399,4.604062367921486
A2ROIDQJX460T2,45,3.2200488130287184,3.3798225731841396
A2ROIWPAKIY5BV,21,4.90042740442206,4.902208022742693
A2ROPHAMN3VK9H,17,4.707786020283448,4.751135322204974
A2RP2S43BN0ZB,19,4.2724355153504545,4.3560254001251
A2RQ7VLAK1SHPU,29,4.672056820890348,4.737114401466717
A2RS40WOIRNE9E,20,4.519101227436275,4.608241464702802
A2RSSHEFQD62EY,32,4.572062436747189,4.672636778863979
A2RT3ALS62WES1,93,4.199159542446008,4.256997789015443
A2RT5A15L3F7MS,37,4.528355548171905,4.560680406298941
A2RTWQUGRY0UFZ,23,4.241411129913336,4.365076218812629
A2RU9RVRSPYAA0,18,4.619478836627583,4.7130072762589865
A2RUPMTA3M355B,23,4.5745745329701695,4.601009587386611
A2RV4LH7DDD1V6,19,4.7626152036317,4.790529652542567
A2RVCF21L2NPU5,66,4.664519334260526,4.682545104848609
A2RVER4CFGXQZF,44,3.4891274997110413,3.770471222574822
A2RW7HXNEJ0QTQ,32,3.5129942811541164,3.7082394360805884
A2RWGW6TGUX7E5,20,4.94884073298583,4.953628775615319
A2RWOLSCA26A1E,20,4.874835118646556,4.893819014961535
A2RXH2FZWWNCNA,38,4.678891859697024,4.694028719745021
A2RXX5DX05MFEU,37,2.931384363533243,3.4611058465560043
A2RXXA29NQNQMB,40,4.668100533928246,4.685099663701838
A2RXZ8HIJ8ENOU,43,4.830034953862882,4.8416271171419
A2RY1EPKL77MK2,17,3.374442537374746,3.585428222005426
A2RY64L8YR96MM,18,4.416226021478992,4.492150083050831
A2RYA8HTQ5RFJ0,16,4.4519118271922125,4.517212152802117
A2RYXCJ91AQPS9,26,2.9237748853764547,3.140537394323951
A2RZITVXBQ7QHU,26,3.2723682454396776,3.5667213300499356
A2RZU0KHX6VX8B,42,3.8864702792532535,4.006053049473817
A2RZUV08W74KU3,18,3.0648646172721823,3.4099512838989186
A2RZWCX7IFG56C,19,4.3791880610868255,4.490768942825384
A2S0DU8QTQSKWK,33,3.522747261084302,3.671574646733033
A2S0FCE1GYVKBT,19,4.1920295788902635,4.225234728536438
A2S0Q5U7EDTOG8,25,3.087126332901354,3.357320117274301
A2S166WSCFIFP5,44,3.8812695009061837,3.9880213216365217
A2S17FCUAOEIMY,24,4.496623264433761,4.532230632067574
A2S17FKXAAX1WW,18,4.820023408709964,4.840695415175321
A2S2FQA8XJ3B20,24,4.169419159762101,4.350264321884217
A2S36TJIVV5XIU,42,4.067659119917953,4.1518686853716895
A2S3ALXAUNH9FJ,36,4.697275415710488,4.7190001341097
A2S3GVLZF1BI3L,47,2.778514236837992,3.0503746069994335
A2S3KJ9VOWLKDM,37,4.866996871910863,4.8695041073986784
A2S4T6OLOJZG1X,23,3.1970036831499407,3.3323798641140856
A2S4W26H0ZS5OV,54,3.547359091032032,3.736182679373969
A2S5N90GKXKZF5,44,4.78420137700548,4.810128784511118
A2S5WFKMJEXDV6,20,3.3602363900384544,3.7902469664922793
A2S5XJK8PFYKH9,22,4.243909273206725,4.41548994838467
A2S60IRASI2XBT,19,4.8986182607223325,4.90252213281527
A2S6ZVYAK8YTY4,20,3.127516108626893,3.3748798830070843
A2S74DNYVVYEZY,30,3.599672309574683,3.7263060058336763
A2S9044V71H6IS,37,3.034846361220309,3.3545651696374867
A2S99NZJ617VJ9,17,3.579378821008388,3.7549559223762246
A2S9N5L5RB2PGS,19,2.805139217260282,3.2176311850632278
A2SAB2Z5IMWDKA,34,4.067962126154526,4.2276478238885264
A2SACTIFMC5DXO,17,4.66767189096128,4.686823705079947
A2SAKQ7M1KSBQ,20,4.869535268842506,4.876156751171677
A2SAMNX6TYNFDA,17,4.455258136927791,4.482788819357901
A2SATJUL36PAQM,20,4.160240053231935,4.275733328491922
A2SAZRTS9YI2GY,19,4.669124081557958,4.739372076865351
A2SBCZAZYNV6KA,19,4.000586700169852,4.133419166924284
A2SBGTE825H1N3,15,3.7779469914153356,4.045026521517007
A2SBN6GCTPZEQG,17,4.014690912868378,4.243782623357909
A2SBZN71L4M2TK,22,3.6137020559188686,3.9416128755022495
A2SCT1OAQIHGYB,19,4.6529844288620295,4.687171405771301
A2SDAHS8Z0JPF5,110,2.8663520036838257,3.2929524453430714
A2SEGZ0CDVSJJK,19,3.823112898709071,3.881978937674941
A2SFR19DQEAHVK,23,4.981467038997092,4.981509441989208
A2SFUXVK5RP8VE,63,4.947108663704731,4.947559569869797
A2SGR7LE899LGG,66,3.324264324833392,3.546673284010301
A2SH17ZKPJNI76,25,3.9121903056769236,4.059221047348792
A2SH3B078WBQJR,47,3.711958911600948,4.060478256230158
A2SH8MLNEB1SKC,28,3.469235797155887,3.5735331121985063
A2SIDJNK4BBWKJ,26,4.250807972325128,4.433733575524158
A2SING6A22SLW2,55,3.9769357753235086,4.16557034011526
A2SJ7L8QB52WDW,22,3.9685948103558406,4.247399891782757
A2SJA970FO024V,59,1.5353213241308383,1.7355984061002068
A2SJOZ1ZRBCXYS,32,3.707076145708887,3.9621343343990114
A2SJZ6WLXI7B3T,22,4.243202203724021,4.391724488802903
A2SJZ88PPGCIYU,18,4.145944751381521,4.225920322258972
A2SKEQT0WTB954,15,3.6498061790496825,4.009543391026937
A2SKOSVR39YPJ9,19,3.282644848157774,3.6706104544937554
A2SLA0SXRQV8M0,92,3.5642153676143398,3.73636207656019
A2SLCIX957TVWD,22,4.754821028017942,4.801095499997123
A2SLM5PQCKFC0Z,17,4.027115452110612,4.230268605511495
A2SLWXD4HT0CT,21,3.9326947667960157,4.11392049273036
A2SLZPQI9WR10P,16,4.351407117936471,4.4712991133521305
A2SM4OZXOEMTV1,26,3.9361727346491913,4.062214723297807
A2SMHGK3440OIU,21,4.994401027792443,4.994404753487514
A2SMHS0XEDPQOH,27,3.907386962180139,4.212325362931673
A2SNLNE0PCB7BC,26,4.463643580388797,4.530891866577476
A2SNYK7O4PLNG1,19,3.345758448848771,3.7297197056997957
A2SO4XZK4UKBS4,43,4.011121149128377,4.104961160010914
A2SOCTTQ441CVB,17,4.043283579688332,4.120807937151586
A2SOI5JJ0ZUMP7,28,4.670015654137886,4.688686089739542
A2SONGAOEVAR5I,20,4.952724409714036,4.953942673799806
A2SOOLQ1YRNPC0,36,4.038938649927248,4.275692275840126
A2SP09XRUSQ9XC,23,4.524537416958678,4.531938197746565
A2SP0JYHJEN7SV,65,4.55701145611523,4.673983941219784
A2SP52NH44LRDS,113,3.1634594884433977,3.555945457175594
A2SPHTIPK9IKDQ,15,3.708376608618757,4.021198913259612
A2SPYTCUM93BPO,19,4.675292248481104,4.698539961397399
A2SQJPUCZNHMZE,123,4.417185029698379,4.449176973103762
A2SRCC2IBHOMNT,24,3.636091172087172,3.7688279617967058
A2SRJMCF3FFUKA,20,4.430609476326984,4.50226202851389
A2SRREZINACU5P,24,4.332556249948644,4.425898581880121
A2SRZQU1SZG4RR,46,4.716425735748818,4.737048424217778
A2SSDK58RJZJSS,36,3.647022313535397,3.870924833339475
A2SSWMJKNZLSPY,21,3.6941930671956773,4.061682483473952
A2STAUT07F8VRR,16,4.304541906024649,4.396254887300183
A2STYST76DOC63,18,4.86293804215801,4.872886600588588
A2SUX1IVNH0KAE,22,4.484828218259022,4.572415514588539
A2SVJWQVC7ZDMT,19,3.512138832184496,3.845836458275523
A2SW560X584UEF,23,3.3145308785776852,3.611149844846844
A2SWNX7PJILS35,29,3.556652141015601,3.72692849376187
A2SWRRNVKLMU8P,46,2.6336620519476375,3.158999116678726
A2SWY5F2KLY3OB,43,4.589268022335893,4.621523510567082
A2SX0AP507CQ1Z,53,3.9265843808781007,4.028903326350159
A2SX36HBYDFM6L,45,4.558854314068223,4.6107646102739865
A2SXE56X3O3C89,41,4.5159660424926145,4.55421705415695
A2SXGU7L6VLJ5P,30,3.274538659287591,3.545566782192375
A2SXP3XXTBBELR,25,2.8868826586642076,3.0868333514687003
A2SZ4Q10WWZZO7,20,3.592690856664949,3.7201428814955775
A2SZ5LGEQ6363R,22,4.608686375206835,4.686744610929996
A2SZX0WUOB80F7,18,4.29769637473494,4.338019175677228
A2T049UQONS0OY,95,3.2699987797131054,3.3819295868474604
A2T05OQ5STEGDZ,27,3.7984801820352208,3.9634409008995584
A2T06V2Y2G70ZW,19,3.901499987814659,4.036095175660027
A2T0OIW4NVAE6H,28,4.156006876189002,4.190392679326175
A2T1FS3VRHL0GB,21,2.644542650809482,3.0652392724810795
A2T1HTIZSG8F95,23,4.628740679489617,4.689421408152609
A2T1LOAYAIK4QX,24,4.309840362584888,4.3679405208451465
A2T1S6CT0W0VF7,20,3.146990241705699,3.715731434112362
A2T2A4YSJ9YWV4,36,4.6747756296654535,4.720455896517695
A2T2E6SJ8R0ZGO,39,4.592387430827986,4.746469951556873
A2T2MYZEB81NOQ,30,3.995158455934276,4.091369203189054
A2T2OVNIRFWS4R,34,3.6251016650941015,3.8829451001900743
A2T2PJ8BWUO7D,26,4.9434188405055135,4.943803083095967
A2T3HWMCRE3X2L,24,4.529349758048158,4.6021062024632124
A2T3TTPUIGT7BT,136,2.7501267452426563,3.0576806183888885
A2T46DZ02BDK58,17,3.866974305591354,4.130053996887078
A2T4EW4DKJQP18,59,4.255729984424554,4.3720510324016315
A2T4MHPAV4HVLZ,37,4.071959799803593,4.30828730470129
A2T5FFATKEQQEV,33,4.139918242810683,4.3956168708338295
A2T5SM6R7R7V4,19,3.28459373384627,3.416747165617427
A2T6T8JBP9DVCG,49,4.782917713476632,4.791654454482883
A2T6UC3BRHS92M,19,4.9674393578502185,4.967569869173743
A2T74RP19O2K4Q,18,2.476065125875479,2.652390631532798
A2T7TZBOTP68C7,116,3.74894666791222,3.8848737957514285
A2T8QLKOYBPCOL,31,3.8601634155641387,4.060572540171425
A2T8T9900546PX,33,4.323635713392211,4.432174912749054
A2T8UOH3KMI9H8,23,3.6984001945248592,3.8256806177025413
A2T90T8D5YXD0G,20,4.042650685375675,4.0679405527733685
A2T96O1V0NI7LJ,25,4.537249861833174,4.555248878838086
A2TA5Q3W87GP78,65,4.07242728987234,4.177426749919008
A2TAAFL2CH550H,52,4.7250608917641115,4.758456891173952
A2TAPL67U2A5HM,84,3.4895973638428113,3.6597741858727986
A2TAV6XYP1UB4P,39,3.200728856169684,3.435604243793749
A2TAZD2D4EBUAV,33,4.95605876350311,4.95896425371446
A2TBL9T8PA1RDH,21,4.661362669334251,4.715426807443956
A2TCSSXBEZ9EY6,24,3.462187089942189,3.648751374558089
A2TCSW7PISG1KN,19,4.46288160585908,4.52484030176778
A2TCUPKNL6DQRQ,25,4.349986767719718,4.536187576253336
A2TCV69SWVHCX7,33,3.698538696306287,3.8211410040304465
A2TDK8D4HEMUYW,47,3.2639372225828827,3.536661715891783
A2TE1FNF0OBZB2,22,3.179908621978333,3.520532786486488
A2TE32FQVDH39,21,4.802918872709282,4.821419468629966
A2TEOWE9AP0NUS,20,3.3711678938168044,3.5898909119604254
A2TF8TBN4A42FN,22,4.1183897863306695,4.155687345740179
A2TF9VYCDOU0HK,25,4.472904454190046,4.589596305900723
A2TFWWCX4O34GS,25,4.44865567870387,4.5551398783211825
A2TH10DN74YHDB,28,4.406906733809068,4.499071648760689
A2THFZF15XS6JS,19,3.8413849163731792,4.140285351081446
A2THQCHKR89E16,31,4.836386601479846,4.8409853406216765
A2TI0M2FV550PX,24,4.0544496136695845,4.374626362926562
A2TI1C81HDRQEP,30,3.9351955347289507,4.047286374299735
A2TJUMYVZI8WEE,22,4.292004227076011,4.399871375668048
A2TK4VNJTH4DWN,46,4.773549188087523,4.786620211166046
A2TK7AQZM94K2Y,19,3.6657495121805166,3.6927391967333807
A2TKCENB2SPK4T,20,4.846846048113301,4.856055925058845
A2TKF5QGS0QZR4,28,3.641453060036091,3.873786334839872
A2TKH60CAJ9HJS,43,3.8808894869388353,3.960108240658591
A2TLZ30KGLBTS8,24,4.868718693107132,4.905372389338449
A2TLZM2Y3581HU,29,2.9707236523402303,3.1747932722864367
A2TM0K7HUH7SLC,39,4.797819502344615,4.842289258779423
A2TM9WEZ2CIXH2,30,4.711817016762129,4.7363162017755895
A2TNP01MYBUL0K,30,4.049716435240353,4.256764766127942
A2TOB0A7O27LEO,17,4.318278582547202,4.454537258217615
A2TOHYW5T4MASP,21,4.926942649840892,4.931630017251394
A2TON0Y454P0NG,21,4.008997338861014,4.1332895110004335
A2TOX3E4WZ8BSQ,26,4.0687424238447,4.2123502147532035
A2TP5VRSHYUH9C,36,3.9223401417551704,4.0627857545503
A2TPITRPWVWXDO,21,4.984114093609399,4.984173113537828
A2TQ74HD0OYZE0,23,4.92757022140753,4.928244004171877
A2TQ85GSREOR58,60,4.216670964362017,4.309156382275199
A2TQST4IPVA0EC,16,4.538390898111116,4.576746386536992
A2TRD5SQ4DRCLD,25,4.900068672237435,4.907577794743761
A2TRDBTC8AF943,34,4.85152006813948,4.868812040574222
A2TRNDW5FHKLAS,36,4.750650750542722,4.791002401816261
A2TRR8VUVHWTM1,146,3.395805716846011,3.726200253918139
A2TRWOYLGTZU0Z,27,3.950981905093816,4.026367714958908
A2TRYG5M981MG8,33,4.728627473554076,4.743515624920621
A2TSCWHLK37GG9,19,4.2475253079683,4.365502646887346
A2TSDETXQRK48V,25,4.3155994966818465,4.360944305182107
A2TSZE3G4ASBGR,17,3.9385650809577917,4.096057197634247
A2TSZT54CZAKCO,19,4.241320324055738,4.311381170631809
A2TT2O1DZZROD8,25,4.636139345041905,4.6668005938226385
A2TT5M5X79WW8J,29,4.942960729008138,4.943663464048854
A2TTS8E78FJOB,25,2.7441031700612437,3.044796326754429
A2TUA4VWCMNXI,37,4.23913957124262,4.438384872679113
A2TUCHY5A0XBQK,17,3.8492919751014902,4.11696312170639
A2TUFO9CPDZTMX,19,3.6569108213078945,3.9252276323054844
A2TUKR59USCPDY,40,4.826057142813576,4.839167160280956
A2TV03ELEWRXAL,43,4.973033844170412,4.973083234841913
A2TV6SBCWT7P8S,23,4.232717712634186,4.329146799413784
A2TW86MK3KHGZ1,24,3.6941775187363337,3.8562451362694827
A2TWIZ33KJCQ54,39,4.439842506017584,4.4813853253640055
A2TX01GMOIBXPF,36,3.535695162474772,3.832968693707354
A2TXA58UT6ICFR,35,3.7153639793017117,3.9891623034819865
A2TXH9QKLD4ZVX,68,3.268812822218125,3.421539866851768
A2TXR85WQLE32N,258,3.820109122754841,3.9258424269488463
A2TY359PR45ATP,90,4.0614969126683755,4.180803148641403
A2TY62OGGUW19K,19,3.3224954929278248,3.485518283524553
A2TYAL88IXRSEV,17,3.9192230728664055,4.160225682207828
A2TZ9Z1084KFXV,23,4.041455567647193,4.135726850859616
A2TZKXU6Q0EDNP,47,2.716900991050337,3.1486648943313935
A2TZOW8AZELFS8,29,4.953021935864446,4.953183727931138
A2TZVP121HIK0I,18,3.825496946180011,4.026767692007246
A2U0ABMZK6XBVF,27,3.9836558305316006,4.08271860914262
A2U0QAHUCW6ZGZ,41,3.825181324800415,3.946746778857363
A2U0WL1D6SRTO3,20,4.685824326283236,4.70401567778334
A2U1M5DOGULIQA,36,4.032350531187862,4.211834397757669
A2U1NVJ8MQ13JC,23,4.459462317034242,4.537931376141749
A2U1Q9ZA02Z4L4,46,3.850921633179954,3.9508995721878737
A2U1SWUB5HDQ5J,30,3.8123173089760045,3.8841052855981295
A2U1XW73HOCVID,34,3.6047229093814415,3.7805673150377235
A2U25JT0CY1CHN,32,3.22591570718044,3.4159930997360606
A2U29XC3RHCBZF,23,4.696558692456312,4.723782269281306
A2U36J1U6HTQ9Z,20,2.791704493837315,2.9762857904557922
A2U3AC9RC8NDEI,21,4.832725884533823,4.844602395584379
A2U3SD3QOT04GF,20,3.9165353872675497,4.065423760617963
A2U3UE1M10HD7L,27,4.921993899901834,4.922403127598322
A2U3Y3V8MVWQVM,100,3.2742071548397824,3.617687182440639
A2U4M72CSWCF8X,19,4.38090724709641,4.429169292085328
A2U59EOYJAH0QF,29,4.976445030190816,4.97655835240291
A2U61O0KWJH3MM,52,3.7426837419437384,3.821112387240138
A2U6SFZY425T0T,52,4.170661816150806,4.286370106189332
A2U71G51N2M8P8,21,4.17011489295963,4.2442965853021075
A2U7AE0MU03YMK,31,4.493572016859855,4.513717113929798
A2U7BJ7B165QN3,26,4.422767536457726,4.522684682725035
A2U80IPZXN5V1U,48,3.844104339992985,3.97197170927194
A2U83VDVJMAB2U,25,2.1397131023052136,2.555579288758675
A2U8YAAUWYXRVG,32,3.4973059398502753,3.665245642946275
A2U8Z6RDNSJGFQ,28,4.275873465557573,4.359217709810009
A2U9CZN6NSOWZX,23,3.001509412468206,3.3198581214800797
A2U9PBF79GQN6K,45,4.701730117032473,4.726072020514398
A2UAFI1CE7PDT8,35,3.7380171795498653,3.85733211740699
A2UARN6SFPQBFP,22,3.7511155352849785,3.7861742969545955
A2UASTRVOUXOYK,19,4.640552054525756,4.690816213649224
A2UBSGFCP2QFNV,100,3.8675580982726614,3.9341254818663325
A2UBTMZRMMIVKB,23,4.391419556140057,4.513003535150101
A2UCAJZAN8WTQ0,24,4.305749099041846,4.398436886089733
A2UCSK35ESVS35,20,4.8531665133520985,4.86081050800062
A2UCW32I8QPJ51,21,4.545448592618861,4.579014571546188
A2UD8A6JDZ8L4M,20,3.1392141000085703,3.3559268731649468
A2UDGB5BTYY51,25,3.785000877660483,3.9287329889200233
A2UDM58AXW7O3V,16,4.140674785737253,4.286949934423883
A2UE2CLP2I906B,19,4.996633087837297,4.996644202426361
A2UEZIWTVVY2HP,52,2.927582949973188,3.2208179281782017
A2UF1FJQ4Y5L81,20,4.761276778270292,4.777860584231442
A2UFVVEQJKF4J3,22,4.454415791568408,4.533107725431775
A2UG06VJA25TBE,46,4.66162323425382,4.666028305491225
A2UGMSO106SKC6,88,4.4496418340875215,4.537344341691753
A2UGNCUU6VL0GU,35,2.9482445361486893,3.0922884100161503
A2UGVZFKH8O5X4,21,3.906030983622069,3.972943752457165
A2UHP3WO70I2AQ,32,4.725996500488646,4.783464865225907
A2UI2GW70Q8EXA,22,4.516342594575671,4.573729444864522
A2UI4BWOPA3JN8,20,4.70728747508359,4.786435669882562
A2UIFACS5MJH1N,21,4.41424394643112,4.468586564280545
A2UIJNYU20SKLU,46,3.688161951145713,4.0684090213165485
A2UIJZ47F9MNLZ,40,3.9099723541850606,4.0664738798496955
A2UJ5FE73HF111,23,2.1079314106944493,2.724817070676385
A2UJVUFR9DXVNM,48,4.244005524691942,4.322530446180261
A2UK1MA12F7JX2,32,4.35133223086985,4.550717663883348
A2UKC1X32PBQZ9,83,4.62221494695896,4.659277174109799
A2UKC6QFG9L5GV,53,4.146414264597125,4.222430902927625
A2UL0A8GJB4318,38,4.005794684844662,4.080545185037457
A2ULI9R0G9FUGK,33,4.96162247437237,4.961783983155327
A2ULLRA65G8GPY,17,4.771872297815244,4.781188779628611
A2ULQD5SD7NUXE,39,4.8581130446638845,4.862030606709735
A2ULSA0IRUE09E,67,3.5055284734573147,3.7105958948063935
A2UM3DCHK7O98Z,24,4.9487904993866225,4.949010143640172
A2UM4VBPFMHZL9,33,4.63488613187513,4.670569913004802
A2UN5UY8Q6YMOF,35,2.789989920214277,2.963268528838966
A2UNCN076KKBEI,19,4.826852602538219,4.840797872526877
A2UNMM0URPWG01,19,4.095958390607276,4.208621250170729
A2UNMXBJSVIXFB,54,4.161205389621897,4.191846592018282
A2UO040HWOP0C2,21,4.466994629735864,4.503859956133947
A2UO0MN92AQ4L3,39,3.996635841921185,4.06142308093061
A2UOC72D4FDJYI,19,4.096567579928057,4.208948864987081
A2UOLBK1AD31O4,73,4.036630113339133,4.188726771462165
A2UOY8UC1GWGK4,24,4.86863020665312,4.884511834020388
A2UPKPG5OBNCAZ,23,3.531692460932585,3.881936054317657
A2UQA8J9YBI0SB,18,4.412641529838691,4.495334395086226
A2UQDLIUM5EMMB,28,4.93744867181261,4.94136942994204
A2UQF0BCL4I75O,25,3.492979398669419,3.6459068394708214
A2UQIIJ2CD8REE,166,4.142842300491047,4.211333922740762
A2UQJK29MKIPGM,63,2.8672381588850486,3.393688993305379
A2UQR7HJIJSXZT,25,4.300220621780727,4.4334412024907195
A2UR9I3QSTN4G3,25,4.6433579876018545,4.681001437721884
A2URGPSHXKYZ0K,24,4.60416749224179,4.656170892042783
A2URWIKF53JJ1Y,37,2.681670194551295,2.9913569160030904
A2US2CJAWM121C,22,2.842152402186271,3.2935908996595424
A2USEC64V9JH9X,29,4.117878234459195,4.229681275812001
A2USVBMAB7GRKI,45,4.800147965605865,4.816361864091535
A2UT49F6PPMWEV,21,4.673659336399293,4.71111828482535
A2UTZ7HH4UKDZW,28,4.81017716192748,4.825235140702658
A2UU4GAHNK0Y38,20,4.935867920744666,4.936297805057323
A2UU53PB2KTO4T,20,4.144622856159915,4.247933959173376
A2UUP58XPQW3GF,90,3.3810480444007203,3.470672708753552
A2UUWETDYA2EKV,25,4.461126720472498,4.5395288953338175
A2UUYORVIZ00UH,30,4.1035867409382325,4.25028136884346
A2UV8NASPTNGLX,40,4.834920360728531,4.836935963201308
A2UVJB0OW7CINQ,23,4.756321956980877,4.773442382950627
A2UW83R0JOZZ6,53,3.624395755703277,3.7824682882077907
A2UWAMILXW2PR3,18,4.717852740629252,4.762794296114906
A2UWDN35C05EZH,34,3.7352701112686284,3.9820239215452875
A2UWGU5STQ511Z,34,4.4487810651099995,4.539430454424039
A2UX5ABICURKL5,49,4.725835222902208,4.752225242244557
A2UXDOS0WFZCWQ,30,3.5247223073001552,3.596397706905426
A2UXMWJIWV3AZ8,25,4.575187795099654,4.662137527111131
A2UYAFQ40U2PHS,166,3.381075567784843,3.6643775423534253
A2UYH8KEATJT62,21,4.906741090994792,4.911111156717437
A2UZBTV097YBZZ,24,3.5756623464251085,3.734496158266974
A2UZGB863E3TQ6,22,4.2395371667061825,4.2960921583994045
A2UZK1T3XNVYB7,47,4.536710004602018,4.56367275090998
A2UZXDUFQV52FR,18,3.303897588792736,3.609397846182467
A2UZXI8O5H2D94,25,2.6766912716686386,3.1809001306912266
A2V0PPRXSPPRS6,21,4.566995096265269,4.593058406414569
A2V0V7VVM9CT0Z,13,2.0749469222961325,2.523460664343834
A2V0YBZ3X61VRP,28,4.663293627174802,4.703443360146856
A2V1B6LNIB1WKJ,37,3.8731500326488644,3.9173037686754184
A2V1TBOFMNYBV8,20,4.149553677379116,4.214925082695098
A2V23LU1CRESIH,20,4.595834904958782,4.651368364865708
A2V29IO9JQQF5P,34,3.4978180339397547,3.7463196130276466
A2V2IS9ZQH8P74,25,4.069609911449933,4.143190079594642
A2V2XRUGEYYCGG,23,4.028799177970327,4.308260215568126
A2V2YOZOQWHUVG,24,4.182152491400994,4.2407406483212995
A2V2ZSTXQVQGE5,36,4.921783246829836,4.9221657477811025
A2V3P1XE33NYC3,128,3.846508920322739,3.964903589810666
A2V3THN58CDZLC,28,3.61201322948568,3.894896968397774
A2V3VOLGQ2JDK3,22,4.085573440441366,4.146525310059841
A2V3Z7F6HJ5KBD,19,4.70276095004598,4.74522983152599
A2V4S50RMRSJVV,19,4.23794508002277,4.312646972439704
A2V5R832QCSOMX,20,4.449896701352374,4.485991506521869
A2V5S6G5HVL82N,22,4.96551555893081,4.9662884678610775
A2V8M45MBESG5U,37,4.401337068213069,4.432052543615195
A2V94L0FTSUCMF,59,4.7922651855987475,4.834260088650658
A2V96RCR50BDON,24,4.920199663205035,4.921500920854561
A2V9RK4524HNLJ,51,4.673049196829398,4.698664686267859
A2VA3O55WCSFGL,21,4.120810021790215,4.188466664172872
A2VAFZM17RTQ4V,18,3.9797907617099306,4.139188171268099
A2VAMODP8M77NG,22,4.39317320662355,4.5693573353943036
A2VBZ82XPBU0XK,25,4.586840569990762,4.617605907760125
A2VCW1OQD4GHC,65,4.817088508533089,4.8248365824301285
A2VD2D1QHCMF9Q,44,2.544024706295335,2.957433267852871
A2VDBV4GWZ42DU,22,4.472235330577704,4.560583600271984
A2VDSIII404UTO,29,3.8414380189081894,4.024063452913426
A2VE83MZF98ITY,49,4.651850591605335,4.677923994385623
A2VEB9Z1W5DD4C,19,3.550631615584247,3.7993964688573656
A2VEN8YP5JGGGQ,20,4.4262999154888645,4.537791760064922
A2VF25F0XZHXMW,16,3.601582172526061,3.8082300762997443
A2VFIOS5CQD4U7,29,4.276589570198974,4.388150845515421
A2VFK53ICBGTS,46,3.8963522418691947,4.113343102376238
A2VFN33XFSDW9C,57,3.8083819033304476,3.887580288118503
A2VFP4KVODGYU7,19,4.851020713472111,4.851786660334658
A2VFXOYDGLMZNF,20,3.5167619884339594,3.717878097531278
A2VFZP8OJ0QW27,30,4.483816037141728,4.5250335918050375
A2VG8XM4TJQCOS,19,4.6521007129603635,4.671223423877105
A2VGEPVBTMPUDU,27,4.493484234036705,4.598556297984341
A2VGFAI0HQRATS,26,4.737318677730164,4.763126220474166
A2VGG4I489Z220,24,4.965337351574958,4.965408730799604
A2VGKGXSG81KAS,22,3.66366766376804,3.8848861149499783
A2VGS4F6A5UNE8,24,4.017346530023402,4.2034945370913555
A2VGV2WOEPDPRW,20,4.256555518140649,4.4501117436606075
A2VGWUVEQJRKXM,23,4.831688547842854,4.843263692120027
A2VH5A0PFAEW2U,28,4.918301835843354,4.932226137609321
A2VIYWHQAD2SUZ,21,4.918639461576015,4.91930697744302
A2VJ5ALN1BIV3B,19,4.57406344381177,4.6161192444435475
A2VJ80PM1G00QV,242,3.46189121158799,3.6003746843526563
A2VJJS14W9J9AV,19,3.137867060137134,3.382893555355204
A2VJLXWCSF2CG5,24,4.402026876451612,4.516781341686836
A2VJPX6PLTYW71,21,4.505308946602742,4.565398986424341
A2VK365XEVCYC8,17,4.639703962999024,4.6726943893516415
A2VK81JZFXYMVY,29,3.995366572353768,4.026947787306262
A2VKBENU2H4VN,48,4.721200864566224,4.74717439145381
A2VKCMFH9YS10W,26,3.6722324579968535,3.8728776843247643
A2VKGYDSD1ZG0W,19,4.059179673136032,4.083344517120884
A2VLPVS1U297KR,18,4.539798821359785,4.561578104124112
A2VMT89TCSF105,95,2.985326557252119,3.304733221465263
A2VMYVWZKKG91Q,23,4.094155601344232,4.2437454759582245
A2VNAGUP6GD6ZW,30,4.269790495697463,4.314106442891447
A2VNHNS58QI0NO,68,4.391988711464395,4.437164865665205
A2VNLBMJK7DH5T,21,4.593282535406429,4.714215250965196
A2VNLHVUZ7NLY9,26,4.972387379003544,4.9725125924764955
A2VNR52DK28YRV,21,4.42100614334598,4.490654026547192
A2VOAXX4IZBNMV,18,3.8199506885681007,4.049039446273179
A2VODABWSVHV8E,32,4.989842700992249,4.9898586803816825
A2VOHS4A7H2F66,19,4.471675140730551,4.572872456873354
A2VOI85H5S0OH6,21,4.325571680735065,4.451953518157506
A2VP7BXPBQGP8K,20,4.055422408767734,4.1641762462955505
A2VP7JOT3K7PFM,80,4.3802260048770805,4.445968668544511
A2VPEDJQCOQM9D,29,4.5914712225726815,4.645351783313018
A2VPSHOKIKSLJY,28,3.770623213798354,3.8364453950452173
A2VPSIZ4K6A5EV,15,3.692515938028265,3.7943268977129163
A2VQJB8O01B1MX,19,4.631562028686906,4.667903107297438
A2VQYSP2CL0N6Y,27,3.407225807207163,3.704349717055399
A2VR60EKCYOZD0,22,4.262951831832567,4.369232511828749
A2VRUXOY2MEHYD,22,3.5288340242938045,3.8050877366332947
A2VS9HU42SW98L,73,4.2284757097106995,4.347421863600084
A2VSZ4E3OZV18L,19,3.330720632049947,3.424321179596677
A2VTU09PDHAETB,36,4.263165843194524,4.379560663332721
A2VUDEZFABPHRC,26,4.793362269703389,4.801477018968189
A2VUEWRN1LMZ0S,24,3.9326303753468643,4.100006016690566
A2VUP5US1F5HG5,48,3.33796567856445,3.5188608489575754
A2VV2MISGXFY1O,23,3.686138842082869,3.8496497422976375
A2VVXEKLRJ28TP,18,3.540600148587668,3.7608561596108587
A2VVZI7G48I0M,36,4.9667039517299525,4.966751483206489
A2VWAOHAJ70Q1B,28,2.344701052058404,3.0521545200827216
A2VWTPJG87SAU1,41,4.739667023800087,4.792757180214605
A2VXDFLKNCQK2G,19,3.9754442302627186,4.093714768816032
A2VZF7NYRIP1HL,26,3.6050434168466134,3.749441562404196
A2VZIH75IMKB5L,34,2.105323956098484,2.7696251627438264
A2W00XKTTF1G0Z,177,3.3258817283784516,3.5237584253486034
A2W09HQ7TJAHYV,19,4.641276731439197,4.697633396060306
A2W24IV2A3GSFH,22,3.8090765728146194,4.03582518916856
A2W2G1982LPMXK,20,3.381538265589112,3.906006752034894
A2W2ODLRQ2L8LE,68,3.5025464072054002,3.568797418469911
A2W2S6HV9UJ5L6,17,3.8855091991861364,4.00011743123278
A2W34G5XYDFJWP,24,4.934702566412543,4.9350163163989995
A2W39GGRWSFU7K,32,3.6470677029286893,3.7570204687609827
A2W3HLHIA9UP4D,40,2.9250607166096114,3.0340301257801645
A2W3KOTHFGVNMT,31,2.648349476633075,3.02266192316957
A2W3QKJD8WVWOP,25,3.9544415137661963,4.213691900204437
A2W4UPPE8RUT6Z,22,4.436752472556746,4.494118834252932
A2W5CVM67DRKVN,26,4.379644002477345,4.499151337769418
A2W5F8CRQWDW4,33,3.7639946300966325,3.78996938378356
A2W655C6EVWLZ2,24,4.547146426271312,4.684859876635121
A2W678UXFMTSK6,19,3.8315691976423687,4.130813252151457
A2W6CBOZZK4GAO,27,4.870161719587906,4.875345695389686
A2W6SI073FIRMA,16,3.800564752698045,3.9021506925131653
A2W6ZC7Z2XLUWF,35,3.5653607047833624,3.730715641749893
A2W780OYTYTFYY,41,2.9980113496615775,3.3310673521637697
A2W7GQG04QCEVT,17,3.8952190351815226,3.9585566612603174
A2W7XAG8QPUTRM,21,3.844028346637609,4.192286039093155
A2W8C6B03IYGDA,115,4.288422866424134,4.381984985491539
A2W8GURWX2CGQ6,41,4.264728344615707,4.3984306860626905
A2W8ICHTX12ST5,35,3.894038623123232,4.012067382348258
A2W8V9V419TLCA,22,3.243293871849251,3.463952700431919
A2W8YK60YUDJ4V,16,4.6626476704901805,4.688036044569151
A2W9I628I6SE1U,15,4.024722635080311,4.081613453973495
A2W9J1ZCL5N1ZB,50,3.14731612312347,3.4043001851111656
A2W9Q5SWBRHSLM,22,4.897411931782919,4.906057341889726
A2WAVUL6GHWJAY,21,4.809080813341424,4.850862938984278
A2WB4OWBUH2VQX,44,3.839869983604274,4.022093224372141
A2WBCBY01YBPPW,19,4.989803121246971,4.989821510547214
A2WBIYF9UZQQ3M,38,4.88421071222733,4.886421697880698
A2WCQTBTIKLFPT,32,3.1921184572054497,3.307253715852396
A2WCRX5OQM6FED,55,3.2146297050857275,3.3611025872906315
A2WD487DM2UDPE,30,4.759436040412741,4.790485273902898
A2WDLHW4169N03,26,4.52185571857497,4.5528943178802725
A2WDMII0ZK0O5X,30,4.587068774028806,4.625290161147749
A2WDSO1DQZ7J03,19,3.7071666541661434,3.846407524524091
A2WE24HCTKKM4X,76,3.505742460526618,3.859829332177295
A2WE94927YC3KI,43,3.896843250175101,3.9934587025676405
A2WEGRHD0XQAFE,20,4.536551484694815,4.694860223156905
A2WFY5XE1T8UT,24,2.7879033390836185,2.905385132214396
A2WGQC991DXBEA,27,3.0327202572573047,3.54237272576331
A2WH2KNI6X99F3,31,3.5376968069542216,3.6250803531653677
A2WHIOFD4MA9LT,32,4.34748738865476,4.373290200421834
A2WHV0YLBOK0I0,22,4.234018787328991,4.280295379238578
A2WHVAVATUFFSS,29,3.682226120888396,3.846180386701524
A2WIW5QEA5PIIC,36,4.4649118519345965,4.511488092079975
A2WK3Z5CSYYYM0,19,4.963644478525119,4.9638206637234665
A2WK9XKAYYSMNA,19,4.826444266958963,4.840438991886989
A2WKFESMEWS7V,20,4.8558701739311205,4.857748852036358
A2WKQYPB1RIRB5,18,4.091747909783656,4.248997763475324
A2WL02ENWFU9PM,20,3.8395776096720082,4.029922211512043
A2WL1Q04KRB2HL,41,3.6924653034419475,3.85690734818747
A2WL9Z6FYNW8X7,50,4.632824383202442,4.68940598994888
A2WLQEJZ3DMJ5N,30,4.956931350625806,4.957274590130706
A2WLZD9BY669HY,29,4.246898095953551,4.342032604804099
A2WMGM9EPQK50,18,4.880476138722067,4.886278452933862
A2WMRKPJTZRLAH,21,4.091657610853427,4.206247431577346
A2WNUETI5MUH9Z,25,4.3681556288334455,4.427663942476748
A2WOJQ7BE0NL4M,52,4.578919380397659,4.639290884591965
A2WPAUTK46SQ31,29,4.054968889564368,4.106100442374989
A2WPLMCSJEZIEY,75,4.747985539518319,4.772220693391583
A2WPRFT3JUQ6U3,45,3.753846033411151,3.9253700737436636
A2WQEBR2TWDL02,22,3.888162850521337,4.023868153255035
A2WQFMRKLLAXEJ,48,4.162984948045655,4.261736546030669
A2WQTYUCQSFDFZ,19,4.232201327701709,4.302346710700368
A2WQU462D6ALWS,20,3.5197273120198838,3.852870036491338
A2WQY1B8ZS7QRZ,28,4.011358143137331,4.068428060403017
A2WRC22PM48LFX,17,3.8126340040320703,3.9108881958981914
A2WRWK0ARXOFSZ,33,3.3412266995211826,3.5462305563263383
A2WRYMOJJ5WICS,28,3.968051449268919,4.152338730382881
A2WSDEV7FP7QKR,18,4.534966824441177,4.587036765565352
A2WSGQ7OGS6FGB,18,3.613146271604508,3.929122860796607
A2WSI8HOWHFDOT,63,4.291199569601047,4.382012541753839
A2WT3EP1WZ786V,21,3.4281446444311534,3.7805199436301278
A2WTBPGTI39HRN,69,4.581618410357875,4.614850835198309
A2WTEUIO8K51P3,28,4.473104888234716,4.532471303391939
A2WTLGN0ZUICQX,18,4.804972305176769,4.828309831964332
A2WTS81O1WSW4Q,36,3.5809705381961425,3.8090375336073525
A2WTZEC9K09LK3,33,4.923137335107794,4.923662729802379
A2WUCMA8CPTUYH,25,4.296211831572529,4.4225454178077825
A2WUWAVZF4WCJE,23,4.63389218782276,4.685320896688041
A2WV8QZP58R1AP,30,3.4357318729907225,3.693931307096642
A2WVL8IH40ZZUW,37,4.139533355341569,4.290624245214618
A2WWK3DSHLR8F8,22,3.0619268333462064,3.3603205752022935
A2WWL1QG7CYAXY,34,4.9100735887531,4.921569246771203
A2WWSQLEUNN322,21,3.9850793895728343,4.062525018065665
A2WX1UESDOLXRE,51,3.8348169053827212,3.9028681376288237
A2WX4BNWNS20HJ,21,4.301963244709235,4.518500269674341
A2WXH0N26SJTN8,59,4.634476668014973,4.70115480610201
A2WXPOL1FYY6S2,21,3.9712048744424533,4.19346830540732
A2WXQ13TDE2MPJ,25,4.577089842944977,4.628660462160003
A2WXVVTCKZ9481,26,3.3874685541632825,3.680496813243954
A2WY1416WR7TBA,18,4.6641178674532275,4.6878200779150605
A2WZ1B92F81LJJ,94,3.1180981292900936,3.340275052275997
A2WZ700EVHHHQ8,20,4.74149696503618,4.818742710848562
A2WZK007N1Q7FG,33,3.8880514026922057,4.060280074155511
A2WZLG67S0II2Z,21,4.334776486689077,4.455666637864088
A2WZON0QPX7C9X,19,4.420833201111558,4.496698276527368
A2WZS68G7TFYBC,19,4.897499489792222,4.89810921508819
A2WZWAKE3E4BSS,20,3.299725830979411,3.4948656880863638
A2X0491EKRPTSO,44,4.300634056430311,4.4007822567532635
A2X06FP2PQ6EK0,69,2.948351820225642,3.395746687106649
A2X1AW7YNXQ6GN,35,4.493019997427045,4.538326455512295
A2X1BQ20459G87,17,4.123404877183782,4.24104064170008
A2X1M9UUDW86OU,51,4.325086730168427,4.400571165037986
A2X23QO8OM3B00,19,4.934673996610211,4.935022915644004
A2X27FQSHP418Y,46,1.7323166274976267,2.0165616341327333
A2X2FD6YEV5PLW,24,4.231930705099656,4.289106557059279
A2X3SC2XSTWPUY,19,4.879034574755738,4.899388166030061
A2X44DD1TN0P13,38,4.446031295741069,4.469308974711634
A2X5WF3FPJ8C9J,26,4.646802743367799,4.7377348685455045
A2X68IMHKXTBGC,23,4.912546527291653,4.913295726285465
A2X6GEC6LCDN4S,86,4.006906978394628,4.138607110985262
A2X71U6N4AI4RH,21,4.322697602974909,4.37849799864851
A2X90RWVRPOM7I,33,4.322494492306224,4.519452391496201
A2X97D3DI7YTJ7,21,4.382439675878403,4.458908134058201
A2X9AXCWH4MT4I,33,4.636313600077153,4.672343175983574
A2X9NDJ8P3KPE6,22,4.880609564781488,4.889435231345938
A2X9NNOBZUUC18,20,4.956133373007253,4.956388208942538
A2XA12HVFDY48R,29,3.7263614307037125,3.800977905843431
A2XAGLR8VDOU6T,26,4.6498304184644725,4.673920014982058
A2XAQEGNXPIZ9P,23,4.469108359839805,4.619365973318446
A2XBBUPRM94I1Z,19,4.833446445945627,4.846953611204695
A2XBPJ4V623SW,44,4.503166176315077,4.554534246743613
A2XC5ERDTZ93QE,26,4.537749198106945,4.656841208629433
A2XCLJRGFANRC,58,4.769400926794732,4.791001356469315
A2XCQVAP1URA97,25,4.7292309038771885,4.745705224983025
A2XD1IYPRTS0O5,35,2.647170614574567,3.148625761468029
A2XDUGMUWUKAZL,16,4.653453685932339,4.674362131789554
A2XE1LZJ29WSCK,35,3.116456263363164,3.352181845034795
A2XED4ONNK85YP,41,3.169933749991086,3.326139867759306
A2XEGKA7OSK9O4,39,4.723778869514191,4.75548619986988
A2XERF0AJ6YL6S,22,4.41493648075601,4.4825685805240365
A2XEZ8IQPJ4KM9,27,3.7846679666693266,3.8338071160007994
A2XFDW9DUFH7NJ,43,4.304282774431893,4.396267008376326
A2XFII4E73279L,15,3.446175082733963,3.7389736167868626
A2XFKYI3B3XSL7,21,3.876926467699488,4.076221233085191
A2XFYSCHK1C3AQ,52,3.8079125742631073,3.9228830261491203
A2XGJ56VCFOKKZ,54,3.6617304815234313,3.8306227068960355
A2XHJ1H69A9969,16,3.8416715789789095,3.9349757389482143
A2XHOLOLKGV1FE,85,3.2429827058113583,3.7042577982054343
A2XIG673RLMK5M,28,4.358874922865704,4.430833380435299
A2XJFFBB4FS3VG,25,4.626255049750216,4.658917459087726
A2XJWS787GHPQD,22,4.39870813617923,4.4668033570040775
A2XK8XS6X0YIZ1,26,3.4684546010458464,3.6328602851232725
A2XKJ1KX6XUHYP,39,4.7631649299212695,4.7922884640255266
A2XKJJIIHO1XHO,32,4.946785023750426,4.949856498441164
A2XKM4Y43WEXQX,21,4.59040026560436,4.678122389333174
A2XKQHB8VCUCJK,46,3.9529792876640353,4.00285885867011
A2XLGLF0V4O7JD,60,4.153169966630631,4.3213631948092255
A2XM61OJ3YP76P,19,3.6902379231330813,4.000290679520706
A2XMBWQL0LGNJD,18,3.807187279607197,4.011438866037358
A2XNMKVNJ4O2FQ,18,4.793686709961609,4.799365962766916
A2XNOB1T796Y6B,45,3.6844975704851763,3.8269093946169965
A2XO1U93T3XFBP,19,4.590484752625301,4.638221961993883
A2XOBV3NGT8CB1,30,4.994145603675144,4.994150238012672
A2XOMM4GM8ED5X,25,4.5557080588257906,4.58163267406327
A2XOR0CO7UJV0Z,21,4.5899939979428686,4.657745787080277
A2XOS0D485JSMM,77,2.7968701439309673,3.0561966555248254
A2XOV3ZKGDK55G,104,4.275482046117521,4.331025096664866
A2XPSIX00001SF,53,4.630164264649348,4.654243361727799
A2XPWG5RJXWZGM,59,4.823511229309103,4.827258730294755
A2XPYGJK9M61K,44,3.7633465709028586,3.93752172830924
A2XQ3TZDTMLG48,44,4.246691721681512,4.4073974543030054
A2XQMGE2YY88DC,81,3.1905008965707475,3.357795999769946
A2XQYZ7791CORS,23,4.985073256222326,4.985160057709231
A2XR3JNKBZITS1,19,4.191569652287561,4.3242676807820795
A2XR4C4TOS3XS1,31,3.933979158644318,4.096192927353458
A2XRMQA6PJ5ZJ8,139,3.5751928843256127,3.7119036538141703
A2XRRBZKDXRFR3,24,3.8886495552243936,4.108573043559812
A2XRZV63X79YSJ,124,4.051048398210629,4.1557612603741525
A2XS8TJDRIWSB0,21,3.834975107422435,4.030567249728281
A2XSEFTZT8HWLB,20,4.9407622098107735,4.9455528232723465
A2XSMRSJLL3Y6T,17,3.3927219203709456,3.65978119976651
A2XTIRLGIE5DDD,20,4.727078439070537,4.756933891487077
A2XUH42IUDE48K,18,4.475962200566045,4.512355298484156
A2XUP3R9HE7JSK,21,4.840610598928118,4.849634320217937
A2XV3H5YZZ4TZT,25,4.780990666226792,4.813712850375785
A2XVA2OGDYKKD,30,2.617872344603114,2.8714849782033594
A2XVC5QOA6YVQH,37,4.76684110754619,4.812307773087751
A2XVRCU5DQBULH,71,3.2088289343322645,3.3998468556253556
A2XWP9I5GM8LML,38,4.796274542126733,4.7990743013670185
A2XWWT5SFQ0UZL,18,4.3982992092238495,4.446393675473319
A2XXKVKTQ2V3QL,19,4.060823908467093,4.1959070804379826
A2XXV9HF169LCF,57,3.6906330078425804,3.8741283431127966
A2XXX42CVI91HL,53,4.895191571988806,4.896807608699184
A2XYFIKRE11JPE,21,3.166863234366404,3.321797777723969
A2XZ17U949T053,23,3.344317027812552,3.4847552635569143
A2XZ9Y0SRJMLOF,23,4.0569923709283175,4.140227030513263
A2XZHXLDPD7KCK,34,4.3800255621496165,4.503383358957705
A2XZIMU8QXG1VS,41,4.314153332980081,4.358307485679982
A2XZPU9Q1JFTKI,35,4.175563034619471,4.265434251741444
A2Y00L1N2C8F66,36,4.457012859554627,4.504826880124884
A2Y11CZR8R00DZ,21,4.25417903940202,4.371904395713223
A2Y17F3LAN389H,31,4.885472468695844,4.892334657717239
A2Y1SCM930PZI7,27,3.1889358779726362,3.424480885139701
A2Y20NGHU2KP1H,20,4.952390380601684,4.952586846506409
A2Y2902A91F1IH,21,3.4077459204193623,3.8883984218222443
A2Y29IRSI08F0I,31,4.2279274012081975,4.390326787420642
A2Y2Q6892FPR95,18,4.148765703306263,4.275369764420533
A2Y2ZDJ0TU1I7C,15,2.987416794451224,3.381978062013025
A2Y3CWITEF9JGY,16,3.2386505630346982,3.4444714382295465
A2Y3QPZLQ0NDRX,22,3.866370862181729,3.981657427975296
A2Y46NO4GITPFU,24,3.541262458988875,3.6411809602245753
A2Y48PFH8KL0RH,27,4.390706271304693,4.4348616846857984
A2Y4H4OORN4PL9,32,4.711608488721682,4.723909631640861
A2Y4KYGCI58L3X,21,4.849387052321771,4.86853992259774
A2Y553KXY1BQGE,33,4.876699209012327,4.881644051418638
A2Y55P7L3NFZ2F,25,3.3775242302969435,3.7799692281234916
A2Y5CDY0QOSUZT,38,4.20763260110506,4.421376023992357
A2Y5R0F7U0AUV2,22,4.7080906346517795,4.748341767493134
A2Y67UOZB4WP08,29,3.760103644130554,3.9313923250677054
A2Y68BUZJEX7K9,42,3.4124307511384653,3.6531970289797955
A2Y6IDYSDC9QTY,21,3.8625008329936503,4.141718960462436
A2Y71JKNYLY6WH,25,4.945360388964152,4.949375250387182
A2Y7FAWO7RLKXI,24,3.445003705621886,3.4964731834844045
A2Y7FWT8JD9VIP,21,4.80046638027524,4.837604353053791
A2Y7H1WZIPNVIH,39,2.965267904312192,2.9880948077485026
A2Y7T7JRD2VWXY,23,4.607948314852462,4.624266864137784
A2Y88GKW26MRHB,47,4.966132559663762,4.968207868235596
A2Y8ECZOX9G1DV,32,4.798701332904685,4.819443360576295
A2Y8GWKBMHQRKZ,18,3.843588488125121,3.9916779504306437
A2Y8LYW4CBCM5P,24,4.995359704017431,4.995361026408386
A2YAABMT80RLYA,41,3.7928030529040284,3.8888526699787467
A2YAOZLYBRR0JN,20,4.695623519848057,4.773662952485028
A2YATGSCFBSQT4,27,4.275283536910589,4.374658469434079
A2YBBPCJBXOL76,21,3.1681645728997165,3.46342261319388
A2YBCFWYJWXELS,18,4.40518933982486,4.442911657776005
A2YBSWFGP3YLD4,30,3.1813308488836443,3.315578982823521
A2YC6RPS5PS1KF,40,4.612368301445379,4.641345451644421
A2YCABM32VJ90J,23,4.644006550778711,4.686110255582623
A2YCE2P691J6DN,22,3.3365841569410652,3.57496533968936
A2YCG57S65QXUU,85,4.570487244852594,4.666006368779247
A2YCJ7XQ7HASKB,94,3.6876327787474654,3.837834536154948
A2YCJLGW2QQIOW,18,4.979927282563786,4.980032950481971
A2YCZ8T1X2FBV9,33,4.952762801841866,4.955651169321407
A2YD0YKPG1T80S,23,4.7324883235679955,4.7531178552218725
A2YDDT14OJKXK6,23,3.7772454415136942,4.0072600430444085
A2YDXIXMX5B0HC,21,4.917435850700252,4.922179630947926
A2YF58KZ8J00Y7,20,4.879608991331148,4.884455807258532
A2YFFQQ2100DKO,25,2.9030654422479234,3.0820261888115335
A2YFLR1I43UE8K,25,4.972254565282314,4.9723397716764195
A2YFWDBBI3CALE,17,4.429902094189457,4.517788526956181
A2YFXB4B4NJXIY,25,4.8679053333538285,4.886906143019575
A2YGHIVY5CZ0N1,31,3.75109954462736,3.8255966513515984
A2YGW3S40TIQMJ,19,4.037045738586701,4.221047625627667
A2YH3YTPSCAWF9,18,4.312912151029874,4.350207105153614
A2YHEAFF55MNW6,21,3.3732745933802253,3.692381904795937
A2YHFQ31ZV8XRO,75,4.112924465735481,4.251335190389211
A2YHLBUF1OTDNN,35,4.289533201204262,4.523897399225741
A2YHRW5NNIN6R8,18,4.978964127619499,4.978982346469148
A2YHVZ52FRPAOR,17,3.5776691361670037,3.7073938405642473
A2YI8UJFBMUUL,27,4.393162970117244,4.622957145948158
A2YIMB2LF7HH1C,22,3.6961869822666515,4.01991066317488
A2YJ62OOQXXWBT,28,4.954352576084468,4.957820000230877
A2YJ7LPOBDSVFC,26,3.877949335510329,4.065249377923408
A2YK5UUN19WHB1,21,3.557505900466761,3.8609390849748677
A2YKADCJME4FSW,33,3.838238643031607,3.9597786985315038
A2YKWOLQGKYOH,39,4.091716104881262,4.209789965194484
A2YL2YIMC82QFQ,16,3.9518558140811537,4.021733222255254
A2YL7GF3BDM8NX,29,4.98314228573559,4.983161506451029
A2YLXS2LNAPIBP,19,2.801364701705055,2.9838951983163495
A2YM2NM7YZA24Q,35,4.2391168420732015,4.300025740579977
A2YM3KILJ1G0YJ,244,3.0776792994254385,3.2565512741020415
A2YM6JTQIBZ8YC,23,2.5916845237421398,3.1258001378755726
A2YMFNXSPRVKEW,19,3.6855887218712104,3.9978845738366693
A2YMJXN9LULYAB,32,3.464552518683605,3.6208922894626023
A2YMP0GYNVPLNT,46,3.844897378685234,3.961653856929622
A2YN9HMM14FCBA,19,3.4926393386886465,3.615482521381706
A2YNAGCK4NX0PT,19,4.207940571263163,4.289741756283523
A2YNS2M3XFZ0FR,25,3.587403077794404,3.667941059132558
A2YNT4QDEQX30F,23,4.638735502859309,4.684749546799734
A2YO4PV4LCYJHA,21,4.871199559336285,4.876186402320747
A2YOBNNIOIXJSV,22,4.994230735303239,4.99423121600164
A2YP1HYB6Q0JEQ,146,3.813338114586465,3.9222045551371885
A2YPKC8S0EMVKQ,51,4.22514032226541,4.320248557678394
A2YPOJO7YN99I2,31,4.943760637071393,4.94413088354984
A2YPS2JU1CUWOS,19,4.052655860072723,4.190673424949566
A2YPWI1TT8ESKN,36,4.619337709211879,4.636894421323349
A2YQ32K3GSC86H,28,4.874812200473528,4.876848714103438
A2YQ5O6XV23543,33,3.9268573994907348,4.175000372025794
A2YQJ5O24Z4Z94,37,4.070497858706763,4.145028064995725
A2YQVP7XIEH69C,20,4.36500129181267,4.509817684100912
A2YRBVETHHPGOC,32,4.459332369205417,4.553852322145167
A2YS87XZ58N45Z,35,4.1874742388360735,4.255370053867221
A2YSF4W6MYV1NU,34,4.8961728888707885,4.9074701057983035
A2YSJBZIBVNPC6,27,4.2126840159887715,4.354617909796058
A2YSOM1A805PQP,33,2.8610085650484884,3.324615300262128
A2YSVMF5W5E35C,24,2.8398871732708617,3.054140557391268
A2YTIOVHXYHQWC,19,3.2542556249252823,3.4999860966149683
A2YTRUKN537J4K,46,3.7675639486105656,3.955108252331302
A2YTZHNUGLQ3K5,20,2.537544861832418,2.8741973024742995
A2YUA3H1LLU53Z,932,2.8510286410017707,3.02277201771595
A2YUU8P5BZQ0GQ,20,4.360246526545661,4.453499191396935
A2YW1GDT8MQB88,65,4.388475725293846,4.49948489965763
A2YW1TL9ZR3URI,30,4.1541361548862445,4.227001511075139
A2YW2W4WXU53QL,37,4.681851853410528,4.689342939339153
A2YXEM8KBVLQCA,19,4.944506276134638,4.944969586974522
A2YXKWRDT3J2C8,29,3.759822883905828,4.111018057952253
A2YXMN40D7WTGP,37,2.710349775652078,2.869496313448621
A2YXWAA7R4KIRC,17,4.474424653164464,4.541090272577482
A2YXXPIOC73045,20,4.299671549834345,4.378768142777555
A2YY1J4OPSHQJV,38,3.465821204435563,3.580376147086171
A2YY7ZZF048SO0,26,4.155408742123936,4.213604841967082
A2YYS7P2HV3H5D,42,3.5253182219134294,3.68899316049142
A2YZA6TIT0QDCP,25,3.7185390751622887,4.027394637240494
A2YZFIN86FPK0S,22,3.385601981150569,3.797421552711866
A2YZOY2IAL6EDX,27,4.0584636928894495,4.141481648053705
A2YZV7INQ1QYZ7,34,4.722570429136751,4.749141623771596
A2Z0A3DOG0EVTY,33,3.1788850893660543,3.3206544352364142
A2Z0DCTDVOD2PZ,29,4.953139936872668,4.953353809562614
A2Z0OIJ038G0TH,35,4.352846058121887,4.459310144201642
A2Z13QAST1E7Q9,23,4.9314026112076945,4.935681486188064
A2Z1DG13QMLK7L,22,4.022040075768571,4.071055810214575
A2Z1OFP7850LW2,26,1.7941014289881478,2.0224623732426776
A2Z1UL45HD25M3,24,4.47345551410009,4.564554659608521
A2Z22QECXPZOKP,28,4.170898087412667,4.223038011141206
A2Z28WKY1LHBKY,51,3.9785765438986638,4.156387428665322
A2Z2MDWSJ82C39,21,4.5478121362043735,4.576352451519224
A2Z2MM19XA27F4,31,4.7920659255314435,4.802112123790405
A2Z2XRM3TNKUS,20,4.54681345523567,4.579102544210965
A2Z326EY1WNGMU,49,4.2842328038907,4.367421198098739
A2Z336TO4FNZKA,32,4.401056427877873,4.552691432443489
A2Z3643FSM4PAQ,74,2.290190658098901,2.4942748252151796
A2Z379ES750ZRY,28,2.3115844829657517,2.730669581498255
A2Z44AN3F2IN61,25,4.093077234808216,4.1857776536640765
A2Z4VQUCFHNW1Z,51,4.390220598942476,4.4497222922302875
A2Z4WG5X93BFTQ,19,3.6507090077725226,3.830793655761954
A2Z4XZGB8M5CCZ,42,4.5101256009588315,4.55919787657565
A2Z5450HXNEXZU,21,4.489196257718076,4.536098267502638
A2Z5B2C339XM0F,23,4.977466806711565,4.977483479089947
A2Z5CJRQA1IZHJ,23,1.9022026533580512,2.3147772505837225
A2Z5H0A2L7CCCI,25,3.5433596360339323,3.895785692485463
A2Z5I3ZI70C46Z,35,2.997072171412818,3.1867398101253714
A2Z5RFU4DH3T0G,18,3.4193007254744483,3.7011414558415776
A2Z5WEA0KOMN9G,27,3.9390515733428364,4.100390912372256
A2Z65D8FBYDY63,58,4.060909510270254,4.269791807518365
A2Z6H4KFU9BDCR,45,4.316018109585721,4.500354842475559
A2Z6IMDC7VW3A0,29,4.518395471189163,4.6295097110850545
A2Z7JIGRSK4691,19,3.927248189621867,4.242817016418337
A2Z7TU96G2WB9B,62,3.6679129825219907,3.7573241496528516
A2Z7UOGHVYUKBZ,18,4.883310047290967,4.8885208751718
A2Z82CW7XQJZ28,24,4.982268739406931,4.98231586800411
A2Z8YTLQIEQET3,33,4.94804580499827,4.948283259740822
A2Z91KWFJJ0O3N,35,3.608767894251176,3.852207713048039
A2Z933XK49GBOY,21,2.4359135209839273,2.9525209213505677
A2Z9FXHC1L66EW,28,4.347417156822918,4.430675523257013
A2Z9HS4YPRDUWR,21,4.304988775847714,4.39503872197173
A2Z9HS9C61QFPL,25,4.991429864952856,4.991437066685092
A2Z9I19GOW3O1U,34,3.1539338437443667,3.320194342979463
A2Z9J0DD7PX7D3,16,4.256689180884519,4.360785971769739
A2Z9XBCYT3AHHU,72,3.768096164389656,3.911235376046222
A2ZA9MYCJTO44C,69,2.927531010430357,3.282766561972738
A2ZAEYPSNXU2CM,19,3.758909532339348,4.013771046100764
A2ZAVSV7WBCUJH,36,4.8498746956238605,4.8515902202111905
A2ZB8B7VQONZA6,178,3.991982691606244,4.073832131663518
A2ZBHVUAF2QB6Q,49,4.7233202001002965,4.752241144907774
A2ZC12MYUK8RLM,18,4.875651653259069,4.877819186710639
A2ZCI4C23VUYQF,30,4.955939554026729,4.956159079225941
A2ZCO3NDHM397W,20,4.539616174643605,4.6281036036162
A2ZD3N1NZRYHXD,23,4.005829795132278,4.075057666435358
A2ZD5F9YX2DR24,17,3.5798445346575716,3.721527410944936
A2ZDA7ADJ83C4W,20,3.910782074172802,3.968849570808039
A2ZDEIO803CM2L,19,3.828659126286663,3.9360898617871234
A2ZDTHE63ITSRC,28,4.00359175158738,4.145870815200976
A2ZE09DS7GAE3Q,19,3.323001313766347,3.5343398003668587
A2ZE6AWZJZN4BV,24,4.966104795276442,4.966196170769963
A2ZE73RFY0GD3K,55,4.343869560694552,4.438551894840675
A2ZEP41O7N9OEV,21,3.76697619905812,3.9830276867121337
A2ZFA24PYRJCEA,28,4.144012395505478,4.231318106375907
A2ZFDQ4W3YK75M,36,4.801765887703066,4.811070530797144
A2ZFFOCFKWYQ7I,62,4.455609105728258,4.540492183771563
A2ZFP22Q9ZTLF5,17,4.729097427746204,4.746625826588838
A2ZFW8DDYVWY8R,24,4.381487679501142,4.4555063367633405
A2ZGA89FE61NFO,23,3.5754004332016507,3.7036067380913384
A2ZGIZYM6PV2PR,28,3.5462929782481822,3.742762329777814
A2ZGLUFFQQFUL3,17,3.3305584445719068,3.4365092413317844
A2ZGVH5DNCK8I4,68,3.6662283538550096,3.821661088830483
A2ZGYX7DIEJU6S,20,4.324722338767131,4.408293618318709
A2ZGZ8UOBM6B08,21,3.499589420553156,3.87585280673696
A2ZHD4ZUDFRJVB,27,4.957669403468104,4.957987666757785
A2ZHDCYYP1PL2K,32,3.494841568852852,3.608479105960117
A2ZHEKV2X7LIES,18,3.7642878045926498,4.002021954276965
A2ZHH7AK83JB5G,58,4.299206237917921,4.380963187820084
A2ZHO5AITMQ9YF,21,4.645083955142819,4.6548731007893025
A2ZHS13SOE1FQR,26,4.834701766515607,4.841755538021135
A2ZHSORK1HHYTT,107,3.5133765935695194,3.7941326607879504
A2ZIDC8VM6FR7J,20,3.5710146554609365,3.811024567416249
A2ZIDCYC0GWWKF,15,4.1883064102542535,4.361345714237259
A2ZJ2H6DRSPVZ8,17,3.099030451613256,3.3619399602247513
A2ZJ8WQM47LGEV,26,3.598855474937646,3.8047517552757077
A2ZJGSB4SRS1OX,22,2.119406702373361,2.70848901718147
A2ZKI6P970YZQT,20,3.9575817063933423,4.284205795711584
A2ZKIQDTUIJY8R,21,4.500884610545624,4.528975041205141
A2ZKJVT3ZI97UK,47,4.021116157076448,4.1500261201979765
A2ZKWQIUE2WADB,34,4.337032658750803,4.482608045456063
A2ZL07Y7FE7W3S,22,4.021631056074525,4.151666660563772
A2ZL0CIMIVSAG9,24,4.434868344907541,4.469355834591033
A2ZL87Q398NIUU,47,3.99776559893601,4.2374190150115565
A2ZLB8I3P5DJOF,22,4.310365323181329,4.387499689158169
A2ZLROGIL2V7GV,105,3.9796976334064564,4.049309751627092
A2ZM9BGE3K3SY2,26,4.0637266907873615,4.163208033770818
A2ZMDD0LG5XF0N,24,4.634790076417072,4.653255655401322
A2ZMJM1BMADHWT,19,4.352453738158845,4.470377940917325
A2ZMO9QV6HPO29,25,4.614512088857013,4.660946006938922
A2ZMSXJVASLS7Q,30,3.560775267387577,3.585622024728812
A2ZMYBOJ265M8W,27,2.3572071818581577,2.6659528729556063
A2ZN88NLI7VHF3,19,3.6643323189186794,3.7690404214131275
A2ZNGXY3JBUSY,18,4.428467641964355,4.489495721009453
A2ZNJKY01ANDHG,18,4.173078069271924,4.256809504662343
A2ZOOW1LL5KF07,21,4.471855130847503,4.50120372581111
A2ZP37MH9WQT7Y,34,4.241601464808412,4.313191692176361
A2ZP3YCNP5CVPU,35,4.400627001535398,4.468201937679804
A2ZP7F2XXKGUCR,21,4.7481912077624795,4.794451993175759
A2ZPL1J1ATFIYA,15,4.507006385266079,4.5833715207498456
A2ZPPR9I51TQMA,34,3.6717861861934233,3.954941777279767
A2ZQX495EU3WQ1,28,3.880105967240451,4.054405763382336
A2ZQXJD7YUIEHB,47,3.7882477899404132,3.9555680524707393
A2ZR0OODI6L27A,20,3.555646558820962,3.991344611273752
A2ZRYKKP7VF27M,30,4.215738267824116,4.290429147466887
A2ZSSYBY6OSB72,19,4.345245004471155,4.460084647400518
A2ZT9K1PFBZ1L9,44,4.164017314068702,4.255363705202168
A2ZTDJVMNQ8FIQ,25,4.926480408229114,4.92674694604127
A2ZTRLBJ52UCS1,26,4.949154814202695,4.952950138323786
A2ZTUBVE4ISCYX,23,2.9189311764879813,3.1265577300803513
A2ZVERVFM25MJT,121,3.113784205265104,3.2660388652182
A2ZVJ030SSP5DN,25,4.935595811098048,4.935837198127181
A2ZVJ63VUZ7NMY,32,4.332970220591695,4.463674479670736
A2ZVQXNTR5RSZU,18,4.799406527094679,4.824500393619941
A2ZW1JEPGM7DC5,26,2.7198382760558055,2.9418249135957177
A2ZW2ZE26SN1YP,37,4.796344021970279,4.801957424241647
A2ZW3HX7670JFE,21,4.515307969183853,4.579268001685483
A2ZWE0C4N5ZP8,21,2.961618210278908,3.387489520374716
A2ZWNGT2826HDL,20,3.3196545703507625,3.5707877465414337
A2ZWREC3AHS1JQ,19,4.665300352957014,4.755247977744195
A2ZWUKQ0JL75NI,19,4.905910943671371,4.910819948916939
A2ZX6GW8WL5AG3,30,4.065934816952831,4.271472724244891
A2ZY49IDE6TY5I,42,4.432178256630162,4.465852393678596
A2ZY4QXRPCSRFI,21,3.0716844082259716,3.295050030182987
A2ZY7XH7X7ZNMA,16,2.661655454882856,2.915270369318017
A2ZYDGB8S48T4J,24,4.074600598781781,4.205019028912575
A2ZYIZTZP4NRYV,18,4.8495790643746375,4.859801012338361
A2ZYMGSZNWMK8U,19,4.764377293374669,4.792307642395236
A2ZYU80WYU18N,21,4.153609853700455,4.319037286301994
A2ZYV5WM4YZZFG,44,4.766297976341878,4.7986313551893796
A2ZYYMDF9VGI0W,33,3.9716091354747496,4.192478366353871
A2ZZ6JMZ4WXURZ,31,3.1117041831685963,3.357226214823399
A2ZZAPED8DHL07,27,4.187634085492952,4.346330453911121
A2ZZHMT58ZMVCZ,84,4.025662119421428,4.065779917185774
A300071O4Z2J1C,18,4.643540758836709,4.657173128493683
A3013MHSQS4Y8Y,16,3.8304815990023786,3.9652093008221376
A30202532IJGFY,18,4.421949935889666,4.472038905826146
A3024VGX3BZCJA,43,4.715326004751084,4.716842468772463
A3030XXCQBGQV4,32,4.97616926608581,4.9762577265608945
A303AR58MOOYAV,24,2.6408329174726597,2.876002882457405
A303CG0DZU7VLI,20,4.264998180665632,4.289850618431515
A303KFHOUKXMP0,20,2.9946439264743394,3.3415243206892167
A303QKYMDCHCIR,17,4.926461831589266,4.9319780920981815
A303U1MOXG5R1F,158,4.224664352977183,4.275047241985953
A303WFYNGHL9OO,26,4.989623420181284,4.989641000318535
A30423CYQA2EKZ,15,2.7130209526765054,3.198129946224164
A304BW7QJBO6YO,14,4.42353243019245,4.5629192496097035
A304GUEPCPYM3Z,28,4.219571418190106,4.265065980698798
A304MBA7ZRIOIV,56,3.80715621196943,3.9860784760174184
A304XIMZMW3A2B,21,3.798273415033975,4.0361994047420335
A305DF6TYKD5FL,76,4.35095063470053,4.4284623261478595
A30638B9S2GOM8,24,4.534918160725855,4.598856183411989
A306E4DQRYEUYO,93,4.695819537559556,4.738020050027337
A306GCRD532VOW,26,4.915539303488266,4.918935799860834
A306KW7LK6ZOPB,21,3.51136992483785,3.59676007590575
A307WF74UHWGK1,22,3.8884334661091886,4.028023572089859
A3081Z4P774YR4,32,4.279498876046513,4.309841677463646
A308A7GSBF1UC3,16,3.379590415543258,3.5402408215529793
A308M2Y1MMC3BB,23,2.216727400382209,2.6729316342606735
A308QC9XPFHFGJ,18,4.1977550091654505,4.350077196385114
A308X3FITWLF7W,26,4.493852053715856,4.525266884923637
A309IBLJ7RKFDM,25,3.8240778222120815,3.8834570819973684
A309IIEIEYTH0G,25,4.331310306167578,4.4275966551030805
A309SRXS2L8FGK,32,4.9363342519203925,4.93711619077702
A30A5I8FG82M2E,44,2.459876329274357,2.875730265735059
A30AC2DBHY8R83,19,4.6155780328443,4.662710587817453
A30BQKQU5XGGS1,19,4.332822645312451,4.369532354432057
A30BRDME36VZ4W,32,4.885356420705034,4.892111659935209
A30BTNU4G3UOGU,23,4.521607157239429,4.567381725406783
A30CG6CA9M3AWP,20,4.470957123713872,4.550482812033873
A30CS9RZVLKATU,19,4.291346717761184,4.37686126849944
A30CV4T4I9Y89P,81,4.205449695893216,4.316143376076783
A30DKGWEC1J1D0,17,3.951761662169423,4.189807990508164
A30E77CBQ8UJX1,15,4.3869808395175545,4.460269942358495
A30EMEVS4WIEHR,28,4.309648818144779,4.39059991633065
A30EXG57G7ZNQ5,23,4.026054982179408,4.158353497882388
A30FEBDHXX6H4M,30,4.150996613985343,4.297041797761748
A30G56MZY7B4C9,48,4.517572494712307,4.574204671294807
A30GMTHV3YWOF6,19,4.047778993798951,4.1921113096139635
A30H2335OM7RD6,43,4.548412268600051,4.580753117880293
A30HEG0EUG8SZ9,21,4.795988650289253,4.8120029849589505
A30HNU3626S0JR,26,4.817972819045745,4.878346279373201
A30HTJ530SMRB7,27,3.01979821835208,3.3489172554442272
A30HWY9SO2Z81P,49,4.036127752511682,4.161852582740161
A30I7JNLKY6DAP,20,4.337159030300303,4.39769606991042
A30IGU8ENRT7FM,19,4.212308695597064,4.37810519495866
A30IP1S8NRSNXZ,19,4.633457315834727,4.679579392801916
A30IP5D5DLHRPA,33,3.5292125993516446,3.6940593224909395
A30JORK6GIZDSX,46,4.938388188867379,4.939347247444164
A30JPZ9TZ7I61U,79,4.592442818998586,4.655097573118558
A30JZEIDF2QLJ7,22,3.4467361765220237,3.654286103849841
A30K4LP3HBX2ET,17,4.161329159288573,4.192421803820206
A30KG14Z4SHO0Z,33,4.358545042264978,4.4056800954587265
A30KGAJFKLO0K5,21,4.867578496896871,4.872373192561783
A30L7BXXX0Q6AJ,72,4.5609570913609465,4.6226053567932475
A30L9G0R52L7RC,25,3.637188484256781,3.913702453030714
A30LMTLC9XVWKJ,113,3.7027714107488503,3.833679068537307
A30M2NZKMPW4TQ,21,3.323702353241196,3.4479572219819774
A30M9ME5AT8K12,130,3.682399372604031,3.863873831258138
A30MTJT8R087IL,24,2.9991690802074946,3.5071888797961375
A30N4CJVI6U4XE,39,3.763926275518404,3.9293083695237128
A30NA5MPYFYI7A,19,4.396535808258541,4.597906965248666
A30NHJW3YCRKGU,24,3.744407704582221,3.962628466946492
A30NU890ZMNHJL,20,4.433864463325307,4.4650790838282255
A30NVRVAXF0S2F,22,4.844986298008427,4.885568312197876
A30NVSLEMRKEW1,35,3.4131038506605673,3.842161424343634
A30NXBU3CDNDFR,31,4.899529845340613,4.905841358268997
A30O8BV3UG5YTO,19,3.2813475173506323,3.421901933845209
A30OHQ1ZLYP04D,25,4.527111037717946,4.660570441199695
A30OZQR6OZ92DU,37,2.9396848278830516,3.096181098528688
A30P48296JY2I0,29,4.414786847118054,4.582753270817326
A30Q8X8B1S3GGT,29,3.9381798815967373,3.9943908882964614
A30R2TP9T3K9YB,21,4.831025739249121,4.8436087376468855
A30RCOWI31IC5K,65,3.9679944533802813,4.066173796647339
A30T322UI3U93Z,43,3.798686082056834,3.961221628118151
A30T51SMB0UQR1,22,4.088947004312767,4.098969284774589
A30TBI71B6XK6G,19,3.6770877697555666,3.815686609821941
A30TK6U7DNS82R,198,4.065574582116808,4.159609932999482
A30TQET02FLSUX,51,3.130387670481779,3.2148522839672506
A30U2UR7CWQ228,30,4.128648148397414,4.330844539577598
A30U7MU84R7IJJ,21,3.5935213161066466,3.690435158258687
A30UE0QUKF796Q,34,3.617903573477069,3.9219794638565664
A30UHM6OOPVHNA,33,4.132779644021483,4.363340159780639
A30UPQBHX6OURF,31,4.726332700541356,4.784308190689882
A30VJPVQN71P8S,29,4.41651948051326,4.459585401849753
A30W65QTOJP0OY,19,4.70412031348869,4.725254333651241
A30X9M0J5WOVAS,29,4.446487475696336,4.495581098174633
A30XB1HWSTW45G,30,3.57066946645495,3.707593550381834
A30XJBEAGP5L4E,15,4.414475900793305,4.485496577238253
A30XPL8H3Z1MFF,18,4.394983206629027,4.518484927178265
A30XR3EIN0IVA5,25,3.9584017501086994,4.0381241453650984
A30XU8NUVNHGZ4,18,4.600368450803841,4.625962305347387
A30XXXI713SD78,35,4.4484696615090185,4.5341965242799
A30Y6PX7QC1OR9,26,4.519831187898256,4.596653915762881
A30YRHJ3CMMGAU,38,4.16899857494143,4.350867454135843
A30YY1FWUUS0U9,18,4.953892469014838,4.955706655049541
A30ZRCYJZJ507R,25,4.865031691191795,4.881937864511459
A30ZZL2MEGE8ZN,18,4.3747749339111754,4.501671903949181
A3105TJ2LX0GRC,19,4.99384564694421,4.993848550338248
A3106P8ARRS8OW,21,4.622342103850173,4.715145963611693
A310ODNAJ1QG7G,24,4.13908569150512,4.2019547653030225
A310SKH8L08AQT,29,3.596723001746075,3.852218996203292
A311385Y3QVWC3,115,3.89370439985975,4.07098443215928
A3113KS0THU6YA,17,4.225965758992196,4.355934894063294
A311RDU1T1YMZ5,33,4.719832334117431,4.767777391310502
A312C6KAWLXUM6,30,3.287997328395937,3.5656094158867497
A312EEQUWI0T2U,26,4.497610679481761,4.5753480897744385
A312H83BY3MG93,25,3.66706039856024,3.9159705959439934
A312Y25JGN682H,17,3.6742774692660056,3.8125233064954633
A3137L0MN5QQ1H,23,4.593865866490336,4.639190870454548
A313H6238N589,26,3.8557021557027293,4.058020195016919
A313KSJMDJR6W9,20,3.991869140379881,4.316409139813523
A313N3DKR6PP21,18,4.869853932015845,4.870936707544471
A313OU4NOWZDBY,20,4.2256514409165975,4.400547183006986
A31466SOC6SU4D,24,4.859233947526291,4.881783695786555
A314GBY1UFKE3B,23,4.524456486391593,4.588214889054375
A314LCGWS08QFM,18,4.517940446482404,4.631867215252725
A314SDYGMKZ1AG,31,3.324333910845951,3.6169447578981435
A314XFKN29Z2E4,23,4.706279170831524,4.730077133461764
A315K47GRB024C,34,4.268189643914967,4.292500423191111
A315UL2K6204J6,23,4.472470482848563,4.508979820633611
A3160YSU1KRL8E,29,4.508605571600369,4.550549836128927
A3168ACFHEC0P4,23,4.598701714825997,4.618297595963433
A31718KLBY28J8,29,4.527445055240839,4.603383810074242
A3172O8LM48WZJ,19,4.956950357826671,4.95730583572028
A3176IKY6PNYUW,17,4.86202917174691,4.866155730122189
A317DZH9ORM9JL,24,3.9247151036608074,3.98833223399064
A317L56T9Q55C2,17,4.194196866583927,4.46099868983841
A31878LTMXNKHU,16,4.283255220419633,4.390758602558539
A318OFS64ZM06V,27,4.430624667672895,4.509666445905931
A319KYEIAZ3SON,22,4.374034950894821,4.411177384956755
A319SKSB556033,268,2.881156700243011,3.1287025262683867
A319Y83RT0MRVR,105,3.3035368470982176,3.4770951849481873
A319YRDK8Y39N,48,3.3971933132955368,3.5140192195683633
A31A3482VRWB4H,20,3.8409255335900445,3.9723606312629536
A31A61AJIV88IP,24,4.880953843166198,4.882514936661065
A31A9GENAJYD64,34,3.900923664986274,4.125455487412936
A31ARSC1LGY8WK,68,3.40487152690356,3.5554087024900087
A31ATJR2RAVD5G,31,2.6404324182888064,3.0461519542049413
A31B6XIVFQIFF8,23,4.705828173052007,4.735917849612785
A31B7T4ZYEA91N,35,4.173784566774837,4.289894112895172
A31BBFATEGF8K5,32,4.969996328110952,4.970078958924567
A31BBNT8C62MLU,70,4.0616144696375995,4.249092294209254
A31BIRBM0DK4T5,54,3.89378889660081,3.999634824685128
A31D8QKJXU93BT,26,3.623246421455288,3.7316788051115806
A31E4CJ125XR9S,27,4.4620084947913075,4.602266737002851
A31EL6CU0DY9TX,58,3.2722024813047628,3.466525348738259
A31FR57M9KMTEX,51,4.439093727306238,4.501532048803262
A31FZDLHGXW9WS,55,3.3337326844764767,3.540535544938046
A31G2F8FDQY3V4,58,4.69963682738423,4.714309616422595
A31G6OV9D2ZAVD,28,4.868375236101462,4.878057838091489
A31GBCW6YPY9OW,28,4.384490554798975,4.606790946740077
A31GGAGO7UVTZC,25,4.663259306816197,4.681825794264974
A31GSSJJO7VTEK,21,3.5595423317512958,3.7237422600720116
A31GT75QQCNITN,29,4.725510040589135,4.740404641634701
A31H1N6RREU2T5,21,3.908047883653131,3.9721769762895702
A31H5YR4HU9EU8,17,4.670821030516041,4.762495020425222
A31I3HXMD5H1EL,129,4.081632652157708,4.177657419160317
A31IRFSY3RA4UQ,41,4.817699006014821,4.831010204224863
A31J3VI9TGR750,27,4.742736873940278,4.747423143089095
A31JRSZQ76YA1N,83,2.448410502569469,3.0504882198998966
A31K5W6NWK68OA,25,3.9807930669740954,4.046623633082014
A31KXTOQNTWUVM,43,3.1802134601912417,3.553518058850846
A31L4088YMENRI,21,4.970441080665286,4.970538726760262
A31L6N9PRJKQKH,31,3.0650276228103537,3.1981472013640757
A31LS5N5M2NV9R,48,3.573817307155574,3.7823890198957844
A31M2QHES2IMB,18,3.323843746793705,3.5969062322204044
A31MEUOBVGE7N6,20,4.531428831499694,4.622068912165971
A31MYLCC1OECEP,21,4.596399196186179,4.62158548719455
A31N0XY2UTB25C,29,4.729547776760037,4.747041676828201
A31NSAP5BNRBBX,24,4.090526826588321,4.269146512871752
A31NUXQ8X8AKHU,38,3.1487197011989783,3.3258991241309555
A31OPSNAXK3UA7,93,4.546234980724305,4.648765447819569
A31P77OI7DJGSF,21,3.771091518862131,3.9352036916618354
A31PS1VR7O27TD,26,3.6400177496716726,3.9933709030140783
A31PWKSMT6DIA3,80,3.064872659430498,3.358180234864296
A31Q7NE0NP3IH4,17,3.807198744229231,3.9971423821377052
A31QFXZM44PRP3,41,4.600744205797606,4.622351630256871
A31QNUZJ4VE7L4,41,3.207409887061652,3.4220371832927308
A31RJQOA0RO3SC,17,3.494482236673132,3.6265432469346184
A31RK6E8NXM452,23,4.5598280376010845,4.614995826056002
A31RM5QU797HPJ,75,4.154907088279109,4.266488304482823
A31RSZYLJNYLTZ,22,3.790372063855729,3.9527783077230327
A31RZMVAFMLB8B,38,2.914124442187397,3.1763048909081344
A31SVABCAC038O,23,4.6804356193038155,4.686682706153826
A31T2HZO2MNYG,26,4.743880681540161,4.749378044559973
A31T3R11BANT93,35,3.988843996716296,4.095003235099655
A31T6DU0CZBKAT,23,4.064267726780218,4.293194222247472
A31T9O4SRD94PJ,24,4.509976331875278,4.6172861430576235
A31TVT9DSU5HL1,41,4.1807617929131675,4.3057532043567495
A31U1ZJ59ZCG7Q,26,4.821376598152649,4.828643925371787
A31U2QT7SAL7K,221,3.845720362832688,3.9789704580662497
A31UJ731BPTDEU,57,3.5440225383530666,3.7181013433885273
A31UN01C95N0TV,54,3.8039523217547044,3.9626146416730736
A31VYFJN38A8QI,39,4.259630277157553,4.324296785071201
A31WF7FOSLXRX7,31,2.899128044734261,3.459647919383861
A31WXFBBFAJXTA,27,4.48636857284211,4.537983452021623
A31X1LT49M7ONU,21,4.294027893668338,4.408182215991181
A31X9O49RQUNZ1,68,3.6772034555358046,3.834173951679705
A31XBEH78E6CAX,36,3.529678502118699,3.6364422383568575
A31XQ969UA7J3M,27,4.7850154206963635,4.791012231852349
A31XZFSV4EVC1X,57,4.019434438572801,4.030057393030418
A31XZV8E9FKY4,19,4.984293125921195,4.984344414665847
A31YMERCR7IRXF,22,3.674448301236978,3.9171665435713647
A31YXA632FAI5K,20,4.204015807396423,4.316849064452003
A31Z2BVUBX57M4,20,4.189930845168727,4.257165397506251
A31Z5UNN0W9WP3,20,4.994567546752075,4.994570256555018
A31Z5UXBHPXOTQ,24,3.7776153426199865,3.9404922475906146
A31ZCRQEAPTHHI,23,4.198850672860261,4.462158670788573
A31ZFF8C0782KE,24,4.4641426745826704,4.524769416306172
A31ZMUTDJGH70O,24,4.824765750862117,4.831630436658644
A3202C86H3AD1V,23,2.1695262331883955,2.311259660061934
A3204SERR7CRFN,20,4.005334013901258,4.162500390931891
A32054N42263IH,57,3.080229177998266,3.293999140024399
A320BTSBIAO9AM,32,4.10586904039485,4.254057481672795
A320EFDYGL5OE9,22,4.661952915532572,4.770798824220527
A320FWG10MCXHQ,78,3.446706150104948,3.753522572672008
A3211X76DK0WH6,28,4.944378639772123,4.94507754827051
A323U0W0ED7YO0,34,4.660558536357452,4.72348498246178
A324LH8S4C8U4W,16,4.450411242021987,4.527833577673204
A324LY2450HRZ0,59,3.274171719435613,3.39611169950953
A3266XQ5U3K7N4,22,4.716030471012716,4.736193581925675
A326R2P2MC732S,24,2.8613447290806273,3.224092362537521
A3274BFCOQXTHE,22,4.901398764539502,4.902636134242565
A327XDTV1Q2M9I,24,4.954153344003283,4.955452127508817
A327XGLRACUQXX,20,4.992627888905678,4.992632349833981
A327YZ9EDPHDOQ,62,4.824214174900933,4.827547020001055
A328547P5BGZC,57,4.733098045173949,4.749800598907055
A328DJ95N6OXN9,24,4.679675340576271,4.751983365198638
A328GLDSDNFYII,20,4.517026623949844,4.604745959989861
A328H12WXFE2D5,19,4.963571648593546,4.963671783673741
A328S9RN3U5M68,820,2.3513156063762213,2.6230907545087283
A3293VI9JLIL17,26,4.830730191888053,4.837880379049828
A329EKM2Y50147,19,4.910488065083032,4.914737171327971
A329PPYNXNCL41,23,4.422365770244197,4.545493429775952
A329TTW9VJ2NBU,18,3.3464650596962375,3.529145754645097
A329U9CDUPKXAC,153,3.2259770026048686,3.552933577814654
A32A2I684P0AEJ,41,4.2576911955572765,4.430742541403804
A32ABIKW6U0O1E,26,4.934493645962425,4.9348364716450925
A32AK8FOAZEPE2,53,3.1249559362584662,3.4163926150590362
A32AKB5NFIAW97,22,4.769242261108965,4.802588668763854
A32B206L2SEXRA,33,4.29003485553085,4.363966310563941
A32B6XWNR55SRL,52,4.5621514175549,4.616693029684522
A32B8VX0HMX9YQ,21,4.82593674682975,4.831278514626068
A32BHDDDOLQUR8,34,3.9260012913855653,4.086323185354108
A32BLY2AAVF2UI,37,4.182241947579559,4.21590703605265
A32C3T5RQ6P8QT,25,2.842349431684659,3.1362157139624762
A32C63XVVA3JXE,34,4.142033778489279,4.251722814435593
A32CBSYBOYVHW5,19,3.3249078138553565,3.4627297781208273
A32CG0V371FRQ2,21,2.0690493803938317,2.243936740597938
A32CGZPC1N4ORJ,26,4.683778041920946,4.722508773354611
A32CR71WP690S7,27,4.016616539200861,4.152937226271132
A32DRQPNRD8G6G,18,3.9317924600160676,4.260298174142127
A32DTCFBBB9WIV,52,1.899222351301906,2.311243983781951
A32DYU82G6X3AO,22,3.5379136312794994,3.912360060662596
A32DZ6QU8107CF,31,4.7617989192283074,4.7998990608590475
A32EDSKLEUZ3Y7,44,3.6695923061386946,3.981468047401033
A32ETQ9P4WYKE,45,4.708820682017358,4.722983101883146
A32F100XE57CUE,19,4.507833068969832,4.593992091082014
A32F9FWB5Y6NW4,38,4.345351830732356,4.403701934000887
A32FKLSK3R0VD2,17,4.960261620085418,4.960568540489958
A32FPMBFK9ERU0,33,4.935605886240562,4.938466550496028
A32GAHCZ43R7NP,54,3.565622692497959,3.7022480312416923
A32GBJTQF0CNXP,17,4.670988188150157,4.694170193527058
A32GCOTGFJ9XC3,50,4.668296225530277,4.68829202535338
A32HTHZDA055XF,15,4.495294989933257,4.548499128224451
A32HYEDLMMBBO8,19,4.450408264824008,4.502203109522493
A32ICV4P19N24V,20,4.549161563292578,4.606101722875766
A32IDF7JFAPXAG,67,3.4364225497187633,3.7669809626777577
A32IQ5ALPRXERT,32,2.1498902782018305,2.549542723604025
A32JGNK1JNUSST,31,2.741452075658268,2.855339923052608
A32JKNQ6BABMQ2,112,3.276213900031379,3.433515418752112
A32JO1FLE8KF05,21,3.734461830793738,4.000358589266381
A32JZ9XNHMNWOO,65,3.605256627316328,3.8430326533349475
A32K4BV5DFG3KP,25,4.069456352009448,4.204647500879055
A32KABQ80Q74XA,22,3.562064547570129,3.669125212558273
A32KJ67L9YZFNZ,28,2.875963876027272,2.9645678261883757
A32KSCY6GQMP73,23,4.385328505107017,4.540468391140626
A32LJA5R33Y631,30,3.0552123439745085,3.496121757501707
A32LQTLMCTV6ST,27,1.7996720371700148,2.2403558114232838
A32LXTPPDRN8AE,23,3.438729832987515,3.5713726299475925
A32M9CZX2NBE8M,28,4.214764280604562,4.46808747582151
A32MSXT60GOCWA,17,4.070713844142838,4.1558041606377865
A32N542JJG02PB,20,3.8929693617421313,4.0306898799519075
A32O4GWGVV9VAG,29,3.5412696562804227,3.851563105997667
A32O5FZH994CNY,26,4.681795009567212,4.737771148900135
A32O98PFC3OP7K,35,3.969770447670894,4.145607954903537
A32ODGZMO7HPVZ,22,4.737624752443659,4.762475531130722
A32OT3MOFBX1MK,51,2.8653634297713393,3.042801680187378
A32P227UJPD168,25,4.963789149409039,4.963909020545339
A32PBNS7SGYRWE,24,3.6342715683805853,3.8868965213566025
A32QUVO0DK7DVI,182,4.800534515761174,4.804843013439824
A32R5RNNT5D6KE,40,4.8485539026581534,4.84979408048002
A32RAMHPZ38XX0,19,2.9812799006988695,3.459006599978078
A32RD6L701BIGP,131,4.084386230853193,4.224747212669336
A32ROXBTBFRT6V,48,4.7278391660276045,4.732970677513128
A32S1GVTWVSKF5,22,4.979418371459787,4.9794843707305025
A32SQS35MUGM6,53,4.482450795650172,4.532908795026582
A32T2H8150OJLU,125,3.9984731934485866,4.092955502677987
A32T2XLRS3XKOL,41,3.1895349853792863,3.5571160212806046
A32T9T9P5AWBIH,68,2.8074471706317787,3.053475832820182
A32U6SECT5IWQ3,22,3.1935105412220963,3.3293375518489983
A32UDTUFU0ALHP,30,4.453143180758854,4.464736810391488
A32UEDSYMOP6G2,22,4.024966233120651,4.134664456191527
A32UVU47R1KXCJ,27,3.9117087007475986,4.032767432876746
A32V2T8IH8RL96,26,4.268552554960363,4.4265220183131815
A32V6BYPBIV2JM,79,3.5278297211113636,3.7096972062277396
A32VBJYVUN1DSC,18,4.415450870148194,4.458117841837891
A32VI23QN23XRU,25,4.749116692854506,4.811056356213991
A32VNI6Y5THB3O,26,3.9887894317015404,4.1574958411143506
A32W8WR1QHAOP6,25,3.9831987838008875,4.158496013173845
A32WSMQ38RG8VB,25,4.984835104382313,4.984844345530278
A32X4RRWMARB6K,71,3.9772205160609793,4.033266028922026
A32XK1ZCXM66OT,35,3.9895631358605175,4.122489391973482
A32XQV3D3I3PS3,29,3.2402938113871933,3.441849095098294
A32XW50ILWOXNO,102,2.4771127039995373,2.599954389573755
A32YGX2KSVGFVP,94,4.249341276484984,4.297980727533891
A32YP7TLINXUNZ,42,3.8030581305432754,3.9174989906343267
A32Z0G8WC39V0O,55,4.1212742365965305,4.245777048123377
A32Z83NM97LCEW,28,3.9159796397566815,4.008396680141869
A32ZHNXLY5H5T1,20,4.142663900332189,4.264446697721856
A32ZIRX9BR6462,32,3.2812849150034835,3.5415024256250476
A32ZOSZVX052IJ,75,4.916346660618548,4.918213179965784
A32ZVYS2VB8FGS,22,3.7485720716080153,3.8420668993761824
A330WTOST03ENT,34,4.7850142769786865,4.805866981199299
A330XFRJKS3APU,24,3.3935447151940603,3.69813637049109
A331MK84CO7GOE,21,4.092161097376143,4.2313390573139635
A331OF34UX4Y1K,188,2.6264744808100877,2.951014839955819
A331S5N5PNSOV0,36,3.556051522899721,3.695070722096738
A331U4RTWRBO8V,21,4.196978121340682,4.307917003207513
A331ZUPRPHE5D0,35,3.817568497594222,3.9460687916825443
A33203RZ8QH601,18,4.953190555752259,4.953658979029574
A3327KH3Z7GZ1F,57,3.21975850036752,3.405386250524744
A332E08TQ5ZU8W,19,4.031687503718244,4.151947384478007
A332MW6OA1LYDF,38,2.954871361110579,3.2412295208950974
A332SN5GSXCJ9R,20,3.389357257560963,3.672495999364587
A333J214SI1VFZ,22,3.5894296801242107,3.8626193297636533
A333SMDV91Q8W0,46,2.5519994870493248,2.796995616635315
A333TKE5KYTW0Z,47,4.905635266109451,4.906413066038734
A333YXP5QBXHWG,25,3.89701607347368,4.119610586367334
A334DYKDLA9K8L,48,2.631241429509394,2.8899258536273775
A334QZVZHSD54V,26,4.251996471497984,4.441040764178051
A334XES5OQBIL0,18,3.9371833540508154,4.122296697010466
A335IAEYDXCHL1,30,2.218093024540032,2.4917274082066942
A335JCRHG40DUK,37,4.8571263139005785,4.901529573695195
A3362ICXMM3RFJ,19,4.978952122190175,4.978991922254867
A3366CYZWLBO5H,24,3.802718066681376,3.949202812462209
A3373I4II32NA1,23,4.89382605632269,4.9023914113881135
A3378AI7WL8DDD,32,4.574369587859579,4.641584327824526
A337LURQ9IG7GF,46,4.574017854511318,4.604437973189141
A337ZBWBY9UC1Q,92,3.67706236551004,3.7769544821696113
A338FOOEB7FUGG,49,4.177338948891857,4.375767371291717
A339NZQKH84XZG,27,4.321147343981014,4.468899427910335
A339SON5TUTO54,36,4.182340744544587,4.337829215269457
A339WSI0KE6IGZ,19,4.40970817495727,4.418234539992268
A339YAK9BAZLH8,18,4.937339169785165,4.93779149339981
A339ZVWDBAT2S8,22,4.372183751591531,4.445061531194162
A33A18ZPG0S6QZ,30,4.122481466810692,4.247641732810958
A33A78WO66C91Z,17,2.965752120520725,3.2692956644153055
A33A7PHDZ7WZCA,21,4.884329997061819,4.88614174413372
A33AECFC994I43,18,4.0996999413668584,4.415187231813496
A33AO0EAQYLC5I,17,3.809647095433553,4.081427000597378
A33AV44C4FFZL3,21,3.7407268807379017,3.940824794255552
A33B85TN97HQ33,19,4.464965485558857,4.499023356816564
A33BU0HK2M7WZ2,25,4.693884477147766,4.710379008664857
A33CLVW2K7SL1P,77,3.008482429409855,3.243235606283028
A33CMNOL858GR,19,4.872420559491645,4.874088885076277
A33CR65JEV1TJ4,20,4.187336364330475,4.319270496088481
A33D2MKED6ZENS,23,4.635641496737223,4.65762819304645
A33DAHEH4827M4,21,4.63805136815006,4.661404235711361
A33EN2ZL2MS0CI,20,4.128786254821466,4.238770061269541
A33EOZC7CXW2GS,21,4.219130950675663,4.269158413840191
A33F0T8NMD45ED,23,4.48061278562324,4.574939056043064
A33F1X573GZSNQ,41,3.9018544842887675,4.034271882971171
A33F8ZLBK7WWD9,47,4.000356055913207,4.163825029148852
A33FA68V0NCM5E,30,4.031178608630296,4.181369048082297
A33FCLUEQSUD68,24,4.162200403354793,4.306337250903826
A33G4HF1D4LN0U,35,4.191926745511204,4.311742480994322
A33H8DC3ZG58T0,23,2.904535001662843,3.1124841858483046
A33HHL9IUCK2C,23,4.906463254200731,4.923998905768964
A33HJ7BT18SRMF,22,3.8009177440928705,4.050420494573149
A33HLTMMTYPVI1,22,4.952876483801914,4.953757797927473
A33I7TEX4OT1XQ,46,4.282667237135838,4.324314383535304
A33IAX109AP39T,21,3.733864146404202,3.821207130285254
A33INVLQJIPWYM,26,4.9487468883740355,4.949160479370126
A33IZJVCKFKDPU,23,3.4371615764394696,3.6077588180354137
A33J61NHIEW31F,20,4.2303482437967865,4.382364168648119
A33KMI9T4QFEE0,22,4.966481033822568,4.966537212373312
A33L1ZGEO7HNUB,20,4.155297148770066,4.3035675053254705
A33L7G4E8CID3,80,4.027408655827883,4.201534142372381
A33LDVDOB03PS,25,4.52760952013213,4.589683669738895
A33LMH8SBNUA76,34,3.35556602443957,3.6221598384937588
A33M07VZBYRMPY,45,4.392035424291129,4.414591658727937
A33MEVKGU4ARYL,40,3.5822187813994253,3.703992381356838
A33MGPXC6O9DXB,22,4.8032002408144185,4.814591114737782
A33NKF3Y0CRGCQ,20,2.9781866833393087,3.0413593781267125
A33NW7SHZWFEAO,35,3.559252681426672,3.7163686673111
A33PAEF9RAOMJY,30,4.3165300167475245,4.462370915846419
A33PHKJTE9LXWT,27,4.084982418518327,4.336908891520928
A33PNAQ33DGBJG,168,3.518796703522809,3.758101505294927
A33QAS2S0I9WDZ,15,4.10851005106498,4.352844519550228
A33QK58U4WFDO7,19,3.4103016651299485,3.743591392821844
A33RN6T49VEFUO,72,4.229444090305578,4.498918032670819
A33TBHM3O9AY17,35,3.640084086901665,3.7502936534319242
A33UL9XBKBB2H9,47,3.981359610061394,4.068158413329382
A33UUT7UOAF5PY,51,3.8266402872601533,3.918896314003276
A33WBE1UFHZ3Q8,21,4.484290398271927,4.508476524049182
A33WTFZCYRI97K,20,4.363944976686115,4.531625167404444
A33XHXRTRZOQ12,40,3.996824201189073,4.063823656006286
A33XVI31O4U4GQ,26,4.736604906108682,4.743033358063934
A33XXDOI9X064,25,3.2879813484347595,3.635893884389887
A33XZ94NI9WWGS,27,3.280761372954331,3.539036429998151
A33Y0UC0PXFTVZ,26,3.5135700366989693,3.679437047816792
A33YRMFK5Z2E2I,23,4.438261184435052,4.472502210897575
A34097A4JTHOLP,33,4.24459466917757,4.308942935659002
A3409U82REKUQM,14,4.58501789378573,4.637610524410351
A340F3X2SMY42D,37,3.640268446930738,3.9392880817564113
A340KTL9KUGYB7,52,4.160997542394383,4.2393089864355
A341BG8RMH8QW,37,3.5390577105546854,3.6677399804827817
A341T7E1QOHA2I,19,4.601065396943997,4.7282191203007935
A342CAVHO0T0PC,15,4.303715685061737,4.465649324131952
A342LP4ZK7VEVI,17,3.4512316999841604,3.824517659369882
A342RRPTB87ZK2,22,3.9906238414135236,4.013470166733189
A3438YNXIV6FN5,32,3.6254197941372728,4.025131887599547
A343P8MYJOV4YE,18,3.926186116233941,4.1520213036676
A344FO8O8Y6JOD,20,4.287981131957343,4.440409635263755
A344WJWCHAPLYY,20,4.51728377585074,4.6200080723948105
A345WVAVMMO6F0,96,3.1516282911352413,3.3306910907286538
A3461HGAU2ARSV,18,4.864442173043563,4.874637489513469
A3471M3LYN8MVQ,33,3.2100512976862956,3.3801880531923083
A3474ZR07UN1CJ,44,4.449247484135291,4.536169267863501
A347BHVCAS9507,22,4.998772030887665,4.998772201871046
A347I00XTPNIUP,21,3.9102693653649077,4.083453395433068
A347JY96RJ80QG,62,4.690553100635915,4.716199140259986
A348KP7EEY33IO,25,4.74542163043433,4.7768002989607945
A349692FIJ8NCC,21,4.387355573462788,4.477743861825464
A349A11Z5GRDJ1,61,4.503001272783418,4.6307789516148885
A349MZ8JFVRRAC,32,3.3709146874557447,3.7268089237959616
A34A1UP40713F8,34,4.131159988926262,4.215604016983924
A34A7QEBMYTALW,28,2.982184432598398,3.4004935773002565
A34A9292T4UJKA,27,3.8392996256314964,3.8520860003218758
A34AD2P5FUTJKI,21,4.0159884248254585,4.164237753751391
A34ADX5WDA84AP,29,4.196141100430501,4.300194283691165
A34BP6PCVMX46G,17,2.688961919488604,2.7261957685593914
A34CC5DYPOARRM,22,4.578645413203305,4.645766274172916
A34CL5P0GXZFX0,22,4.549640881579595,4.579066880037272
A34D06JL7LC6MU,253,3.942646138188172,4.000990356777931
A34D4KCP94ACJZ,91,3.2468475317885956,3.432956637843667
A34E6DC4ZJIKS6,32,4.209297303327099,4.316320674249665
A34EAIWRJQP4AO,68,3.8582133994538568,3.9681399733539835
A34EVL0OF3ZNS5,24,4.993126107823376,4.993135420789939
A34EY7MQR6QFRA,50,2.5784190150995148,3.07633787895117
A34F7JSAHJG0ZV,19,2.7677563350989716,3.16406301417797
A34FIXMNVBMS1T,29,4.425786485825154,4.56542270030091
A34FOBX00IG5ZC,28,2.6609884069793965,3.2004604142892576
A34FUHQKA5O4ES,23,4.710764235620419,4.740262653553661
A34GH2NWY1WBBA,36,3.331490624652126,3.4878592971067017
A34GZ8L5ITZTF8,18,4.451771627103838,4.504322407284719
A34H4R4RCDE1IM,20,3.9742058670087395,4.082923999606346
A34H7ZKMPEMRED,40,4.121456899638243,4.184590264068358
A34HL52AN3IZ50,43,4.215762675013177,4.3328493048469205
A34HWUHYL67PQ5,18,3.367214443889982,3.560679084984725
A34HYQ9BQZPE78,32,4.69867813053093,4.713010637964184
A34I966792JQEV,25,2.761206416263795,3.324277716101289
A34IBXM7E8CPWE,184,2.953992873866011,3.221208934054721
A34IPFRTQOQ2VZ,19,3.8142032583040804,3.900655218795215
A34J1EA8DZSQAO,25,4.951736394944332,4.952070633423096
A34JDN5O1H1WXE,19,3.65823723970654,3.8801903341429083
A34JI9GIAY1RW3,80,4.875790832111631,4.894495939923163
A34JUNPCKFII1C,18,4.236977876628147,4.347040838321954
A34JUT3Y2BBVI2,33,4.901736359927525,4.928702611146422
A34K8D262NZQJF,32,4.092349949212302,4.156862694263069
A34KBK8ORA5GRV,32,4.46376580262479,4.584603814790734
A34KKYSRSLHU42,22,4.3302374541823685,4.3898778603182
A34KT4Z3VOHKIF,31,3.771178396447438,4.044700147790627
A34LWNROA5CTKA,25,4.829040442315421,4.830407782930512
A34M2BSL7CXEHT,25,4.101299846252225,4.3170452067621845
A34MCFO8OUYFVJ,23,3.9235174028252997,4.049977003296459
A34MNND2ITVQ13,19,3.974314152301305,4.045586481440598
A34MZG6QZCHFCO,21,3.1053512718679186,3.361942284461171
A34N6NJKZIBFQG,19,4.140264392960259,4.218448108030392
A34NBH479RB0E,26,4.008980519975113,4.222589695495212
A34NYF27GCB1AL,29,4.216200143298847,4.2915682892691915
A34NZASL0BNUQV,20,4.345048126125363,4.447464790921934
A34O1FHEAN9DN6,21,3.3122103935407936,3.604174283463118
A34O9ZW0NF39UT,22,4.319991280528126,4.374813124427606
A34OD5GD02R6KN,87,3.2983774026617927,3.413408889102057
A34ONHORFZAJGN,17,4.504283490512076,4.582173414777525
A34OQNG8PLN9D9,33,4.821286169183074,4.832409178530537
A34OY779P1AA8A,38,4.844512754143388,4.865913952646898
A34PAZQ73SL163,90,3.9599140253215253,4.107557387482592
A34PHU91ZPOFL7,108,2.818637628974208,3.078928057770067
A34PIQJX48C9D7,22,3.99674707927319,4.31503980024792
A34PONR2AEW1WT,24,4.861222169167568,4.877411150620992
A34PUCLNFN62D3,42,2.8290796372138702,3.2793222353501834
A34PYYB4L7XJLL,19,4.354550746670289,4.42990210228809
A34QF8RYP1E0WV,20,4.738142531846897,4.784483729349452
A34QTTK6S7NG13,31,4.445855800671526,4.495070428135313
A34R41Y4XWH6ET,20,4.869707211228268,4.889320515078167
A34RAHIG6I5O0Z,63,4.0743513205851825,4.198966230397572
A34RDZAJQLE5VC,27,4.328492800998682,4.373827799022102
A34RIDL6UPQJFT,18,4.890321881641425,4.895470335019548
A34RMJCX3R8P9J,19,4.042452178638396,4.38649869079384
A34RO7EAZ5C5FH,26,4.432917635849778,4.463182560797215
A34RTBDTZPBC80,21,4.44324674179005,4.528504691427875
A34RW2KH2ZQSNT,50,4.827260995156873,4.829433941636759
A34SI7RT3BC3SF,19,3.7709175968493507,3.8900134942521887
A34SPFZIHHN907,28,4.330219315577124,4.4017649381632555
A34SXB1Q7FQVN6,25,4.696951213201588,4.734926169939003
A34T3A9GIXCSLD,22,4.679791385335895,4.71255456381322
A34T4T0XWENIJT,28,4.614799671787859,4.701261909435433
A34TF7RV7SWECN,61,2.5812257113372037,2.8755569583744927
A34TH6WS862IDU,29,4.813747642445129,4.828398750565906
A34TIG1ZUBDZ5X,29,4.344145750745632,4.386551655577533
A34U20SROL93FG,20,2.600828364245347,3.0812179935661907
A34U3YP0DGBJ79,25,4.196639311375258,4.312589054124317
A34UB2EJV7TIYC,36,3.475616062531694,3.6552729407282376
A34VV0DDR0OFE5,26,4.222341698936493,4.350302253408658
A34VV92TSLC37R,30,3.6152721168834727,3.7744625869127533
A34W59GPOUKU8L,19,3.959078912973066,4.049031630910826
A34W7QA4J5UTOR,34,4.0960813152705216,4.162369595813476
A34WDX8CYAXM7M,55,4.785155268879918,4.798339657065073
A34WIF4B9G3QX9,30,4.974691642302351,4.974737803183393
A34X20QSBGEMTC,69,3.327311318682722,3.546969224611412
A34XPZS5DXA6HA,29,4.420756768027533,4.486837913427818
A34XTGCCP52L5H,26,3.7411905171391604,3.889454433346205
A34XX02SEVIFX1,28,4.914292868769535,4.91678592709833
A34YKHOG6DGIXW,21,4.686564952915011,4.718212829172959
A34YRSG37HORVH,32,3.5925135604145515,3.9772257969843507
A34ZAYTNP67S83,40,3.561477041249629,3.680421730718203
A34ZEE660WGN22,21,3.2667198020976826,3.50866111620073
A34ZVLFQSI8O2I,26,4.059977666209934,4.132381450402634
A350IIQDMYY8IT,26,4.951633297948762,4.953118091244856
A350XV10TNPUB9,26,4.710088730187223,4.754682724661924
A351338QZ9X5OW,17,4.0141704996498815,4.355364426273687
A3513EK5LRMUXJ,27,3.9807456991499106,4.075186233900755
A351AGKBHBXPKX,18,3.0830689068169206,3.6085426330643724
A351AJ17BLRZHE,21,4.47335386438685,4.55380905510742
A351FHQG7WUIEY,23,4.246419489944416,4.35534417792841
A351XMJF8DCD8Z,30,3.9705249526795043,4.109306446893095
A35265J8JQHNIO,24,4.032602889850573,4.202707351046993
A3528P8SBSBH7T,31,3.5750796746881734,3.6910861694613946
A352JIKNCQUX6J,18,4.007015050857124,4.330158320687611
A352ZABOHUPXX6,34,3.7229612698654475,3.9309485753994444
A3530CKR271HZC,18,3.505004481708307,3.959610526989186
A353D2RKT2FHCL,20,4.940669723019813,4.945458687133821
A353RK98DDZY9J,25,4.530785264806633,4.567248674530067
A3556OZB7T761,17,4.71441430299302,4.732116304558977
A3559I6Q7RCPP3,32,3.925191040072687,4.093281622044208
A355DIXLOX0XYE,31,4.984069065404116,4.9841265829506805
A355ET5ZB20NAW,20,4.649379796341787,4.677646588272088
A355IJRNPP823C,21,2.9114077963108693,3.1917374653198753
A355M5AYKFRNDX,18,2.570947386121489,3.0189896420538833
A355SORV7PXI93,47,4.885996576330307,4.895687812151489
A355WMP0CQBJFX,58,3.9402551814256936,3.970281171832757
A356HRZZFCEGL1,78,3.4431718961728324,3.5830166543373516
A356IY21Y089VK,74,4.714127982275581,4.778819061468413
A356Q3TNI3FVZ1,23,4.718760768618902,4.79281066530844
A356RFKNIG043B,192,3.326363371027526,3.4913093288365946
A356TJCTCLDN89,59,3.0833047332390073,3.3062781486944193
A3572FTYUQQW3P,33,3.2932032512910396,3.4672491563947436
A357EQO27VKAF,19,1.9748971375218944,2.1533464576921015
A357OR70I9DIFS,25,4.270618527060068,4.346009260682939
A357PR36ZKWF4Z,41,4.141235460290232,4.2766800042510935
A357V5F3KAMYK3,31,4.3208980183260115,4.455543977571598
A358CBXDEJYBCG,26,4.285727202586922,4.392239573158695
A358XP3X4U0X45,24,3.606839086635969,3.829251738636318
A359587CV73UJC,20,3.5281265364936325,3.7517097022089416
A359IT81FBX64Y,51,2.9776192875690786,3.261412208798397
A35AAZY6FQM64Z,44,4.093346719895935,4.216986268048534
A35AB1CNWUE0A6,22,4.563021425511459,4.667756591371458
A35AMPDFAB8JLT,125,3.952760171615918,4.033755898308284
A35AZHBCVL8D8M,18,4.76623248416534,4.795730150887739
A35C2IVVQR1HTK,19,3.7134266279299473,3.94721965508433
A35CCGJDNXUDY9,18,4.54732430818256,4.5972225870089005
A35CFL0MT6K4HG,35,4.533948988119916,4.63955598601558
A35DI28HRSEEP6,71,4.208729397068103,4.298005350546886
A35DKEXMX6P22R,69,3.6932296056510765,3.953143085488906
A35DQTGWDDL6XP,18,4.762224849919112,4.802965334007486
A35DVTKP3CBYNM,44,4.670107938276311,4.685884090321806
A35E0VGWQKCADS,45,4.1429262633931145,4.318612950372533
A35E4IUDV3Y9K4,21,4.890758645768138,4.8963405770580275
A35EDSSPMZOBQY,23,4.994115383300862,4.994118611549038
A35EQ7IKJK5I01,50,4.617869417761659,4.669997784941538
A35FC3DWA1M79H,26,3.2162355059317074,3.391908326113501
A35FMDBNQ2SI52,26,4.317664440119723,4.463134554774647
A35FNHQCMAJW2Z,31,4.60612062243084,4.629406267854246
A35FRSYX12MNMM,29,4.480159613613633,4.547816174981727
A35G4C9V78KM15,21,4.974478330152746,4.974531815521326
A35GGP0VUXMF1B,15,4.149840182988138,4.3018138775114165
A35GL5HSIW28W8,43,4.6206948741559515,4.671985023465205
A35GNQK1DC7WXU,215,3.8573266906570125,3.982987861121688
A35GUTA9XOXS6L,22,4.535458397244306,4.64271388929178
A35H06XSS9BAGD,38,4.346940498344,4.409510538742417
A35H2EK6YHZFCL,21,4.917143939865505,4.91822177471981
A35HKBYVXWIEUQ,46,3.7249983019051043,3.9467854038256664
A35HMLOGI89BG,33,4.337614481498944,4.427501004553458
A35HMOBVSHD5AP,30,4.369438958461768,4.447797789750415
A35I428M5WAT5Q,28,4.137309051553846,4.220148108859703
A35ICUP4LNPI64,20,4.226008550697424,4.316595441080801
A35JCASWZL0XBH,29,4.469760854332806,4.540600120038741
A35JRUKMF5NWN6,50,3.829368460168758,4.018678124071484
A35K84RT618N3A,21,3.3503329724803,3.5082618278121456
A35KMUCK6WILYU,21,4.260401183492762,4.371559154505578
A35KOIWCZEZI81,21,4.696106744767509,4.711998692178075
A35L0G69XO1CHA,24,4.978279837271757,4.978326723278926
A35L2E8M7S59MQ,70,3.5130760426940295,3.6886819983891503
A35L7BVYRXO6LZ,23,4.98054211757088,4.980599690589129
A35LGAT3PZD87X,26,4.85917232379769,4.861001625822123
A35LT2AZ2ZQ4BQ,23,3.8590060428459454,3.973165305848165
A35LWA8VY66G8F,64,3.8642122925360245,4.234765787051183
A35MBKI875TNWZ,24,4.20659935640946,4.355124058778032
A35MKR15IJGP3C,22,3.611092679557491,3.7294598167914264
A35MSQSDFQEN4S,38,4.389012970601788,4.491911925674646
A35NRPR9M6Z708,17,4.020703887314092,4.290277387607116
A35NYBM3BZ089F,28,3.321276768916252,3.4322204187216614
A35NYSTNU0JQD1,38,3.9424621791755468,3.988455439317511
A35OJ7V2VAKD04,18,2.524720556326624,2.699197381481606
A35OJBMN5SBK1R,23,4.3334433975129825,4.46097557341427
A35OMAVBSYM5O7,38,2.2127657637667464,2.612140458211703
A35OT6P00676SM,22,4.4522006819695195,4.540143821777737
A35OZAGZX2YRBM,45,4.603354486833497,4.6300665803064405
A35PE9PQHJI0PG,24,3.6899025239902152,3.9571575361995714
A35PF4XXTB5A8H,36,4.138963199964125,4.2404682879954585
A35PZTS7QGFXV3,24,4.362955481136642,4.431195501200731
A35Q36CDGMSKZB,77,3.565611901482265,3.6710144802420084
A35QF1GDLAFYCL,27,3.3191065489717357,3.565027754488487
A35R8PJSEURHHF,96,2.394165179086735,2.7576482562057496
A35RAF7JGXRL2S,24,3.681149445117485,4.112936020409503
A35RCE15OI0ENL,50,4.2691165748319015,4.3538296814354664
A35S0J153TU87Q,21,4.222728048228213,4.38797492943364
A35SLT2E92A9Q3,17,4.744968828058431,4.7613622629249654
A35SMT4HMM3KV4,17,4.614585466154173,4.639333349394405
A35SPO2IZI0NOL,24,4.618788351053663,4.64171094102265
A35T704GNU6755,25,4.529893625023541,4.577256894545831
A35TBT7UL6HATD,27,3.92853867580626,4.154867484326088
A35TR9OOETQ170,102,3.03065257333066,3.254090309475672
A35U6M2PQ2LAXS,16,3.695521902425759,4.078337771837818
A35V32HZEGZH04,21,4.228274949669589,4.285693448617158
A35V6GHNL0Y4BB,21,3.6436690387363586,4.0134361760448485
A35VG5NCAWKUI,50,3.6392836084380678,3.9291708993195322
A35VN462HF1YTA,18,4.138509665925937,4.349655439207974
A35W02MUVYH1RF,20,4.199197680248527,4.28775701111154
A35W85TU1X17NX,19,3.2552147055167024,3.473751593018437
A35WKV6KO4685K,22,4.550920113678959,4.565023014924548
A35WSU67EMEGEH,51,4.977750818374467,4.977774938401645
A35WVFSULRE1G9,19,3.3469877817314977,3.571866766630457
A35XFZN4MWNKK4,21,3.7938751169058262,4.056136582361859
A35XG6755DWOJV,31,4.19682635476219,4.308244367096188
A35XJS3D9FEJ0S,19,4.733995972349806,4.820279667312336
A35XMSURGM0L1N,41,3.7521310528035805,3.8536758300664338
A35XUI9HGMAJEX,27,3.3602118224543114,3.727070050394534
A35Y06IM5CI55P,18,4.04736885097966,4.128786716122327
A35YDCF6269RS5,19,4.509884052128075,4.610062444109507
A35YGQ1HTVB0S8,16,2.805751312498344,3.2802172443884703
A35YPQEWBQKO3J,32,4.001192347085314,4.248944486123208
A35YWA2V4QHOJ3,193,3.992988918600548,4.1400196609272255
A35Z5GK4BTOEE1,20,4.854399488701487,4.856271722727694
A35ZJY01RQSY5O,19,3.9740183273616982,4.244787169473079
A35ZK3M8L9JUPX,545,3.2537227950964636,3.428913787173113
A35ZVY4GJ6E340,22,4.618361692632721,4.66841623366305
A35ZY4VJUCJ19W,40,2.8491499926623423,3.0777381710864455
A361LE16VBQDP8,30,2.208297190029437,2.656043471316435
A361OYW8HPHP6S,17,4.995694094790217,4.995694943323147
A362IZXKZH585B,27,4.3610296422604495,4.390963095626263
A362K82WIO2G4Y,32,4.240550901152239,4.334815571685909
A363BR9JFME584,30,4.743307376017162,4.755262077420011
A363C8RD6ZWZFS,26,3.8701272526199917,4.249134423514186
A363HKFJUQ1NHF,33,4.859977146576741,4.889232324575371
A363ISLO5HHMAO,22,4.8646950388525,4.873766807810994
A363QRXP83K8ZE,64,3.317520623809359,3.524777370932238
A363X5R65U4JSY,28,4.2172258518892,4.288155181139523
A365IJBFTYYGNJ,19,4.423187663060477,4.450346667506165
A365J1ESBPLXLJ,42,3.9876147803954893,4.125275911496794
A365JD8TP0V7IK,20,3.1658460895755702,3.484616287956311
A365MYNHF7HUFB,19,3.888090234365612,4.102081109578446
A365UWK3K5SD1X,18,4.660504732483339,4.70846282562843
A365VIN0ESABZ8,48,4.339645232988324,4.455260774230297
A3663SURZ5BSST,26,2.8695810661779357,3.199968949918275
A366JNHOWLQWQQ,24,3.8018669005293364,3.9120246695311764
A366S12KCZ280V,57,4.319569171900476,4.421293059738096
A366XZLDMWBKX2,17,4.705153792668072,4.723628137494623
A368KJ923XJZ5Y,25,3.5813943416506877,3.6659473478049813
A368OUN4TDGM2T,17,3.623239616089028,3.686247779444168
A369VFXOXLJB3W,19,4.329372828775446,4.430576307104873
A369XCX0AB8LSH,17,4.509044736498162,4.652869806814735
A36AZ4KXMJ9RK4,25,3.9384909314363528,4.105481989271199
A36B074YGBZMTF,41,4.306456449234803,4.518546230518969
A36BLPWZOD9INK,29,3.5716778862030507,3.683359842560848
A36D2V0Q6PGJ2O,16,4.865884041894218,4.877076812555975
A36DFNGL1CZTKW,20,3.3262740535009607,3.812899601141114
A36DZNZL9H7KAP,22,4.890595501067266,4.898858079593368
A36E1WMU0OLNB9,47,3.4870476490246074,3.706518404670697
A36EDWL4F3AASU,39,4.096495864566293,4.281208442851596
A36ER94271DHJZ,26,3.310123849483963,3.5692098175091274
A36EW68H08UOCS,154,3.8183248960614766,3.9239515453621183
A36EZ9P2TPIG8J,26,3.6266910016870573,3.924019659067729
A36EZTKA504FAG,41,3.202254571714282,3.3429030998652816
A36FCL7MGIPXRD,20,4.090031510320889,4.352665765188003
A36FLZD14YZRN7,33,4.8730065740175705,4.88617420708272
A36FOT2SDH56MG,27,3.4904448369219385,3.7612211848892585
A36FRBJ4QO0RQ3,29,4.770902616540727,4.793186689573856
A36GQV2C4O0DXE,32,3.7931398122649065,3.9923326443410057
A36H16ZJXUIMZG,42,4.354970788135143,4.469491963188788
A36H6CP232NRYD,39,3.9759938016367697,4.105587584551657
A36H6W75LS94QL,18,3.795960205180575,4.038671946016886
A36HBE2C5SQ2E6,34,3.6035038391371885,3.8163729794991825
A36HDB0ET2CGKL,27,2.962570468205041,3.2066265813460277
A36HNOVQBMY7SD,20,3.4184795132821444,3.5630067816769477
A36I012JJTZUZ,58,4.376614007304939,4.429942438577453
A36I6YJW4ATZZF,47,4.03844151039333,4.182036424489972
A36IKMG970YION,26,3.9909662025788086,4.131504968214424
A36IQYHPQCRANX,22,4.7999122541361565,4.809527603443064
A36JK8MZ59X3BH,21,3.1173052180229064,3.6114241678322876
A36JN7CKOPEQAF,33,4.273071252034472,4.353384911012282
A36JPQMTWPQ4GK,14,4.116001948991964,4.28647868513175
A36JUBP3T2705X,29,3.4045203803258772,3.5838752925209323
A36KKOWHZHXKXW,33,4.103054746200759,4.2569696054826975
A36L14SAHCKT1Q,26,3.9014233984511386,4.092887251461015
A36L1F0YECOAW8,25,4.568114296018175,4.585334392972432
A36L3NRW858ROT,26,4.674269897590357,4.6899559145344085
A36LAUNBNFO8EQ,19,4.9905403013216585,4.990561757370541
A36LF53ZWQMD3X,19,4.6921715417857595,4.696398955141649
A36LUBBXFGA2Q2,39,3.034855424865082,3.3140957782289413
A36MHSUQIH1XJE,21,4.420519194929989,4.461727306635079
A36MI5YDO96LLG,29,3.822842954847938,3.99015070760633
A36MM0IDWPFIZ8,30,4.280101060394029,4.305769861531113
A36NF437WZLQ9E,31,4.415900003762563,4.503835402359568
A36NUDST4Y5JBA,111,4.261914216667914,4.304187337790374
A36NW00607K49I,19,4.40271313213859,4.530399483366396
A36PA6MRTVYQ05,23,4.5216552902174065,4.574055653210962
A36Q4WV6CNHBFW,21,3.8084014318314985,4.014224100405134
A36QGG0R0M1HK,27,3.001768350076108,3.4208658723363277
A36QYTMMJ0O2IZ,61,4.501169663209332,4.559090849721408
A36RE9GA1TK1GA,23,4.431335675745737,4.486474763086657
A36RIPWL7NKHPH,36,4.1888001805204125,4.280547866600809
A36RM2S7UD5K2R,29,2.693653475586493,3.240809364677168
A36RO7NCM6IUGB,31,3.4654130066575894,3.6284835770112767
A36RRLVEBABY5Z,21,3.7921301796996443,3.9711272899684356
A36RS3ZMNE9JSQ,25,2.429765640681465,2.6325951971867076
A36RS7KTNOBROF,59,4.102681654471359,4.278955489334889
A36RYZG39M9D95,28,4.443574888789111,4.519637185559774
A36S72H1JKH2GR,40,4.57177334567343,4.649518675956353
A36SL1P1YOIXL5,32,3.412049758618283,3.632043653623169
A36UHNAXL1A9X0,55,4.422529748912105,4.534706462532112
A36UY5KTEUE2A2,60,4.55722379535205,4.609515410369844
A36WD7ATW76QZK,34,4.452517787463539,4.539978968494979
A36WTXJBYS3DB6,21,3.7919302016227268,3.9483072277966578
A36X1A6BBMKX3N,40,4.636481284223345,4.66830419255915
A36X6YRWEQQ7PW,19,4.610466048756505,4.657772274999287
A36X934LXK5A4V,21,3.670232063418332,3.7449543375350354
A36XUUL0ZFVJV6,55,4.405272110450679,4.468258397922378
A36Y3LV8VSWJT6,20,4.1951168989358525,4.339566504292994
A36Z35YGNRE7ER,30,4.7933293670709585,4.803501090875158
A36Z9R5SLRIFW2,25,4.956815753081668,4.957101161226195
A36ZHI3Y5S2HUC,20,4.7765879535825775,4.8034036762087196
A36ZQ871P3PZ5D,24,4.9670428738596595,4.967252321448406
A3713PP4MADKED,20,4.055938372725945,4.1903664688747595
A3716YUQMKH3MC,17,2.4448090091185684,2.6991949341987014
A371EYWDGHVSAK,34,4.957393761663018,4.957956109008853
A372E2ARAV1WNV,26,4.601368029161072,4.6485116734106064
A372IBUKP0MVUR,27,3.0711735677808347,3.3230163034425066
A373LY69LKT8CA,65,3.296311240520361,3.603127913275901
A373R1CJT7JEKT,54,3.847079518713022,3.9865145803775417
A373SQGOF9JCL0,17,4.470655848837719,4.494998025046851
A37490VOVPO6OU,29,4.069065381970742,4.179430999231134
A374N6FTIT1A7N,36,3.77448522662882,3.9207160134096135
A375CRY72P6LJQ,22,4.277743324936581,4.336082567997844
A3760Z407W3V28,19,4.511159168743455,4.539073404108578
A3767ISGW1FBXC,22,4.736093215514916,4.762994147313521
A376GITYM7MQ6J,26,4.063134297073246,4.179913824564027
A376GSWCFEPJXE,31,4.55568645622091,4.659101601882446
A376UHS8GODI8W,33,3.9347140761203985,4.11810870303739
A377NLBDO582PQ,26,3.9999033632326513,4.099285203509978
A379NV20LO93TX,21,3.9185257467696406,4.024600102837788
A379SAP75SPDHD,20,3.984326361401977,4.105241649036812
A37A8FHCCXC1JI,24,3.652871683593256,3.8307596327694977
A37AAQ3LZWO44T,18,4.50153340328623,4.630658779164844
A37AT0EDFCNFBP,25,4.90557463773322,4.909717833741004
A37B3O457INKEA,39,4.246203384454512,4.294804524625528
A37B576OA7Q5XP,36,3.682668512472005,3.99311582738905
A37BTU85F17716,109,4.449515147447462,4.476603936521764
A37BUQP0OKPSIE,18,4.5992743244198895,4.632205050727065
A37CG1RKXU0U6T,19,3.722220814837992,3.938017019853892
A37CVB3YM5VBY8,30,4.532015444713435,4.561459190995745
A37DK8I1OFM8BI,18,4.574050201745777,4.635277649642018
A37DLVPKJZGSQF,41,3.8350942798215257,3.934067677723356
A37E3NZOWQ7J75,48,3.6382911575385664,3.9289233848328378
A37EGLKQ6T6DWF,29,3.6014665132963275,3.839804673726149
A37F59SH846GEE,24,4.498090025899761,4.524913914088641
A37F8W82A1E6L7,18,4.459682548745809,4.511886047986629
A37FC6SI13C7ZG,28,4.992008551055312,4.992019434884558
A37FUJC2L7DSPT,51,3.4262985882477106,3.639899973358665
A37GRC3H3Z054R,37,4.896015294488291,4.897083617859927
A37GZYQSS95XKZ,20,4.969213944207281,4.9696627784386065
A37H473BZHX9P0,25,4.732864195750201,4.805817688730232
A37H4Z5YAD6PPQ,77,4.310859594584098,4.437349230720025
A37HR7YRZQJQPP,35,3.527522212333003,3.8067598818201023
A37HSVRQLC61LM,28,3.7544906399743994,3.949052684273093
A37HTQ7IPPAZV1,18,4.633993875352488,4.6957745443515115
A37HZRK83X3IQW,71,3.365015406043786,3.529625883582654
A37I38G8XXVZTX,43,3.681625743206831,3.864377708719731
A37IHRVO8JWYF2,24,4.441253435246987,4.51636635097704
A37IRE9GZ0CZ7I,25,4.114928962948892,4.335232271467605
A37IROCI80YM4E,28,4.39104217453922,4.469071782005988
A37IVIAKXV6L4C,30,3.7201994281424655,3.7615618114240323
A37JEQ2VLBYN85,18,4.246170376831996,4.394301039659549
A37L96ZUY5WQKH,47,4.975765295071913,4.975841131371096
A37LX2TUM7HAMJ,24,4.484517661512062,4.544232696429276
A37M1C40G34OJA,71,4.359909289368403,4.402835907040311
A37NL9EDUT23IV,34,3.9115206103246094,3.9635198138315437
A37NYBB0PENCYP,16,4.153667443927828,4.256980412686404
A37O13FZ4AYUKN,22,4.525585543127896,4.641916046866988
A37OKOWUR84RKR,19,4.457254971719675,4.525474036482587
A37OOQQLMMKYR8,58,3.501836838713307,3.632045071064602
A37P7LUPTAWWDQ,19,4.431149631096335,4.548399028904826
A37PBJQVEQPOWQ,30,4.695920575974905,4.715598042649768
A37PEFAO8V8V73,19,4.6644056534076,4.71570083678711
A37PPLULHT6CFQ,21,4.789032953498425,4.805013451567001
A37PV5GMP2ILJC,99,3.603480460349552,3.675903113238899
A37QHNUZEQTFTM,18,4.327983548595285,4.40357668855051
A37R185NDWEHRM,31,4.976982328309146,4.9770619249963
A37R5YM7UZ4VD7,36,4.891541606577771,4.89264070321581
A37S3ACL57LN62,76,3.891430407213303,3.9720556951239905
A37SL2GOKTDQE1,24,3.943944484106636,4.017142481334006
A37SYPCW0SW9S9,21,4.735340682309242,4.756749060013714
A37U9IUWMQANFD,29,4.473035109409867,4.514435751182079
A37UY2JAE1P6V6,17,4.274348990153278,4.430783032074292
A37V77TS2AQRFD,52,4.316422113195478,4.490335576329045
A37W2W8D4CNFTX,42,4.068681339047016,4.168905393026907
A37WAYLBTVZURB,26,3.362055109395731,3.51869880784042
A37WTT6M2FQB2A,23,3.1813805447167,3.4951207582137105
A37XGUQ1VH0XM6,32,4.657141579832219,4.7249167188963765
A37XIQ0SOCCVAO,18,4.5916195311681385,4.6278294284359704
A37XMY9B4DSJC9,19,4.8126799210566205,4.834979339671996
A37YV71E7VF1NA,28,4.420798024878607,4.594843831742327
A37Z81LW79DUZ8,32,3.8485475931925635,4.0699534567529
A37ZFR7C10UXJ6,38,3.2037835775377,3.430776696241458
A37ZJA31VUIX36,23,4.296753093138557,4.3630866178445125
A37ZNYJCET30KG,28,3.51156921742611,3.686124650436577
A37ZOGOK3GKF2P,61,3.6396899128437714,3.7438719478446787
A3800R2T2D6DJL,24,4.902156758259016,4.910063270099021
A38063DHC5X7AJ,64,2.613110061533823,2.81144825095769
A380H0RPMMOG3E,29,4.710839473248514,4.742131938578693
A380WYTGJKDT92,17,4.478221859458828,4.547272926082548
A380XGZ8M51V3B,43,3.2748988257093243,3.4904553855477523
A3829XEG3R2HRO,32,3.182207373308842,3.4510985011228925
A382JSWAVGFEIX,22,4.106119728889744,4.3847265385417895
A382SS3RQVTZF0,25,4.152824012120223,4.286230265870238
A382U285L53IF6,24,3.6775857806258485,3.8614346377503375
A383PPSVXNB0NB,18,4.290363593476453,4.422782320942599
A383QK6QKCVPYW,19,4.363843052688784,4.4887531693684215
A383UPUHY7V0V1,20,4.128513721750325,4.359843354300778
A383WTPZ1QKS6S,22,4.4538335020373,4.594351148449054
A384JFSMCS3FYE,14,4.84365515789223,4.870642013391257
A38560YBEL28QA,26,4.009804327545054,4.214901288016988
A385EDP2LFIA3D,25,4.834646217422192,4.840557646473978
A385J7MEM932DL,48,4.301993319717609,4.388306089471436
A385YXFXYFGEFG,20,4.106035811297605,4.212756779541863
A3863M2049OPN3,32,2.4682307898418214,2.7640301049360927
A38683I1YG8LCE,23,3.8044960663008895,3.9204906790795406
A386NVAVQV5WUO,24,4.106069130612159,4.307982712924967
A386W01ZVWMYC5,22,4.171591787449688,4.222091746089527
A3871P7ALDQGJJ,28,4.809737278190029,4.829873268682279
A3873AV4WBE3X8,43,3.593827675524792,3.6456458064161805
A387BD735MI50R,117,3.315643040632835,3.411763778058937
A38849UAJ1FUHZ,21,3.1006392206119475,3.431733761048509
A388IWXIHVLPON,20,4.603630582367202,4.688725778189748
A389B0FI7SQ2U5,62,4.02059933266549,4.166441132783286
A389YDUR3YZ8YL,26,4.85271185159278,4.861587076959491
A38A4V76NTM06A,40,3.7995875731924387,4.0979930438682866
A38A776E5VVU33,26,3.771801448213634,3.980527768090222
A38AAPXSJN4C5G,22,4.316393716299928,4.372116408226286
A38AN67JJ1TPO3,29,4.36188126664613,4.499159505340309
A38AXXL7DMVFMQ,62,3.5117163264961646,3.7015295482748463
A38AYP11E2F61W,29,3.744076196201197,3.9839728910906835
A38BQKP5SWQN5O,131,3.037845487318163,3.3993399375057307
A38C12950IM24P,29,4.3871449546995605,4.439744120647044
A38DIX88M5T94P,52,2.586861170767288,2.880304984616228
A38DQCCC64K4W,32,4.480617091168143,4.530562445862728
A38E2GICZTFO2A,29,4.032241299967828,4.306395079816174
A38EALDHV2MDE3,29,4.696693526883037,4.75857989361439
A38EQ2QMDHOQ3T,20,4.593064475099511,4.607300771778813
A38ETNQGGBV15X,28,4.5673146224794285,4.600874709418649
A38F6G4BYEPQ7A,39,2.9998472983905864,3.3833101568974975
A38F6UBQJI9QG1,20,3.7367735975981757,3.822228296923653
A38F8ESYADGILH,41,4.33609491683661,4.457654410823056
A38FKBGAM8MUAE,18,2.6502344942067966,3.0771421072890206
A38FNEHU7BWR0R,31,4.890019928166506,4.905521238416304
A38FYWJ3V3FLZC,20,3.9589649741905832,4.127976065503123
A38G64S5VMRI1P,29,3.0871359930757247,3.2958007697222067
A38GUMQBDV5HWL,24,3.261670009260527,3.3783003135663816
A38GVBWEB58UAO,104,3.1909698545677427,3.4244991111942937
A38GWP84KSYPHH,19,4.803162787208926,4.808169792332552
A38H1EDKN4FJVJ,23,3.2509111044779186,3.608932237675143
A38H6JROS603PV,21,3.171117722348639,3.3598450760764327
A38H6PHZ1A0V26,17,4.746592918640628,4.775989965561689
A38HJDZLXRBYO7,36,4.484168427644,4.560951414103827
A38HVJ2Y3U53HA,16,4.877884977100674,4.878494726273869
A38HWKGV6ZI6HW,77,4.746192022189883,4.781492767918121
A38I00SO3D9ZSM,33,3.8427637950127975,3.986253376333172
A38IKTUGVTHT0G,21,4.75675942626234,4.775781431645851
A38IRL0X2T4DPF,34,3.9151615964479123,4.012564981295591
A38IUSU3BC6T53,46,4.705227495946887,4.748829434076662
A38JEMY9AZ9JR2,30,4.62479200869941,4.719057001011592
A38JYDUWVUYR55,21,3.7202475630892615,3.8019566834346317
A38KBC4Q1XGMK4,36,2.8442051477664423,3.349469585473382
A38L1FZNX9MU0X,36,4.762012588077179,4.801543018339874
A38L284F7O5N3D,20,3.630845687646712,3.9231318837689226
A38L7YL6MPXP6L,29,4.8692118866695875,4.870498723445573
A38LOP8BFR8USK,32,3.6603688190754506,3.771942862859413
A38LVNKG5FNNUJ,31,2.3701282397490706,2.8121745689310846
A38MB6UUC0KMAN,20,3.8705114896143322,4.195412809166446
A38MWSUP3LI460,19,3.976947203001546,4.050585263996825
A38N7SFDOB3MR3,38,3.551710195845496,3.804274777894276
A38NVTZFR2F5SW,25,3.4356834370128557,3.785272154131914
A38OB9G0Z1W4E5,25,4.260627116499039,4.3154316295665
A38OE9DRN304DH,27,2.8222590351520824,3.1297114145425957
A38OK3TV4X3GZB,29,3.9031876211533048,3.9120707742099294
A38QEATH3NODFM,57,3.8130327444318284,3.965597447168834
A38QJ7JUUTVLKX,93,3.6225815582969902,3.8301116828274018
A38RMX4W45VRO,24,4.118024395987827,4.2300283881996235
A38RO46GVRD56P,27,3.6258536189405106,3.7934631437861195
A38ROP43G6UEL8,20,3.6962393582226363,4.150916411924355
A38RTTX1916P52,20,3.2775164496152343,3.716118755805234
A38S169G91IWXV,42,3.8698764274564774,3.9724538066300243
A38S8RD8XOXLVS,45,2.6155332104625497,3.165408877100331
A38TBY8SU1E7J2,19,4.57007847875604,4.64025128082837
A38TC59GM2WW1X,26,4.41876363013393,4.4912197765339394
A38TFB4MYXC2MC,19,3.205663141948148,3.5951189780410764
A38THBXA7XTGJE,16,2.583210244495005,2.866509803953013
A38U2M9OAEJAXJ,73,3.3901704912338633,3.5916293808945334
A38U7HY8ARYC73,30,4.049261925322155,4.169080472647696
A38UBVJEV1LLS7,21,4.369122307296075,4.424177544041803
A38UHOCEKSUOSP,66,3.8465501638492077,3.887518058768908
A38UNI88GFRH60,82,3.4626912124347364,3.568347434517449
A38V2OHA0WGDMW,33,4.047443527123823,4.192072666161025
A38VQ2TIPPBKNN,23,3.155248555256994,3.4285330710154676
A38VQR4QO7C7AH,26,3.461737644229563,3.6406003084582124
A38VXG5A3OM0SY,21,4.236153094349665,4.269874993256387
A38WUW3RLHJCON,18,4.490716530427759,4.555801399352951
A38X0CMWT7Y66Q,24,3.567407603440188,3.814648520868433
A38X2R3BOQGQZQ,16,4.841838497776034,4.8524684440368375
A38X3820MO0TAN,141,3.051132484597359,3.297542323689577
A38XTOID4VG01S,35,3.353046674105088,3.429946155210264
A38XWR70CWW7F9,21,4.77096618938741,4.796948409639027
A38Y31X4A117A2,26,2.948507826636189,3.027264485183944
A38YLGCU5F289T,27,2.493515745319574,2.6448256316811216
A38YNP29C8B5X5,20,4.678026921466258,4.750159631322174
A38YUU4J5Q4EJO,35,4.422981533557802,4.453366280406314
A38Z66H58RIJ64,18,4.822980721419599,4.837141341512461
A38ZEXS8T54SW3,45,3.936423906700099,4.065531133174401
A38ZGQA8TN0MYH,40,3.2769595578951156,3.4374094318737445
A38ZTUNQJVGP6S,68,4.248281150277374,4.304888206027181
A390CZFTARDFJY,25,4.848619946036628,4.851005924318021
A3917B8E416D32,18,4.883829819655609,4.8939488532312545
A391PWOMJNJSJV,23,4.21412849644272,4.295958466865239
A391RY3TA1MCVM,43,2.6278701566705904,2.93040506634053
A391YPR0NFTCLK,95,4.258438344487562,4.347078910071782
A3920DKNING934,16,4.356363606816225,4.495972566875046
A3920USZU0VZCZ,23,2.5599094138952325,3.19980978842806
A3923W0OJNGUHN,34,3.519687820890115,3.651760868739692
A392B140XLSL0Y,21,4.940014419856287,4.940177642698771
A392CZ6KK0MH5X,101,4.085923776509943,4.245725165568978
A392D96YBAQYHZ,21,4.16813565369503,4.4012477417186835
A3931FORE65ZM9,23,4.48805870219408,4.5472872327253855
A393NWPEPKWQ36,32,4.428644307838459,4.472816583144682
A393S837WQMHJN,28,4.98401495789206,4.984036942686658
A3943KDQAJM85A,31,3.9651611836533225,4.058632324834601
A394AF4TZK8WJO,98,3.544477998651136,3.8357698663771647
A394C81V05JW2Z,47,3.6338262507054426,3.7723879688419526
A3950ZQORUVJBH,31,3.8228195024107716,4.077003864078777
A3956O40ZZYFMY,123,3.417409631591179,3.6499151729710175
A396368VYIQU0E,49,3.772562023501431,3.844654736436852
A396SBGKAOLTZE,40,4.223585904904832,4.258062909297276
A397F9CH79LD3S,21,3.5057664793568533,3.779511706898627
A398SAJR4ZKLB,29,3.725446090319641,3.9154957599780342
A3998OSO98YJ35,23,3.380588146268156,3.6827550006954044
A399C5ZPW8WRPA,26,4.599872471762914,4.657468222481666
A399ZKEITSA54A,23,4.639207229279,4.714956798184296
A39A4K1K2WZILU,40,3.8856541017291826,4.109167302988716
A39AIPJUXO9HYV,24,3.8555505137606496,4.101572667374626
A39AWL2FKWDFK6,119,3.72948032710674,3.8261872350375103
A39B10EMFTS0BM,24,4.424039529578501,4.467853936013699
A39B9N94TK5MQF,26,3.023558491230001,3.1639683037785784
A39BGN8JA7CIFX,21,4.192133217005716,4.2925061867366585
A39C2BQXZHOUMJ,20,4.32763003895735,4.399360376456123
A39C7D6BTAFPC5,19,4.811128110893169,4.824547301628078
A39C7SEMCJWVOI,43,4.300514012163517,4.337923993080287
A39CDJT0ZMHLO6,36,4.3114733405624825,4.341927360300833
A39CX0EE4BZCZC,390,3.3987165980505307,3.4951938787195824
A39DFX1NVBK3KG,20,4.094384813316718,4.177583222921868
A39EV33M37569F,28,3.5538860485755706,3.613011420362345
A39F2EW27YYUDM,23,4.455331719844731,4.608470280066175
A39FMDE65Z9IRK,30,3.9659858294716352,4.016431955853539
A39FNT2U1JCQBA,18,2.870942766600106,3.349871097740248
A39GW5CBWTIWAZ,77,3.686345170963377,3.786263200553193
A39I7G8W0SSL9V,18,3.86041532460357,4.0343367989340875
A39IBJB2PBVC7I,51,3.8766697759307163,4.10104593945207
A39IY0JU5JI69G,185,3.3931937267415297,3.5960640592652036
A39IZ77BJNZKK2,22,3.8647828613253896,3.9986155364193205
A39J79XAVX8H9N,34,4.657481185344198,4.683191343627729
A39JIMHWJHNFCA,39,4.941309653652384,4.941884967955582
A39JZXGQPTFW60,42,4.650303696187971,4.7065000390610825
A39K4Y985EGPC7,36,3.678899427073352,3.9990537789397242
A39KRD9HE40J6F,32,3.936380823973407,4.046273195698123
A39MC854HO5GE6,120,3.9929031144366176,4.125268148917618
A39MMP7FDH6H0W,20,4.80022239512522,4.805033685212697
A39N89RKKCWUHJ,20,4.576798757328821,4.618650461913484
A39NFSEF7BLR7M,39,4.611967741400963,4.6767713901511785
A39NS429FYXAD1,61,4.178893167318635,4.265206254908591
A39O6XWKDUW72N,47,4.406183417626958,4.463647572531785
A39OGZQJ61PAD9,17,2.8672067811622823,3.177560394480984
A39OT7DHXFOT03,18,4.41812780586569,4.478528322093479
A39OTOV7Z40FV2,25,3.414263897872053,3.7076570729859215
A39P2I94AC320Z,24,4.358210888363214,4.431209106239815
A39P8ISJA739D5,35,4.513417660099503,4.590602217684011
A39PJ9KVYE6V2Q,21,3.686223872687129,3.765251729322469
A39Q8A8665ONWJ,27,4.3204046452186695,4.438028304115358
A39QUM4IZELJFF,20,4.374300367072928,4.46239769585938
A39QYCBKS4D6E7,85,4.527514812963134,4.568115520871734
A39RHC50KC4R8W,25,4.099623514606058,4.232474225444054
A39RP7RDAIJU4E,20,4.976880193320841,4.976976071545898
A39S08EH5TMTZO,22,4.137547751206099,4.247938639356455
A39SIKVCQ53518,23,4.308643320708231,4.405556302575727
A39SJ6V6QCGC37,34,3.3469961325414928,3.676333381859718
A39SJO1D0B4ZVM,18,4.8528677780256055,4.873897456603241
A39ST3HQAONLTA,20,4.4415266128593585,4.475873341857203
A39T9LASIYKN1L,130,3.346448771929696,3.5060002315145065
A39TYKLUSITROZ,52,3.8051333303290282,3.934234260401603
A39UOG1JSILQ6B,21,4.82960493878587,4.841911931916164
A39UQDYX8HN8NA,22,4.962541188278061,4.962668430056533
A39UZU7MZ2N6R3,26,3.6317202381520883,3.8748567734219885
A39VJRIW7HC5C0,24,3.3070422400784873,3.5539987431646543
A39W3263A9HCMN,244,2.6649974952214865,3.1114297772214816
A39WRZIEXFPN9X,22,4.511167317340598,4.56696573907671
A39XBDCJB8HEEQ,19,3.5972609424975643,3.865986596061407
A39XSEQ6JYXPTK,22,3.6913887144347126,3.872589613326013
A39Y0LGO3P5VD,29,4.853262779109436,4.8596949154358455
A39YKEKCLUVL0L,29,3.9725824322202525,4.156733066914847
A39YYO6RC0TTEP,18,4.992665765434239,4.992667753313909
A39Z00D45MSZTJ,21,4.953290170287977,4.953421738592137
A39Z52KPAO8YR7,26,4.179225373129334,4.378316928794588
A39ZX369RUKEOT,22,3.838324629089246,3.921798156050187
A3A0THIZMTZKP6,21,4.981839114158998,4.981873517452517
A3A16HRYQQ6RGI,23,4.109012449627117,4.195246937280956
A3A17LLL5UGMBN,19,3.876869559555472,4.034591788807311
A3A1F6T75U65VV,31,3.2837154910025963,3.489574917134405
A3A2DDR265H7AB,39,4.0043411185862094,4.2927383396580385
A3A2OI53GGSIH,17,4.631292877947593,4.6936918500977844
A3A2SV35QATQ03,29,3.4345009307718475,3.510634312779285
A3A32N1WCYVF2C,25,4.03317844777987,4.145560422603506
A3A37VAWST2XUE,23,4.384333193707355,4.4700231357579145
A3A3EVJ685AIUG,20,3.738856212163926,3.8879062897942895
A3A3JEA0CG0NQ9,40,4.0958890655005,4.250267899878772
A3A3SA5XIEIPGS,33,4.613257291887435,4.689884419132576
A3A48XEYWLWH7T,87,3.6927375716798814,3.7872476649234894
A3A4LBT28FF22I,60,4.113202735916782,4.306208235539541
A3A4WQL80WOTMH,106,3.9538320975999484,4.070007540796885
A3A6DGV74B7FHU,20,3.8260909947730957,4.009741799763637
A3A6ML6IDYFQLA,27,4.028507872407364,4.096746749380799
A3A6O7SC8LKXDL,26,4.36087807441755,4.410203068800439
A3A79B8FRJ64UV,72,4.654932744813977,4.664061802442553
A3A81ZZ4ANLZ8G,61,4.737516452563443,4.759969285128049
A3A89R9U1BJ65Y,45,4.780708677333137,4.817702778316352
A3A8B5GVA8YSQ2,18,4.780922033887827,4.793620042357437
A3AA91EZ4F5P5N,30,4.058286733100226,4.195111103573305
A3AAGMRO707EL2,17,3.8719122110645667,4.161964221696549
A3AAK33K3BUUTM,64,4.008324765103413,4.113680701002502
A3AAY6EBR41YW2,17,3.852739621876765,4.1925616191516575
A3AB12X7H7VXJX,21,4.039574168138584,4.063446747995083
A3ABCNPAKCCINT,26,4.520943081842754,4.632217743908876
A3ACR8LTG4P93F,20,4.07624993139537,4.1461306360779995
A3ACXXMZGXDN7I,19,4.190256359513276,4.292279191890139
A3ACY9APGMW3EP,15,4.682434135912438,4.717288026816799
A3ACZBJ1SUFOZL,26,3.179488329898925,3.4266542830908335
A3ACZG9AGTB471,23,3.2407013994874916,3.517041057148028
A3AD071UEP20WS,59,3.1996032980209392,3.490541894208374
A3ADFUS74MLPMA,23,4.039484685125213,4.101426391568967
A3ADVYJH9F35TG,19,2.912703432929467,3.3349278038898067
A3AE1ORWUHYOXT,20,4.6757983403938255,4.694415572364315
A3AE4VMFA71SCH,41,3.6117886890043667,3.8706172552960036
A3AEDP3GALTJZZ,22,4.277225266428182,4.336756037520769
A3AEN6JWPGUWFM,226,3.8104756640040507,3.9607593286529936
A3AEU9ZK2HGLJ5,20,4.458791940589315,4.485671565352753
A3AEYDNYCWH2IZ,52,4.543250258780166,4.578702794328954
A3AF8P0GINFADV,19,4.267442410711047,4.419292881654838
A3AGB6EW676WY,15,4.139252548265864,4.284786665423401
A3AGZFOHFB56BF,21,3.9951810553687257,4.04689133869044
A3AHAAJVBKYX6D,25,4.6671665337933765,4.733219406206495
A3AHNJFBTGFKC8,19,3.617858428537019,3.9427507230406467
A3AHP1LNGRW4G4,25,4.903396464200658,4.904618549401215
A3AHVZM2SMJTBK,28,3.820701342170666,3.9540778502226908
A3AIFDV9KLN58W,28,4.888871703649182,4.889889995890444
A3AIO7UFZ20LJI,21,4.4701542756513835,4.560910069038651
A3AIT2IO5NEPZC,18,4.086725666244323,4.218832176500768
A3AIVGSZ4CTVQY,29,3.087416064299857,3.4119709011777424
A3AIYPWQXKT56X,35,4.158837790642588,4.251049341512742
A3AJSON8SXXBX5,135,4.8125515588186705,4.8289467065782805
A3AKPY4LXIC24O,65,4.42179768766847,4.471393426136888
A3AL9BPP2PQA3J,18,4.815445518253455,4.826307636308275
A3ALJT9CJBMZWS,38,3.6416666936627533,3.8527402391187784
A3ALVL8SWB92F0,18,3.7950161804781533,4.112857688648706
A3ALWY9H7F5T9C,27,4.824172976344579,4.837998608269823
A3AM08O2YO23VQ,24,3.8414307245331507,4.034621412406715
A3AM9VNNOYCI1S,35,3.3944184104090778,3.6156466926871897
A3ANO8MT4P12D8,38,4.642710964411148,4.695011835422318
A3AOKQCH0YBZDS,82,3.290682328478429,3.474866432977626
A3AONOP9OWL0OK,27,3.908459417264718,4.203684566822442
A3AP6H48QHX8BR,44,3.7274083292314946,3.898683678157164
A3APF27REA4A6U,17,4.405469898492671,4.511659682606964
A3APIP5GYBAW6Q,19,4.327108392472418,4.446291039662168
A3APW42N5MRVWT,140,3.3252662977860337,3.4374898205851974
A3APXP75241UA5,34,3.1027548082209386,3.3314914563190583
A3AQDK1F0YQKAS,22,3.969577992671225,4.046937973689877
A3AQEJFUNTO7LK,18,4.241944678418612,4.340329455820919
A3AR0CHEIYQB9Q,29,2.226416303103862,2.6475278145415455
A3ARBNS0CZ17TI,23,4.7836604673233065,4.800141166883109
A3ARJ16772TKHT,32,3.8569866210214645,3.9554381279013646
A3ARJDEPCT24IZ,24,4.821366696128125,4.835954213061125
A3ARKGHF6LHFV,30,2.807586154321934,3.044584352844731
A3ATBMG9KKNNJ7,40,3.8851810214482327,4.084205846935346
A3ATN6BO8R92RC,38,4.920914743970605,4.924120754929543
A3ATTCCO32ZXET,32,3.809159489688701,3.9045267060383693
A3AV1LQH5E9R4H,24,4.484137498577444,4.520473463810922
A3AV53EIA4EO41,22,3.3532619077130095,3.4949792357143563
A3AVCOOCE94ZZ2,31,4.885414365599764,4.891352434904205
A3AVJCB1ZD6ZY5,243,3.462775320686448,3.6438924792417264
A3AVKSSX5Y5LWI,19,4.246865947093707,4.4371471578152635
A3AVL1W91UL9GR,19,4.152336944049258,4.2317505326856395
A3AVXCMJKARIF9,28,4.349229958327998,4.392902725119374
A3AW5QOH00U3SG,34,4.7715126160862065,4.782140716618274
A3AW8XP45YVIIZ,23,4.155996622316128,4.244816595484215
A3AWGSXA0VFPIR,18,3.822806386524372,3.9727376572281767
A3AWLFMKGRMI5M,32,4.288533714232878,4.440221724808995
A3AWM7PGUGL7U8,28,4.090619828894473,4.3497586662916605
A3AX86YSUHLELL,32,3.5151899238429896,3.6771281092826094
A3AXHKL6GMLJ4P,15,4.2325891265901685,4.294358654412297
A3AXIVYKIA642N,32,4.315668518556347,4.408575964974876
A3AY3EV2MFRFGG,57,3.3619299828363425,3.490300924634679
A3AY6C06XTVOVP,18,4.676486598457332,4.763873629957423
A3AY9OT5NG38O0,22,2.4683586122527226,2.741578541774499
A3AYXWM439WHK0,29,4.601212236107569,4.6818720324155985
A3AZ6XOFSOUMP7,30,3.308056979858849,3.5890511095248616
A3AZKI4U4J58UC,15,4.842050237531606,4.867145320188668
A3AZM4RXP7V8LX,20,4.970151841684357,4.970216629509313
A3B019P59NJ1I9,21,4.2046733059617445,4.502835818607053
A3B01SLD8OF3AL,20,4.924563988384171,4.929400992221267
A3B0D4E6I3X5S0,19,4.49777989039657,4.523488103583723
A3B167OS0BI0RN,40,3.4374023401642346,3.5783404978695916
A3B1B6ATV1KPNQ,24,4.143637207764864,4.277405178114317
A3B1IPR94VFG1K,47,4.34276280218889,4.503833018475147
A3B1V3AUUV13R6,19,3.797757269612719,4.0264810027931635
A3B296AETGL1CH,27,4.881348194384601,4.895667959290239
A3B2FQYKCMWYUA,20,3.799905103126138,3.9657868839389026
A3B2WSZZXJCQJ9,91,3.767346471058781,3.91804019766331
A3B32IVWOM2JBW,27,4.71978737428113,4.770106202556447
A3B3494D0OWWSE,32,4.9662380082791815,4.966437947449131
A3B35MV4SU30V6,23,4.276287030328781,4.463464286896744
A3B3O292TF4H9K,36,4.807002641802899,4.856134014905343
A3B4TA7LWFHQKL,28,3.07166081640952,3.307680620274258
A3B50W72XI1XVT,37,4.604176705709452,4.654458355542041
A3B52RBC5FD03R,26,2.7082853222554437,3.2832075087228794
A3B5767B1YDFSS,20,3.630197919309559,3.8586293509979233
A3B6ZXQ7VUFRB3,53,3.4986456818156557,3.631585554962408
A3B79GDVGFA547,21,4.613364031780675,4.667429456589839
A3B7DCJSZT45L,19,4.614574061894582,4.672007232586905
A3B7JZ8AFXZKSM,26,2.999387373567892,3.340229670394101
A3B7KZHJWQC1RQ,19,3.443565849496071,3.5240211712767757
A3B7WF566HXAZB,50,3.573112048992644,3.6614434781744585
A3B87UZLPCF0HW,33,3.826628944218251,3.994722206208636
A3B93EERKGZKCO,19,4.57304200920222,4.7012250845735775
A3B9DHWCMYQFD,66,4.243065869281321,4.29813768699217
A3B9IKUWO3SHCE,36,3.8243455524592602,3.9766664306263797
A3B9O01C044HK2,23,3.7480592913577992,4.066967441491614
A3B9TS8QWV8D3E,17,4.406692543780518,4.482774300117024
A3B9XTIDLP6BKN,256,3.5757565046869972,3.6484558938382117
A3BA243AM692SH,23,4.967903298523087,4.9679936227372865
A3BAJH4QW7LDWV,15,3.696979936701953,3.9253247103815183
A3BAOIC7JMCY6R,21,2.229099704452346,2.5244333014683726
A3BBIP7Y5YBL6,33,4.251209206478534,4.355401368110584
A3BBY3CZ5IWPGX,16,4.447876099130676,4.485792746137269
A3BC2DABOE2M00,27,4.96527558083792,4.9659064300888724
A3BCJUKZAREWJW,29,4.609796128231239,4.6655154618048
A3BD28B65UPM1K,20,3.0190389459361446,3.476091269984166
A3BD4B8HW8RT5H,18,4.101737371628201,4.234153167243028
A3BDTF0D93FC4X,18,3.9679346361417576,4.23545588718596
A3BECY8D9V20V7,39,4.33759725099464,4.422360399223325
A3BEF4IHWI0VC,55,3.8449474383991395,3.9596889254512124
A3BEYTAVDKX9BQ,24,3.054579106457403,3.2513484290712986
A3BF16CNH8X66W,42,4.966624834090356,4.966727662257898
A3BFGBO4776VOY,20,4.905676123793496,4.907000608650048
A3BFHV8TSZJAQU,17,4.4975793549805845,4.5905766639970516
A3BFJFJRXMWXAX,21,3.7803824696998705,3.937244184641413
A3BFMZ1KNJTMHO,19,4.342319712451671,4.399675836681754
A3BGM84XBZ55JP,31,3.946660922932721,4.019054630862158
A3BHHSORGTDW8K,18,3.7239520093359366,3.8502166343504385
A3BI08FJNQ9DY2,38,3.3555766635264193,3.616864154849413
A3BISM39BG1U4W,21,4.899268015180459,4.900610173211609
A3BIV1X1K9R796,64,4.568511160896163,4.618285438067207
A3BJ241JWY6B9S,21,4.072160091549906,4.353518888440678
A3BJDFGSLXFB36,27,3.2512566723824983,3.417492413642743
A3BJHQSDEPOPTJ,23,2.6553443918596757,3.0162329634581044
A3BJOYY5ZWF5VM,137,3.4564488087409666,3.5608950493139377
A3BK0OMD8U6EE9,48,3.8965418208582627,4.0497953104968865
A3BK2M8SD7810I,25,4.8434212356316255,4.863500025081722
A3BK453HM3ELRF,21,3.9364590503908903,4.059389942711373
A3BK4862BVLQ1S,201,2.08292221706229,2.3413719578992556
A3BK8JGGS5A646,24,4.1961957962941465,4.35472362446816
A3BKG4X7ZJBOTF,28,4.105271988840981,4.205085523551607
A3BKR3RCAZ7IOX,44,4.114365986887275,4.204571372166049
A3BKW85MXDRKFF,29,3.5015970397504805,3.6747441496093365
A3BLK88R8PV1SE,20,4.056509765863047,4.2554467053054195
A3BMRSE8N1858V,66,4.18473078061294,4.2700956884391825
A3BMUBUC1N77U8,35,3.6154760054905677,3.8250286156502344
A3BN7ZSM8PM3OD,23,4.671100019549269,4.747072110774445
A3BN89MRCUKEBL,19,4.181296860281343,4.30243238879098
A3BNHYQ5PT0L0D,31,3.112159573149399,3.3659489315964
A3BNSFH0ZTNBY3,36,3.8854737199613356,4.070722717517206
A3BO5FCACZXFY2,18,3.7512640378398237,3.868225412998964
A3BOH0F7V12H7O,26,4.054655753790394,4.250348188070998
A3BOIJO08BTJUD,28,4.985458870681308,4.985497812313829
A3BP3B77JU68KZ,21,2.5979218124098704,2.9986588098647404
A3BPKQZPH6I1B1,25,4.948352066112925,4.952213160228513
A3BPR525P92AU6,23,4.557871544202419,4.579621409582621
A3BQ84G90BRVSG,21,4.848408952465362,4.86119292797666
A3BQCZNB97XUNY,29,3.260363220134873,3.7540651404115
A3BQF08Y3T3A6I,22,3.9458892032629858,4.053729516655826
A3BQJV2R79SAO5,19,4.8740507471449215,4.894680823658908
A3BQU9CHGZVMY8,17,4.52070830926512,4.548256759919387
A3BRHTAUBZUGK8,66,3.6281028786391443,3.7420955864781686
A3BRROYUZ0IQHZ,125,2.388360313722147,2.569377962445
A3BSS2M2DPPV4T,85,4.176108351519448,4.215907107942801
A3BTC9HS1U7FHQ,19,4.208206817671962,4.322661320961028
A3BTL4FV6ODKAT,36,4.0553976093062305,4.190225076013138
A3BTLIGE6C6BF6,33,3.952758636645995,4.1913430313802165
A3BU6QT97HMF,25,3.8386381620075216,4.062622186752327
A3BUFAGPDKONX1,28,3.4049305501841483,3.617808887233925
A3BV1Y4SLFNRRO,22,4.402954328201284,4.542071375989489
A3BVACEXCQ8WRQ,26,3.027017218606313,3.3494713566674283
A3BVDW4DOLJAN0,19,4.283598032022147,4.4111470881339
A3BVJP1DNKNJ0I,30,3.1234236740773196,3.5569746902929795
A3BVXB4JBKZFEE,24,4.560013866762955,4.605532911988687
A3BW616K0YSSFH,18,3.0768933407719135,3.2592960909738995
A3BW62VIH45OT6,19,3.8895281813485667,4.1881514323312246
A3BXK3HE0XUG7,23,3.8178472684871387,4.043614966475203
A3BXOADDSC4BJU,15,1.6508152390497366,2.166931685607383
A3BY8YJKM88116,27,4.827500234236237,4.829223193978776
A3BYH766PIVYQN,23,3.5104932883949975,3.64239314187892
A3BYIQVL5YI2RB,19,4.7877750377731605,4.801554837695962
A3BYZ8H28FQ2R7,25,4.842843934035352,4.85087462102702
A3BYZQV61VUEUE,19,4.41214660739155,4.509749094665869
A3BZX8K39HIMWN,27,4.76615785785939,4.838298341480037
A3C0DGHATPIAM1,27,4.048088178388258,4.169383736522101
A3C10H2Z4IPMV3,35,3.8643138604779446,4.138620167685979
A3C16E1I83CYIF,19,4.96302957782002,4.963244878407772
A3C22O5E2KMOOB,21,3.7007834070823598,3.919610446675762
A3C2F7SXVV2MBF,22,4.369671380145115,4.523925231754952
A3C2PSY45DYQRG,30,3.7949692789182943,3.919455127776241
A3C39HNXEDZV0I,51,4.000725412989517,4.184917274761786
A3C45V6777IZNU,18,4.995131883346801,4.995133670240016
A3C5M5CYOYWESP,21,4.935493425621571,4.9357457507179925
A3C6X0DAM87GN4,110,3.1689572614464496,3.347208352983825
A3C76TEZ0IYBCR,29,3.375064192659271,3.6126747363170963
A3C7KNM7EQP578,44,4.952147199401977,4.9524106422329535
A3C7LJEV14MGPQ,29,4.855550740631009,4.87370565691349
A3C7PP0YFB299D,18,3.3546187622082906,3.731666580990541
A3C7YS2KJOKBIX,32,4.514036301566139,4.545199433599265
A3C83E6ZYSZUMM,17,4.353021993833986,4.443477824793849
A3C8Z3CPCW14GC,30,4.92741595331475,4.927755786428732
A3C92MFCGLHDBQ,20,3.679094493673918,3.808240667396525
A3C96IWQ26Q46I,49,4.868842969198716,4.879376854670676
A3C9F5Z7PL0B0E,34,3.425988281684264,3.5298115687171334
A3CAC7HPVAHJZJ,32,3.612229112351107,3.759734522538725
A3CALY5BP8OQ9C,18,3.05628134322456,3.521171924171597
A3CBGRDY0PPTPD,19,3.934904028862025,4.085456768303985
A3CBJX7COR85AF,24,4.523745640880604,4.55883104042989
A3CBOURD67E9WI,20,4.5067792476272786,4.6259121683764555
A3CBXA6CPAHKMH,18,3.391196489765267,3.4689194234087544
A3CBYRNOI63OG9,19,3.605266439938823,3.858045195617411
A3CCBY66FZZFZJ,23,4.436775330468392,4.521180595073062
A3CCM0HIDIZOU9,23,3.5032973912823477,3.6197570214230423
A3CCPDDRWS8WKY,22,4.989461361864066,4.98946631026285
A3CCYAQRHUTPIQ,32,3.436914684504772,3.627899869520102
A3CDCBI18E7PVW,18,3.864796947092003,4.200725266223153
A3CDEV87QLXI53,22,3.8484283131562407,4.079210622904494
A3CDGAMHYQ174I,26,4.798726366468851,4.809458669165829
A3CDOQMJTHINPT,23,3.6695529625042083,3.843754745093033
A3CDR7VEX55JAD,26,3.232436572494221,3.329718717880917
A3CDVLXQLSVDF,20,4.4519626333759525,4.503897454480001
A3CE44SUJDTK34,57,3.0664472694184406,3.310345060521633
A3CE57YNGVWBQN,26,4.498645733233035,4.583845320935218
A3CF4MLMCSINUM,36,4.857311690188817,4.879231666499954
A3CFOG7202XFZH,19,3.622294050785399,3.8230974464052445
A3CFT5LHFCB46K,42,4.168201692501775,4.220456505305381
A3CFZWOQ7ONYYB,20,4.524898116714496,4.5736784005030895
A3CG1JUCBWES59,27,4.183239098423541,4.347745852663705
A3CG3LMNX55WTE,20,4.331104234057983,4.395744978204339
A3CG6YLYZJXQG4,25,3.9520564643889413,4.028233656475499
A3CGHACA377KS,28,3.267945975653462,3.5305455140567243
A3CGR6H3I971VP,19,3.0317359826596104,3.5068442565957216
A3CGWR68T15AWK,25,4.246069980183614,4.322522152852787
A3CH1KT8XQE8SA,31,3.896393588248248,4.008906460479916
A3CH4MIJPZUOBU,38,3.9130709584647017,4.017930070550247
A3CHE9AX5I3965,31,3.7058855004951607,3.9160532159341064
A3CI3J6FASFDV9,22,4.613134237511234,4.631497038774335
A3CIEM0HFF44D8,65,4.094957504438951,4.196650442288372
A3CIH3P8UDB6GR,20,3.7812092368229684,3.799549188812564
A3CIUK1VMYF64O,22,4.48118084770635,4.584393735769946
A3CJAACI678O1I,22,4.040267339647629,4.045648065357914
A3CJC7K4QZBYW5,45,3.1246143769610315,3.447712980167431
A3CJE2B2RNWE7W,27,4.5114007043412006,4.591212975759886
A3CJFZANA30CPH,30,3.5738182728585604,3.820580608899473
A3CJKAXWFE7L8R,24,3.4384377015397285,3.649441295689823
A3CJN2S0XLVVLM,27,3.3542925676502895,3.47552019614762
A3CKPNSGA7JOLK,20,3.1549409220725098,3.514605155695683
A3CL3AXWM6TZ5P,21,3.859432025967809,3.9625601271008835
A3CL68311DSJS0,28,3.738995467292366,4.011294871102374
A3CL82UITQJLWS,73,2.958966355172837,3.435279837195743
A3CLJBZHEO5JBR,18,4.493723438128194,4.582353868049119
A3CLQ6QQL6FYPB,34,4.812556797880568,4.827406277933822
A3CLSULLPTL4Y2,29,4.161951518130222,4.223955365428287
A3CMVOJCGJRZSP,19,4.714883709758332,4.727262252576311
A3CN1RXF62G249,24,4.6070870182460775,4.641090060865427
A3CN9CCJUNIPKT,168,3.9971771584620086,4.137921790956743
A3CNOMVAIZ1I9L,27,4.519656997997876,4.5529014655910585
A3COEQWQDWDAGF,19,4.478874663272523,4.575778799680859
A3COPYIXRHVC47,19,4.560450872665315,4.585831138866226
A3COQZBMKYBAWV,18,4.12344036113778,4.184298468226952
A3CP3F38J4DQG4,18,3.7924090566009614,4.112744066944843
A3CPJYAQMCUGNR,29,1.2622947310794235,1.620084191992823
A3CPULCKC59T1F,21,4.342990577380914,4.373053008994405
A3CQ3N6AG0DN0J,17,2.5503421001422235,3.261219684918799
A3CQGPQTLWDVEN,19,3.4086430041835674,3.519372366735014
A3CQHZQ352LKAL,28,3.9950204471667985,4.090078078366142
A3CQI0AE8AF6VD,30,4.173820465349814,4.308144469808022
A3CQJZ8ZA8RFPL,21,4.13830447826091,4.266124039269529
A3CQUOKXCSDJF1,20,4.794057031735259,4.804127654797134
A3CQVYGT41Y7N0,27,4.587355079946224,4.659425321562066
A3CRNB557EW50L,50,4.437460042226093,4.490998929496506
A3CS06QS30JBJZ,24,2.690337402086257,2.9540555533598587
A3CS0PVGGPOMOJ,17,4.477171359019619,4.543726445098577
A3CS9LOR3MMMGL,22,3.9504982925944816,4.185696939216133
A3CSB6EGX7D2Q9,22,2.4325717152483124,2.876493956109393
A3CSDBDV77Z0VI,59,4.002220620292483,4.0873580191389625
A3CSEYLVGVETAQ,24,3.3197324910781307,3.49664152400125
A3CSOCHL03ZNWP,30,3.3292996269776878,3.7128029982931903
A3CSRP3P4U9HI,32,4.4722522473945885,4.554661720610012
A3CTDF97VZKMN0,20,3.4273664090423717,3.7774382365975674
A3CTWHEVBAFGGM,38,3.4955001018505656,3.7155178198335514
A3CTZZM0O5VC6F,19,4.927097042535723,4.932101362789222
A3CU1JC1TDZHEC,27,3.609043818210574,3.8465240867272796
A3CWAYQKUO5NML,33,4.943972257975548,4.9442633643423575
A3CWH6VKCTJAD,169,3.430694239714068,3.553083861517014
A3CWKD6ROCWQYJ,24,4.797814459014777,4.866993504136503
A3CWKQNQHPR58G,22,3.4082187025190804,3.670911028460357
A3CWLNCVLI0F64,61,4.2727782125118505,4.349101885159583
A3CWVTH1M1ZP85,66,3.356305191098746,3.5320074228047367
A3CX5T97500CLK,23,3.1740159250306523,3.4681862831250854
A3CX9ZSEFCDXX4,32,4.688354606364432,4.7147944065297995
A3CXBQLBYHJWNQ,24,4.882697338179686,4.89064899417758
A3CXEYHXHR5RSE,54,4.947419811833822,4.949667714152333
A3CY9A5SYMKRD5,19,4.8563875113596815,4.865581731637608
A3CZ0X5RFY80RQ,29,4.060468154661385,4.290171399061424
A3CZ6OEF26RRX5,18,4.383018769372897,4.573658674492277
A3CZ8JIJSCOZAJ,20,4.5152839709779355,4.6286982475307346
A3CZFBX5AD157A,35,4.91271126634676,4.915089291076584
A3CZWVO53MLZI9,20,4.33466209643223,4.383717806210842
A3D01LDZEXO4RD,22,4.834448259972555,4.837167933958349
A3D07GCFZ3GQ1S,23,2.4235569356435414,2.75450331253491
A3D0MT6MH2RTUU,23,3.8097788763139167,4.077613607675263
A3D1BNKXEVTW7,22,3.712745857879939,3.8596462338058872
A3D1SKNXV1OSW7,29,4.5026916292258665,4.603046312289803
A3D2ES80JLQHQD,24,4.980124758495807,4.980156152413401
A3D2VIUT2HWP0Z,141,4.284249271524109,4.380251785771805
A3D33JEU9QN0PA,18,3.468316035299581,3.8126850879780916
A3D3ZCFYMJLZS8,70,4.444199641106986,4.535665964731498
A3D45QT9LMXLYK,17,4.8343634529178665,4.835684274753465
A3D4IT0SVBOSUU,28,4.873126977394663,4.874427935323793
A3D4NRC8MFLQZL,20,4.797199839265328,4.875701401876219
A3D4UYA9PDKJ8V,56,4.40522503721075,4.489582152021978
A3D4XTN2VQKDF6,24,4.248490305469961,4.357755647862068
A3D568QT0D2L0N,40,3.90691614962966,4.0389906623256255
A3D58M29K2HWMV,20,4.26111707053994,4.346162980952646
A3D5BK8B9Z4CEA,23,3.5929416846218047,3.8829334580616197
A3D5DLDBAF7WA3,19,4.531888663746556,4.607712162165751
A3D5RDLAQ7E5JG,30,3.838833916333704,3.9366455603032704
A3D5S2VMDDCHWW,26,4.3712118157995015,4.525744160787466
A3D5UHUD1CMTXG,18,2.8416057192504494,3.3294318200763686
A3D61I5DB60AWI,22,2.1283409384927197,2.6731058307531472
A3D61IIUFMRTGK,25,4.4030370159219565,4.425040142387758
A3D64DX71H82I7,20,4.930762459804335,4.931072967426375
A3D6G52H7811P5,19,3.2384510380044262,3.6375705952946062
A3D747NWYXO7WD,30,3.918725871254522,3.9950086728003797
A3D7MDWYNH1SPA,31,3.901942962243631,3.977009001948565
A3D7XHEPZGD8UY,58,3.110104198500623,3.3926138461123787
A3D8B9PY1SF3XK,22,4.365860729942766,4.43301838254936
A3D8EXL7KOOQ6F,35,4.942773796469839,4.945498981648944
A3D8FJFHTY30NK,33,4.853004594910318,4.857403786727724
A3D8JSI5RAKCWQ,22,3.9277670631855357,4.1047606531656005
A3D901ZJ6WF3UI,24,4.78936858802819,4.803728490933986
A3D9DQMBAZXT4Z,19,4.160329474297932,4.245491299820071
A3D9W11XH5AY1N,26,4.945659325121657,4.949350264887462
A3DABNO1HS997Q,22,3.2043908709017326,3.4736493811829567
A3DAIPT9WLH042,25,4.679604384316619,4.7033990600351325
A3DASC3RH1OJIZ,27,3.7578810703707792,4.134536834416248
A3DATQAGANALR3,23,1.794563384838333,2.3635666312026813
A3DBEREBGVPA0H,19,4.426424894724945,4.499370126298383
A3DBUN9EMFMUV1,19,3.7938188262323416,3.965609094957357
A3DCNC90MS4HVE,20,3.3660118110393924,3.5902933595005844
A3DCPTK62XE508,20,3.7799353042938257,3.860432778922922
A3DDDRPCYKKJOZ,21,4.934858775675879,4.935490923253589
A3DDDXG42DOA0U,24,3.15376495231182,3.5007216339951945
A3DDPQ9342UNMY,60,4.043975128468481,4.096591647620047
A3DDWXDRU4KXE4,17,3.01773786741284,3.2690047698416214
A3DE1IYJGU5HPW,28,4.450668675005233,4.492650855867691
A3DE438TF1A958,163,4.237453426969025,4.355681331226538
A3DF3ET17R3QXW,39,2.7728312233052206,3.205453323752953
A3DF9X8J51MFDO,18,4.072774006693627,4.192639419809882
A3DG15R2D9LU6L,33,3.163299978854154,3.382464671745417
A3DG93E8TXMKZF,86,4.752612292485189,4.783552036197762
A3DGB4HN3QCGAL,132,3.154941701442,3.2269899644881908
A3DGJMO6VPG6FJ,18,3.761217892745758,3.943851999491605
A3DGUCFFS99A19,21,4.90022811803972,4.918621663504243
A3DGUSK0J0FQ7S,24,4.941073539836232,4.941395982730283
A3DGVB3T5QJNRE,89,2.418114449686602,3.1004719447478784
A3DH77SD8FJH8K,23,4.141589752046718,4.213491882840568
A3DHQ5WO80X1IZ,87,2.7884174790926943,3.045720995663872
A3DHRZ83TN8DNT,20,4.059607137203008,4.253187331016711
A3DHXC3N8F777H,23,3.2129105502000086,3.4210960570832305
A3DI1ZY8MNEAR5,20,4.443950801358218,4.4904698508160115
A3DI82C5ZFA1KS,15,3.094327420725412,3.625638051872769
A3DID289Y9SI5J,17,4.767190367372864,4.79455882778604
A3DIGX5KC46U6K,17,4.718337917589301,4.730686434467368
A3DIKJP95XTKX0,28,3.9059421318215954,4.008153092243049
A3DIOQ4E1635LI,22,4.432218178893286,4.456607736493932
A3DIS5O83SQJWW,19,3.736241285253154,3.8260622113052616
A3DIW9LH60V1DL,44,4.90154048857184,4.904570372830337
A3DJXS3PFBB48P,24,2.878632627101615,3.3345385376837617
A3DKE6Y0LPKMF6,40,4.893457297643797,4.898009972962251
A3DKHGGRX8DYMI,26,4.603114579622997,4.631358793432799
A3DKLZUUHWP260,35,2.2316490013543278,2.620193470070631
A3DKMTKGUWKFZK,32,3.678787386549061,3.982784167669015
A3DKRSB5HBGNT0,81,4.388310838388759,4.489748811921691
A3DL4UAXG6YPXW,26,4.585833595254377,4.653473618316895
A3DLCGQ0SKUAW2,20,2.9614047083842445,3.2370847085222096
A3DLVCGO7SP253,67,2.4411194037425634,2.949048688012229
A3DM08AHYJHS0P,20,3.327329375865747,3.3909400272048864
A3DM13IMRAUQZG,19,3.2384372417579823,3.675432302016298
A3DN09WEPWPXA8,31,4.767580279529408,4.793415748312564
A3DN18DRAI6J2S,32,3.87716245880312,3.9673771124006314
A3DN9249F3X716,39,4.2829423734783285,4.387721728095713
A3DNRPAJUCE30Q,56,3.9213597213391505,4.074728406819078
A3DNVFPSKFOW7Y,29,4.945726171906274,4.945868275006143
A3DP5MC3DT4E6B,30,4.066241980063934,4.300917987059778
A3DP62DEOORUG1,45,3.6601832436686808,3.800860422537495
A3DPLL63LBKJM1,22,4.211858244711756,4.2598497991540585
A3DRUCFKWX84CJ,22,3.1030806195291607,3.369567035886534
A3DS5AREACSS9F,18,4.104333787804117,4.25583162990014
A3DSC3FFBC0LKC,18,3.8292053898551757,3.952555513881501
A3DSD99JT9JY74,20,4.817330571367306,4.825066404319719
A3DSTOJPRMV674,34,3.583454557013028,3.7523961578763942
A3DSWJGUKCN96T,26,2.832912250330478,3.1128756348755444
A3DT5X9I5IAEBL,22,2.6121160771357883,2.8826213719024896
A3DTI6315VGI2,19,4.805217878409249,4.851761371353301
A3DTNUZALZDZPR,92,4.7882851525542725,4.791076703635449
A3DUAQL7QPZSAS,32,3.936004457094659,4.079873122942395
A3DUQ81SXVE7Q5,18,4.889551927041968,4.893423277548096
A3DV7AKNM4N8TN,20,3.5409675543532515,3.6694951177837365
A3DVF8B947F01L,26,4.772953534100617,4.805889832803521
A3DVQ18WKAJQPG,17,4.672186023243953,4.764179063706355
A3DVS9Y4Z1HIDJ,23,4.041281024477301,4.194079851633902
A3DVWKCFSZ34T2,18,4.951533257614588,4.951751643542851
A3DW3ZVLS39I6S,20,3.3861430690435084,3.6439725436622923
A3DWFO4YLD7CSV,23,2.9945373459391567,3.236394886604486
A3DWL0RR81978P,20,4.373926263564612,4.522444458206767
A3DWQXLU5N0ZWW,22,4.900462173104847,4.908833172545646
A3DWRRR6T99JHZ,32,3.724368555445157,4.008313124852638
A3DWUM6SN3N3NR,44,3.8399953495258505,3.9359367619750825
A3DX6U24DVKTL3,19,4.615005821673514,4.6852502092125015
A3DXBLP5Q1KRQA,18,3.821477040262575,4.122176296278589
A3DXCY1JHE0BVM,41,3.8918846815884485,4.099641086519785
A3DXDVKLSS3XFN,20,4.439076858140251,4.511959957300989
A3DXOQIQYG8F0I,25,4.42321174110038,4.556829660070361
A3DXVAI08P00HD,18,4.266235924759818,4.353984367449304
A3DXXUYUJP59HQ,20,3.7293352395515362,4.103066421081362
A3DXYKQQSRYOP1,95,3.921934526302505,4.032469048992713
A3DXZOLZ8I3BKI,21,4.004526171657162,4.246786449377092
A3DY46ZABF4CMQ,65,4.054503259086062,4.143554375575816
A3DY9H0ROHPH2M,16,4.702454923902185,4.734392526989196
A3DZ7JL5XQI5H7,22,2.8102318304313054,3.1720814361367373
A3DZCNEU21MB6L,227,3.1394349393024696,3.3134622516288776
A3DZPFRE7PCHWA,24,3.6827216401388108,3.8292422668010397
A3DZT870KCFD1,189,3.102275063266831,3.2910385217211893
A3E00NI65L2WPS,25,4.4344753150125635,4.537949538636948
A3E03DOMMQORYI,79,3.4665144961360363,3.783857138853513
A3E0KCQGBZQP9X,31,4.878548453601819,4.893895510162099
A3E0MATMQQQCFM,54,3.8291798244024196,3.921657688541817
A3E0ZQNHL0IJP1,23,3.5598677334672035,3.7345727050806627
A3E102F6LPUF1J,25,4.614604255528183,4.74084007540488
A3E1UIGSVRQXQ,36,3.819984039120526,3.9534982132352554
A3E39I573I0RLZ,37,3.6891955708264548,3.756697748478922
A3E3GD3TABXKU1,165,3.6801733497449978,3.8821146530461528
A3E3U462CH98UM,19,4.879300792949626,4.8807607372117845
A3E3WJILS3GM1D,25,4.063018170395431,4.167822768878957
A3E4IZ03AR2QBR,35,4.044299634708033,4.2015484088132755
A3E54VUJD01E3Y,29,4.189322583174957,4.376764094178711
A3E5KOUCCKLHM7,22,4.764344160978717,4.777797148867708
A3E5OY3YLZMOA9,62,3.8842852491603934,3.992469305566862
A3E5V5TSTAY3R9,103,3.9379062598485444,4.027318522787016
A3E73LG5CBQHWZ,22,3.309207858274698,3.6483486999580856
A3E794SB2DW4VQ,33,4.361031890468832,4.511879710072477
A3E7NBJ3O8GCY0,29,4.005837812005089,4.1786860118091065
A3E825JD7597YD,23,3.7633823348879045,3.961661825929727
A3E832FY3AIKFT,27,3.7731093841362453,3.895169178049724
A3E8QU9A1IJQNO,66,2.8135890111373105,3.3761385100307546
A3E8YFR7WMWCXJ,26,3.985430610527949,4.168243306410356
A3E975KR2HRERX,36,3.4381455299512207,3.732853149063421
A3E9KQ0H2QNH33,64,4.360550264136075,4.487849109813727
A3EA51R6ROLN1C,18,4.498025238222333,4.602636766327968
A3EA7YPEVT432U,31,4.939043728426053,4.9396182972238725
A3EANXZM97V8YS,71,4.359036503291148,4.41091293217723
A3EAU736LWTDCE,62,2.7873005210156414,3.0641016844641467
A3EB6ATJFVSQWV,23,4.543293419654478,4.583194426368779
A3EBQORE3ZS29V,27,3.866699053427705,3.9640213528515997
A3EC30WC7CI2RV,22,3.964986438777065,4.282635527107116
A3ECFPVCTS47H3,23,4.949011222141873,4.953220066155515
A3ED8SZQT1ZF82,21,4.174561396602957,4.3886058981336316
A3EDIPCXT15C3T,51,4.2218302284034905,4.300154870715381
A3EDVOA3YVOZ64,21,4.713812695889878,4.723376941436921
A3EE0H0NWQ9QVL,161,3.486449030129,3.6135722138278763
A3EF7PUYTF057Z,90,4.012175163088882,4.122398272017343
A3EFHW77512WN9,23,4.691962468942198,4.703649165374024
A3EFIZLCE8251S,26,4.9410428635631565,4.94151536088107
A3EFSLEMHNPP6A,29,4.425269235193885,4.456461133952337
A3EGU517EKK2UY,50,3.7508862686128124,4.035745909884078
A3EH7LP6CR9AYM,23,3.1621383645189356,3.4097285714999495
A3EHBI0MJVLHV7,26,4.391764305207428,4.528358929090184
A3EHNUUTYN7BCF,20,4.642473099370731,4.730692776724892
A3EI80IPS119LC,17,3.9813113801373032,4.072578040807743
A3EIPKJ5R8422F,23,4.204876141811889,4.371217169035305
A3EISFBTLEQC69,40,4.1817791916363065,4.255191928923046
A3EIYM7EZ79CUM,22,4.762026492143352,4.799475275866645
A3EJ01GBI05MDW,20,3.6517728922157575,3.9288997276599056
A3EJ3SPJO0AP4X,20,1.6344804470161947,2.17045130155746
A3EJBNMM7J96UZ,21,3.888378425337215,4.053030079600482
A3EJVZ5LCBP61X,33,3.5575911619958256,3.693560616955888
A3EJYJC25OJVKK,86,3.5439519811132296,3.760385410908804
A3EK1R7Q5318XU,20,3.3182214953742935,3.42298460692988
A3EKNWZOV3EZXC,49,4.647663989403411,4.685940622892681
A3EKXLY81MDT73,34,3.390929063620205,3.4674562796853428
A3EMUKUKAMFPUX,20,4.7805500491150195,4.786000982734771
A3EMYILKQKEON7,137,4.928703774029348,4.930350312333703
A3EN5H154KY3GN,69,4.892198465600072,4.894956148600641
A3ENLKBRLRRT3U,19,3.7873784812204345,3.9542448051482477
A3ENN25NFADE1X,28,4.0872261513555355,4.185169635871709
A3EOHYIHQM3KK,28,3.45062582484367,3.5586131023393954
A3EOVXI1VZIHUQ,49,3.563272025412395,3.6748973973102075
A3EOW5FHKR3Q0S,24,4.70324312060679,4.7387580327036956
A3EOYN87MMNHL1,36,4.71369505411003,4.718882073820362
A3EQYI0NR47KK7,22,4.944378648963058,4.948753016161102
A3ER0BIWOFRWQH,25,4.315804959483367,4.343955928179342
A3ERC31ZPEU829,20,4.168323551048989,4.287642483989762
A3ESRVKA3BW8AZ,26,3.6485950819149666,4.03447168802782
A3EU54U5TPWKXO,30,4.191243229996484,4.269486120517657
A3EUJ3RH8RO248,28,4.548760407805819,4.712971886060544
A3EUSH8DPW75LR,71,4.456475539131658,4.5382217930449915
A3EVALTWIHK6GV,29,4.798618960860961,4.8004678625278325
A3EVTOTQ993XS1,25,3.7485009620661494,4.001984087056276
A3EW2L59UBHQSG,34,3.727472484811825,3.9374030746702706
A3EW4TUSY1HAXC,25,3.42330429632115,3.73694159659267
A3EWB3IAPM7HUW,19,3.5633499096889127,3.6456198686006145
A3EWVLQ7O8CXU9,21,4.420619584563232,4.459439462115802
A3EX36SNRYD5VL,27,4.210389381735805,4.295323665928794
A3EX8ZFNVDHGPM,28,3.4825060189977495,3.6982364653433635
A3EZ8PVA3HLF13,24,4.302309712181435,4.395942637276936
A3EZAIV8G0JAHT,18,4.3338196719365145,4.421825870708553
A3EZGKCSFFWJMK,31,4.61505854103536,4.646299146369531
A3EZHMGGWY74HY,49,4.302507436463922,4.417780376649424
A3EZOBDMR7DHL6,30,4.766497056391449,4.772782774581348
A3F0HT2YG3X6CD,44,4.095033511302883,4.234315899905185
A3F1AUZXIYQW0I,18,4.8854079396333745,4.8954318198844575
A3F2JUHM6C9RZ9,55,3.383491209003036,3.6678434487512326
A3F2VVIQIY6U64,69,3.416801525159921,3.606912863895236
A3F31WV27FJMFM,25,3.9778454389839597,4.173821669900144
A3F3B6HY9RJI04,64,3.242225402985252,3.368743396553062
A3F3FFV942NJRL,19,4.336167257433954,4.377336094504294
A3F3TYKEHDA4YX,62,4.5974813659672495,4.6166433379490694
A3F3ZKYC8WVYG,28,4.733953145119961,4.798068350191573
A3F44IK8SPT4VH,36,3.8439123257735224,3.851864072169017
A3F4C35NJBFCRE,23,3.9379747115615715,3.9921108257569506
A3F4OHY3R93F78,87,4.6207624174755,4.665048290522354
A3F5JAUKAL4RRU,21,4.34691333095454,4.389992831696952
A3F5JV08JUY06C,17,4.890143834216335,4.891241344811654
A3F5Z6P0C9QOE7,28,3.053977619031841,3.3961955399556536
A3F66CWNNM3OD,23,4.838533801131598,4.844234681191859
A3F67YZNFDY6YI,15,4.086216610286329,4.190968326658507
A3F690H5OALBTQ,26,4.946191674285784,4.946835652127367
A3F6C0W1YBAVY5,28,4.367844326259646,4.417555924482458
A3F6RL0A7NNNEP,19,4.065384527380173,4.128415346836689
A3F6TDE46GXCNQ,19,4.793996713193349,4.840470749561106
A3F72UADTVGB27,23,4.706255378285471,4.743710134463341
A3F753H304FJIU,19,4.610466401108353,4.671329719235548
A3F7F7QKQP2FKT,22,4.68016261733898,4.697530890786798
A3F7PBATA5KROT,33,3.8236016672965754,3.9409946630635555
A3F7URITO1WU9F,18,3.400306527067596,3.6081085071443018
A3F8RN37P4WLNH,84,3.6267567332295636,3.8316396891078983
A3F8T3BRXRX5P3,246,1.912759731942479,2.168625225121748
A3F8WD3TWDSL3S,27,4.065081375104677,4.2514587196792535
A3F9T8J6FJRNY1,28,4.228629020135993,4.341597477114122
A3F9UAX22LLZWK,46,4.164200580480276,4.239427785625507
A3F9VH8916IA40,49,2.98352678432354,3.3089930841757003
A3FAXFHG7RBS2U,30,4.066019447007096,4.1724139813783445
A3FBL32YLQUKZ7,27,4.400887297312055,4.506555166058235
A3FBM6P3LBEBRF,19,4.465251174197985,4.551577715627263
A3FBTJCCNQXW2U,50,3.833726757341819,4.015227002952628
A3FC2NHA7USWWM,17,4.019968503707927,4.14066662959757
A3FCYI00KYG3D2,23,3.6601174946720554,3.7699396129195892
A3FD6BZSW1AHDF,22,4.467663385433465,4.4962340144669755
A3FDEI5P21XX6S,112,3.9066928773973886,4.01804230092482
A3FDGEQR295GBM,26,3.997370192388245,4.179170569056211
A3FDJ198DAM2A6,18,4.766690585631364,4.813915559007835
A3FDKVPHZZ1H7A,25,3.1594907503797725,3.4566865431554348
A3FDO58UAHVQD1,43,4.77239205592482,4.793011344493556
A3FDRLDDB7NJBU,18,4.903269294508625,4.908719855115876
A3FEQXNCFC68KC,89,3.679742729044647,3.780552474448712
A3FESSKNEHGYH5,27,4.793905701367134,4.822592553289917
A3FEYJ4CXJ8ILY,53,3.8057513225806217,4.004468290204132
A3FFKU2MTCOBM1,25,4.00526244161173,4.262676668932343
A3FGBZCL7UM6W5,23,3.756477411498839,4.00388527564662
A3FH5CHYXRZPTR,23,4.143593019987821,4.36029312031113
A3FH5XBJTCQIJ,15,4.684917939861049,4.7254063609361685
A3FHDF143WLZMC,30,3.9171623368636714,4.086955683978478
A3FHSLWEMH7JD8,21,3.5163596989558594,3.6813242160927264
A3FHVYIL6FYHXI,30,3.517828809246397,3.992019094582305
A3FI84A3AZRFZQ,29,4.624285786844644,4.637934885800464
A3FIWPBTFIUNZA,23,3.5399089378381747,3.695051146381636
A3FJ0PV51QQRZW,31,3.447755545632265,3.527136666448914
A3FKA6CXJNBWY7,20,4.646577911055453,4.7308431907273905
A3FKF5H1STA8F9,25,4.956084581447358,4.956385680550953
A3FL3ZH3OEJL65,23,4.459362484645536,4.515069386700005
A3FL6CIO8QIJ2F,259,4.611452142229972,4.623087015952844
A3FM6T9G4LZMGU,19,4.709500682540937,4.729519619811603
A3FNBBDAHDUL7I,24,4.864138391537886,4.880262486287343
A3FNFIHPF0OMEZ,18,4.065509296032108,4.345773532895561
A3FNOMJG1MKQYG,36,4.5332399055031765,4.60269743639222
A3FNUK06V7LBZ2,36,4.359144849553565,4.515856317664884
A3FOBTFMD5ORHQ,21,3.8222577982397787,4.081451551457994
A3FOSBM4MMUFER,34,2.9908975927986217,3.1375679051529364
A3FP0QHUEKT4MF,47,4.452889114164682,4.504037764405107
A3FPQ7XBLMM964,18,3.1453352008861626,3.622763423007463
A3FPTGF6TRQGA6,27,3.8223703800560886,4.018606198906313
A3FQGJN1T2R5FO,18,3.6113565539355097,3.790658762686462
A3FQGOCTI5940Q,77,3.0262177699919905,3.484933981395819
A3FQN1IZPIDEVP,33,4.643942027866558,4.708339800790829
A3FQQ9FI93MJSM,43,4.594315571772115,4.613995433240824
A3FR4QXW7JF15E,42,4.571450285993694,4.636770635327804
A3FR77VKS4ZHGA,33,3.4293010211013075,3.641023497329329
A3FR7HFC9DEQQZ,23,4.589880322947876,4.634263174477183
A3FR9VBY7C3FN,21,4.8027575163437985,4.82493615067302
A3FRD1P2CBU3K4,72,2.935495478685779,3.2536251363827686
A3FS7RSDQ7JSWC,99,4.512444017173639,4.535577309891512
A3FSGTB2I12FHB,20,3.5187196456342895,3.6052599384425665
A3FSPIIAB88USN,19,4.172733888212324,4.2536194590871315
A3FSTO7SUAZZP2,25,4.030981207229006,4.303467452660127
A3FSVQ1EPPSWUK,40,4.75877477032428,4.775914961836179
A3FSWWL6SYIMI0,20,3.779291480700705,3.835538697402925
A3FSZAGMC2WSRO,33,3.9135967612283444,4.09013126674264
A3FT63CTBPHUJN,28,3.957285944237553,4.132117087274056
A3FTUUMASW740H,24,3.696074411067645,3.871087596944398
A3FU2A91KSXOHZ,41,3.9273118144567225,4.060635501599986
A3FU4UD3Q105YB,25,4.154898843563563,4.262221651809999
A3FUVI7W9PO7MN,16,2.3657875147180847,2.898027877310744
A3FVAWZNKW9GX,55,3.583164749039942,3.842994515778223
A3FVE0A30QIUHN,38,3.890305089135314,3.9815803143029043
A3FVF3T2HKQES7,28,4.662657264061505,4.676987681456267
A3FVO92GDDCYJW,17,4.06587493552572,4.3322509440309025
A3FVUDM10CUYRL,19,3.8538778958357143,4.0765574465849035
A3FWD37OUCOQDL,41,4.887023823337492,4.926414586647895
A3FWQ9DZY896JE,29,4.696708239599719,4.7300854096184555
A3FXA1KC8100C6,19,3.6789488536793704,3.869729886508816
A3FXC3QIJP4K6T,40,4.6379522387780465,4.65207732023724
A3FXGYPG6UXFQC,21,3.7231442262186234,3.974412960053808
A3FXRML2JUZX9M,28,4.072780041648637,4.1527971262095305
A3FY0L9P0D6X8Z,45,3.2236455601798366,3.664389255554503
A3FY3H6F4249E0,128,3.602543449655873,3.7253904244953673
A3FY7AKVRWNM8A,21,4.854453995665225,4.8582385042559055
A3FYKB51V7KDRP,26,4.580511791309113,4.679730543575326
A3FYKYY3BR4NN2,51,3.148699224097203,3.340658656559769
A3FZ06XRKW5JC5,34,3.96839388181321,4.165614567320954
A3FZ5MK6HM1T9Q,23,4.593478149519363,4.68699676784758
A3FZ78YFE7FNPH,20,3.944317760495717,4.104445065908615
A3FZBKUCHLWR11,31,4.332767567116872,4.421621306198574
A3FZC3HRR7BT77,19,4.168579682190102,4.249586362919675
A3G0EB0EHTDYYY,20,4.690748981162239,4.734346273519323
A3G0HJHQH1NYY6,19,3.4928560152427095,3.6424917028343238
A3G0M8IA4R3J5I,19,4.61047048806216,4.647641207698601
A3G0O81ML2NM8K,17,4.811289065132721,4.827237307219188
A3G0TESLQF4HFK,19,3.5234089315579458,3.555730053117732
A3G0ZPL89MCFAF,70,3.9902022238182147,4.180917903112021
A3G16L6SE9WQJW,22,4.5169367810033085,4.659287947886805
A3G1BFH7WTV65S,21,2.9651073569719713,3.223196714855163
A3G24UCCAEEA8V,19,4.788062101132617,4.838092876776746
A3G2FLGQBZ8HR,22,4.172585702616059,4.350165587910421
A3G3630BY2HULX,18,3.4915458882520363,3.5428301977797068
A3G3IGM853CTM1,27,3.891206163039778,4.137703707382582
A3G3WKXRJF4AI0,22,3.1037544843995235,3.2884863584067414
A3G40YT8PG9HZF,20,4.726362453603013,4.742716318561587
A3G4BFD7FN8VF1,21,3.2687472389814167,3.554386127643264
A3G4J4Z4Q7UGDU,29,4.251788095670494,4.4909353677779
A3G4JM8OZXXFW8,18,4.045132918646569,4.199718341915088
A3G4SUPK90P4W7,23,3.6146674428856613,3.869867571342837
A3G515RA5ZXR3B,30,3.389234207533357,3.60367484558515
A3G602Z4DWDZKS,21,4.190931907042003,4.292111262965145
A3G6G5BJ67W1KP,47,4.869276554193987,4.870598641639981
A3G6IKGM9O3WH5,18,3.38314247482551,3.5091900914669556
A3G6IU6P6FZUA8,19,4.823415463618904,4.844651067886815
A3G6P4SJ8SYH9F,21,3.7489264014512624,3.9447205026208128
A3G6QZJBB466TC,67,4.001622560946474,4.095071712916968
A3G7BC1IGTAMZP,51,4.178510153034859,4.269101338561309
A3G7CAIOUV2QF4,17,4.611536298420957,4.685869784104281
A3G7M0Y7BL2HIT,24,4.022230968599042,4.098463581452145
A3G8TUSMOASPSB,15,3.626095879089972,3.7211041641080898
A3G9177XXYQVY4,18,4.00284780976878,4.203327298201886
A3GA09FYFKL4EY,117,3.6220206789343448,3.929672322328966
A3GA7T1CNSW09L,22,2.9326378109154603,3.2457332893564845
A3GABZFTKRP05X,22,4.933480866886858,4.938000856372427
A3GADFBIGJF37H,32,4.2336925044970375,4.4091219428936705
A3GAY5VH2LDFWK,26,2.582697201328285,2.7884499254526616
A3GB6MQ2OC2Q2,40,4.072004297275862,4.287480873480094
A3GBJF9VRW3NUB,28,4.7610605292028225,4.767699507007964
A3GBLCYK7DZAQW,19,3.85735586428196,4.06507150473096
A3GBS2HNVVTTHW,24,4.2526229568914,4.371041867670366
A3GBULTIVS4LNA,25,4.433533423904015,4.496570540723446
A3GC4YKEKU0LN0,34,4.226220360587874,4.273743845972286
A3GCPNR1ONJNH7,27,4.360162421424172,4.400850606560592
A3GCR1RSNGFQZK,19,4.018298699800343,4.190142684769333
A3GD8QRS50A6OB,27,4.638624954394425,4.660029300273473
A3GD923K1K602I,52,3.54516162661572,3.94342969985865
A3GD9BKIUT3I89,103,3.858415049829844,4.013517514142795
A3GDBAJ6NY3XFG,24,4.647329633132435,4.679575044192652
A3GDNC2CPPLPCN,33,2.955388527188067,3.1928059219031573
A3GE4S27P3AB0P,32,3.7501526388867723,3.8276279491724754
A3GEIT9NKHNLEE,32,4.878133610064664,4.883589132842869
A3GEX2Z363SNGE,31,3.6865886303258755,3.797108455327951
A3GF45CIUTWBXT,36,3.6526119014209684,3.7221547283716894
A3GFJVSYCJ0IY8,18,4.531397124678248,4.665243173023515
A3GFKX6OYEONG7,20,4.639074736810164,4.758994822870475
A3GFPC4MTFIQK1,17,3.5738795200208564,3.858495720131968
A3GG5Y4YOP4Z8E,23,4.960880974097771,4.961037206926772
A3GG7QSSI58HJV,21,3.7694528858544736,4.055350243635021
A3GGMPRYCQ87CY,30,3.0995705986055504,3.499398266708874
A3GGO81WO5WM6L,32,4.297407992088116,4.372609739830951
A3GGVCXYE24R0H,35,3.9153379544588183,4.130581828685776
A3GHBLTVJLRPAH,20,3.1699860555121546,3.34393620362466
A3GHE5689W9LX8,20,4.976137375771757,4.976192487267871
A3GHO4XAS5GMHI,45,4.754352302370578,4.765239219680028
A3GI0C8DD9BLJK,20,4.983874021736845,4.983981428823853
A3GISRNT7BJEO8,17,4.297729010350635,4.3649340803152334
A3GJ0ME0T16IIO,26,4.603744907752615,4.653666036487485
A3GJF0SXS5CETV,15,3.615383326640822,3.771265361481884
A3GJG5DY9ZE4JR,19,4.8426946086614775,4.844612271557165
A3GJZQA3HPZ6TL,36,3.420013022420145,3.735763897926778
A3GKD8MAHURH91,38,3.142667619760929,3.618970419930812
A3GKHC1PLUVSHM,26,3.937108607249719,3.9428680257721824
A3GKMQFL05Z79K,115,4.077637320593307,4.145832572479672
A3GKOMCQTTWPUI,56,3.3678692321711146,3.5527831354137827
A3GKPMHV4U64IY,121,3.577300429315093,3.685932230285847
A3GL1RW3IIDP8X,21,3.615388532699538,3.8926665529929374
A3GM0LI3QI5VEE,26,4.488077417206642,4.540859335581355
A3GMP5FBS5TBAT,78,3.387197597602934,3.6046413657744028
A3GMRJFK0CRCQR,16,4.343333398317677,4.465970902196969
A3GN10RE6CQPON,28,4.045265556651531,4.2826321659448
A3GNDQ1LLL518D,17,4.070610757650268,4.213304034587565
A3GNSD8NPCFAM5,43,4.671678177760946,4.727288616729891
A3GNSGGI252H1R,20,4.87064610879519,4.871662094399178
A3GP2P0KY1X6X4,40,2.6855806531747426,3.0006501669606527
A3GPCKFEXV35FU,27,4.73137181056846,4.741648456649205
A3GPL5JEP3G1VS,38,4.135663730929463,4.222975536948363
A3GQGGZL0UI1L9,32,4.671976249561613,4.701534259329707
A3GQKB1KF0CRPE,91,4.292889608578199,4.3961540663390135
A3GQX4L03ONRVG,20,4.031745024639216,4.134840772568017
A3GRAH87GRSN8F,19,4.007251603084088,4.100984332079971
A3GRANSGMYPX00,19,4.0598720582248,4.129569412357004
A3GRGJBV4N1GGJ,35,4.736390176660976,4.753578036163932
A3GRN6J64F2C3X,176,3.5668841770432818,3.6571164335165185
A3GRU2SKT6FDXH,20,4.396021675466769,4.458277127263632
A3GRWX64Y0FMIP,20,4.758246771263704,4.836160728306677
A3GS4OOS1FYAL9,18,4.858117976517996,4.8645158910037685
A3GSETI5US9LCZ,14,4.157977277400847,4.28414628027881
A3GTA86MGNV79S,19,4.24083981448218,4.371532827617642
A3GTF3Q8KJ265C,48,4.434073626499334,4.4689496575234955
A3GTFICJ0QDPXK,26,4.944339899131688,4.94464018437586
A3GTZ5P4B4CHSK,26,3.9909673428450825,4.0776626565113325
A3GU3LWQTEGCMP,18,3.608066991978597,3.671068062975274
A3GU6RI6FCD88M,26,4.179477015162019,4.340176261828291
A3GUNXVYK34085,25,3.027603401508896,3.25679424288311
A3GUVDFH02HH4G,19,3.5715572101436686,3.6961761006303924
A3GV9QVN60EPGC,32,3.991443852965717,4.195387376738665
A3GVO2H78FDDPC,19,3.675548136317851,3.9648002692926543
A3GW7MV7UN4ZJ4,26,4.826560473224614,4.834119827359607
A3GW8A5TGK4U1U,49,3.5516123549537326,3.757008806282768
A3GWFK2VCLX1EY,23,4.964272627229422,4.9646224879972705
A3GWZPKO3ODTIN,17,4.6036525039807055,4.664377955105304
A3GXBI848QOU9A,52,4.796418958180889,4.85704200800143
A3GXDSPW5M3M6V,35,4.5845169967900254,4.660401794148571
A3GXELCNB9I7QT,23,3.9082961944850765,4.115294197653269
A3GXFJKGYL7464,26,4.694659692752085,4.745488424411245
A3GXZCPKNUANBC,17,3.868458833873841,4.0017899031014075
A3GY1C3TRV1ETS,19,4.729047276630786,4.760330543645946
A3GYWX45QPIBJR,20,4.355877345133362,4.462895624028806
A3GYZMAH46Z7M6,19,3.1783813249270962,3.3991107986555207
A3GZ1EU36LDYU2,57,3.293601856890775,3.4284734702920034
A3H0PM475VVSLH,20,4.9458637303910145,4.946048444252259
A3H16ZCSALYRJ6,28,4.873567422622524,4.874971421657997
A3H1W7I6Z6WUNT,33,3.345562369186261,3.6273545676135783
A3H1YK5X5URUAE,22,4.79649973988624,4.804577341363286
A3H2CKTFZ3B3GD,18,4.000257925982619,4.134614026433235
A3H39FDRC26PBO,61,3.199011843627331,3.361386787928219
A3H3Y28IPED5GU,21,3.3539704138416444,3.5665583598307147
A3H4TIVTTA5IBB,26,3.4072309381982198,3.6468779726161284
A3H56GIKKPL8J3,20,3.745965530027211,4.0479522143090305
A3H5MDZAMQV545,56,4.217448022449714,4.325559906804024
A3H5XFWSIZAT4U,31,4.250660130572528,4.275835223214281
A3H65GBDSJRNO4,25,3.7571488776827318,3.9132759415077167
A3H6BAB2AK6L2J,22,3.1926064193146373,3.6400871215014736
A3H6C20HUI178U,31,3.422536064824616,3.7362970968166445
A3H6LJWK6ASBV6,25,4.4155693338785635,4.526727630767227
A3H7087YTQO9PO,24,3.94363695714339,4.1082833393005735
A3H75XUEYQNAV8,24,4.68180318610396,4.75587952521681
A3H76E6A2ZZS0U,20,4.194795644140628,4.388119683425608
A3H7TKJZNXLUY6,18,4.846938792723236,4.8526889387070815
A3H7VMAH27VY51,31,3.120435218346979,3.353146519561234
A3H86FCI0QZH7T,60,4.648486205230294,4.681994392791525
A3H8E16AG0RD27,26,3.7103994881896303,3.989226624953299
A3H8JPUKYZ7A5U,19,4.833011005184859,4.8415879706712035
A3H8KBQ8H9GN3H,28,4.591941844521245,4.628492698616117
A3H8M6B2XRU5QQ,25,3.84284328286103,3.9985544776956923
A3H8PVQG3IW4JU,18,2.605360083789214,2.967336281585745
A3H8YMLYILJ20T,16,3.9718449553045763,4.185245419315831
A3H98I3SVVDP85,25,4.562591184505683,4.604755790054242
A3H9JSM1SUTE4O,299,3.222105714762219,3.4272217483308443
A3H9MK1XSF3ZKQ,35,4.2195125328547105,4.340490139891919
A3H9PLV6L2S194,20,4.315354911971702,4.373794852859992
A3H9UMXEX9F3TN,18,4.730880663294222,4.735422785889283
A3HAJBT5XS4SOY,63,4.306460219530658,4.429721069331232
A3HAVMOC1MABFU,28,3.8073433201707156,4.008147560121728
A3HBGSTBVQTMIH,45,3.6280451353371665,3.6979217619731246
A3HBT2LJ06CZZS,50,4.399009076415185,4.476059672129807
A3HD2JWU8BTH7S,15,4.983834337562067,4.98386851356307
A3HD7SVBY4JZOW,18,3.4292442481364387,3.6233755955416687
A3HDKGELNYIPL,35,4.2577637126333405,4.372456002989806
A3HDNSPMU0IAPT,21,4.3946399052420615,4.441710618456424
A3HE2VXSYQXJ7F,23,4.910737710537894,4.927659259900749
A3HETHW2XD3DWH,34,4.346661775962442,4.42697240878133
A3HF0S0ATAEQFC,21,4.3390599431022325,4.441102969471172
A3HFN4RMQCHDDM,39,4.0486714533319,4.184759763212507
A3HGG5T0E8UOXD,20,4.410919866965835,4.469969611485858
A3HGLRSXEY3P05,30,4.28890358682071,4.344737011891012
A3HHQ7UIJJAOAV,79,4.132899624479835,4.220645191855695
A3HHSRO58T1AGO,22,2.581554746698543,2.958462541705093
A3HHV45EWXDAQQ,27,3.752481623241226,4.003773244283386
A3HI22SBXHMGFY,40,4.603610950441747,4.650370519256021
A3HIIOP5909GZ,28,2.9986962940820723,3.3473724759746273
A3HINUXNB2R0SN,38,4.125621688678666,4.378563533092639
A3HIQ29DDJGOKA,28,4.279326689260821,4.344366089754659
A3HIW4QORRARST,33,4.727106623258358,4.755561217447865
A3HIXK5T31ADEB,20,4.218370436170159,4.378540630808514
A3HJAIFRRFHUAB,60,3.836571613549516,3.914713501216352
A3HJHV83O2U8BL,21,4.499200302831551,4.564541396753542
A3HJJLS5L71EC0,24,4.466482107057172,4.4913725619526454
A3HJKP0SSQ5VTK,28,4.77786301085924,4.795688134365863
A3HJOKYEV152QJ,18,3.188619681068878,3.324444423956656
A3HJVB0ME4YJJ5,35,3.541393833866024,3.779478084486484
A3HJWZO8FC04F7,16,4.355752778984374,4.416051684298723
A3HK10D2JNTXLB,32,4.550425721663708,4.615534286729379
A3HKJOK9FZIYKL,24,4.5179453181068885,4.548743801908895
A3HKPX8LHXY26G,22,4.389530106790614,4.59367903443274
A3HKU4ZHFOY4NC,21,3.578026555380966,3.863795588783329
A3HL3IP1LHBT2A,22,4.47724110590118,4.592732245970328
A3HL4CWBBPL1WW,286,2.7506231298042354,2.9475464284436654
A3HL8715GA7A0K,18,4.988084309124085,4.988093607115245
A3HLAG7T2JSPAK,22,4.69109266457418,4.771091202167962
A3HLPIB3R66HRA,30,3.3900089879577733,3.539362060385043
A3HLRR2FL9E5DP,37,3.353070930740661,3.694909194864086
A3HLUNEJUT3MSP,25,3.8007600686921124,4.014697840034397
A3HM5G9IV1FTFP,94,3.6753033653307976,3.7605870750207364
A3HM8SXVYJKSQV,33,4.152282128014704,4.352458555095937
A3HMJ97JWEEG3S,28,4.907692482761531,4.9081125408891895
A3HNBLO0KIJVTS,49,4.040893880298983,4.10031954716309
A3HNT4WLKQ7E5R,44,3.753159256749221,4.03322011972201
A3HO5EBAI13BYX,49,3.3830558561587982,3.5443324690870073
A3HO756DRHYA73,18,2.4821554912411825,2.7226642057086616
A3HOMAS5ODFCW6,54,4.348708006322621,4.482599702278945
A3HP7JU4ZORF52,36,3.268662193632869,3.3767546756687143
A3HPFC4WMB2LZD,41,4.646388686114869,4.700847460189561
A3HQ0V6ORJC4HE,25,4.29957608258443,4.382236474505594
A3HQC34FTPI6XM,18,4.099233737876156,4.424011668198831
A3HQE3IS8W74HC,28,4.8392209253989344,4.849360352174494
A3HQKJ7S1U19P7,18,4.197206966477084,4.266444167952821
A3HQMDKTUI43M7,20,2.442126891773961,2.9862573348781583
A3HQXFLZ6WI70Q,41,4.539466827561297,4.57861930105822
A3HQXPC5U83DH,18,3.69674209482938,3.952600162987879
A3HR7CLPMNTP3V,20,3.176217047480474,3.338530564924546
A3HRCDI9YEC2X9,31,4.766001854210432,4.8024014729090565
A3HRD4DJIA0Y1,16,2.0500062950407987,2.3728794001820934
A3HSB8Y6B328HH,28,4.2874766350789075,4.3293605120587495
A3HSLAFSHR587E,20,4.285823473920141,4.481351637800116
A3HSW0T5Y0PORT,40,4.537163294390203,4.629211219269949
A3HSWL2RVZ61LI,20,4.645645378687737,4.7019117210473835
A3HT7XVLEPF1EW,22,3.1346268323895785,3.422835257729125
A3HTAFZQBLXVXU,20,2.471847787099876,2.950033156997106
A3HTX1NOTTWERP,40,4.435066573158296,4.489261622960887
A3HU0B9XUEVHIM,44,4.552604277570714,4.636880945028437
A3HU30P8YYXW1S,26,4.435118255461516,4.484009006936704
A3HUN3KP383B23,23,4.632431862265179,4.653677809559974
A3HVFPZ16DO82Y,40,4.553455501822138,4.627027328492199
A3HW5ASUSQZDV6,27,3.8274570292362142,4.051482127421696
A3HWBN95DDD7UV,73,3.4606079830758136,3.6104993929405014
A3HWGPG57PV3VR,43,4.288977435338103,4.343029654244777
A3HWUL4QE6H5GA,38,4.889505967003071,4.891161970665267
A3HX4HDFXVR5Y4,33,4.95817542612607,4.958330743816145
A3HXDXQ20Q53BV,48,4.750630718955886,4.769581290205571
A3HXMR7AJOB2GJ,21,4.207585691209035,4.302740955296304
A3HXQ29RAR80ES,20,3.735011027639243,3.92952537122039
A3HY8NKF138R8S,22,3.0982686223078697,3.5195529791670928
A3HYD0KTB8XKPQ,19,4.994477277533758,4.994480789455845
A3HYO4QY2782RF,36,4.091912095542152,4.2518679890945865
A3HYOZUHIKM8YA,19,4.862281074374472,4.86728100917549
A3HZAKMQTVA9PO,19,3.46650808763241,3.7358238276548246
A3I026QO4V5ADY,21,2.670271879775918,3.175150398944062
A3I08LHIK2N8ZS,21,3.98479310440226,4.1664687435675996
A3I0CQIZIS2VKJ,38,3.10249209515817,3.335613887083918
A3I0MVY46VZKJ4,24,4.271945624381487,4.394449007550298
A3I0OLUKWVAC1,53,4.527719183184283,4.600932523109991
A3I10JD1AV5G7V,24,4.22799753236228,4.341172898745682
A3I291BE0RNZCU,21,3.297100650685205,3.6350666524249498
A3I2BCQKBGGYFY,39,2.828891900121282,3.313717136169531
A3I2HZ0UY2BYK3,20,4.039521047380179,4.161687736647209
A3I2NQYN7R9Z8W,31,4.002143309524275,4.307617184719136
A3I3CE8M4T789X,58,4.844227261096201,4.851968224791101
A3I4151MK35C46,26,4.821545930296674,4.828128985566
A3I41GVBQ7JDPU,26,4.5458538838924305,4.560542208282346
A3I49HL6XR62DI,33,4.0304899051303416,4.182490723729726
A3I4C4LS3ID7Y4,123,3.9437905854318736,4.093878396759855
A3I4O61BNCTKD5,18,3.482944141848026,3.5810232389907344
A3I4PNY9STVH7F,35,4.834742259728383,4.83668909877254
A3I4Q9TYFT57HB,26,4.941781715919225,4.9420226735772355
A3I4SUDOJSBNCP,19,4.514339275191226,4.564824711194357
A3I4X63ZMNP2GW,19,3.9958483539299805,4.324315493442946
A3I5PV471TUZEX,22,4.297697144221257,4.4166687497484975
A3I5QX5KFCLCP1,25,3.27024100143715,3.4150851758240686
A3I608HDAD4EJK,31,4.176503873733149,4.371548075741452
A3I69IXPTDVKQF,131,4.065703515292395,4.130080183747656
A3I6JKW89COASA,24,4.248784191596147,4.373661526397672
A3I6N5VLKAI5P,22,4.570238602787847,4.606250415874279
A3I76UJHITIO1U,21,4.962750589145086,4.963227025855812
A3I7CRNHGZVWXP,19,3.2244019972066096,3.593278180485191
A3I7EHVQ4AAKFV,21,4.392432841274702,4.453273944024819
A3I7HLNLVD1IJX,19,4.585461704935711,4.5943854703148554
A3I7OX03X6KDMN,43,2.807403356884457,2.8880748100413953
A3I7UACA67A3NP,19,3.624748627828893,3.7140246431404447
A3I7YI4NMP6SV8,26,3.219167885793831,3.410443439179547
A3I86L4OXK4CXV,73,3.6259888535115374,3.924324333124565
A3I8B0U28R83HE,21,3.8465627941453095,3.9361010260402787
A3I8CCGV713P4X,17,3.8441636011307367,3.852516989934837
A3I8K4KC5GO2VT,30,4.772847947498396,4.784867168875753
A3I8OURC83NM6V,34,4.611550113492472,4.670174770951393
A3I8Z01PJT3ML9,22,3.2590555708740068,3.605120140663926
A3I9DM8V0M6U6H,30,3.1169883100787175,3.4467684776099907
A3I9NLAKW3L4WI,20,3.473066713211069,3.635298039969583
A3I9RGOY1MOWOK,60,4.341707573995125,4.434304849456303
A3I9VSHAVCCAUW,36,3.288440694107429,3.51546048763019
A3IA5DZ94L1NUS,18,4.9972735167587885,4.997273731582792
A3IAAVB63OE76I,19,4.626512775715547,4.66272614401482
A3IAP2JMTP5YBN,25,3.8588945767918776,3.9759812037098428
A3IB1W0SVED0Z3,84,4.240340730532049,4.348807392456598
A3IB41HBPMBISP,26,4.2077487547575805,4.309859281505177
A3IB5S379396Z0,19,4.266901603732441,4.365657894922395
A3IBXED14SKZ8Y,20,3.44675679710445,3.571632683459219
A3ICHEO78NFE4Y,82,3.680894906631654,4.068688527984388
A3ICHXVMIHHNFN,42,4.987797792639532,4.987823635141555
A3ICVJQMZAGQV5,67,4.164741559524136,4.3745504269976605
A3IDDRY02LKQQJ,24,4.866335747847429,4.884510143881179
A3IDH6J4UI7D9N,31,4.108567838279682,4.292366636695174
A3IDMLOWLHWNDJ,73,2.9889978488292934,3.2940119098116636
A3IE0P2JMWW0H7,19,4.411776627668885,4.457384258177777
A3IE34MBDFKJ53,78,3.1381128352865177,3.4575525888880136
A3IF91GC22N2Z9,64,3.6032508919617516,3.6859446230808524
A3IFPFKOJWSPZC,23,4.795718249231354,4.837627416860797
A3IFX7H1USOO9B,27,4.946332434653852,4.946804483998621
A3IG6R9HMB3WCC,22,3.8296941285369415,3.902066931814651
A3IGA729Q3AB5V,58,3.8618231947616497,3.997324677995158
A3IGL3T0BN92XA,19,4.267726639401801,4.382143719070513
A3IGLXBL2WUZ9Z,17,4.634492775907889,4.734230253858385
A3IGSXM03XCO6H,20,4.003580258465238,4.190612141667754
A3II1ACACC5MTX,42,3.5468033993162944,3.6991193862511027
A3II7VQOJ0Q1XD,28,3.7372636636808103,3.8391426306671863
A3IIBE4D1VECWC,24,4.007617891946656,4.235835206466733
A3IIRUQ6FWTRJO,24,4.448656258510045,4.505967558850184
A3IJ0KQUH7V9ZQ,20,3.4146249210381625,3.697677389086141
A3IJ3AEFKL4EWG,37,3.194084914222229,3.5139244329734995
A3IJ5MTU267RJ8,25,3.21058069678851,3.4792317633283583
A3IJWBLWP0YIIO,17,4.846448988395481,4.8567391276175025
A3IK9BLS3BWM96,27,4.1066815046287415,4.21795437925832
A3IKBHODOTYYHM,122,3.414575410025647,3.5651444338742433
A3IKY2EW86W37O,23,3.9742388132813424,4.222606932299751
A3ILFAT3HHYOXE,26,3.9629084652150386,4.099153628498562
A3IMNZSYDOTTU6,36,4.325083310406113,4.359850739856761
A3IN3KWOM3FW75,34,4.909564039845345,4.9131115064684705
A3INL3IB0KS081,19,4.503010177708258,4.564504409503177
A3INMIZIYJ9BQ4,17,4.200672225408986,4.275148723525956
A3INN916E4VION,35,3.781028400665015,3.939921874454628
A3IO2DBHSOA7S4,21,4.16214179793486,4.358292083234426
A3IO2U3J119OO1,22,3.672427471633817,3.913801765687697
A3IOMFM9VQNGGS,17,4.2040851201728415,4.479451901832522
A3IOYRBF1X2XB,20,4.568477214020634,4.591928209122035
A3IP0R4JOD4R5G,22,4.433317227256544,4.595209266786826
A3IPRTRBTKAO96,31,3.96450777524084,4.273455658040817
A3IQQJPGZ2RDN7,36,3.6106202940716057,3.7921975597901567
A3IRBCCB3I5PPD,24,4.5666922421176945,4.590686684896359
A3IRHEHX2HCMME,23,4.864730524621047,4.867885036943651
A3IS9E42O5HIPI,22,3.772456456416218,3.8434383184334457
A3ISCBELBLTDQ3,44,4.311715893544219,4.3987845636536385
A3ISFNQ9FJSPFP,53,4.104554509294307,4.278720240993876
A3ISKVEVNKWSB2,23,4.588121080626576,4.595032111857627
A3ISV51VNW9I3U,23,4.065556211968543,4.22968347192105
A3IT83ULVAZPCO,30,4.732734979247542,4.761396643664327
A3ITBTVOG3POYJ,28,4.784106307452638,4.84396856604739
A3ITS4UKYF5HNE,19,4.819436132916474,4.829546526249775
A3IVBYIDNMPEPO,29,4.421051352981229,4.549622116006904
A3IVPCJT2MD5DZ,23,4.8082924278679515,4.849694930816619
A3IVQLUWQYUVTU,18,4.2606930092895015,4.303380439797548
A3IWQ6U3EHQ2OT,25,4.223822008069424,4.3418429139225285
A3IXF6LRIAAO01,28,4.453264022667374,4.555791563046376
A3IXPFN5DU9Z9L,18,3.7091062221291455,3.861328355336849
A3IXVA05WE9W97,19,4.1924190681567275,4.32291031412096
A3IXZJ1L73DYTA,144,3.4723334174367744,3.6647482081700478
A3IY816NTUKAR9,22,3.2040139971566703,3.3674348086430603
A3IY9HIAMJQ7HL,61,3.018063653330855,3.133916690388488
A3IYII82Q450MS,31,4.218675648491506,4.317169452911931
A3IYSIAKYOMKTO,26,3.560304738257154,3.6114734350928175
A3IZQWRULAKKMT,27,4.946583077053378,4.946791133500806
A3J029KBNG5MNP,47,4.20758112710219,4.289063675917773
A3J0AQUK0I4C60,24,4.266542015730015,4.3473388208155
A3J0KYP711KRV6,21,4.056645345571502,4.197506932171807
A3J0WT8I9WOBN0,19,3.665584029850917,3.761450480139386
A3J1F15QOHLKMM,33,4.947285144119862,4.947441996531171
A3J1RXFKSROXJ2,38,4.162593782069362,4.296353280981156
A3J23MWJ0GMRK,22,4.09981843180982,4.177424400244893
A3J2FKBWL0XJFA,19,3.8326186513174663,3.928054436233478
A3J2SO7WCJB3YD,19,4.8609309035299,4.862695525999592
A3J32CP7XVRNS8,32,3.8764475155744322,4.044813811903814
A3J3MXHLT5EPA9,31,4.648295447373754,4.669565280450639
A3J481HQDXFY28,28,4.142931624637501,4.261715433329893
A3J4PGEAL09QNG,22,2.9855662408456776,3.2973080300434887
A3J5E2VJRG6KO6,19,3.710739872173235,3.7661073997160393
A3J5O0PV23106P,32,4.817033400504823,4.832205374893215
A3J5WEY9BS9EFA,61,4.46237127515567,4.522403808890522
A3J6ERSGOJD33U,25,4.871182525067223,4.886841350598086
A3J6RO7IMPAYZ3,28,2.880011979806155,3.0760499551985254
A3J6ZKBPU8YTX8,23,4.4762199282603605,4.597776671002803
A3J75CRV7QNZ25,21,4.554579853893808,4.581714162241334
A3J7QTHYIZ3XQT,21,4.309378938827896,4.420912119253413
A3J82YP7GTGWDP,52,4.608607053407825,4.644087182946225
A3J85MK7IIZ74H,25,3.7123114948374756,3.7644412198159065
A3J8A5L5AF5TX9,46,3.9437610668851497,3.9959722468673626
A3J8ABVGK7ZL6H,51,3.395702158994182,3.852215883517643
A3J8SZL4IN1D46,43,4.855629125461502,4.866235626817499
A3J8U952XAL34Z,22,3.5490463746475203,3.7428790429564884
A3J9JNU7G32U0V,21,4.991807408476626,4.991815608255806
A3J9LLWHZH15HG,99,3.835160232119571,4.045686547527014
A3JADS9AZXTBAG,20,2.6366893181265274,3.0710535564389154
A3JAO88SJS12F9,25,4.749939848600518,4.76902501601107
A3JAS1JIZEN6WX,82,2.8727701563860935,3.186012245565066
A3JB63VL08CSK9,24,4.962218074491644,4.962369347292576
A3JBLXCH954NMV,38,4.222697324345263,4.268433778115344
A3JBO3883VSZSN,35,4.915818484205673,4.921183895375579
A3JBZKJG6MYYLQ,17,3.626827948163111,3.9819086681484848
A3JCA5LK3ALDNM,26,4.3851747689481995,4.449561897458381
A3JCKCPZHK4CZP,81,4.350250698963788,4.525194524917633
A3JD07VHDLT5FF,23,4.55768905629968,4.577036355901929
A3JD4SHBT8ADV7,25,4.8947628253715045,4.896926310126696
A3JD8FDS3CO3GH,33,4.381779816678278,4.414148293567017
A3JDBLJIN704EW,39,3.5623551903138266,3.8933168822730195
A3JDFAOWN8ILOQ,26,4.671895478393361,4.725385478791105
A3JFQ0LDHOTZ48,22,3.254725633079822,3.5139931565045797
A3JG01VY9PU7R,36,2.781617758869625,3.082563871818699
A3JH9D4VAIOF8H,54,4.266059035396877,4.427344915915462
A3JHBKWQWS36YL,21,3.7974547104154666,4.218306609214212
A3JHTWMLK24DV2,101,4.367879613045721,4.457959429574364
A3JIH8AAZLQQ4O,19,4.4931899310083185,4.531387872912178
A3JJ21YCMGSKGH,231,4.674679819099365,4.681723238025236
A3JJ825BC3H4EA,190,3.111864405078589,3.2661810463555256
A3JKDSSLD2H1M1,36,3.508244195058188,3.6894547042492905
A3JKGE6FWLX9ES,22,4.698579916662535,4.756845834456463
A3JL15TG84TRSN,70,4.300150906132543,4.327678196572575
A3JL8PMXWCGLT8,68,4.19586195375966,4.3602292782391245
A3JLKDUV0B6O5U,24,3.230926853459895,3.6933519832311856
A3JLOIXFM75QNV,184,2.8227991679419717,3.070254384900074
A3JLXQVQH5QLB8,20,4.543720081562759,4.59309204715998
A3JM0GBG12QER3,43,4.416214366004228,4.443783334814646
A3JM8WLFO8PT4,30,4.154108674891682,4.1915765730104715
A3JMJPXA7J16GU,19,3.719648651409681,3.841231383239186
A3JMRCOROGMQBW,20,4.933562006106934,4.938231209809836
A3JMTG2PFV244O,20,4.290117818411954,4.394046138759018
A3JNBRU1J4LZDJ,17,3.6703715715661254,3.76945130865897
A3JNCR64IXN81L,31,4.450690709018311,4.590629269905875
A3JNVI7XF1LE4A,22,4.073510382352663,4.21895102908632
A3JNY2MSXKTXZW,48,3.721017983631526,3.8439891416549474
A3JO9YSZWFSUDK,21,4.357832488974553,4.491753694757796
A3JOBBSO6S28UE,23,3.965577365388419,4.112179663621639
A3JOJJI31DS84B,40,4.62541480589223,4.703115760098646
A3JORTX0ULI6IQ,40,2.910759775912553,3.392788940841384
A3JPFWKS83R49V,33,3.336210758330727,3.4722641950411868
A3JPPR6JT75N0E,27,3.608108503756756,3.782348450851385
A3JPTQPOKO6TVO,24,3.9517289435536074,4.023660361104242
A3JRCA6UIC81UE,22,2.497053764262061,2.6851681282025455
A3JRNOASKQIMS0,20,3.255083852125235,3.337411256412967
A3JRXFN19FA6CH,18,3.9585448264123917,4.061767004172178
A3JSO0N085OQXU,40,3.343691174214649,3.5599716207380743
A3JSROIZ1SFTS,31,3.5809674474495297,3.9698142710271656
A3JTA7SAV9NSDE,51,4.407114056455404,4.552200005385491
A3JTBJC5WSEZ7Q,30,2.417715572810129,2.7716482800141926
A3JU9CWXUVHUPU,55,4.822543566783579,4.832178151323135
A3JUMX7IUYR7G4,74,4.771873137876871,4.778785193212968
A3JW06DZ1S5E2H,19,4.901474909397976,4.906939553631915
A3JW194TSYNB73,42,4.060570645147527,4.100792165531992
A3JWLNW3JHS5DY,20,3.2055956031498782,3.6277902061400233
A3JWMMSSM5UJ0C,17,4.025367188553559,4.187100440010928
A3JWR2O1MZ7VNE,21,3.8270070268383747,3.989204662232487
A3JXBZ8F65100O,45,3.6436925826778537,3.8803598567407462
A3JXKCSETA01RV,19,3.9323908265377114,4.019016981069033
A3JXOXKWOIETIY,37,3.988638708166394,4.167829610345434
A3JXPMX8E59PL1,18,2.5592817656693923,3.0237166598745975
A3JXVV1QJ68PAX,19,4.244702734525411,4.328517689470739
A3JYJ907WWREJH,31,4.438931585905589,4.495320406714482
A3JYS9YA4BE9JR,23,4.976767557033803,4.9768422363997376
A3JYWTDS82BDCL,26,4.574266137628867,4.617469752584857
A3JZ5L52FM318H,24,4.051516121285124,4.112510979770456
A3JZ81N3CB5PIP,20,4.599936778324304,4.668940229229247
A3K09E5SKIGLZE,27,4.572436671067244,4.695986763419311
A3K0E9JKGAHI5T,48,4.217182262808174,4.348564260507808
A3K0U2QGU78MQM,18,4.303892769031136,4.423158076665444
A3K1A3MUYKQ9B9,19,4.458093132513105,4.529917845274506
A3K22VMA6BACTV,21,3.993082034295257,4.196561766596291
A3K2XGD6SYR9RM,20,3.342365340948617,3.5916523701068437
A3K37QVJCLI6AQ,27,4.556619098549493,4.582103947108377
A3K3X7T9A094RQ,31,4.067985196313797,4.13027002352205
A3K46PWEV0VJQF,24,4.370000360759819,4.443415057355435
A3K49CWCQPGRR7,18,4.700030816243338,4.744672796144404
A3K49KN7M3IUZ6,35,3.4476297836266228,3.8569826257929165
A3K4AJLVHAH4OZ,22,4.899841239860077,4.905540169758698
A3K5IMGDCDBCNF,32,3.8562253289210338,3.9193207966226087
A3K5R5PNIJWC9U,24,4.084163274942178,4.175984199933463
A3K65A33WMRPAT,59,4.417651548679933,4.511023202966158
A3K68WXAE3S90G,20,4.950655818522586,4.950917027805385
A3K6EFB5MWE2C5,42,4.557512525610252,4.6888765269783335
A3K6TLVJOQ2DRR,21,3.8072784810776077,4.214335263512235
A3K6WZAMRUJ416,26,4.8969501262135715,4.911807247472966
A3K80L24S9DH17,45,4.666755547853631,4.74409912987192
A3K89LA3W7YS1Q,28,4.710632953115308,4.770010934286614
A3K8BGSBDPP4ZS,18,4.9688387450624045,4.9689501049681155
A3K8I6W21SNKZS,28,2.084153535542651,2.5082072841430647
A3K8POFWCQI2GS,19,4.410574548822493,4.47263371850365
A3K8TYU7UOUTR0,30,4.003589475735975,4.25099669620684
A3K9000PUD5S9G,21,3.940757241360462,4.09861238670558
A3K91X9X2ARDOK,56,4.053887467248598,4.1090290863078405
A3KA7GJIG0I7NH,34,3.333570811323827,3.5157461782563115
A3KAOZL9SN1YWQ,18,3.4236723807740903,3.5487671634435376
A3KB1H0S7T6JX1,247,3.4089222676515787,3.5874382709057366
A3KB3WWMA35AQ4,19,2.6928841750228214,2.914284857352451
A3KBDADEZQCT4A,36,4.537340558019174,4.606130893376388
A3KBMS59165TUN,24,3.959678124164041,4.264100415487552
A3KBOZKGG9OHZW,21,4.805337713224897,4.823512511623335
A3KCWR68WXGFZ3,39,4.81848666181899,4.847903566891191
A3KDTUGUJQCSJT,24,4.828632613503941,4.851503546368983
A3KDVSFMPMXSRO,36,3.22937063789568,3.3972621261785143
A3KDVT5PXEH6ND,25,4.316993093533658,4.411085581475838
A3KE5G66TZNXXM,32,4.217330494721054,4.279001680082291
A3KEZLJ59C1JVH,201,3.281595422450695,3.468255695306364
A3KF0RUD95RD71,33,3.551994079168709,3.766281214828952
A3KF46HP60GDFX,25,4.0624095357992385,4.074582864150194
A3KF4IP2MUS8QQ,279,3.7388210989091193,3.863526063371758
A3KFOUVQBIIL6Z,26,3.1031326541070294,3.3621796838808353
A3KG7UC67K6VVU,34,4.0278736652852585,4.177379433309092
A3KGFN2FOTBE3,17,4.345406324052714,4.543560520575628
A3KGJE4LQW0T2Q,20,4.7160963729255645,4.777298863088264
A3KGK5Z9TL1XVH,16,4.618061202408795,4.713473962932832
A3KGW9MI9EXYQ3,25,3.992146135332256,4.164923778002762
A3KHRAZVV91AG3,30,4.596957285469828,4.635192621105528
A3KHS8R30JGNA1,23,4.926189875328803,4.9268423464944675
A3KHXFI1ABUG1X,24,3.9174969381847653,4.044344637707436
A3KHYOITDTFXS1,29,3.0697935742380684,3.39987107175949
A3KJ3TASZIWNEJ,25,4.594724467942,4.637899482961387
A3KJ5PP49UTGB8,38,3.4860246899599323,3.8007568745583886
A3KJ6JAZPH382D,82,2.9843796215605676,3.129553700121938
A3KJ7LK28UHZ9C,20,4.2616129156551485,4.41296290470302
A3KJ89PUCHND50,20,4.970579030398675,4.970745848837246
A3KJBPJ0T0MNPS,44,3.7146414814056943,3.824626105909229
A3KJF6Q1UXE2JJ,23,3.708940718622255,3.8722165064944902
A3KK11Y6FL9CL0,27,3.11832207180854,3.392766285491723
A3KK5BSXMF025L,19,3.0401993040277606,3.3237576149394217
A3KKBKVYBSCXDV,76,4.710679454437114,4.796786675915664
A3KKLM67WEPQOL,19,2.823692241845354,3.1418953674146537
A3KKM0T1KY42HA,239,2.557535554989673,2.8073368412113564
A3KKM0T6GLA3A7,21,3.8520725523486896,4.051147272573552
A3KKOJ6T4DCBDT,107,3.768637760397156,3.872732205662593
A3KKPVZ2EQQLAB,20,3.6922081751658253,3.901211120508583
A3KL7NXOAGKD3U,62,3.192671183537829,3.323182580895127
A3KM9UA6MAVURN,25,3.1827858028495064,3.4491024883212864
A3KMKSFK5SJE4,29,4.890764962269384,4.9071907041193015
A3KMTOFTUUNFHG,47,4.521220175842638,4.562625066681444
A3KNTWGBXZNUMR,38,4.550176238561043,4.671117957389318
A3KO3E8FPG30IL,24,4.875368527435651,4.8778636358868495
A3KOVFORKXQ2U9,20,3.028138525321113,3.3003662685750497
A3KOWOXEUEHJX8,44,4.777132285855605,4.79885791470723
A3KPGGTL2TSOLK,22,3.7768843188288668,4.0033042422575384
A3KPNE3A25D46Y,17,4.9541427892515975,4.954626892780144
A3KPRCZLFELDH2,14,4.576432780678163,4.6057846350860965
A3KPVJCXU5APQ1,27,4.181967373178373,4.271616626475161
A3KR58HUO8PCGI,21,4.586802094641594,4.6447157161401265
A3KROYMQ61M7A,60,3.322827453414861,3.393636961569901
A3KSCQWLOBV282,23,4.75755322947522,4.781027747710446
A3KSW02B4L0AXW,18,4.184475795926636,4.307770681498289
A3KT3W6IVQT5TG,16,4.977827160981944,4.977932905083216
A3KTWUXXB8KKC7,34,2.7647965478282233,3.1992328622634405
A3KU4V78AXV8HW,17,2.6032229984644313,2.98811082086386
A3KUL7FSSRFAGI,32,4.922585335821834,4.92344729436288
A3KUP1YCQHBYSR,34,3.3456910051596256,3.5616283702068516
A3KUP8IQ3JMS0P,26,3.0667550997669246,3.31863282566149
A3KUUII2GSHN7T,55,3.674110024271677,3.832256607522992
A3KVAS0IALLIHE,57,3.564809767450729,3.8486883660299647
A3KWAGK3T5FX0Q,25,4.206817981480823,4.247004149231608
A3KWAN5J031OOU,29,4.65861512303576,4.678490773724097
A3KWDP0NBW4N29,24,3.761950448510411,3.9311131593887247
A3KWHDPAJGKGHO,21,4.248967051698383,4.416378664546055
A3KWXO6QE62Z5E,50,3.9699563432360723,4.055909726748777
A3KX78AYIWYAO4,18,4.506755978024874,4.643245792083747
A3KXFQQFBPJTQE,25,4.417694726803032,4.561867847349621
A3KXJSZBDNLTXE,17,2.927055722221358,3.1689978957322626
A3KXMZ1BOAJSRE,23,4.459477564666094,4.525492542237357
A3KXRZCN90F9BB,30,3.6949603721747195,3.9996658783489734
A3KXV8AFQ550DY,35,4.357849166991147,4.413529957016984
A3KXZMKP8KKHSV,63,3.2839394106145554,3.575972510837193
A3KY68OTSNHM3G,158,3.9049436899178014,3.9686503122641508
A3KYBBZ0AA0CVN,24,4.043608227898584,4.311478017435676
A3KYI4P6XH8W2Q,20,4.306434512418269,4.373341477387408
A3KYOBG2INGNR2,31,4.52335944645581,4.568611332971363
A3KZLNE6VP9JGA,18,4.764783887050661,4.783636139972494
A3KZTEUNNB20OY,166,3.4922312359559267,3.619336556187438
A3L044JLWY92WI,43,3.9023863696927177,3.9453590333293236
A3L0W8SH1FW16P,28,3.2304160834903257,3.5231585916709838
A3L1N36J3BOL9V,28,4.951719303617103,4.955220250563796
A3L1Q8HCDD5U13,36,4.580136865528818,4.617137160425111
A3L1ROLIXTWOLI,24,4.82964634875109,4.84761383747504
A3L1VJMHFWONCB,20,3.692758624380782,3.8377510170184355
A3L1YW0OIL0MY9,25,4.231813149743584,4.317992470213197
A3L21A8CJ4CUTC,29,4.224413911918079,4.370268381644732
A3L2U581LL17EB,62,3.0296488963922568,3.2781888343038696
A3L3B81RJIDO56,25,4.108869702934258,4.254489877237985
A3L3OKIPMLGAUK,20,2.761368976878406,3.143139314253238
A3L3RZRDOC734P,20,4.144453081370503,4.278318782038473
A3L443XMG2O5D5,18,4.5946930048704635,4.691610030296254
A3L4I6Y4TXOOKF,67,4.972772490480638,4.972862208042442
A3L4K9QFTPEZBA,16,3.3546286723637526,3.696700966590984
A3L4KWNF87HKG2,17,4.408136460597551,4.437491276677172
A3L4O6P3RJ8HX6,32,4.691946569996528,4.70957984235542
A3L51TJ5BFKJ59,25,4.240740326589958,4.3421298124908025
A3L577V8TY26GN,25,4.070752113960772,4.223139576007604
A3L5965NY9SJAX,23,2.962592297740266,3.326710641115673
A3L61G6N7AT8N2,98,1.816302083493373,2.0943213914595824
A3L66PZ4QJ6PLU,32,3.3315478719906206,3.4128298550054836
A3L695Z3XEKEAI,27,4.842115499602463,4.855339995672658
A3L6IMXRIKAOHR,24,4.536924339224989,4.568491498005418
A3L6QM1STN6I2I,22,4.540346105614593,4.643566600536005
A3L6WBQ6YHUWUM,21,3.7079798302551503,3.8360519707766114
A3L6XHA5FVMN16,19,4.877947205717147,4.880486433686738
A3L6Y0Y4XUBT1K,27,3.9492252154965093,4.073233361619112
A3L77E9Z0OK9W1,20,3.5868299018960004,3.795442381061408
A3L7HNIDF4WQIM,22,4.702294647745677,4.789727283413743
A3L7UTG6S4K0JP,30,4.023941354117961,4.087093001697027
A3L7X3RT805MQ6,33,4.074946810686992,4.173102994068868
A3L84JNFS2DJBM,23,4.3312638879912075,4.42967298077728
A3L8E9GGS44BU3,38,4.303837773553055,4.351093767757985
A3L8LLS88F1J2F,18,4.523442387477145,4.564919281203149
A3L9DZOO7N6V5N,18,4.976493052430108,4.9766064402987515
A3L9E0YI7C5G0W,63,3.861622085405317,4.013522009985409
A3L9FS7GNCV9CD,51,4.552298517758246,4.623424723141118
A3L9PE9IAAQPVN,28,4.7306467059840696,4.7679337525422305
A3L9WR7LGB4ZZV,27,4.544582298369764,4.6196789984887
A3LAGZJJC0XL7P,17,4.83621596608715,4.8405028196068045
A3LAKFK21AQPSE,23,3.795574739658787,4.064813015849389
A3LAR836C033AG,20,4.021301045427736,4.072326299734852
A3LB9TG2CH8B4E,37,3.660158271220674,3.8056798078223513
A3LBEPTSO9S0Y3,30,3.3334854578525,3.697978135240568
A3LBFWWQGQYV48,108,3.8476277181715566,4.059674418551292
A3LC2I812OWCKB,29,4.670762913454743,4.696421807591634
A3LC52PBBXTHLG,19,4.72516340529868,4.74553476672086
A3LC5XEVC8W476,20,4.283263118257204,4.361305906756818
A3LC6YU6TAZ6AT,33,4.843146258814154,4.848413693874447
A3LCRVBXJ2U9T6,25,4.4868626227400235,4.620002183660881
A3LCSK6KQPL934,26,3.101395912300709,3.240935963995602
A3LD3BYJW79LI0,50,4.896167497324257,4.897946276331875
A3LD4ATYRKE38Q,25,4.616556575229844,4.699711862831003
A3LDO43KPFU9I4,125,4.536087736995055,4.609699923249114
A3LDPBT6XRQJL8,17,4.444435267734334,4.484788804260279
A3LDRMKLSUWTJ,19,3.9986439043727833,4.072211883377016
A3LE1JEJKY3K54,22,4.217759858462841,4.3867217178383235
A3LEA9O7LRUW0U,44,2.859634477129087,3.2564718876788836
A3LEV4UY5GC9AU,20,4.301779036877303,4.3413521675133175
A3LF7E8MOWXD6P,24,3.983202269899841,4.004540617489272
A3LFBX84VZHCHL,24,4.951737297227788,4.951865786106625
A3LFHTJ7JPXJ28,26,3.725921144227449,3.9152868616105723
A3LFMJWHJOWGSC,18,3.4629529309389255,3.7705731249584797
A3LGBARAG7VBF5,27,4.5370763029657635,4.629735124999205
A3LGDXHXYBMGCY,34,3.3579881320104628,3.6304159485874665
A3LGT6UZL99IW1,62,3.326865669794873,3.6890228405798453
A3LGV5JXFSBFTL,21,4.7975584522737735,4.81329579519739
A3LGXP3RRGR249,21,4.27645768718808,4.430389303315716
A3LH0LIL5BQNJW,23,2.43046427920451,2.9374911283464384
A3LH77PBDFEO3F,88,3.8719779513482377,3.978941311067536
A3LHA9K5GRR8C4,32,4.400793865725233,4.489385043455177
A3LHEF86YXF7E5,32,3.204924680583685,3.493457002919433
A3LHOG3SPLL7N2,19,4.0928076363429655,4.255264791712042
A3LHTPHIVY4GXF,18,4.757353079268521,4.782927968450066
A3LIBAY67UOC4F,22,4.989494648897527,4.989511259838353
A3LIGGDQCKZMWT,59,4.88634438070789,4.9136265479284456
A3LJ2XUYKO6F2,23,3.7350813969719603,3.8060085941238624
A3LJHTTNW6EMFH,20,4.972380231617639,4.972793426882195
A3LJKGT8PUE3IA,20,4.061172429869408,4.289603223409513
A3LJPQI9BLI2ZR,47,4.859334994939175,4.875625002777359
A3LKD0CXZ9FTSA,20,4.858762848519661,4.8611821669320845
A3LKIFUYNM8QYF,19,4.333364856866498,4.427355694538433
A3LKJ0Y9WPTD49,22,3.9715560077565937,4.108312913554552
A3LKO630Z5MC5P,19,4.988121215272498,4.988135721111295
A3LKQ8UINGBBJH,25,4.100372296061626,4.225667379210014
A3LL2D6NE4G79U,40,3.007995018177936,3.1923631793894742
A3LLRN0Q6F7DX3,17,3.9065329623755805,4.168601105598435
A3LMBPLGRDZ6OG,28,4.6852825272605445,4.75143699246479
A3LMLVRZADEE8M,32,4.629091019756377,4.697457436350884
A3LN7Z4HBK5YSA,18,3.7201277637401153,3.925283938679563
A3LNXKNP4NZ24Q,34,4.918142514839078,4.918486713616663
A3LNXWEBOSG6UJ,17,4.868509705987406,4.891000087092693
A3LOBF0ZU1HE0S,40,2.3699101568850667,2.5258951278341844
A3LPD7NTGFH7V4,20,3.2333111228438667,3.424562260262465
A3LPQAPU2ILDD0,31,4.438187287174769,4.511727417565657
A3LQDYVAAHHV2T,79,4.3613174513669595,4.49128838199027
A3LQHATUJRT196,40,3.2778759897542593,3.5338300829077047
A3LQJQ9S1S966Q,28,4.091787972971721,4.213796469081467
A3LRLY9YUNZAGS,33,4.852945598486496,4.879654634247504
A3LS6ZVYHWW4IO,19,3.636240444462321,3.8142696262290507
A3LSLNM3LID134,19,4.940016981894779,4.945013158555466
A3LT9S6D1LP1AF,18,4.9433538424374515,4.944053145196849
A3LTDDQTKD0Z7V,22,3.8864813164929446,4.1137748898350255
A3LTZGHZBBBQX0,136,3.6474448055837994,3.8572186543796443
A3LU79BYMWZEW9,94,3.6336438295264903,3.7035226097837235
A3LW7VEN67OUZG,17,4.275554125788343,4.355390928472915
A3LWA5BX43AP8D,25,3.762246476715294,3.8468245887590027
A3LWUTR4OV11YN,21,4.834820331844641,4.836402674854176
A3LX2UL4H07TEA,25,4.978380276583728,4.978452464808329
A3LXTZI1R3O243,61,4.308471167090118,4.453064541393248
A3LYFRATW68EX1,143,3.7854888337093673,4.049675359262895
A3LZBOBV9H1HDV,294,3.057895634602159,3.2068171122744453
A3LZGLA88K0LA0,668,2.9131608038472785,3.0888517592301636
A3LZUPNX06NXHB,55,4.249316205942859,4.458334604219266
A3M019H9B8HNJ8,25,4.956607099270064,4.957200399809232
A3M0606QG7Q1RI,22,4.686126584042513,4.7028172123297605
A3M0DNLPIT5WBN,25,4.305085080904498,4.484695202835592
A3M0ZYOE111MLH,19,2.9847534856260918,3.209214395051973
A3M17XG8HL7JRF,42,3.3286706940422244,3.5333215867842798
A3M1BBUC0L3RQ,23,4.587090698662211,4.669592092819752
A3M1EKSN23SVOJ,19,3.692266124853167,3.8245361232619266
A3M1NNDD95HR0R,37,4.219748131382276,4.275889642506735
A3M1PB13ZBJ3E3,20,4.292361186368167,4.362339692599536
A3M2WW0PO34B94,305,2.402693404579234,2.620798074447382
A3M333GYMKIG8A,18,4.708361876310372,4.749071893176888
A3M3FG82ZE1J8I,26,4.047168837574464,4.200438590185245
A3M4EJP86R4SM3,24,4.659704168336864,4.678188101758161
A3M4FAZ29WK4WU,42,4.382500438766639,4.4737683785894085
A3M4QGREWR0Z3O,24,3.7239570928086145,3.820330575572021
A3M5A4BP513G37,53,4.5642225335271736,4.612615467743295
A3M5O6UHXO9IBU,72,2.14998499110113,2.3853197944062576
A3M5UGU0NGD38D,22,4.522014026511532,4.6656797740087
A3M6IX6OAS4I84,57,4.123990707153961,4.310321217103612
A3M6ROK3F294MC,50,4.107971810445171,4.195419583777739
A3M6RVUVZOQZLB,96,3.91760951056577,4.042788588595201
A3M7HJGKS5YWDA,30,3.5218262197612216,3.788481462276288
A3M91J00QJYGED,52,4.046918538481503,4.114995251566002
A3M9AL8H27YFXR,19,4.205805386391738,4.408382372825244
A3M9C56NSHTHNQ,19,3.242582904248451,3.407346337823095
A3M9FZW4B9ZU4Q,23,4.063009757875429,4.116115596860649
A3MA7SBPMMETQZ,28,4.141610152623158,4.203616380986923
A3MAGRRBED57XF,20,2.818550347651144,2.9548745753794896
A3MAHLMAZ0D66U,18,4.805443132555388,4.8312645449397635
A3MAROXCKBWMWV,39,4.195984688486501,4.273877258906823
A3MAZM138KFVOW,34,4.105191923308498,4.166000837419863
A3MB6OXR9BJ1I2,19,3.310694132553481,3.551655202984373
A3MC6242ZZCTJA,36,4.149944442936556,4.251956958724458
A3MC8DL6M9KHUR,51,4.5726064161339774,4.653262890797259
A3MCC5MAJYJYMD,59,2.988430925261375,3.309157114842556
A3MCD82QVBLWRX,24,2.7380327091214824,3.122424693218757
A3MCEFHHX3IXJ5,46,4.1213779053995685,4.179877687344993
A3MCQSIBV7QW8Q,44,4.119884979838864,4.226562888928552
A3MCVZASE135WU,26,3.4136076026818034,3.483485879372793
A3MD4IPLUUBQ38,45,3.3031368970898565,3.68664926919065
A3MDA891A1EPT8,36,4.088801251883098,4.188102723885393
A3ME9G4UZYMJ4D,33,4.892247725101311,4.904701364493988
A3MFK3OTZX6SOU,21,4.267874081724831,4.349122430248116
A3MG0IUULVTC27,27,4.81731961886115,4.830230601488463
A3MGJVPJBNPSEJ,30,3.237186508137157,3.488997741965265
A3MGKU008K95W9,27,2.375777327083542,2.678357032462918
A3MHCJPPMN0447,23,4.3667724131885315,4.522211464780469
A3MHEGH6EIS5ZU,31,4.27938100244834,4.379669196327083
A3MHEXLAMSL03F,18,3.299979483249855,3.4495067601435907
A3MHIPHW2DI4Y7,22,4.2549328528744015,4.433970840542199
A3MHS06TWUO2TG,21,4.025469174587563,4.1249688887707086
A3MI4N77M7GDI3,24,3.9371015777598086,4.167443402841074
A3MIEXC04STQWW,19,3.651543557310434,3.8170732398137535
A3MJ8IFOS2VM4F,23,4.95396485073963,4.954335053459088
A3MJLMRDIISZ9V,22,3.5562458200317777,3.869375835767717
A3MJOVF3SEYAB7,25,3.93173372686237,3.972558203386669
A3MK3YW2QKBAO5,19,4.301032504635745,4.539909110416381
A3MKLME10UMVHV,19,4.0339836665068685,4.368615472489142
A3ML2HRDE3PY5I,52,3.186459443666123,3.309288702324482
A3ML5P4I4XO881,20,4.1113580531145555,4.415439833563856
A3MLE9W9YYVGBT,41,4.914802350524695,4.915126047280935
A3MLO4GAD2O9DL,52,3.8180441915372296,3.9063393248808134
A3MMAQKA51H7NL,27,3.575830133579429,3.6776354647620337
A3MMFMSH76ZA96,22,4.755786727560669,4.768131994016682
A3MN5U5RB7YR3P,18,3.7613215534356774,3.798931759531375
A3MN747KCKU0PT,63,4.051798419371854,4.25016758673823
A3MNMQA3QBVC1X,26,2.453973260285668,2.7395306772675463
A3MOWXAVA5BA9W,49,4.645658889080771,4.660261748494249
A3MP8YCQR1E4TP,33,4.933440551575414,4.9339132521550715
A3MPD39MZ0PFSE,27,4.344307581502992,4.454934058810087
A3MPTLMGS9DHVZ,133,3.019193373306825,3.3840190589731445
A3MPU1CEW245GK,19,4.389938667134841,4.418491072842236
A3MPUY1XBX45Y9,21,3.473036946997358,3.5093807587744874
A3MQ15651KGVLJ,61,4.2931683984541875,4.457375195904512
A3MQ3IIFGLQ2PO,21,4.99246625279451,4.992473963068
A3MQ672FYFNM7B,79,4.450027825248513,4.571781585052511
A3MQ6ISHQIEFPT,31,4.554630066294948,4.6313643447765
A3MQAQT8C6D1I7,33,4.528165423342978,4.620960369735705
A3MQQS40FK2QAQ,21,3.874637156134839,4.006162536372142
A3MRRLORPCUQS1,20,2.943705004693991,3.1797909798035073
A3MS4QAWSPMRVU,26,4.724155229925021,4.763664228472935
A3MSB482DIB9SL,22,3.0911450786176973,3.410439931137373
A3MSH2YW203752,79,4.773309849576773,4.79239499241035
A3MT8A766ANEW8,20,2.1636799069821433,2.3565659272931145
A3MT9MSEVRQMOT,23,3.419016266372054,3.5608917636116706
A3MTPTQPOFG84V,19,4.0896899958770945,4.129061203306336
A3MU33YJNP2FNB,28,3.5670939622150226,3.692398629526276
A3MU3OYGU6V1UF,26,3.955853994163677,4.144487549223628
A3MU5O1170B3LB,34,4.076019405213564,4.1811896960675705
A3MUWDMU96B00S,25,4.118968512378518,4.2498208804807
A3MV1409UXTAFI,29,3.932383775418383,4.023693054863439
A3MV1KKHX51FYT,410,2.669917050326705,2.971862307976307
A3MV9MONE2835,18,4.550393744797598,4.611123049618203
A3MVGF4RTJVA4V,29,4.683681653457688,4.706334685003001
A3MVMO3T8TYGT3,22,3.4568430569048703,3.6097146264494904
A3MW5YXP5RSEHU,31,3.0410248546285623,3.34381996962298
A3MWI0EQEM231A,42,4.918634228317649,4.939726342855526
A3MWYPZBKL1NJ,21,3.3175030494017896,3.4906872724517
A3MX96YM4NT6HT,46,4.647413109242633,4.661801916449175
A3MXY8RPCCZTGQ,19,4.241631302062056,4.354970280517123
A3MY06ZBGWTFGF,25,3.4368475277972705,3.4699172472225763
A3MZEQXZSE1369,21,2.6583043029097904,2.995854753029663
A3MZMNTV5JGG3B,22,4.533415144348483,4.610961791405264
A3MZRWP0P9PTTK,23,4.017312850120734,4.158888869136875
A3N06GJBNZMYSN,22,4.160656257531496,4.195125092785844
A3N0AXNEZVE686,26,3.4774798875256376,3.620345872594795
A3N0G7GJEY7I8E,20,4.997817374348125,4.997817725742868
A3N0LBOUQAD1BG,75,2.991040034477827,3.3688274465783214
A3N0S3JB0CN34W,29,4.79474244186634,4.797687436483087
A3N1OF1HMCE1TN,51,4.866561774008321,4.867960178862398
A3N2MVBI1A2I9Y,26,4.069402267085139,4.226556370523812
A3N2OG0TZNPXET,19,4.4983457082278795,4.564510328359045
A3N2X41RGC6YM5,44,4.875405106166695,4.893099327519007
A3N37FO6JRNLK9,70,3.0240169482553054,3.165995448618553
A3N3KPXX99XC4A,17,3.069795664673967,3.5587737512485735
A3N3SN2DDD4HCJ,52,3.921045988852586,4.129568989929346
A3N3VPLQ6T2EZP,22,3.796989343591339,3.8535433539728587
A3N3YAZT91WMQW,21,4.8028237584798985,4.811701350747655
A3N48NHTSIIJ1,18,4.488150663746412,4.552595433624208
A3N4JL3R7XX59G,18,4.749588643670829,4.778307355081393
A3N5VSFIZONMAA,30,4.416898658842139,4.480865170257649
A3N5XIM9R2OQH0,74,3.9077039788171257,4.002522338069679
A3N5Z1UST9RH64,36,4.9533124044448495,4.953616875628541
A3N6GAJTEOF4MO,105,3.844420863558095,3.9866176820105643
A3N6XGV235FW3L,35,4.777318885511846,4.8062451782618005
A3N7S4XZ5230BV,24,4.312796532056322,4.4830823656280785
A3N8RZSXKN1OR2,129,4.083360585089741,4.129935174102343
A3N95R1VKWROWF,89,3.710463946310199,4.0221348966496855
A3N9A9XBCUJNQ4,31,4.218955107659831,4.247204351072404
A3N9MUQZA0GQVS,18,4.080703048758913,4.270781687409885
A3N9XJQKR3F2RQ,20,3.8973105262736,3.9447503910253827
A3NA2TE6J1C693,22,4.6238948074470265,4.640658579554637
A3NBG9BH5X0XQR,19,4.0248012099360695,4.066510705344932
A3NBHD2FW44TAM,18,3.981316592675123,4.051821588205028
A3NBY9KTLY4TYU,29,3.5009696287736833,3.8898947552758525
A3NCGIVWUIFSGN,22,3.3164755530043224,3.4158353196930715
A3NCGK9GVSEPPU,24,3.9385595048197684,4.066055204606118
A3NCIN6TNL0MGA,41,4.131970647924507,4.282095268844247
A3NCUR5VSOG0MC,20,4.687408463607273,4.728964363954034
A3NE21SH4BQ8IX,20,3.831509331492024,3.9982943587423545
A3NFUKES8HVXK6,24,4.137455766124378,4.164534523796475
A3NG1RH09BPOO,16,4.670981426999508,4.733445706569701
A3NG90YCJJEXAM,21,4.657327022113661,4.691305000767137
A3NH7PYU4AD5GA,95,4.024432444789562,4.106699018720449
A3NI5OGW35SLY2,31,3.803209820058181,3.9651490606270317
A3NIN8WDK9ZI51,30,4.732475547061321,4.770412977054431
A3NIQK6ZLYEP1L,127,4.265283538786669,4.3778979460988126
A3NISFVX8GR31S,18,3.9298287953388575,4.008381267056695
A3NIZEWU56A364,26,4.227587249678197,4.370494417627386
A3NJASWMCM3J6A,26,3.4617703668982633,3.7295280203759478
A3NJF6DH8FETN1,67,4.443165967445449,4.464130253899351
A3NJQRZNBNFF81,17,3.524307539155849,3.7483558174738145
A3NKFB39AIEN8W,42,4.41423416484677,4.541720307705778
A3NL5K227R3A00,40,4.283639105409805,4.408594685765752
A3NL64BKNA96S7,25,4.0191134363877214,4.139762678074083
A3NLB3MA68Q3AO,42,2.9011847608790524,3.375363582925656
A3NLH4A3XP4WA5,31,3.386945397865847,3.7073505623586254
A3NLJZI5NEOT0K,45,3.8563354021296865,3.9899963675390016
A3NLSQ0TW97MOO,38,4.2238389830211975,4.314280558526948
A3NLZQVWMNYHB2,30,4.924072800486036,4.92521409689536
A3NM0RAYSL6PA8,99,2.389917073929052,2.666654680008095
A3NM9A98SZAHJD,66,3.1190549035198525,3.3372493825309992
A3NMEF3MJ0A3PL,50,4.135655813375567,4.299682145270027
A3NMFTW512PFKP,39,3.268145129942648,3.489264028447415
A3NMTMK5Z5VJDL,19,3.7456712161036485,3.821432386087423
A3NN9JT93XWW6M,53,4.151005263643053,4.343591125143305
A3NNHFUYXR9VOU,18,4.090874385301638,4.210211800220368
A3NO6R2M9H0W6A,26,4.238698842380675,4.3305116795262455
A3NOBA4K6JP7SJ,18,4.9175712922650945,4.922671302417997
A3NONVSAUJAFXC,20,4.79128769585605,4.8696027401710085
A3NQI2JLNPFOF8,17,4.620500146907343,4.647478771443028
A3NQJV6UW9MGY8,27,3.5064678509992,3.7149711518418753
A3NQU1649SH0Q4,60,4.422167739303521,4.474925458475071
A3NR36ZSHM4J2S,16,4.8835147580228675,4.88933763439491
A3NRHO869902K4,67,4.557367169337099,4.572755767148428
A3NSD5S76N2F8I,19,4.303186841250112,4.375508038436276
A3NSKMFUTKOJTO,20,4.4364489306801556,4.536777531393868
A3NSSUPDFSULAE,24,2.7894903038364234,3.2798455296519586
A3NT7ZO8LMWYDN,21,4.129385039661393,4.333986495021661
A3NTCD8L26TEGU,51,4.92872703787517,4.9290651847073175
A3NTCY534ABHQV,21,4.241383539609121,4.461457858234487
A3NTGI7AH77CZ4,24,3.44747076648396,3.7365136564088113
A3NTVTG4I29AS5,25,4.144110115172794,4.236040152769601
A3NUGIIRR6SDOT,28,4.5354729282670085,4.561130669463045
A3NUMRC41CR0UU,18,4.33754116360567,4.439697194201176
A3NUU7A33IF92E,21,4.510339241472985,4.673166513026145
A3NV9V4V0G1VZ7,19,4.3235138947864575,4.394271580369994
A3NVE60AB61WQY,32,4.163008548899468,4.26004323495669
A3NW2U5YV7D6EY,27,4.769777754424717,4.79395749639098
A3NW2UOFHS51T,19,4.724620998924297,4.733088019700013
A3NW47Y7NORFMG,21,3.6268636531148695,3.8794017044148332
A3NWP4CG5S2PDE,34,3.905043623924298,4.022672711816154
A3NX40QFNZ8KTW,48,3.891369504711802,4.09485408307981
A3NX64C5IAPKUF,31,4.803622163034729,4.812033625525521
A3NYKVL3X1MKH6,31,4.66990957403638,4.698215402915582
A3NYLVMP922AE5,32,4.278286596175045,4.402076211924213
A3NYRPCQM7YLPR,34,4.695091396440118,4.786080908961257
A3NYZB4V55CZIM,25,4.197296224810347,4.244678808871339
A3NZJBGXKQ7MC6,29,4.753051702547103,4.822552339520544
A3NZVCL9N8CLHB,26,3.8059268498251915,3.947426648031094
A3O0E7C4225Q65,20,4.935131344342638,4.940026266346799
A3O0N562BLZ4Y8,23,3.4887319693280507,3.636727191714191
A3O0QU9M0GQOG2,23,2.8740099300313493,3.1693437699139198
A3O25NLICJ89US,18,4.271393520036205,4.389320868859385
A3O2GEDWEO4JO9,18,3.8543542674708027,3.965551453573427
A3O2RCKAMSE9X7,105,3.7632604010586217,3.885218441653047
A3O2UXL1MGN6F8,29,4.7380175073783315,4.749908562068115
A3O2Y1MVIY77IE,23,4.103137949229649,4.181695325043578
A3O30OVSOCZ77Q,43,4.876082716208908,4.8794530124869855
A3O3GOWB1W51DO,55,3.5219375855549306,3.719127735681177
A3O3Q7VMPVGZW3,21,4.226545090216603,4.518781214739226
A3O4ALSOZKR444,21,4.950143910509169,4.9505650228057885
A3O505ATSSDCZO,46,3.794512335331547,3.951329605452734
A3O536E2YOKK4Y,499,3.2497240157477014,3.390153221223581
A3O5KZ6SAVPFEB,55,3.2090983134115225,3.332167029446979
A3O5T5VAQ3TD17,62,4.211608198541429,4.304869411496964
A3O5UR6NHR4MRP,22,4.730695610029645,4.741457045465042
A3O6J63G8FGU1V,22,4.245556719118828,4.321962492402716
A3O6Q8OZ2IZV90,25,3.353724777098389,3.6581819051958075
A3O6RCH7YT0OQJ,41,4.497497528571658,4.652985368919069
A3O72MP5B92F8I,19,3.322242442774022,3.7374267696765604
A3O7OE2YGLEQHJ,18,4.7481120153760585,4.765652246343175
A3O8865PP7P3B3,24,4.275477950174738,4.406639423412688
A3O9DJYQWOL4GV,33,3.7402055189499888,3.8327028982589106
A3OA9N1B5OHYCV,27,4.345237217435577,4.45642090268572
A3OAFWKALWTDKO,29,4.101405175422936,4.4012073949219515
A3OAPNEUCGVBHQ,20,3.9980674973653607,4.098859096914976
A3OATHORSR7XR8,22,4.173358278091153,4.226393339243681
A3OAZL5IFIFVCG,31,4.293670323765826,4.402650884871433
A3OB4LFTM40VPD,20,4.356361290947571,4.438054312781877
A3OB8F6ZYKLROC,56,3.1218358455509416,3.3614274265973467
A3OBJ6YTIK70LJ,49,4.805747806177523,4.810349407338521
A3OCH9CWE2ZLDC,24,4.19427034362544,4.27151925611086
A3OCU2UDKQKW97,20,3.864343973307507,3.9993537160617323
A3OD04P0A831WB,60,3.865139326706753,4.06066446644703
A3OD7GOXPSO9Z,19,3.972105576746599,4.229119470219023
A3ODVVP9XO42L,26,3.921961954732368,4.10503557049222
A3ODXJGO1M7EGI,47,4.068614719832228,4.091673378247916
A3ODY5B6IBUB2Z,20,4.024010045270154,4.148871369219517
A3OEDU7EKK8EE3,27,3.5628681320820195,3.8267459162778796
A3OEECMCM2T4KQ,74,4.050599245394932,4.1023568714363
A3OEI0KDBORPB2,33,4.185984874974917,4.3184390469725695
A3OF7G29EAV2DP,20,4.0249548474758035,4.250321416420757
A3OG9IM3XXJ2CP,17,4.492256204420436,4.5556108908753865
A3OGIU7JUCBXT7,24,4.961974755539594,4.962056573643153
A3OGM8EENBL2WD,19,3.676530730671706,3.8111150260980526
A3OH101U0CPUC7,32,3.663748639847502,3.851888127382222
A3OH59FU25SUPG,28,4.11584080532703,4.313034859298382
A3OH5UGDMM5TY1,19,3.434934543875777,3.530161548680624
A3OHB78Y7L7ZK,28,3.8827717804746493,4.013329633959654
A3OHIEJMUFM79P,24,4.811787393072058,4.825944518954852
A3OHWG8BVAPGFR,23,4.4676026768632395,4.511547363122279
A3OI05RGQQN33R,38,1.5757867348553583,2.0415266217504024
A3OI841P5R6FCH,35,3.2079560963278744,3.382826949915859
A3OIE7IE9LTPJG,19,4.2608433754434065,4.406288884579486
A3OJ012QPTGMLR,21,3.6207327204507527,3.7801037307616876
A3OJ4MD1XI0JJX,18,4.027298101283136,4.246828869998108
A3OJMDFRJVFIDK,42,4.800968191736299,4.818182893227428
A3OJN23WKQFOP0,22,4.060930522016014,4.124600076081163
A3OJU40JLC3XRP,20,3.286590814128804,3.5588465362567714
A3OJWC7RHEHD8C,41,4.85511320801191,4.876124701517589
A3OKBH4J6Q4I5O,29,4.845359644756415,4.865900209189246
A3OKVMZKZABLMF,17,4.845025558206393,4.873230689879182
A3OL1AX1IODBYL,33,4.58885148011183,4.611625891823695
A3OLZZEIADQWDN,28,4.7970012018184365,4.826435640714888
A3OM4HG9LAL38Z,23,4.422116124463618,4.450388139154267
A3OMPSEVL59ZDK,57,2.728035717599861,3.0354046927893714
A3OMU7S8V7MML0,38,3.0902340727843516,3.4494913940520604
A3OMVWNLFUOTGX,28,3.8021649636157755,4.054642709064582
A3ON0C9Q8ILPTR,24,4.891284846769703,4.892214247806762
A3ONCOK36KPOV8,19,3.470470568191269,3.8224424238247097
A3OND36Q71G76D,18,4.502182043747082,4.600558595453919
A3ONQ5TKD3SFOM,26,3.254865260943939,3.4572464161451335
A3ONTLXQ85EE4G,32,4.148375335798507,4.189514121200558
A3OO5ZH1EFWNS4,21,3.6598648529634596,3.933752423590631
A3OP9CU8GUWI03,30,3.203398801605372,3.290780443569355
A3OPWR72IQ2DN0,32,4.330544521108945,4.413022772467781
A3OQ1OATK5FQ04,30,4.688433821581581,4.733256914903824
A3OQJGMT9ABYL7,58,4.336049076902842,4.433063423074175
A3ORDQWTVRHXD4,21,3.3127528770509778,3.6624272044220394
A3ORVEXAFV1OMZ,23,4.764217286789635,4.801425101484612
A3ORWAR4CAOPAC,23,3.694606758878052,3.889581655162829
A3OU5XIZ0S0ZNW,28,4.381469892832546,4.550081225680472
A3OU8T2DWM38EX,78,3.831772228030394,3.894875108249137
A3OUFZL5RZU9F8,21,3.661267532387807,3.861617333843833
A3OUPU6TZFD4TE,37,4.262493742269614,4.3724453974419495
A3OV8D96L3KFIW,16,3.3680245713499244,3.7173341264709285
A3OVE04AUPODOT,118,3.392356088143537,3.574757928332899
A3OVNQBUQWTGU,23,4.388003407270609,4.4539545838236645
A3OVQNY1M7CYFG,46,4.754040718892178,4.791543207929547
A3OVWQ38UBKLLU,18,2.074236611981872,2.6210849359881907
A3OW5F00Q1YQBZ,22,2.643753840213895,3.207886999268752
A3OWKBJ967ETYT,24,4.761617483246479,4.778116014820746
A3OWMX70M5NXVQ,28,4.901251462561208,4.906040156658733
A3OX0WG51XGG4X,37,4.309126879465167,4.426748742232235
A3OX51K47XXDWZ,29,4.48953031428716,4.509123488141306
A3OXHLG6DIBRW8,83,4.1341523098059945,4.196852993818102
A3OXIPSRXAY8GA,22,4.740711524962861,4.778229309947102
A3OXRFCJI67IMN,38,4.744944146381811,4.768181049236133
A3OXW1R2RMDXBX,40,4.493255919855486,4.535106253123485
A3OY29UX7D19W9,21,4.6878239067048115,4.718972451474055
A3OZ1Q3VI8H8EO,20,3.497274588905526,3.817606921448638
A3OZEU5Z6S4ALX,20,4.069353262576689,4.368952165400731
A3OZLKPFSLMZW3,27,4.653890602406978,4.684599954493322
A3P0VDWKGY4BUJ,29,3.5526416673544303,3.699436635213028
A3P121GNV5QYIN,29,3.48865089497016,3.805309273618534
A3P13WHWMWOE42,19,4.181911491161209,4.301774140417649
A3P1508PZ0UADD,56,4.085809811093243,4.204629409222729
A3P1EB052N9Y90,52,2.4435206357829267,2.8707366778063146
A3P26ZCSXAUQTT,20,4.67320991432993,4.67971216332255
A3P2R1WF7A03V1,22,4.135534857198571,4.229452235429931
A3P2TXT2WDMZR6,37,2.523096655773316,3.165633984379645
A3P39EKAD92FSB,24,2.8738224059919566,3.1915732905423018
A3P4KUD0Q5AB5L,29,3.828725701560213,3.9150069282400253
A3P55FLVLJ449C,28,4.837533738359498,4.855569893504043
A3P5BVEW2MOYOW,89,4.357399902194224,4.419816679058058
A3P6OBIFSB5CZO,25,3.9060445896617755,4.258942553359979
A3P6UBW9N5LE02,61,3.4548113788180315,3.6343682162348414
A3P6VY1SIH46V0,18,4.978632920852259,4.978888869105722
A3P738KVXL2YYM,19,4.236001039405212,4.3814929496499895
A3P7J6DLF216FX,32,4.028836963961502,4.241773848362042
A3P7JZLCN53R2,23,4.958375202541795,4.958441329527505
A3P7WNM0UHV4YQ,146,1.9743844268095652,2.378857103561762
A3P86KQ4D2OI2S,22,4.37602035640908,4.4430751468316085
A3P8H2VFQ5K605,20,3.4246214509467308,3.5021061178519592
A3P8RIM4Q51PL8,71,3.8157602789033005,3.8716547693880026
A3P8SSQ21NTZ0C,21,4.342048164755296,4.414236340522741
A3P8ZDHC7XSKSE,22,3.612817898461354,3.7553486376521477
A3P974GJZFHS8D,19,4.496235488907533,4.598713963991064
A3P9D22KDEXVMN,40,4.522386901463046,4.566901078900656
A3P9I3UJ0VE322,31,4.4136526582600935,4.450328595350007
A3P9MYUEBPKSM6,59,4.8702705465240195,4.872003368456392
A3PA06RSZZ5L7J,26,4.298531457923949,4.374032482120654
A3PAAFCAKHNIWU,45,3.8904915983169257,3.9319856313892942
A3PAJ9QTPY9Y4L,73,2.6128817858934243,2.854207236996572
A3PBIX62655PUR,26,4.986911622330481,4.986938021009354
A3PBJIGX55NIXI,27,4.945590323112627,4.9491260720090535
A3PBLIJGRM4ZJW,40,4.441004833106518,4.589395913259253
A3PC52UEYS1JLX,20,3.3278787083195454,3.6811770274264113
A3PCBXGNABGNJS,38,4.579554616534183,4.59239397349104
A3PCMC6WH7LPSA,40,4.197045371268166,4.238671734698238
A3PCTD8QM1BIXI,111,3.5305854539186634,3.7040442894228076
A3PCZKVZIXZ1WM,21,3.751132195126897,3.9120816761613817
A3PD4AOANZ927B,20,4.706987176998974,4.719756305169869
A3PD8BIJCWG3CC,84,4.076886899080402,4.233251529635065
A3PD8GSQXHKZSP,26,3.9454454961625447,4.1092350926786185
A3PDJBFCWWL72E,32,4.350143597204666,4.532213784641018
A3PDYRRLMS1UAL,20,3.4294171345177147,3.612683742341363
A3PECZX773ME74,26,4.4150878700129805,4.49463143070787
A3PERVDBNCQJQV,38,4.449618897128201,4.5419518761302164
A3PF2NF7LX3CAB,18,4.058339917386996,4.20299617576937
A3PG571M9GAPGL,23,4.671806931143949,4.712247568273921
A3PGD6AISP8H3N,26,4.6645198724253865,4.682059484758664
A3PGFD8XUNKZGS,53,3.9151007436134493,4.192114530577686
A3PGGEILIBXPEX,36,4.845320983277508,4.848647769923203
A3PGKGHM63I3VS,35,3.1806992743228775,3.4388342567425996
A3PGKLRHOMXL9H,25,2.865651897050126,3.1647205366707842
A3PGKWX6S08ZEV,26,3.6671827194084967,3.8550752758515467
A3PGTCQUT0CJ2T,25,4.786280010286437,4.789295163948159
A3PHL18RYME2UB,130,4.015877792408305,4.102317195241183
A3PHM3ANENDGCF,23,3.882559437081626,4.085538861332319
A3PHTB9X7B11XL,65,2.6597343807057827,2.9622431698748546
A3PI6BQOHYGM5X,61,3.748678102113763,3.862273851222522
A3PID22M7TE5M0,26,2.9497156809615657,3.3225012445764985
A3PIDQJQK13YMJ,50,3.7942904501063213,3.9232072726378964
A3PIPHWD45VOGI,31,3.058012071908307,3.3438497005708703
A3PJDV6TNKUP9H,16,4.803245919615088,4.82181327022393
A3PJQ4742VN84H,29,4.555003000381718,4.5908085140000106
A3PJZ8TU8FDQ1K,24,3.423595409811062,3.590316103749082
A3PKHY1GWDA8JS,24,4.826610545664306,4.8921328423251795
A3PKTO0UJJJ8BS,23,4.070306031512978,4.245996853594561
A3PKY3UMORY87H,20,4.966006277610194,4.966123401489371
A3PKZG3OU3YQ80,36,3.772076130090712,3.973639077621088
A3PLLYA8OFMBWZ,25,3.759577851386339,3.944025776514177
A3PLWIPEEMTL46,20,4.93372550657723,4.938854311246527
A3PLYLU645WHLM,18,4.429545514493026,4.617042783547926
A3PM0IXB4B8FN,24,3.9029081149143074,4.024964978529664
A3PMEJAYKF3VUC,22,4.033276627196615,4.160324238121244
A3PMSI8G6Y2BTA,19,3.7771849470404235,3.8962174698380623
A3PN0J08MJ8SHC,161,4.133833573091852,4.217429862829772
A3PN2EEYZBLH34,28,4.046897372610755,4.172294440017573
A3PN6VULZ7KOR0,20,4.257407775263848,4.330268724588225
A3PNTHHDFAJY75,29,3.065564017179402,3.1457868622057528
A3POC7UUE6507Y,28,4.009192442750149,4.215165892887915
A3POLEU6T17739,26,4.516288059670049,4.542306809356102
A3PPA17F2WJJV,28,4.169607033766028,4.262574024667938
A3PPRN1861IKT6,41,4.397917089990624,4.451821584530178
A3PPSZB0W5DZH6,66,3.8245332879631024,3.9572643225636353
A3PPXVR5J6U2JD,253,2.627409165474912,2.8397105242511436
A3PQ3K5RKNJYA1,57,3.2378933258858518,3.597295605765738
A3PQ4O3YUI3RMT,21,4.7446241414812125,4.8200662686117814
A3PQ6I1BCFX0LU,22,4.401413325050884,4.489205968691121
A3PRA7DAN3N3ZC,53,3.7877203869611518,3.924325895031045
A3PRC4SMMER07C,21,4.752301105058504,4.8310308479812525
A3PS2FI85QZV2F,24,3.988032405472848,4.164815062460942
A3PSJHN0HM1EN3,18,4.964503174075556,4.9647603257558925
A3PSUZO5EV4RU0,18,4.309962968059215,4.421906233313591
A3PT1WF4F1TV3D,136,2.8841657343682527,3.231313077739485
A3PT6HRQCM1HE4,44,4.362301002939321,4.405764319245481
A3PU3QYK97PY24,27,4.7374853139143855,4.743170664306648
A3PU7HH7QSGQPM,22,3.6178141477753822,3.7417031371117697
A3PW18WSLXXYYB,21,4.264213859511172,4.307756747831752
A3PWF2AQ5XYALW,30,4.223098177723842,4.313849397621727
A3PWPNZVMNX3PA,24,3.5467206695844187,3.7804897261305515
A3PWQM0DGDFGV8,21,4.128355238703536,4.21192913729505
A3PWQXT5QGEKN7,34,3.8542674346068497,3.974793115130833
A3PWT2VPFVL6BF,24,4.296566621961417,4.550902407779689
A3PWZE8745TEGK,26,4.6728177626567,4.736040400758816
A3PXBLRT2MOW5U,19,4.989655000168616,4.9896681343555365
A3PXGZW8G4S3RR,29,3.704523402259156,3.93942418956509
A3PY7SS5XEQ88O,33,4.949216105550196,4.949408350143516
A3PYQGDJ7F4UNS,21,4.848609420576434,4.851006583972818
A3PYXFG1MVE7L8,18,3.5975978617876336,3.6545286045368752
A3PZ0H4BMZOFRT,79,3.3929346534363134,3.553804695134799
A3PZYVEZDE3V9I,24,2.855301874673044,2.988248655919327
A3Q04XXGGED746,62,4.288099386937569,4.345479764373137
A3Q0LWRD5XZJFW,31,3.642638596873818,3.809845352493066
A3Q1EDCBV2KU8D,36,3.831375993245614,3.8825719689211655
A3Q1FVRV0CRYTH,211,3.292038695077711,3.439947236848246
A3Q28JOU6JTOXR,37,4.6855941435110395,4.737309900675127
A3Q2OIK6XBEPHN,36,4.531377550580136,4.593031910035401
A3Q2U4LSOX2E1R,32,3.801365176492331,3.892139212732069
A3Q3OZS1MCTSK9,30,4.4007608744092614,4.581254901189981
A3Q3ZMDWJPUMTT,28,4.398419153147361,4.481610671490362
A3Q4M76VVC1SR2,45,4.859173451110635,4.864686003046065
A3Q4NULWZU3RI,75,3.9381228607485292,4.145832028276244
A3Q4XAQXKKV6V,108,3.2806271241655853,3.630208870058817
A3Q58MKL9QF7K9,26,3.9653750044517087,4.269369439850806
A3Q59A86SA57C6,19,4.068557405754625,4.189036721233702
A3Q5MM05ZSUI3K,25,4.58538426717294,4.628636302517442
A3Q67QA601KOU6,17,3.532978024894206,3.764275894415366
A3Q6BY9K8P2PIL,27,2.4075914421402165,2.996557913704041
A3Q70XSS1QOQ7F,19,4.167974619876466,4.260933858422048
A3Q7TA5KDPY5H6,47,3.298458003046047,3.5314281348146315
A3Q80KUKDAC922,39,4.768322090979182,4.795145641324471
A3Q8K1LYCQKXYN,18,4.7613205937684855,4.78693336070287
A3Q8V6U8FVUEDQ,28,3.6461424141030245,4.019773176472475
A3Q99H3ZX14EJD,23,4.024354986057605,4.087350797990497
A3Q9SC3WO1GO33,19,4.538006874213708,4.557838949216386
A3QAATYM09AJMU,17,4.7361928710575265,4.8283736516295646
A3QAQUUPFIARWB,45,4.298153933485336,4.469289231875813
A3QAV7LALVG1F7,27,4.350991628266317,4.492382351165119
A3QC018OE95U9L,34,4.958475311632969,4.961292916850524
A3QCB1K6169WEA,35,4.582981293563326,4.628334354578916
A3QDHY8XXAOV2U,28,4.32680888073069,4.381439785062032
A3QDK6Z70YQ5OR,16,4.752749970006853,4.776365061140764
A3QDSUYP66RX4Y,19,2.9549093112336458,3.143787731247512
A3QE2M2HTYQU2C,44,4.648483838521235,4.671385291226608
A3QE899PYN0C31,25,4.878135446949597,4.883030313592834
A3QE8B7MSQVKMB,28,3.5895173003087852,3.7686134128633664
A3QE9YIIWWDIY3,19,2.265516253112746,2.7436459497089443
A3QEMLLD9I5H4Z,17,4.818661392587836,4.845847806226689
A3QF3021GNHHSY,18,4.626619323778074,4.682489616390834
A3QF6GVY0YNIO9,25,4.815215509157634,4.837073330907895
A3QFC8X23IR3QC,22,4.546392738349695,4.659784866023526
A3QFEXVZRFUXLS,16,4.863150817116473,4.874207035024429
A3QG2LHT4BOKE3,17,4.042595371831675,4.162265265184184
A3QH1S0TZSBZAQ,19,4.198081388393639,4.27883907384472
A3QH6BEY6RYQR0,163,3.2220642383368987,3.3543065575550863
A3QHWH5UB7DF3B,18,3.680555179254184,3.8589112607761833
A3QIW6ULPIPM2V,36,4.252154400003776,4.294026593706653
A3QJQQZTKFV7BJ,16,4.577483019692748,4.632969156131795
A3QJRRC3OBW1JS,72,4.364452124152007,4.447811213847161
A3QJU4FEN8PQSZ,121,2.604166547426394,2.887711472356044
A3QK8LDWVJHI7D,17,4.012541188950348,4.2050137194018875
A3QLAOOTFEHCJI,655,2.300080370270013,2.5718263268994423
A3QLL40QTNP8QL,26,4.903894383097577,4.9075922600711515
A3QLZ79JF6R1A4,45,3.270841901929362,3.5367130116102277
A3QMBUY0DSED2U,21,2.4906998169633296,2.923540882284598
A3QMFOX25K2JKL,20,4.126790070716548,4.285389948456375
A3QMJMTLJC34QC,15,3.710450705138117,3.9093067334698675
A3QML9EFJY8C6Y,22,2.90827354767703,3.0566554632350127
A3QMO4Z0U2R8P1,25,4.973093142584507,4.973161016055135
A3QNER0M9CJ22N,29,2.8598916500082243,3.1975628792448734
A3QNHXDDZHXY2F,14,4.194496023474668,4.33041328009391
A3QNQQKJTL76H0,45,3.988319263161011,4.079685890831732
A3QO324Z4CUNNO,28,4.168332707317828,4.3122517096206066
A3QOSE5N2C5OY8,22,4.932190294210266,4.936957699963835
A3QOY2GV9BYOL5,23,4.877800060566471,4.881791267602764
A3QPCGA4LVIYZ6,17,4.914702417844343,4.915474528048962
A3QPZK4AY4UDL,24,4.711655565718267,4.7783125814001215
A3QQT2ZGO39VEC,20,3.476078423962362,3.7213925407816855
A3QRCQ87OSJAUH,21,4.334714323612675,4.4252082235946135
A3QSAT284PVZ2R,24,3.6543750440265694,3.7446790965962613
A3QSBYD6RA6251,36,4.994205096975042,4.9942074678047925
A3QSM5XHPL1T6Y,34,3.324737679136029,3.7525978066486347
A3QTP2CI1BDV0M,23,4.260730368015074,4.325061514776834
A3QU3O79AGNWCY,31,4.304116888230214,4.389743393355003
A3QU74B9N0830G,54,3.4047460415880852,3.5238108994740616
A3QU9HG4RPSHS9,29,3.7506666112784806,3.8932368827470887
A3QUF5BDVLJBMR,20,3.7733358636497294,4.033874706278936
A3QUP8Y3UDS1BB,29,3.7304522658025205,3.8851367749145047
A3QUYPKTNPQ4RE,31,4.227108504394728,4.272957962242446
A3QVDK15HBBZ3W,55,3.195696274826674,3.2847105626940234
A3QW5NP07NY6U7,20,4.900323520032607,4.902036513785596
A3QWH24L6AYUBD,20,4.250976420306038,4.28792461477579
A3QWJ4VX8LWFSO,63,4.193835829082865,4.351333630274381
A3QWQJFF8C0YCR,17,4.968042879864079,4.968124419162778
A3QWWOIA5YSFYV,20,4.582942497520262,4.684922169094609
A3QX88TQLQ05RS,21,2.688243781749419,2.954986598490897
A3QXT4RO4RBPCL,65,4.253544343572495,4.358757073537675
A3QY0Y4RNWR6U7,26,3.2276870350131595,3.538028391729179
A3QYDL5CDNYN66,21,3.232240710470208,3.4468335574837354
A3QYHR31DF3YN6,28,4.238180818754297,4.30326498061133
A3QYQ614M82F57,20,4.790471640206037,4.8032342721889325
A3QYTVNHM3Z2ZO,19,4.118758508678099,4.301942970870121
A3QZ65PZYWP5UR,18,3.010960066187151,3.134600420247258
A3QZCA4LTTVGAD,75,3.8234124440606094,3.9058187403313904
A3QZXDBATXFNZX,23,4.7077819073292115,4.752843370128274
A3R1CNY27OLIE8,20,4.900395524056255,4.901997385469962
A3R1D7LZUJ2H6H,19,4.743855648185181,4.763589626692113
A3R1GJY2MY8041,51,4.507159803550766,4.593819815651568
A3R1GMSFDKNINU,19,4.516808864558867,4.563663908338566
A3R27T4HADWFFJ,21,4.1695870140565185,4.29887763414025
A3R2M5ABAYL63P,20,4.452168436912912,4.509568259781127
A3R2YB0WTTB0IJ,187,3.6867947465165725,3.790121573069564
A3R36DZQEWNVJ1,41,2.4763224412973326,2.677448443758255
A3R38IO7US96G3,18,4.797276965725555,4.8235946499560844
A3R3YH9DQBNQ7Y,23,2.920392435929518,3.2890796657983485
A3R4794K2RVU1S,23,4.509636411539719,4.562491720821455
A3R4KKTIHWAJAX,20,4.1538994130217235,4.308483552196027
A3R4ZEDVRUWJNO,22,3.5432213695089914,3.8814106557283776
A3R5LVZCQUEU6A,37,4.82557588534392,4.844001785698228
A3R5YZRTQI4G65,70,4.16205737128016,4.365915149393735
A3R60L8WL8VG88,23,4.610973254695473,4.670988998029545
A3R61O2YNXUU0T,38,4.912290669442872,4.92249623721223
A3R64DY7KTPKKR,15,3.2630491069990097,3.5638975785789198
A3R6ST52EBN2FK,64,4.131715698039717,4.200911715468043
A3R7MXVQRGGIQ9,57,4.143060834454341,4.222073590145473
A3R7OTORG5LPG8,27,3.9027960352954114,4.073431507951955
A3R7RUPINW3QWF,20,4.015395484241186,4.286280257771582
A3R84762WBCTP1,16,4.406817718722266,4.433816875090303
A3R8PXSFGY9MC2,180,3.3222658831330643,3.464787063764103
A3R90OGE1EACZE,45,4.523123171137284,4.609302609022239
A3R94K71IEBTW0,26,4.972595453616491,4.972658204746165
A3R94L1YW7XUQ3,25,4.13821715397142,4.383644214710419
A3R9NGXC6M54YO,22,3.51436827188307,3.7082451211129905
A3R9R5I91PW34T,20,4.856438893547536,4.858912927342379
A3RA0GDR4EWUKK,22,3.335290169307841,3.69277119642559
A3RA4OH4FDPS03,24,4.066541447872906,4.159309311523885
A3RAC0RLLQ83GQ,23,4.196363917295909,4.255747397485745
A3RAX2F4TYLLKP,52,4.449556124553936,4.478857103377944
A3RB1M1ACY8166,22,4.185992372657138,4.261159083712597
A3RB6NQOLOBXYD,38,4.265871453228288,4.4464951512434485
A3RB7JX2SPJOG1,75,3.9175655811976586,4.021617027410803
A3RB9PECLH84S7,32,4.197591813912021,4.328044446474392
A3RCTUG2GBV0S5,24,4.823918162295955,4.830223161474669
A3RDHSSNRB4Q60,31,4.369391858088231,4.489145622777055
A3READRPSIWOYM,24,3.6686085637079913,3.837924229414427
A3REUILBAGPS06,23,4.104740015693406,4.2409031187844475
A3REYP3W0BLUNA,62,4.204889496158981,4.3327496618312145
A3RFC02GSFFKTW,16,3.8527161960729326,4.010802831383791
A3RFXU3P0XKKF4,32,3.6713721305742064,3.934220425130632
A3RGGVWOQYFGDJ,18,4.86477128056925,4.867033580122235
A3RH3WU6VONA4W,20,3.737306562352463,3.986704783210051
A3RIJYVA3475M4,21,3.8192551723460064,3.906742949702017
A3RINLIDX74QLP,19,4.06666207458098,4.15449794387359
A3RIVD4TCKDE8T,19,4.2684140338172964,4.320572945663361
A3RJ03OFKL2WYU,95,4.613172106551766,4.633265048728945
A3RJ0LX5R4CJRY,25,4.41376279648118,4.447149285495202
A3RJB70OJLBOE0,23,3.7332851744961713,3.7936784772210674
A3RJEVRNYZ2STJ,25,4.755091473049436,4.764767975871935
A3RJGRO0QAGERS,89,3.651167859293218,3.7030097582633803
A3RJU10Z0LMIV,33,3.385871122591105,3.536866875208085
A3RK9CUPQFTSZJ,27,4.818128750164389,4.845643757234515
A3RKFHBRBAG79P,34,4.690116075275032,4.713091273382518
A3RKGXGM265J97,21,4.229061517331137,4.320576345105673
A3RKZ9DLZV4L6X,20,3.4158090138062485,3.7095871443330792
A3RL3JVFKCKDNW,27,3.013887346677968,3.0472903045509607
A3RL72907ENH4D,39,4.335165924315584,4.370447457153032
A3RL8QR2DQIUXX,19,4.433523430650392,4.473296644721599
A3RLDFG8MBQH4S,18,4.142590085858467,4.276408370858672
A3RLP7U4RUT6R2,22,4.762270786582056,4.780652018017924
A3RLVHTJB10MYU,29,4.300869682830833,4.400286015277273
A3RMAWK4ELOLRZ,24,4.262212819486664,4.39624836017118
A3RMDZKE6F7MNT,29,4.03254267978563,4.341371540630801
A3RMEU4GNP60BM,54,4.401380607126009,4.453527484741149
A3RML7AM41FJ2,43,4.421449368070908,4.589506544715539
A3RN5W5IWPMKHD,40,4.143044921595081,4.200662239219321
A3RNC9BGR4J1ZF,58,4.6719915464335084,4.706108172401191
A3RNP5X8ZGZIEI,105,4.297815766235853,4.3813693345850195
A3RNV9JA553B17,22,4.035775226550764,4.1551815664987695
A3RO9YISQZHA7Q,30,3.9539522979527058,4.266101130466331
A3ROAWSENYMQOU,22,3.02991134077907,3.2650843212363627
A3ROE64EVHDTTV,93,3.666212361419036,3.731573134387596
A3ROWYXBZ9W5EI,59,4.530878548482755,4.569067215284668
A3ROZK0G84RGMZ,44,4.5283329067414915,4.628755294860122
A3RP84E36R65QV,19,3.516987221804561,3.739532649487691
A3RPFXD8A1DYWK,25,3.504621310764142,3.6270057163166913
A3RPLCEFOTTVO6,156,3.6268952730491195,3.7675081982642613
A3RPRPV8OELZC7,26,3.7292536581335805,3.955921523899943
A3RQ0VN4KUKH8G,64,4.928174080761237,4.929465788411874
A3RQ40EJA6INFR,22,3.428915972315801,3.645095901850612
A3RQGDA7BEP0DK,42,4.0961063818367975,4.190397473100591
A3RQONX75VIIVA,64,4.823334572460726,4.83090929027903
A3RQW2I2Z47IWR,32,1.0623267661819993,1.2774291081334355
A3RQZPO3A425SL,20,4.146617191079423,4.208080342731128
A3RR7O7EM42B5I,37,4.076331414826375,4.20517128368346
A3RRBPUGD7UOSP,32,4.258353443269564,4.317660083800265
A3RS3I4WSB9ICK,33,4.869717110928754,4.880532409631344
A3RS6VSWCI4SJC,30,4.6052606598292325,4.680037476233747
A3RS8HAZYWYNJ4,19,2.969224706064193,3.158442975569138
A3RSCUWHLNHHOK,67,4.291360050275719,4.526422364796479
A3RSJSWZ9H262J,21,4.796284252886794,4.80271378344506
A3RSROCOOOYD6C,16,4.119580958536001,4.1928017216425655
A3RSZ4IXB8UL7N,24,4.905926764351732,4.908402408876879
A3RTBR3SF2BC8U,67,3.6943179456878417,3.9057076951772083
A3RTG4U54DIKJQ,59,4.1818930147543725,4.237563668179095
A3RTMB76CJWY9U,57,3.706518986308297,3.8373991358600295
A3RTSDHZFK344J,28,4.969871058025119,4.96990226251144
A3RTUMXGXZ50TY,33,3.5741283483771142,3.6901213037565324
A3RUBIOZYJNY0D,43,4.87147415524456,4.90883995966809
A3RUKY53HEODK,60,4.255820948846815,4.336233372114975
A3RURI0YCU92WK,95,3.8708688084742557,4.026890911890538
A3RVB0IWU9GQNY,26,4.7007154702297,4.733802424533633
A3RVMMZYOXQNKL,20,3.940130066147682,4.193312993648552
A3RVMVWMPZFG8W,22,4.405898914652197,4.487595202500261
A3RVVSC2YTK1B7,23,3.6295530496181807,3.772886225213143
A3RWFABJKO3TOK,17,2.7564389168803034,3.1524007478534264
A3RWGB0XZ9GHXY,19,4.461117355115936,4.53314820924357
A3RWR50VUII07D,17,3.71250945084333,3.9484470873743804
A3RX2GEZAZNL0E,17,4.92170113629609,4.922250674844283
A3RX54RU8R8OMH,49,3.5173031233340604,3.5913966219770947
A3RX5CGOCXJMGF,22,4.691839862310264,4.709535745502006
A3RY7DPZ8ROGET,19,3.6740740205999516,3.9364695283541535
A3RYIN4KHLR3Y1,22,4.6266336330798685,4.648801950672624
A3RYVMZ8QYEZCK,18,4.036630785999671,4.228164056503382
A3RZP97E7UD28K,21,4.939286969589413,4.939637018252984
A3S09P6KFQEOPU,21,4.309025249926151,4.354482005666887
A3S0IVFM83ZSE7,39,3.3685478185655446,3.506501023063274
A3S1G5T9NBTPTM,26,3.948225785532052,4.026789587387209
A3S1YIQQW7AZO,30,3.1755041504983663,3.4469730125762466
A3S20V3IKKPXYU,20,3.334247642091461,3.596453275996821
A3S2TK8BDV81FE,26,4.9589625498611705,4.959060288160694
A3S2YGY6861WO3,29,4.465838155155427,4.609703459159435
A3S3938MAI78TH,21,2.8789123144499538,3.1506252718694276
A3S3R88HA0HZG3,18,4.283710560582041,4.358826842695432
A3S3SYYJ549FLO,22,4.770549186305664,4.778813095908032
A3S4QHSAHBJHXD,41,3.4097934156042835,3.5324527560768457
A3S4SMTU1WJGRU,39,4.744061119958967,4.7550472352340885
A3S58J9HNVKP32,57,3.5884213580677407,3.8014672941742047
A3S5B8Y1M95L9F,24,2.7687421126798384,3.1115943794589036
A3S5FN1Y4DYAU8,18,4.814431818689704,4.823368047954222
A3S6DQ8LQ0RVVH,38,4.711527307255913,4.744452963730436
A3S6Z7A6SHC6KR,17,4.52030075300189,4.5995328616350175
A3S78KBAE6O5FH,28,4.895001358224502,4.908692495509388
A3S7REHVBOSTLR,132,4.015584304303492,4.106946581018619
A3S7WU6DIH71CC,19,4.630499950588888,4.639240081036483
A3S87ZOPB3UM9N,35,4.092004297182604,4.1949651894454565
A3S88K2OQ5JGWB,19,4.938173842330061,4.938676329756753
A3S8E8MQIZZXK9,38,4.886549073349712,4.888286242911599
A3S8ND4B5VB0BZ,17,3.6515036802551606,3.8903585066770114
A3S8NF9EGMP8J7,38,4.345404417423279,4.465613901059376
A3S8XXC7O583VH,39,3.430870904979996,3.613552993934454
A3S8Z7ZLJIFP0I,25,3.6440480584087895,3.8152829519357394
A3S95YCQ3UW2ET,22,4.732757899557822,4.770278849473352
A3S9887MZFNNH1,54,3.362870638204793,3.5217333789600844
A3S98L5B1SR9P1,150,3.5784007430564415,3.8495643006940807
A3S9BDBJQPNS73,21,4.8318659150978664,4.838568150612393
A3SA6OZQPI51UL,60,4.8694308597052025,4.872564854493236
A3SANANXTCBSHT,24,4.994214614521224,4.994221830701576
A3SAU1A0IEYDNX,19,4.7842602350130345,4.804793663571835
A3SB26W49Q0USW,44,4.601757107057153,4.687796374153005
A3SBCDQ5AQLMKL,40,4.810186682861776,4.838207392812944
A3SBLL7PKRPYNM,19,4.350375120937593,4.382941334222545
A3SBPXPJ7IBO98,30,3.1401288859949994,3.641206520867846
A3SBVTRU7301II,26,4.5029410000713455,4.6243785005957285
A3SC86B62A54V5,32,4.349000533199694,4.518525215130007
A3SCXE9JOQOAMF,21,3.025217451038116,3.3963687060467276
A3SE85PZUVPZLU,54,3.937088403400456,4.149458965399698
A3SECU7TA5I1UJ,30,4.143296501768279,4.319624583077481
A3SELP10QZPX8I,22,4.392572388506905,4.510214781376288
A3SEQK6N5W99G0,23,4.542060997523302,4.624582410144501
A3SFO2GSP5CVSM,133,2.884648319050314,3.0564506920374805
A3SG0BUSDX2MQ1,18,3.0253263727684745,3.5020810541665197
A3SG3ISKP0PA5W,23,4.39083783561478,4.44874914619721
A3SG97FFQ2VTQB,25,2.745381980683651,3.2055291264760943
A3SGCL5JZ22HHR,33,4.803013127113767,4.8310517517852585
A3SGEDXUYSYQ0V,35,4.915574017056828,4.917202176899236
A3SGLVR09WCPP6,40,4.539354452719387,4.6306387702951275
A3SGYEZJ6Y5KLR,21,4.99767534430493,4.997675492067547
A3SHEE6BGOFEFY,22,4.539285990471554,4.576241125897708
A3SHQXNOPZBJH,38,3.7048911444941095,3.974453653281666
A3SHYTIYA8RRMJ,27,4.909395777795954,4.9098891583959965
A3SJSNS9LW981O,27,3.9153146539328247,3.971506945969616
A3SK5UBTV4H3C5,52,4.240813917108169,4.324634835039762
A3SK6BFRXFQ9HA,53,4.069047597974659,4.184369493366295
A3SKGQSU29ZV80,28,3.2926562022737507,3.4232989230314255
A3SKV9G1KRU3KX,22,3.2434378871900607,3.5375283256792316
A3SKWZCW3A29UE,25,3.6267706756536744,3.8999668793354965
A3SL2VT62MEMJC,17,4.8905742320502705,4.891966586034249
A3SLA4ADDSYZJ2,30,4.209042012889135,4.2806500771856015
A3SLB7QCVHUF42,36,4.4192075775528314,4.489240992009721
A3SLBM6Y2N32ZR,17,3.077611992641746,3.5840571704941055
A3SM02Y7VRVCVV,77,4.172495609009902,4.332011326434799
A3SMBTHNMIU1UI,29,4.645697549297319,4.684639837816762
A3SMQO9ZLYGNR0,21,4.342937158024416,4.475514859357174
A3SMTXH4DC5PUL,20,4.12530944062049,4.212100153434296
A3SN9G1IWCOZBS,26,3.590963670221491,3.685550253845213
A3SNL7UJY7GWBI,41,3.769795983530482,3.838468077001701
A3SO0GDQZ8Q8NB,35,4.227577360528218,4.28212119044618
A3SO2AGQXXL8LC,58,4.109058194603444,4.158405483490004
A3SOD5J32B1R59,31,3.795093148265374,3.9640990906689644
A3SOK1G3SP4PL8,24,4.03410507974968,4.198088804051636
A3SOV9HFM5H9T1,39,4.672968159138623,4.691141192367935
A3SP7ZAZX69I3L,20,2.7167408175733287,2.784130839818067
A3SQ9NX4FRMWAW,32,4.547671299178899,4.642286031601897
A3SQF4CC87KV1P,24,4.450296319428267,4.496871126112927
A3SQHSD2GQUH4U,23,4.617014617408273,4.638566719543768
A3SQTR0P3BP1IX,16,3.1672416787665187,3.547815909676867
A3SQZCA0JFB5CV,24,3.7020533010243564,3.9199786358716238
A3SR2FSNU40ZSD,23,4.449746279680555,4.551593157090889
A3SR9QH09SKE61,22,4.470028441903156,4.5275168085659825
A3SRBACI3VJD9R,21,3.9530449934555114,4.136386356658432
A3SRSQWYWS7Z67,36,4.416413068450521,4.469483938838067
A3SRURTVIMSVO,20,4.756569158130453,4.83449720878808
A3SS6VRWCTB7V,145,2.432214607291232,2.8313300156027816
A3STFVPM8NHJ7B,125,3.182985168208108,3.4572230237718373
A3STPUDHAHUCLC,33,3.6117641285571422,3.93050995031717
A3STXHM2KR1A7V,28,4.329794777134377,4.46211750641462
A3SU3TXON36T0X,39,3.8275770786524026,4.094309187708276
A3SUOIG561KJ5H,21,4.138337486401897,4.281760258938271
A3SV390XTKU2AZ,53,3.8503173467049465,4.043640853979596
A3SVZ2MGKIWP3W,19,4.473733949703063,4.514865411282489
A3SW0B5IBY53AJ,28,3.213232322252221,3.5315188041554415
A3SXER8FARNCA0,35,3.8400360933784987,3.9757308059835994
A3SXHL0XYLGQV2,19,2.776789539721095,3.208245284068848
A3SXKZ1Y3SGW3Q,24,4.149593124247862,4.265360529234055
A3SYMLB8JSW5VD,66,3.7806418889428373,3.9109316009380986
A3SYV533KPHL3K,21,3.8016932765036504,4.022535240323536
A3SZ8584C7GNLU,72,3.6415056507921184,3.8616496925469077
A3SZLCAN60CZWT,57,4.470729604494912,4.496910019280302
A3SZN5TFP4DXX1,18,3.230731803990714,3.7060299302538255
A3SZQHT7JWAERI,17,4.282078853139657,4.333370774814453
A3SZSGC1GX9H7B,24,3.5572835352902286,3.6751798221152105
A3T0DU2IH2E13R,19,3.6285381404404253,3.810679126739812
A3T0OTH5072YRE,65,3.633195436112389,3.716999013447392
A3T0WETKLOGCR0,20,4.628687392704167,4.683639133475313
A3T10YHE66SWEQ,21,3.5169198046389587,3.564872892289697
A3T11TPKHWDAM9,95,4.776213864503075,4.781459595682266
A3T13H29NQEJOI,34,4.695720285414709,4.731560924005512
A3T1GOLZMYXSA8,38,3.263838924110354,3.4032649605490906
A3T1LD0C65QCWK,35,3.864142472393016,4.110240860128041
A3T2HUQH0NB8PC,23,4.9855726679420735,4.9856136943871405
A3T3908AZNUQTF,26,4.358132356436912,4.534644551155037
A3T3DYG7O2WC01,28,4.786085919453041,4.80491168098444
A3T3ECJDFZQ9TT,24,4.071034839005088,4.245099456230911
A3T3USBHXZ5Q7F,22,4.649110670923355,4.707478970289332
A3T3VBGK6X91S8,22,4.263303234529596,4.401467915056143
A3T46X7M3AUDAB,39,4.697416499171399,4.722008817985965
A3T4KD82YU49SR,23,3.9466719157166748,4.103110920643056
A3T4YO43IBJ7MC,90,4.62154693869932,4.6549131382202615
A3T54YN0KIUQAW,23,4.9696293073373194,4.969719959634204
A3T5H5LJK326F7,19,3.431499785386081,3.6655708436471666
A3T5NSG7LMRY0A,47,4.2128311933225255,4.324968085950729
A3T5T1WQOUK5FW,24,3.4283679782548258,3.735855953390128
A3T5UWXP83QQRP,20,4.954829349483145,4.955592680879302
A3T5WEYZM9U30C,50,3.773644149368495,3.9291340714506635
A3T6AUBPSA5D5D,25,4.949803190030846,4.950081066399508
A3T6H846YFFH4G,15,3.9824425672191737,4.146727689667063
A3T6HX48F66512,38,3.660117632947472,3.7183961985769853
A3T6NQULMXQCJ4,23,4.736669708065919,4.776163457785901
A3T6UQN45XHCEW,79,4.464966339065141,4.528845373079982
A3T73QPH3AZ8GG,35,3.365712814617585,3.5256191261640075
A3T7F0WDALIF6U,20,4.5178943476005715,4.596920941320404
A3T7XZI91LODQS,32,3.6306914181735186,3.9630072850516194
A3T8G3FN3H3948,45,3.7696240164963637,3.9602197943927666
A3T8U1N5PGUQ8H,32,4.639119309958583,4.707507688320519
A3T9AP3IU26KXT,20,4.446075064816614,4.5004706005203605
A3TA05KMHHPH64,37,4.126534155822962,4.2168862683222725
A3TA1UJWRJF9NC,43,4.256018684193891,4.329153311798767
A3TAEH8UAV87ZW,24,4.0015067600933945,4.140607171956451
A3TAKA23TMYV7L,155,3.5565096560569316,3.789629386492954
A3TB412093NRLD,26,4.623361576111069,4.704097995827846
A3TBMGNSEQBWIL,32,4.309486211128673,4.403927480425879
A3TC1G8H47789S,25,4.789967922829393,4.806974486849692
A3TCD1CBTWS02C,19,4.967691121210711,4.96773357417808
A3TCWFGG09PKTO,20,4.019554429613005,4.116274518507166
A3TCZBMLM0YE53,18,2.6791949583886296,3.168940450303183
A3TD5IV1HUG7M,20,3.4543000812185434,3.6695753973893224
A3TD5ZIKOPE8BP,41,4.6325388227463975,4.668060168960127
A3TD7HLTDWZ382,32,3.085778620863579,3.3989207803851724
A3TDTIO4419GG6,22,2.077471780635579,2.6675519035861033
A3TDW3TDZKUVJ,17,4.517436196527341,4.558520998387456
A3TDYX18YDALU1,18,2.7760602744598852,3.0536439400368827
A3TECVV3Z5KTBB,29,4.492189132613493,4.684731664610065
A3TEU6VHZ5R8I9,17,4.968386312730125,4.9685217137530735
A3TFFSO47Z3BX8,27,3.4717802581577613,3.598633052636599
A3TGPVYI64CO5Z,22,4.7715359827979835,4.79937860694681
A3TGQ0Y8ILUGBP,19,4.75217408482405,4.756597406340548
A3TH0CZ91A8LP0,20,4.971786810989771,4.971856238020372
A3TH65I4SBYX1D,19,4.60079070143355,4.703518435996998
A3THC3H1QSQG87,21,4.883211395828468,4.8920194261436185
A3TIENRAOCCAL2,25,4.415930626685477,4.493267857660249
A3TIEP0VIAW6UM,21,4.699682372915019,4.782077139563552
A3TIS263EUW4V7,42,4.415029718903763,4.486549270938146
A3TISHGXRLMTTV,54,4.621327759449899,4.690811867065273
A3TISW63TO7RGY,17,4.987569644411191,4.987590534545825
A3TJ5YMPM7KBRT,34,4.342174994029768,4.531568323992346
A3TJJYF5Y5593Z,30,3.382030658557912,3.6826573606624224
A3TKF2RC2GYSJR,28,3.0739923896473473,3.3109910754398966
A3TKGWBPVAWFNE,40,3.2096357937724362,3.434019634536753
A3TKHEN7QFYWUU,20,3.1452337720187944,3.458583781178181
A3TKLSDNUYGKFL,44,4.368556192184009,4.411077666541678
A3TLO06G4XPN4K,40,4.355308239265835,4.41120426022295
A3TLX5CLH7NEL1,15,4.523287409299999,4.593953652477482
A3TLY1A7NGVCQM,37,3.954389911352789,4.147997408000638
A3TM7XQ660F8T0,37,3.809119131759543,4.1155726079324
A3TMBA65HPWF6L,22,4.6979174962038295,4.714841619410209
A3TMDXCZIQMT21,32,2.990941270065523,3.2329060118222532
A3TMN244T2LJID,17,2.5785542935897348,2.980708541097071
A3TMS14RL9Q0R1,33,3.623828264212401,3.809392034687214
A3TNM3C9ENUCFW,99,3.2086121439523825,3.3522698154451915
A3TNXRZR8ESVU3,16,4.576691100781462,4.672388363184347
A3TNYNA2360NPA,23,4.6243907210682496,4.655526465126822
A3TOAOWG9KDSFG,30,4.402100094966396,4.473511054967056
A3TOE3WR2KBT95,19,4.833778890673175,4.845561071173037
A3TOVM0W2JTIUP,26,4.063736145390189,4.213546221529003
A3TP3DPEIIJ2K,29,4.709171225956548,4.740176166214882
A3TPHG1RZTBEGT,75,4.762833068815269,4.781709287328532
A3TQTML75DS6LW,21,4.947683051937922,4.947824295024333
A3TQTYD0D6AUO3,19,4.388965313256635,4.480261685453748
A3TRMB81WHFCDU,21,4.239805622176083,4.394608437645679
A3TRWWBZE2SOGH,35,3.5177734813799026,3.5931713827782104
A3TRXPRUYVOLSM,21,3.3194732738305763,3.4775288596597744
A3TRZ7DA5YCOLL,22,4.643273231808021,4.685054980322462
A3TRZGMLHRE0XV,76,4.600870587125477,4.6653310030749235
A3TSISFRUDG7M4,93,3.8325424880047407,4.039486253947706
A3TU8CD54LZ522,30,3.0583641375169948,3.4175877387296434
A3TUE4JZMN4HYO,20,3.3880103019133245,3.4991232244224117
A3TUU0FFKZR12Y,31,4.359886483572877,4.428443333153306
A3TUZOJZM9008Y,47,4.241735233897767,4.314405562018888
A3TV0K6AKSDE4M,24,3.966103665407227,4.199700588785989
A3TVT62H2GU50C,20,4.653988812534777,4.6962514553567
A3TXTOIHXPWS29,18,4.600724980944069,4.624902629811164
A3TY1C8ZHY5THP,17,3.1727120841147096,3.374347944556573
A3TY31K1VXAGSX,55,4.584604616053579,4.624749614815597
A3TYC8T6W81DDB,179,2.7842911615230923,3.0149008092021576
A3TYGS1LJ39QB,88,3.867707195249818,3.9834965239328937
A3TZB9SXJCFMFJ,47,3.5833804907848417,3.8477962969934065
A3TZLMZVP5H5J4,45,2.7890437164030635,3.3560588159956124
A3TZV5SXQ8F6ST,53,3.843051219014278,4.022602556702168
A3U0ER6TKM83C8,70,4.453986169961955,4.541243248457455
A3U1A21273LP1B,35,4.518291680387539,4.571890286822578
A3U20N1G2FU9GZ,19,4.9402400719501,4.940595581238221
A3U29LBT749HJ0,28,4.063019553281328,4.226766660444107
A3U30ZZFIO4178,54,4.4602561666958795,4.514868970937312
A3U37HX8Q61RAW,19,3.878324657203335,4.077709877475567
A3U3BEZMH3F01Q,57,3.270091305870198,3.4228097221031755
A3U3RFL0XE4F7V,23,4.682239068662987,4.738733340777318
A3U52V5ZAHZZKU,23,4.9703172281612735,4.97038597837692
A3U5HKDHPYBAK3,22,4.1083238423037525,4.2188728970898
A3U5JCXIXTGSLN,51,3.835919511954344,3.98400984519057
A3U6JVBPROK8I6,38,4.590922866821467,4.622411745312083
A3U6SWQW5ID7F5,21,4.291861702539568,4.389154655073327
A3U6UCZIWVT1D4,55,3.330712204087698,3.450342948648371
A3U7ELIED4WP4R,18,3.605335426040957,3.7341624725766063
A3U7U1GLLSDJ04,17,3.653881584807647,3.7955638217882637
A3U8632T422VQO,19,3.359986821592495,3.5357520261285753
A3U89ZZAUYOHX7,31,4.313741605586787,4.446286450222104
A3U8J6HOIYKIFM,56,3.734744078553753,3.877440291882438
A3U9E7K65AYZ61,26,3.925269771017545,4.063198150081574
A3U9NKFAFNXLGD,33,4.6683039110786115,4.725493783400866
A3U9PLWYYXIU2,17,4.837004518053423,4.8476293364849905
A3U9ULIFEH4TL7,26,3.839085629900207,3.967293472108037
A3UA046AA3DXFD,63,3.8532915210105037,3.9771384085446746
A3UA40JOD3BE1M,20,4.722405506940144,4.770319630984885
A3UABEJ3PH0JK0,28,3.684370811615282,3.8211439221794063
A3UARLETKRASVZ,18,4.757287246401144,4.80942643214347
A3UCF82XIPJME2,24,2.7171938707264247,2.979628898386671
A3UCR3ANY81Y3X,27,4.93827270093024,4.938468636066264
A3UDCUZJ29W5ZZ,20,4.932661574001772,4.933128059647287
A3UDHQIY8TMVDP,21,4.946047385940654,4.946365023259931
A3UDQI0UQ07T73,28,4.214285458237071,4.382632452263454
A3UDYY6L2NH3JS,475,3.5644177671803114,3.6806776632164455
A3UDYZM70JFMYO,24,4.727754555518978,4.7621511487377814
A3UE57S8G2G72Y,39,3.6224575522313236,3.928186827223034
A3UEX9SBBICIJX,45,4.32362753795946,4.485423638784383
A3UF4K552BJ1VC,30,3.9682412435858336,4.143221649519477
A3UF536V3TNQC1,16,2.9178200717951523,3.3653030127930497
A3UGILCWBKAR1H,50,2.685285056874903,3.065954482898837
A3UGMWHO9PYRNU,67,3.6616602806022107,3.8191257697465644
A3UGURGJMNRSH5,29,4.976977895278187,4.977044795504255
A3UH3X6PZ7WCWG,28,3.7369420271044818,3.843787550786245
A3UH5GTQTQLL76,25,4.108257924328585,4.387643715313591
A3UHLJGZ2E84A5,16,2.786672321190638,3.2096790944467775
A3UI0LR6BCC4FU,25,3.8612006918166246,3.9660993509461626
A3UI6CTFWL721L,32,2.9385906446820553,3.3098327884602368
A3UIOH8JZ9WLU,25,3.892268138757979,3.9301056627195448
A3UIYZW8N7IRO0,29,1.4066411127081389,1.8542095482728043
A3UJM7P1QAX7DC,21,4.066584466472339,4.225385782222684
A3UK5ZFLSC0JPH,19,3.851712876873164,3.982853185753654
A3UK8SEJXSLQO8,22,4.165512404202317,4.246685147607428
A3UKKPTR86KUQJ,23,4.251864977198478,4.374082175028238
A3UKRP8AKK4329,23,4.0309488330183045,4.142686204420624
A3UL9ZSW7FOJRN,41,3.4049610953763154,3.6212604828299986
A3ULPB81JD4OGA,90,3.144149188088339,3.4114462941836377
A3ULWDYOUD22T8,23,3.772731232623372,4.071575014727532
A3UMGEEQJFLBTL,21,4.742312799064101,4.816090468433137
A3UMIDUD02IMLZ,32,4.743279382814817,4.767190250209613
A3UN4PJ3WDJCP1,19,4.7417608237038955,4.790505153045451
A3UNL2BLNOS6BS,23,4.997498040536205,4.997498364099446
A3UNU8T8G488AF,19,4.74458734871764,4.765932862863528
A3UOL2OU0N2BYM,17,4.466178846624799,4.604652389937302
A3UOVKF8W8U2SZ,18,4.732489262627334,4.77265527022789
A3UP4AV1A8Y6XH,16,4.929683095798166,4.9355103522930515
A3UP9ZY5P7YKK,22,4.423293498413181,4.509931168083874
A3UPSAD2ZAAVEQ,18,3.8991829787129806,4.0124134946302235
A3UPUGP5NSOZRU,25,4.005583423773532,4.10743092956163
A3UPYGJKZ0XTU4,389,2.848611299950972,3.0313036944091283
A3UQSHH4CD8YFA,16,3.451714299841705,3.670472427874906
A3URIAQ1NEDYL2,20,4.968256130795177,4.968688814095372
A3US0VOOEK3VZ8,20,4.295764059334209,4.4003055572125485
A3USAD71N54BRQ,27,4.760719842340435,4.792105352559337
A3USFMTE78TRHY,25,3.0503401289762655,3.2777796763869174
A3USRUCHAOC3MT,71,4.344064115743814,4.414550357694249
A3USSSBTFCVGII,37,3.267332306347094,3.41354247025971
A3UST9FWLO969T,20,3.127378241077005,3.3203427021774647
A3USUHJZ4KTQKA,18,4.8568310277703794,4.87777562781541
A3USW46J1R317P,76,3.736480309712472,3.988658169168193
A3UT41TWD7N0D5,28,4.449322151264513,4.492414030237325
A3UT8282ZPMDIT,44,3.3019920187631424,3.4579076405831475
A3UTPJPS0P35UF,44,4.058201341021075,4.098302838305617
A3UTQ2DOLBWB95,22,2.989849122253592,3.094317474963365
A3UU1V0MP4I9GL,23,4.043771529665486,4.114490842159107
A3UUGZRTBS81YN,38,3.727507448623536,3.806462762661719
A3UURONZ159N3I,26,4.367443952308002,4.454628862094276
A3UV7L5ND3EH8T,38,4.170840011860602,4.309754344179561
A3UVDRFQ1QCKM3,25,4.829191568098847,4.845662084989507
A3UVGHUDOY77YR,45,4.019259204536069,4.177704488165215
A3UVWIERLQ0Q61,37,4.710902515915622,4.729622773331247
A3UW0D8M5P642L,24,4.53589932478954,4.636411213501895
A3UW1RC9OFPBOW,14,4.495800340670684,4.58102664792986
A3UW2LF45BOPY7,19,4.119416430461131,4.323415614176858
A3UX5OABV4CGEU,34,3.871737212257063,4.174863864474748
A3UXJYZ8IVMBSS,24,4.44809372933884,4.51490025670553
A3UXQLM9I775JJ,27,3.5890455623190425,3.9056684486447133
A3UXWCBVJNNAON,32,4.674723982014897,4.708436405628338
A3UXWTPKNPEJI8,24,4.867532550262755,4.86984769262276
A3UY5Z7VJO9RPP,20,4.497348275956336,4.6114815654088
A3UY9J80C0AFKN,17,4.900577460521064,4.914326446978625
A3UZ6W5MMZVHK7,18,4.696410845875487,4.752415127431075
A3UZFB2LEZYWCT,34,2.646184975596109,2.968056063601162
A3UZINXVHA6YEK,20,3.402082148357362,3.630903802480044
A3V03MM0F7CCOB,30,4.751316497877053,4.755053116492522
A3V0D97QKXDN5R,94,3.231026394471097,3.358345055969921
A3V0NOZORAMPUW,46,3.7617892098587995,3.7889981365664753
A3V1A3C9DTLPME,64,3.9993825456606396,4.1041983495966115
A3V1AHX8P4R839,20,4.7821185490127345,4.794622323269965
A3V1JHRWLS1YLT,51,4.479198000613059,4.534394388603364
A3V1ZQ9YDNH5CU,35,4.103780809696492,4.189097079985526
A3V25DPZBA3ZGE,20,2.6810440222231344,2.9162220983579386
A3V296F5XF0YHA,20,3.868172941094244,4.12362045558184
A3V3YVNCXUCQ3Q,84,4.194657559609928,4.23997581399302
A3V43IU15LA3HA,61,3.176533129929435,3.3566659990093597
A3V522YGU0U5YQ,28,4.74451843948662,4.7535619758144705
A3V594GSN3SFP2,32,4.52577501282021,4.658800619978426
A3V5DUZ5KXPGQA,49,4.07772865477863,4.183819825524317
A3V5JJF982NS48,24,4.2048694643902005,4.369620316599227
A3V5O5G3I1T2NX,32,3.2565470333786632,3.429710979891385
A3V61K0EF38GP4,151,4.084995923620625,4.149851691332357
A3V6F23CIBJLZZ,19,3.8786682472716674,3.982936402188818
A3V6M4IDAMKEAH,23,3.8871801170187026,3.9637234804451333
A3V6WXYDY38V8X,27,4.194542237228221,4.276675720958513
A3V6Z4RCDGRC44,90,4.142645744742482,4.184566455576608
A3V775XHPD106T,17,4.141706050034365,4.255084264577648
A3V7AMALLSGZCT,23,4.082076150409608,4.18605182807881
A3V7H58BH72AYT,21,3.711637869191321,3.891609234779503
A3V7QE1Z18U349,32,3.80029805419955,3.8563923397617903
A3V8FQ3SBVG9HY,22,4.37254136657478,4.527986030455635
A3V8OWSQ21W4IZ,25,3.836078272808888,4.110133670215281
A3V8XU6WYXLH9X,23,4.51267826989941,4.559620693387932
A3V97EGPQZU6QZ,19,4.9436417541535675,4.94391507922892
A3V9HAES7Y5EW4,60,4.121426971955899,4.174304993389683
A3V9RD5VMRL95F,20,3.05561817907087,3.115309471968052
A3VAAYYBR6DTA9,25,4.046082438115921,4.135007301944331
A3VAEDWLX4RNE2,18,4.5657187360791305,4.663972825328187
A3VBF5IHW5HCKG,39,4.34866865168773,4.42736215830772
A3VBV0SY31K4VM,63,3.4571776567862855,3.671321391503909
A3VC1CIRFDXJAY,20,4.971329059474394,4.9713885473727615
A3VC3HHE2D9V18,17,4.548546820949948,4.646689692784841
A3VD2H76PZOI6,21,4.542945287507681,4.675352426218767
A3VD7JFZL00LTE,23,4.154745941120058,4.220682795128075
A3VDJQMJ83IMKA,24,3.3784549504064283,3.4606528708098603
A3VDXQLTDEO6UP,36,4.689678196124828,4.7044265885437255
A3VEECFGJ48PR6,18,3.9720793316653373,4.1606513305340735
A3VEFQ25OSXMOQ,27,4.376343932750047,4.466523538402269
A3VERKFQMZ69R4,53,3.92823443620637,4.054819433540885
A3VEZTQFUU7B6S,30,4.421892211657105,4.455541897160532
A3VF7AZELF9NUK,15,4.927553846082178,4.929131573886963
A3VFE52RMXN3G7,22,4.4032664730250115,4.511576484273493
A3VFRG9YVQCUWO,51,4.302209313551488,4.4835426722211
A3VFT39XQRH9QU,27,4.6574464549374195,4.684346256814927
A3VG4VVNMBD990,32,4.705358330199218,4.725146132271008
A3VGMYS9MBBZMW,30,4.380391201047217,4.417738089018482
A3VGRG26W2UCP0,28,3.3448298995426042,3.6200912692597838
A3VGVNHLMUGQ6N,21,4.844382425254389,4.8672894071576005
A3VGYJICE5UY9P,34,4.931460464788691,4.934627318762832
A3VGZHZGGD17R5,23,4.688316658367745,4.699913902541004
A3VHB8OAQQF9W6,31,4.963050546077257,4.9661781306155675
A3VHM8EB82JQ7V,18,4.36795370848271,4.456753698691589
A3VHUQ85RH0BC3,51,4.1877720029350165,4.297158999514925
A3VHV0NV7NKQPC,25,4.0139993577694115,4.119181187922943
A3VI2VETB90ZG5,26,3.916037801923027,4.011653714680791
A3VI7CPS6USLAH,30,3.273940930571086,3.577832882111208
A3VIG66MDXGABC,33,4.5854304166343836,4.6932305654818425
A3VIHZUSNOGWFY,23,2.7383125796590293,3.102432341858417
A3VIJ43LX1O3LK,22,2.30451404730297,2.76095093486479
A3VILCI8DQLMRG,21,4.232922518269025,4.508396225152185
A3VIOCJZ22JZXT,143,3.861818254609964,3.9283768582196137
A3VIS4P126GF0F,23,4.550697570355096,4.629670637074182
A3VIYD6VFGJHGL,24,4.0960510065138145,4.226091157897314
A3VJ5KUCAXMBSJ,31,3.8021138240422245,3.985200035365897
A3VJC4XFC0Z9G2,18,4.403759244930667,4.478844858063638
A3VK4PR7IWKI36,21,3.531363184432851,3.8418526537760176
A3VKSMT3N8TECH,56,3.708164380341085,3.8377708635545957
A3VKSWNEOHM9FR,29,4.8715772348983375,4.901909025881505
A3VKUKOO77NM7H,19,4.055188554896937,4.168357057238958
A3VLX5Z090RQ0V,73,2.698282131412862,2.911926965442036
A3VLY5BDIPUT62,18,3.239849642018288,3.446182046054686
A3VMC3IW7V7ZN6,22,4.665548690925269,4.70542201029106
A3VNJJU5GOS97N,26,3.532059930575196,3.8318201504386056
A3VNYMNK7OC7CM,33,2.49249449785169,2.7338770802582033
A3VNZOA5UVZYTK,16,4.957777192846459,4.958027133235334
A3VO05LD5WSO9F,190,3.2242106857962947,3.36172057039137
A3VO0WDV1N3OSV,42,4.157092205861132,4.299104376576864
A3VO8JQT6LVXZ1,34,2.8296053044063574,2.94331596093819
A3VOJ5D03WOVL,27,2.273937861932294,2.758781690969508
A3VOP3GZNKMW4M,27,3.218910758745692,3.496559346119402
A3VOQGQP69N299,46,4.9802340516781065,4.9802511784704215
A3VOR11ZV3E4YR,43,3.8165602733981205,4.03915536297268
A3VOUNNSOFZ6IH,21,3.9587860602143987,4.1594158765388425
A3VP5QHY48HW38,28,3.4479937151698077,3.7852826344415376
A3VP9JGZNO78JP,18,4.925879084476666,4.926266267787732
A3VPIF7UCLZ50T,20,4.2036416198392805,4.275142832097794
A3VPMDCB18WWIE,47,4.962420006020062,4.962631992067975
A3VPNLGKCAQZZA,27,4.861153122334051,4.865840728633373
A3VPQLKGJO22OQ,68,3.19909311242726,3.6940865431679906
A3VQCC4DTSJCJO,19,4.672111155821827,4.706359722872263
A3VQLTB724O77W,45,3.074704075747395,3.3009749700080424
A3VQQZ0QGYP383,33,4.11949260470451,4.358254520479845
A3VQSFORKH8B7O,150,3.5731688811927134,3.7471257278470143
A3VRL0Y6689HVN,21,4.3177440496376756,4.4338619082656034
A3VSACJ673CF2A,31,4.505771275395859,4.567285111745357
A3VSUJZC7D352O,25,3.9330920672776357,4.034804385442119
A3VT6G8TOSEX33,34,4.242594037727248,4.300891332014803
A3VT98WV5VT09W,22,4.0398435248029205,4.125929230689211
A3VU7CP3MHLEF1,26,4.1996919421345735,4.253657942004664
A3VU99JYUWNWGM,24,3.467344330912942,3.613644007193715
A3VUSYA3W0FVV7,39,4.839757837961903,4.858643436511241
A3VUTFA8S1HZVQ,25,3.628286077826702,3.8791453588518405
A3VUXXJL4DS9HS,27,3.3555334159582313,3.433713219451391
A3VV4GUGLUVUP1,27,3.3587943857615556,3.633913931044733
A3VVUETXYMRFZM,45,1.4613972414041183,2.0157584932683488
A3VW2V576DTJFH,45,3.6959836710838343,3.8047310838404327
A3VWAD65L2F1DA,25,3.7207432710133697,3.819587388917462
A3VWJMRWCHLXC,31,3.383828385008031,3.537752274110492
A3VWNC3V06Y4CX,24,3.9236990373286473,4.174272921246395
A3VWZMMIKPY2XU,23,4.240146958513098,4.291214119086877
A3VXJF0QUJNS1I,24,3.041367491887334,3.3988464220592336
A3VXV8HX35FF70,25,3.80582730387801,3.995259781007145
A3VY0Y0J93ZO59,26,4.2869277984710985,4.3679729981273825
A3VY1QADZF6B7M,21,4.78442152433641,4.800299367617026
A3VZ8FS3QLZJTO,30,3.9314782040181973,4.040474124697872
A3VZCJWM4E8EEN,21,3.8662271336405203,3.912770710266902
A3VZHCT8PNBROZ,26,2.271630414751383,2.649865818316464
A3VZVYWCTGIEV0,29,4.2260454764529785,4.270669657142866
A3W09W96KMK7HG,28,2.787211602544914,3.307409151602629
A3W13VVBRY5GL7,80,3.0225220139999083,3.3376515698649554
A3W1JJGJHRPH4Y,86,3.1101023340213803,3.268968120761737
A3W28FJBC5VBAM,19,3.533222374855049,3.6389814911630984
A3W2JMKMGUOI42,22,4.278292659788833,4.400325386943605
A3W2KM68VNVW14,27,4.3858613566970535,4.609265086027022
A3W2UTN0BC4ZKD,19,3.848336510660947,4.019795666852446
A3W314OXZOSHJA,23,3.5620069517508868,3.771141687152043
A3W3F7VKWUK7EJ,23,4.585577908180094,4.618412928982952
A3W3LCVPTB133O,46,4.316393339101786,4.512226019729004
A3W3PK9TVKEH7Q,26,3.956838123970305,4.194567826893808
A3W3WCGWX6HG1V,24,4.488631350642113,4.529753130997536
A3W3X2AQZE53HN,22,4.340015622170471,4.6020524978096615
A3W400E8PUFM0Y,23,3.2072381809826562,3.4504905507210086
A3W40AQ9GSJUED,22,4.954636616581886,4.954758780601591
A3W48XMUVYZ11H,28,4.52589624266576,4.560337412990258
A3W4D8XOGLWUN5,38,3.762986698824121,3.874326509483593
A3W4G9HYZ87Q32,19,4.7608271973656855,4.778226778592602
A3W4VE2L5G4HN6,62,3.341799398599774,3.6363093309472316
A3W4Z8Z9S4VW4U,24,3.887040290524233,4.0841405224192675
A3WQFQ6H2N3QK,20,4.853056980523357,4.858355018844909
A3WU1C0P56UHG,23,3.894482828842535,4.213974700080411
A3XIT0L2KI8LI,19,4.351388080668104,4.424728466107666
A3XPT4HLT8HWP,19,4.25446414902985,4.423409781029521
A3Y02GZPQZAQ,20,4.779111325074572,4.795428266575481
A3ZESBN4KEULY,18,4.4313538526529435,4.496635838016747
A3ZJE6ADYTWPM,32,4.75449319297654,4.776191677481682
A3ZJKERUPH2GW,24,4.368268524943623,4.53326020916958
A4031CV7JXF7A,25,4.1449914735252795,4.229690812786767
A40SNIPBE5G81,25,3.6104956694681207,3.6974847070770926
A412BEMAHW5TB,22,4.107179081167235,4.220006073611079
A41BRBD6IWGOH,31,3.2996553350893296,3.4754603043449737
A41I67QYRAOSQ,56,3.760002241592694,3.8626388058007715
A41NG7FXGFU6T,19,3.603858255693093,3.69563165786237
A41XDR2AM962G,41,3.679297850123226,3.741180406434982
A422TIGQH6GJ5,168,2.167624599704755,2.5037001432557306
A42D1533ZIW9F,23,3.263763475911665,3.5275746636642205
A42DNERQ30666,47,4.3936897498873915,4.53034176419336
A42GFMF12V7XR,90,4.080432958749593,4.217436526256219
A444DPN27P4T1,17,4.432630763715587,4.486230913643715
A44HDC54B1GZC,20,2.8302529214574768,3.1459591925686365
A44RW8TG250P7,30,4.110917713727418,4.259608787896793
A457S8SW690NM,122,3.134136123889733,3.4216850625143644
A45KG7SRDS0ZI,92,4.565241427333458,4.627188318325303
A461VTLW9G9YB,101,3.2326487021402204,3.6472795687263884
A46D3PR0306HN,21,4.741841739419333,4.790977557926294
A470GX7D53EMK,23,3.6757906128027935,3.704470780552091
A471W6ANJU6W9,59,4.784554422109404,4.786554221774956
A4771QWO42P3T,20,3.598547061482249,3.7469848055465333
A47JUII09O9P3,31,4.781989912201519,4.812339421080277
A47M38CKGU00Y,21,4.594367907712134,4.67316786084585
A47OISX4AV8I,24,4.243178002138621,4.28899406146137
A48C8M5OM9ETJ,28,3.3464069790372615,3.753238336509867
A48DNVYOHUYG1,71,3.2499211835287483,3.519359615954297
A48KEWK029P3R,23,4.3623749235255636,4.533973632131259
A48OA2RRBW348,22,3.2767045019531893,3.4976523849110204
A492LK506AL1G,20,3.3577175416115943,3.4214696212270916
A495N4BBVWSF5,33,3.210271778783523,3.621445580978555
A49BOCRWHLA4N,23,2.6806758094603045,3.2260618046483818
A49DXD4WVLSLL,19,4.364383691298837,4.532603185897595
A49GZEBDSQ14X,20,4.535669987103143,4.559127114906705
A49OSWZPURJ2U,26,4.667639720693895,4.675011413606818
A49XO4MO130OS,25,2.4944550800750176,2.7737760295116463
A4A2CMY8XFOV7,20,4.744342502127866,4.821889984836002
A4A652FQLPVR0,24,2.8983404814563056,3.188923900558687
A4AEURE8ILGVP,19,4.625456430335163,4.659520036735192
A4AJO8SZJP7MQ,24,4.586416922814991,4.663095353469795
A4AKZCDIUME5X,25,4.841335973405424,4.8598968495678365
A4BNK2G3LYR0E,19,4.964160004126215,4.964204956005473
A4CDQI20OZAVR,22,4.409577988951894,4.493655526196519
A4CHIXX0HOB3G,20,3.6083904262547506,3.9766892945398737
A4D5MI11F41LY,68,3.7936829230817266,3.930024982841889
A4DD23DXSM80K,25,3.673159932920626,3.870140089437248
A4DN9N6VD4XK8,24,4.152732074437089,4.391907475783843
A4DTOO95QUGQT,23,3.693652143177347,4.036082182393585
A4DXI79ISF2T1,57,2.964693635624919,3.078648881086428
A4DXO8S25UGFH,18,4.487922590816277,4.608837684939581
A4E2UINPOWEJK,27,4.577503395425939,4.603666267142192
A4E7ZK6A7FXTN,22,3.4378943821591803,3.79468628969784
A4EIJ7R3YT2FV,16,4.993867781239045,4.993868773393218
A4F8CJ1L4348V,66,4.526068835391815,4.6025505433414065
A4FX5YCJA630V,86,4.104237925872812,4.207944799104392
A4G51W9PC7TJL,16,3.917724626996679,4.2120512581532275
A4GB8I8ACS4PM,19,3.5806532654613896,3.9885586390663716
A4GNS5MBP7YJN,26,3.8972555332914007,4.2246667138807386
A4GPHAI2LRIQI,38,3.702189271619568,3.9909438182077848
A4GQJPB7QQ141,21,3.8717877961635674,4.005507233992603
A4GSQJBIIWK5I,24,3.314170958635495,3.7051220017661284
A4GV0N7T06ATW,28,2.39087298813405,2.558907102161979
A4H16CX7AR4P7,29,3.6482956957054578,3.968468844268724
A4H1CG9W489ZG,22,4.227194492145987,4.387031258036476
A4I8V4MRTBCPM,33,4.243876482917362,4.325061217142511
A4IO6V1KPHVEZ,25,2.673957756326159,3.0258255504937837
A4IPE0Z4EOMIC,26,4.9749254903617794,4.975018242940571
A4IQXCCXDEAKW,26,4.459671611265591,4.5414186715676355
A4J68LHP32KSV,26,3.498496887449255,3.664330694225785
A4JAF2WRBQB3U,28,4.662610174465117,4.671913206829507
A4JHEO7H330AF,75,4.387832010510833,4.505464216825088
A4JLLU4RMM673,31,3.7779991882263615,3.958474480512069
A4JP4T1F95D0A,28,3.359534135640661,3.4647909194674766
A4JPQIDGNOSJK,21,4.866872399543476,4.868048813964276
A4JZOZEZ8NLUA,27,4.322185321005229,4.470741980207041
A4KDWVIN2L4E0,20,4.24880859013871,4.31832500930091
A4KJTS5P78ICU,30,4.370736394009454,4.498057091496171
A4KK3DZFCU7SP,24,4.276911675430162,4.3130613800984134
A4LGLUXVWT5BR,22,4.347919452168736,4.4756759205789765
A4LWZ9LG90QIR,19,4.889676686197651,4.909946100055126
A4ML2VXRNQFZP,28,3.953012129475337,4.167875539426587
A4MQ75RMLWTS4,24,3.6038048550891877,3.9542351926224226
A4O1VUKLIOKAC,35,3.886579423034978,3.9890626753057976
A4OSXRZR2BMX8,29,3.264695560637495,3.331731941745287
A4OZ5JE50FESI,21,3.2771328690608663,3.4752772509135834
A4P6L70CMU02E,26,4.198864664683304,4.263284970521484
A4PPZNQF1X2IY,127,3.2193791679339294,3.5532405481026434
A4Q0W2U7087XO,22,3.0722646607037962,3.4254954396416624
A4Q6F1RGQ2WWM,30,4.384164299763786,4.440373207250783
A4QLDIXXNK6E3,17,4.027706644433733,4.104069528477961
A4QUBLEOZBEZS,30,4.245113462227191,4.436754484030675
A4R570DY12DX3,36,4.847777630339905,4.8553754079264895
A4RBWH5IMQBXZ,31,4.637687318976293,4.653214461807676
A4RF1PKBZE7PB,16,4.840024357197615,4.86406252829695
A4SOPY8QZSNE6,34,3.244837227294723,3.6531790649041573
A4SY5RCGC5CH9,217,3.655139029444926,3.868403931737815
A4U0JH5UCF0X0,17,4.273882558393748,4.405015459691979
A4UDHNVRH5GR3,52,4.038172867516175,4.2655382049879345
A4UKBG3M5U5TI,88,3.4782581265369417,3.670356424124937
A4UUD0LKLMACK,19,4.498750313493701,4.6022203026613715
A4VFHH1HYFYC4,36,4.35352121501568,4.418462116663175
A4VH04TA14CPE,25,2.9953666905057346,3.3210688792037493
A4VR8Q8T99RKM,37,3.5494837789878257,3.91512107540703
A4VUG193E1OR3,22,3.8680556979104135,4.198428807543149
A4X53Y98KX97G,41,4.0039238414755784,4.222331510422412
A4X7FBQ5SKPI6,28,3.06194982615967,3.362307241798721
A4X7NFDO3I1TA,25,4.913226707706306,4.913472183858845
A4XH2RVQSXG99,24,4.749099892684308,4.76032156055717
A4XNCOLELS469,17,4.949238014471997,4.949685643488541
A4XRN5VWQR12Y,21,4.574681727543497,4.6158541343079
A4Y0I1Y82L6EF,36,4.815262342607835,4.82203816643757
A4YLFRSBBC3RZ,18,4.688987780666056,4.719382709454937
A4YXKE5F62II8,64,3.47239113490615,3.5594350363492686
A4YZUSNV7EKGZ,21,4.332414386631457,4.405565067657883
A4Z72X5C24X2K,22,4.5677960074759225,4.601370225726889
A4Z8MZXUSHLGK,22,4.97160772800725,4.971699376204041
A4Z9NHOW5LT0M,32,2.6701548302163207,3.1575582319580953
A4ZQZP41D95JO,20,3.227547862520354,3.419881652992911
A502BTI47DV2I,18,4.5261123499548495,4.69501445974724
A502CLQSNPHV4,19,4.751280303221284,4.804701339526246
A5038WBW4SRPL,21,2.275699738013407,2.7673115841688705
A50IR2PPYQL83,21,4.303818711511924,4.383603650148372
A50W7ZVTG606,15,4.178900339029966,4.324080548269568
A518CRYX4QKAH,38,2.1661762964049616,2.5067864889916764
A51DWA4NM73FR,42,3.9894393551772978,4.134710569181397
A52DKUERWBIGT,28,4.04394910647086,4.154234004725771
A52Z5ZVWNI77I,22,4.746816752025223,4.771697158522369
A53LE13K1AONQ,26,4.166592044961886,4.249508095949203
A53VJYSDWIQSC,23,4.152176188132269,4.317513609515364
A54ERXXP81MF,29,4.749492516590951,4.775813601939229
A551XY0L7WQXU,78,4.467365823180739,4.5437221040593565
A557559XPTL6D,32,4.534587910165338,4.603897475908191
A55DWAFXRTZXG,69,3.818716942457561,4.194778087027508
A55MRYPUAX4QU,25,4.038358904693401,4.265418772500028
A55P0DH34ZLYF,30,4.814475849155511,4.819812775871379
A55RQ26WDPSM0,35,3.0560101520714333,3.3355614398579374
A567HBSX35U7X,67,4.268464469174304,4.343482505246995
A56AA52NMMKYQ,35,3.326424304749819,3.4666314084355587
A56IAIR71TPP5,16,4.1150673100262125,4.174071455683277
A56MTDM9QEVI2,19,3.886464565662926,4.021365315727844
A57BHZ2BQ6E8,24,4.270979952270461,4.373060659298154
A57EL5N2SJ9Y,20,4.011417383249474,4.1417454505974725
A57G3R2NIG341,28,3.041658081284912,3.354449824966774
A57JWK56OUKLZ,19,4.134600891075824,4.26386160530476
A57Q87B0TC9IJ,22,3.066061121766376,3.3252782622559947
A589K6SYH5G01,17,4.039043975349287,4.131014573424229
A590HEPJR90HJ,19,3.574166026738178,3.8981881967216476
A591NQ8VDT9CF,26,2.8678739281068815,3.1288148039416637
A591T7Y696C2Q,21,4.231803653421377,4.343225903925993
A595T15OO91DC,21,4.133649455047002,4.262936473589054
A59BE4FE3BMD7,20,3.587249924460779,3.7648770579771105
A5A2QE6NECFR5,55,3.808725813829022,3.9023282105702877
A5A2URQBFARLT,39,4.439946297764769,4.471149054553061
A5A6WMTH4SF9D,23,4.991240565657495,4.99125060683405
A5A7Q74LITVXP,22,3.7825691836497555,3.9477340775036684
A5AGJP1JZDSHD,19,4.276350969715721,4.308526355474431
A5AIEA4LXWJH3,68,3.8186940837462138,3.902915450014667
A5BZBD7CYCD2P,21,4.530005185123549,4.61639883794749
A5C99E8QVQP0P,19,4.9087866821731385,4.911302059412473
A5CWLQF6QO3CN,32,3.738294242479833,3.8400956107111868
A5CYW5OL2T1J6,19,4.53673836976855,4.655035338674912
A5DIAZ5GT3MC,67,2.7700837926758006,2.9694970825348594
A5DN5W8EAFFLI,24,4.0469433431087944,4.116071466254524
A5DNUJI2V6XR0,46,3.228984691676232,3.555175374865558
A5E5QRM74JPOD,18,4.216673672893695,4.302136756508445
A5EJID9AX17J2,32,4.599676024541885,4.652506105889555
A5EXTIE39VSWC,20,4.790493472982567,4.807147835772702
A5EY40DX4VUZ6,20,3.0126560634903106,3.3153550624437296
A5F843X9D3UDR,25,4.993236255541975,4.9932389613157495
A5FVKEEGKMHQD,24,4.933831795301544,4.934135168788192
A5GG1SQI9YEDP,20,4.57569504394036,4.640469643271415
A5GIYITYJPWN1,39,2.932017905758499,3.363798365423461
A5H8U0OA1J2QZ,74,3.38651410367289,3.5287040486119783
A5HA3SNKZI9SY,36,4.171353429574295,4.393508625277292
A5HPPWH3K2G7B,16,4.744954237067257,4.842561090003096
A5HS6I4QG44FT,31,2.2781097796080405,2.641978840222935
A5I88702K12HM,28,3.256362805836203,3.4479922743171554
A5I8OWSLWM1MF,19,4.120591299053911,4.202823122915622
A5IAS24VRBZ7Q,22,3.908720080765175,4.143784509752812
A5IIE7X9IIJVK,38,4.831328091099405,4.873042618564836
A5IJSRZINII14,94,3.230737495779714,3.348654193583916
A5IPEZBOFCV5Q,36,3.8184986710138795,3.921118904052402
A5IRNLYBGW3LB,31,4.537349472892063,4.581480403816936
A5JLAU2ARJ0BO,56,2.6057319188809482,3.019873470873604
A5JRN5EA6SWXG,27,3.8957054799994912,4.17114869511088
A5JS4O6JVFNWW,18,4.462797922398237,4.516417582666464
A5JS556GP98P0,21,3.988515708674179,4.3085692667865185
A5JUPMCDMXEIX,19,4.702173946962799,4.709280409285156
A5K5PJPCQYIKZ,30,4.617399988097648,4.683181870036878
A5K5WYVYBKQQU,58,4.0469925836779685,4.225103753196322
A5KJVGJ43ZDC9,38,2.9259134350095968,3.277472671920878
A5KKASK7J5YSQ,60,3.852677053545365,4.000483919786532
A5KLP39OKXD5P,55,4.599921997836878,4.617962093353568
A5KUVR7CG4V5V,30,3.347942765872989,3.566924461687789
A5L9T4BOBBCBN,23,4.33135797090234,4.397093607706067
A5LB9WMER99OG,18,4.980572112187185,4.980708490622956
A5LJR6VZQS9SV,24,4.504480985909765,4.604796679637871
A5LV4HUHXAHD1,17,4.1971716123470095,4.282868361046721
A5LV8XTXT9IMH,19,4.67872509538346,4.702068431160776
A5M1M9IJEQ8J2,35,4.640733087174056,4.7061308338071735
A5N992ESD6UHW,34,3.5865991141620808,3.8530070327169894
A5NEZVH42F77F,19,4.186535274615829,4.229739487259879
A5NQ41YNIJW2U,20,4.874607213517677,4.8835312301448965
A5NW620UKE9K,25,2.813460835859697,3.0409110222663753
A5OD2CTWK2EBA,29,3.478131286319917,3.633068087624586
A5P9ZVEEPYSJJ,34,2.7005224223945805,2.945453948518301
A5Q4I1RES2WP7,28,3.4018799566894367,3.6512682279288264
A5QCKO0LL1D5E,28,3.4504411244106796,3.6186330176756347
A5QE86H97FDJA,23,2.3774452200922123,2.916262273272661
A5QMV62UX1C9W,30,4.187630046951963,4.389554241350329
A5QWQU82WXIHA,20,2.8798790724601346,3.1279073613535666
A5RBSN4NW6DGZ,85,2.996055381614274,3.0911751519431503
A5RGNTKP1A87U,21,4.977314571715885,4.977335641546885
A5RH76FMV6IY7,23,2.1736487760082013,2.6062301270751513
A5RX8JTDW08PT,21,4.350314421508325,4.475949181128974
A5SD9CRV6B0MI,19,4.45969630084879,4.557293408433062
A5TABSUAD101L,18,4.5915065566526145,4.616907617986184
A5TZXWU8AALIC,206,2.684842695082586,3.003887393975734
A5U6ZTDKH7KCU,18,4.811662437977307,4.8178781650476585
A5UGX57EV695M,31,4.1698959542339935,4.264972391509033
A5UMUVEV1RUS9,51,4.258465396497599,4.335434895538183
A5UTPNPBS5YMZ,73,4.737691718284621,4.74956562015192
A5UUKLEXZMJLQ,19,3.5330831576525923,3.7852361207559584
A5UVCOU5VE4OD,39,4.633749042321043,4.677611318047468
A5V0I8RUHJ8V,23,4.9896650687545225,4.989685489871213
A5V1EF2BNERO9,49,4.552824040734228,4.625689240518069
A5V22CUOYLCTA,52,4.563149431617382,4.595435360568628
A5VFYKC0Q58HK,28,4.631022741830803,4.746497744506418
A5VI800QMKE8,20,3.472888420533761,3.9315126914538583
A5VJUBG4HK80,21,4.646762651337128,4.701585649064538
A5W3UX23I08F1,20,3.9912615645775533,4.199013884507959
A5WC1GP8XCVD,38,4.95536317755967,4.955623701718001
A5WD294PJFSBY,33,4.139439747465771,4.330441267367925
A5WLUF4G7W03U,22,3.786516859299059,4.027576017668392
A5WMBIOGE8Q6N,19,4.635582294239792,4.68264343039237
A5WMNWFDM2TM1,26,4.338002659143376,4.4563412804895846
A5X0G8LTO1J9E,15,3.716535488289234,4.065776033557232
A5X1B2HBQUR3P,29,4.324888656285934,4.410108748879251
A5Y2DVN8TXLSI,26,4.919480619433949,4.91974268526004
A5YX3K6C9J24,13,4.294235918599219,4.3844975305418465
A5Z7Y1BA1E59S,17,4.3546979938523,4.449996734913292
A5ZARSGKGKOMS,20,3.6969090599565937,3.8261212796348034
A5ZJFVV0564T6,21,4.348321206654278,4.508787694859927
A5ZMJWJIZJMVM,17,3.1079100007078715,3.6121235291888207
A5ZUZ49YRDPCV,17,4.9123888401769396,4.913031275891736
A60D5HQFOTSOM,40,2.8390746936786915,3.1992779672383893
A60F2GOL7U5RO,58,4.447005417916295,4.483031130936913
A60HBXQM13092,19,3.3406020369980163,3.4961222519374573
A60O4VHHP7TEJ,20,4.587961992362043,4.742551881522336
A60PQSFWSQK8K,22,4.39891416165593,4.4366197828867175
A61J00KQPWV0K,77,4.597112362474357,4.7151507946603
A61SNNE29VSVG,30,4.813312818424894,4.844222448066762
A633NIAR4JJAR,23,4.116327675252072,4.228259488267284
A64CNM62G1CWR,20,4.7792654585324685,4.791578598132319
A64MPR92VAZYH,26,4.679775443784084,4.722309856306395
A64NRL5OSR3KB,25,3.70437608446324,3.795741926271902
A659E0Y56MJNO,26,3.5536400532356214,3.7866511614953264
A65DB8WERETU3,22,3.8074620593874355,3.9567497644432277
A65GUVCKEE1OQ,23,3.5777012606948686,3.6837984064047378
A65Y4Y5P94U5U,26,4.329011437254273,4.3659326960693265
A665YFYBPTEX8,35,3.5614391999804407,3.7630157438562652
A66WBGGY7AYQ5,25,4.66236519303553,4.702318535578618
A67E13E1BSNBN,17,4.6891859854704405,4.7329191445590135
A67LMCVAH868U,46,2.803716935508608,3.0493513591522405
A680RUE1FDO8B,23,4.600691874952022,4.646540092112184
A683DR6EO1Q75,18,3.704137992138336,3.817668706448338
A68N0H9JX0QRE,70,3.9096064853775276,3.9794092917650463
A691XU34BVWME,30,1.9896458690937815,2.1491088383025754
A69GBB918D2PP,27,3.8941606531500894,4.109372271571123
A69KY1GXIVZ9H,18,4.0329132056129415,4.159372912225767
A6A0LTYEAMAP5,20,4.44099118165385,4.5346988285452925
A6A61594IFWJY,33,3.535147309505688,3.7223698687771387
A6ADO7B6FUVN,284,3.0483877493036795,3.243926465300707
A6AGN1U1BDB0V,25,2.581606579088379,3.0671211918453696
A6BWGNPPFHSNL,38,4.520677497100761,4.616411077821058
A6BXIT1AP30D1,19,4.6536043062287025,4.684761370561258
A6C89XFOK4MO7,31,4.069293950357195,4.2052730838809405
A6CJ7V8TTR9VN,28,4.955347631960753,4.955666228991981
A6D2M4JLBHDJ4,37,4.59029948294194,4.655459122688643
A6DOCZ10B7JAJ,67,3.7049220300166152,3.8618940365622976
A6DWOZHJAQMDI,22,4.4208571939121555,4.519378038402174
A6DXT0EENM8XT,19,4.32010245770658,4.477481720068155
A6DZTTNLGSDR8,31,3.3179637258971346,3.5750583860432674
A6EK3NQ0SQ6N6,21,4.8354734885411075,4.857721357190041
A6F2IHHXAYEEX,34,4.969665612423734,4.969700163298921
A6FIAB28IS79,69,3.9816628482394414,4.0915467195410065
A6FIW5DREWU28,32,4.014441438934044,4.2276949184655725
A6FXJ74CGS4EB,19,3.980880341946372,4.215693992213002
A6G5UZ2ORICHD,19,4.485188520900552,4.578410932765505
A6GMEO3VRY51S,22,4.351124970379861,4.4899488061203545
A6GN6GXPF1JMK,18,3.9512505285551467,3.9903104383222208
A6GSJ9B96VIWJ,25,4.130125147566832,4.1730243398921685
A6JFBC3GKJDK6,31,4.081271156305514,4.2003272968398955
A6JHBVBDQBYDS,17,3.935688258541078,3.9514384371925932
A6JV90PMDIYYX,34,3.4447571743945944,3.5899194351521166
A6K529AZD8CNY,30,4.619100070216424,4.654354721352529
A6KF3YSE43912,18,4.1553767144363825,4.276491481770801
A6KJZ2042IR10,26,4.722655669362517,4.740155320146263
A6KU955PEGWZ5,38,4.0834772727903585,4.231377072399865
A6L4TRWZU8XHF,23,4.20750347905522,4.267671243149601
A6L7OGUBU4JFB,48,4.145076337355641,4.359459096429625
A6LG4R7GHVC1P,36,3.3407070923541795,3.613295460207086
A6LKN3JXWX43Y,19,3.9348779045572386,4.2417917522539
A6LUXI8I8BU6P,17,3.502248601799402,3.598043359498358
A6MR51RMDAY9,29,3.517888824479651,3.6793508333580816
A6N14MTMJRPJI,94,4.394584566003163,4.511217110500312
A6N70B0B6O8XE,51,2.8270570892603253,3.0058432157692945
A6NG1IPLO0M1X,22,3.9925387935767107,4.1381924977371245
A6NTOTONJ35P3,57,2.9978802001791074,3.223400227554566
A6ONCS6CK22DW,35,4.289101061008657,4.324127495044337
A6OYYJP09OH7B,34,4.750007845994013,4.772480708220267
A6P2AJXVWXGJQ,40,4.012366700355977,4.158294478446164
A6PGW3WJ3OG00,30,4.954114653881131,4.954183230084662
A6PXO5SHHHT4L,22,4.8013841538573026,4.808821864042109
A6Q0U7J92Z4W3,20,3.6533814993177147,4.0186100803211255
A6Q301KRUBBMF,28,3.9254553165360604,4.191201766388427
A6Q3H24MYBC2M,30,3.2069625829805846,3.534897954499442
A6QGK1NOWS4LP,38,4.466357204995783,4.512046900308642
A6QZXWPRDHVN1,18,4.687653582930973,4.731161286688751
A6R0BZ0YN3M5F,20,4.971386664734142,4.971676233393892
A6R8XUE6MJLMC,28,3.8225422259185917,3.934652743127223
A6RCJJ1HCN84R,23,2.921071295411317,3.1578570432331436
A6RQRYQ40XNRX,17,4.430400681616804,4.537873954133686
A6T098A9B0GZC,135,2.9815887853973204,3.36304862489845
A6T95OX04BTQM,21,2.8263147358021916,3.264916041496568
A6TDSL1XGSOY2,59,3.3504679127195733,3.620019862874263
A6TYHY7LOFTNW,56,4.474878610214456,4.507870137636447
A6UOM11FVGTRL,18,4.638489503714312,4.708900919663773
A6VJBC16YVBYY,22,3.4148082510900695,3.512112392221575
A6VXBAO0L05KM,19,3.486748130764528,3.7566880658853834
A6VXZ1EEPRTLV,226,3.571050110431164,3.65566066757062
A6WIURPB86RR9,43,4.788104257546331,4.7995805699871985
A6WOTZ3DGYU4W,26,3.7698632717085476,3.8249452887960915
A6WWVOVIPYA3T,23,4.653945693529696,4.6761743315861795
A6WZVL0SRQAPY,51,3.4143805498986968,3.5827029038072493
A6X01I8L1SV9F,21,3.587531228657378,3.8429235827753874
A6X6LNZO1C3EZ,58,3.553076692770377,3.827287526069388
A6XCEU44IML3W,35,4.329554782396048,4.449019465814846
A6XYCXP1YCZOO,24,4.939492734119288,4.939943531457528
A6YJ36CHMDHWA,20,3.740878976064523,4.035993874721871
A6Z14CY1B00BY,18,3.8338573568418735,4.179402954987735
A6Z3Z07CXZM6E,18,3.9525192920743706,4.142940205935416
A6Z9JFQNRIFZB,16,4.9951229491778175,4.99512427871293
A6ZKAHCONUHX5,45,2.6933501734876417,2.9793257691875916
A6ZTVBNBECCRC,33,4.967436865588832,4.967513646157276
A704NAPK5K1DC,28,3.29544796980126,3.779073179734232
A70I5ZR0OYSPK,22,4.518266990434223,4.642976235233616
A70UM1IOQMQMN,25,4.130147085014289,4.172189816265676
A70YTUFJY5HXN,28,4.780492680651871,4.820713064716298
A71BWCM7X3QKV,23,3.6204343613240564,3.95427264060275
A71OW025PDIY7,23,4.154099464525197,4.282743654569688
A725URC6SJ5HQ,17,4.58470109537186,4.623737828537601
A72A8JDQK4D8S,34,3.368102491509832,3.6662125968112793
A72KEKIG7WATK,18,3.403319916602765,3.5060270061312653
A73C7IJSOSRVL,24,4.496925113273961,4.5565054143723325
A73DFWJE0CGY6,36,4.44001719942349,4.482204748253141
A73O31V0PQ52M,20,4.025646195604759,4.231813186545108
A73QPH7NGI0DJ,31,4.323149658763267,4.362699915595439
A74GVU21WH324,32,3.9492683546559175,4.027178652335778
A74MBG8PU1ZYK,62,4.845908799742424,4.86061316623909
A74TA8X5YQ7NE,25,4.289174538131589,4.461182263621833
A758TREPJ8NT3,19,4.000627655419882,4.1827362199031795
A76833ZKW1LES,20,4.735604885656992,4.738100051856081
A769I5U3HK438,21,3.3138928440680298,3.507795653926525
A77184QJM3PM,37,3.9439154558027423,4.012097841513127
A772M51JPOXZQ,18,3.957647808824163,4.123186172103421
A77I3L87VQ21I,22,4.989073250085275,4.989127211898693
A77SH4285YSLC,91,3.3984693174022285,3.458143425733692
A79795W58QDW6,37,4.200321843950215,4.277671723866517
A79NRGUDYK51X,23,3.978295234957497,4.023807349583748
A79RMXTH5QYRV,35,4.476373084433461,4.516327487275714
A79U01AE98EV8,29,2.4972647480014434,2.9254335496036497
A7C2R57VLQ3E9,19,4.86441972325574,4.869046230091303
A7C5JWBBH430Y,16,4.711105479376732,4.743099606017199
A7CABQIWL33FQ,32,4.211026271736648,4.3895378304094095
A7CEP1AKDJXFO,15,4.033699270860009,4.105637091188639
A7COVQSJHMTCB,26,2.5348270519900313,2.819874583193263
A7CR5MIM9XSC1,19,4.305118832682333,4.339556032407929
A7DAL9PK7F4M1,125,3.167347381680168,3.4358298711000406
A7DNERCNQB3QQ,32,4.556525734448922,4.6427633594343645
A7DXU5IYKUT63,28,4.767607764176674,4.777399289037183
A7DYBDGVB2LC4,40,4.77049186837328,4.78811651791016
A7E0WUAP3MU9K,26,4.740565676203074,4.790996976737089
A7E9Z3MCJTOOY,34,4.85732316772508,4.85988316139352
A7EBK3C6JNE00,24,4.91088534098698,4.911856930660921
A7EJERNB7IK3Z,39,4.486803237908511,4.618065646303547
A7F1IA4BFSDEK,74,4.834404849356078,4.836987376057336
A7FE4DFKGFJPC,24,4.399722851834524,4.5365963998001595
A7FI5FLOJLXU2,21,4.113751735118692,4.172393182339844
A7FJ47N0LYJSK,24,4.852448950721397,4.86329346933711
A7FLQ9F7LEB8X,23,3.70566738952247,3.8809111229855233
A7FY7ZV527H6V,22,4.118595565898919,4.147717542962888
A7G7ULO4Z1FA8,21,4.0433145570579025,4.141838531322106
A7GMQ0E0A6NJS,27,2.741204150630955,3.0798485250998677
A7GWVTQC4XNY8,30,3.93403044850334,4.167090182899385
A7H5UX9TRVLS7,39,4.829528210473644,4.831781592679721
A7H7NG4IXQX3X,35,4.947198551023284,4.947810932511539
A7H8V05RTB5FO,15,4.817467117965503,4.830047566812197
A7HD7SGI1R937,21,4.258818825959899,4.423662539554262
A7HJU3VFBJ16B,19,4.510335522295446,4.549025972205066
A7I1Z1E0I4YD9,22,3.602654882452251,3.647989892607056
A7J1TQQTVATTN,18,4.216342121629868,4.242596511555177
A7J5I595ULPBN,31,4.8725673208761,4.877349068201378
A7JAVM3JDL7BG,23,4.426914225270944,4.4839375319358235
A7JH0LR58JZEL,24,4.339874492891528,4.377281043140072
A7JMNKJ37G5PI,18,4.874778042125425,4.880958199118084
A7JR3D4BAW85N,19,4.334881194449067,4.408248404805907
A7LETD6QFC01H,16,4.87299821676739,4.87400648388646
A7MD5CNQ9EDH6,34,4.207429065617491,4.294115916130522
A7MMWVZSP31FJ,58,4.213506186898107,4.342443906918946
A7MNE3YARYII1,39,2.0081755945548756,2.5530391791992395
A7MNRTV78TLDP,30,4.299270586306046,4.365008643749603
A7N3Q8VR32UFY,29,3.9212498062971797,4.029354060221237
A7O9KRXA5E2Q4,16,3.119355305158584,3.4278509074398475
A7OBFVHNJGI2A,29,3.341860506846754,3.5591485457770786
A7OYMEUQCX4QI,22,3.7501336439795008,4.021939447771835
A7P4DQP2A4KGV,21,4.838664341281182,4.851529333099701
A7P9LPMSBAAME,156,3.81165573709251,3.9324123640383295
A7PA54DAWNFIX,20,4.826093177426408,4.831907018465371
A7PBI5HADJYER,51,3.036746565825114,3.2327776321322026
A7PNIRI9PI4PR,16,4.514721794799508,4.6171670892128915
A7Q9LYLFFFMSC,22,3.960946042722659,4.0287508428559615
A7QYHLIRZLMLQ,18,4.003842182076252,4.081851160005271
A7QZOJZX85TIR,112,3.551428006082799,3.762009122980363
A7SQIAQ21PWWS,32,4.891514007200116,4.897398925895743
A7SQXASFDQ3N1,30,3.040826260549707,3.4184141331880915
A7SVLJKSIHCSL,20,4.190410297929571,4.241953677768412
A7T8RUK0WLOHG,24,3.9770001102732038,4.112765308501211
A7TD51IFM4E1X,19,4.958519116558357,4.95862266390718
A7TGJ2RSZNGV6,18,4.100946398253467,4.200482254590842
A7THV22CLFI77,20,4.727166762718431,4.7479241927273454
A7TRSFRNC71OO,37,4.903059392059273,4.9063381294185415
A7TTHHDA3K08E,21,4.603210151289798,4.659379953737024
A7U1ZMV82133K,22,3.5121022806633864,3.852884140561521
A7UVLHHFHL0BL,19,4.137816763395357,4.302148267883653
A7V0LEOT2QPIO,19,4.421764056621395,4.532758292386315
A7V0U3I72GAM1,37,3.7100415747346114,3.868280291195546
A7V7T1G561PVY,25,3.319824920003575,3.5106479014435896
A7VIE45AB5JMZ,17,3.3765950442621135,3.578396148418016
A7VOYAAV4QNP5,43,4.301370851285773,4.362425378929664
A7WASL4K8M8JK,35,3.8664481215149418,4.080127298777848
A7XGU8I66GV52,48,3.618385044358778,3.7181126697814633
A7Y4ETTLARUGI,19,3.9632238081260813,4.168004148045834
A7Y6AVS576M03,347,3.646190401693698,3.830030596130727
A7Y8C2RLH7796,24,3.4258230319962713,3.6405434656801465
A7YRIAR531O83,19,3.5149003013967586,3.6696354957062085
A81D8PAHTXCE5,19,4.8202651166705195,4.833562756989358
A81P47EIXM8HA,97,4.0500448439593635,4.255116507168735
A81PNSLO7YOPR,27,3.607574156029769,3.776088913368826
A81V8J0611L1K,23,2.6645762761242846,2.8465569112886926
A820ME75L11PJ,21,3.702075441061347,3.7157058177382973
A826BAXMAO8BD,20,3.7250659613409667,3.8891212317307526
A828KHAB46C9A,24,3.714962796641576,3.8874884622148893
A82G34PJ0HIXL,21,4.096337745880538,4.299495838918727
A82GVK7I6XIYF,32,4.552531497006977,4.619918625362845
A82LCZ9ANBIH8,24,4.0216594784872415,4.093994701880995
A82LIVYSX6WZ9,305,2.538400479176653,2.813679633392478
A82MLYSUUU3CF,31,3.368108189138065,3.5363278632102855
A82Q2SP65Y14X,26,3.9388586810904664,4.098971852915294
A82R4WKX62LEK,72,3.1132813390401797,3.647386212900952
A83WOMPJYOQMZ,18,4.485661343681491,4.57580727660387
A84DD22B3J676,22,3.8217198443459277,3.9432678628037627
A84K1A2NROW71,21,3.8969635427099214,4.085479236401419
A84SIUM0F6E8H,37,4.472216880434051,4.519736651361308
A84UFSF2SZS2W,115,2.8947516860845814,3.051738923626317
A84X5QH6IIGUL,37,4.630675119656421,4.693499861688501
A84Z6XUMGRMJ1,28,3.6758433767076713,4.063816526698658
A853IU3HPURU,32,4.041758963128092,4.289132832955238
A85NAYS8DV3TU,25,4.7421610720150476,4.778340507786528
A86R2KZIFHKLB,24,4.364159813051738,4.396395691598114
A86ZT9YP8BNGW,29,4.190251122022652,4.210713083914087
A870UYCJW24LO,19,3.9200468743232486,4.059198279247395
A891QJBUBFUZJ,35,3.3355562617292676,3.5907954183063757
A89ZMPWJTT2EX,40,4.8468198415284345,4.859818318253179
A8AB1T6Y5JWB0,21,4.792728666440602,4.814011804462401
A8AD6PLQ0PPQE,17,4.662049001541787,4.755935747231616
A8ARZZ7M9ZTEG,37,4.574740126837853,4.607953205788514
A8AULGIJFEXZ8,25,4.711878282350809,4.725309638511364
A8BHMZ9LNY62L,22,4.8156116635547015,4.887068145973042
A8BJW7MY98ADY,19,4.814948655236437,4.824250686268454
A8CE0427DNY16,27,4.872159674675162,4.873328957596702
A8CGWGJ9OM58J,17,4.626693659121653,4.724293258232283
A8D5I70RUUPXO,24,3.844582289470754,4.0677995510358045
A8DI0COTCMRDV,74,3.797876685849822,3.934012145344601
A8DU50XJLKLSR,26,3.7272347388397042,3.9105893900124893
A8E1J9IDU18V9,50,3.3328485135820394,3.448232618358108
A8E7JA7LIZW3A,25,3.707115053525182,3.885063507355788
A8E85RXZNUYZJ,18,4.996878081202717,4.996879324604674
A8EBWQZIDKF78,34,4.659243627352929,4.686342898586229
A8ES4RYGZEHUM,27,4.543994449978969,4.5867831670005765
A8ETGAHKZYLW4,18,4.796575783811206,4.821619207273355
A8F2AZWB20X1H,61,3.8085537797369025,3.9798006713769563
A8FPC5XDN24LE,25,4.908232135158615,4.91095124323021
A8G81DGQXNVAU,38,4.850366870476581,4.853957954990989
A8G9GETA2OLMZ,52,3.604517575816418,3.9600042350450892
A8GJLCECKQ2YX,21,4.9749684226822595,4.975006432007396
A8GLG48MAI3WO,20,4.462463946059104,4.491808985632071
A8GSG42HISSJF,73,3.7276504957769974,3.846931186235365
A8GZ9ZS2R20S4,28,4.735996852943089,4.770335095366643
A8IDC76RE6NF3,31,4.483950678080432,4.539018921061308
A8II8E1BL86IR,23,3.7959062768380387,4.085838916220659
A8JQE26ZSFVM9,18,4.13877078020677,4.235503649577143
A8KDNHIYJ9339,21,3.7964905355520115,3.9639214027302736
A8KMV0ZOV6MBY,19,4.141472347431819,4.331054203909972
A8KV7KFETKGT1,56,4.528443149663503,4.571767971550065
A8LFWTY1JPACA,18,4.027885451055251,4.129781689132915
A8LKIPGQV0UF4,14,3.744196685990446,3.9382685438988774
A8LL0UL6IQRZP,42,3.0732768177312795,3.562926972334831
A8LZ6DTLCIICF,30,4.470196981762366,4.557697110786513
A8M0UYU8ZFJ42,61,4.774093441834119,4.784270609248803
A8M4WE1MT4R4O,53,3.4907890145781915,3.7219493215581227
A8MTDH10SG5H4,20,4.971140560483287,4.971305381372039
A8N46ZNQ3BOY7,22,3.4518524500779906,3.7724447701803094
A8NHN9UPML858,31,4.502389476371311,4.659954372006126
A8NJ3ZICEMMX,23,3.725983178966238,3.997873131054888
A8NLH5CFID1SX,17,4.846680334189915,4.859199600566109
A8NO58E6KL2NW,19,4.570633510098636,4.59719344024291
A8NXBOWEJAZQH,22,4.9263709015165045,4.927293438918159
A8O1EEGOQSZED,21,3.2745727623560916,3.541838646501871
A8OFHS0RMIL6T,20,4.575357017411315,4.662502513579646
A8OM015SBLWA2,20,3.953141900253526,4.077086710879939
A8OYDQ9LKGI5W,23,4.5548698152002345,4.613380705954776
A8P076YJHIMBN,31,3.426720301901609,3.694877879336903
A8P0TJEDJKI9P,24,3.9305483999349122,4.0318686484470545
A8PL5OAS7IWKR,22,2.8335555638027987,3.0968813113923335
A8PN1RSF23WQX,77,2.350165846362927,2.4720147284672866
A8QA5210ZQY5X,16,3.6868871450071814,3.8565769269973895
A8RUHKCATNKV7,16,4.960443335798649,4.9607008808710535
A8S11VP9Z36D6,45,4.109437476317865,4.217306841098247
A8S6TF7RWEOKN,29,4.311537984532039,4.390474207683555
A8SCX6VUTE05H,31,2.8475821813439044,3.3713486015649794
A8SPPHKETDZ41,20,3.2973864343231027,3.5909212959213384
A8SS5YFQICR9W,32,4.6870937287119245,4.712098499912152
A8T21IR0E5JJI,34,2.9298995778787873,3.3367522308607267
A8T93X5EEIFL,18,4.579958923378917,4.628952633783281
A8TFMX8D0EVS8,53,4.182865483645785,4.3297863014531455
A8V4KMU6BXKG,24,3.735111970966892,3.835195126808863
A8V74RZY8TIRJ,31,4.766680583331376,4.785807291706519
A8VD3I175SMPW,19,4.57898956966845,4.678257414526593
A8VI7KMUHI7ZH,28,4.455704628902944,4.545883209430062
A8VZ1VLL0NNQ6,50,4.4948678661500665,4.546900760691178
A8WQIVDZFG6WM,28,4.91324648941827,4.914371043596564
A8WX4V298I123,21,4.80712931408331,4.882057841921542
A8WYFLTS9R94R,32,3.975924948736524,4.13727378094877
A8WZ4YFQB77HC,35,3.8616039773808213,3.932282706095251
A8X8D4BUY5DFU,67,4.432907693329917,4.467669987092663
A8XDCQUCNVCZ9,36,4.795601135504937,4.83484734127198
A8XLMJEXQMV6E,21,3.8802993363842626,4.06090220187369
A8XV87AGWBWTQ,19,2.5656506646666664,2.898601976164102
A8Y5B4E1LG4G1,68,2.9856253056477415,3.0986411164903074
A8Y5NVL1JGJD2,99,4.447921559083087,4.48124887891766
A8YDXMFXJ4R6X,35,4.041995069302176,4.268778770524561
A8YKW3TCCNXZV,38,4.179383696860194,4.229581920523652
A8YQQS4PUIKQG,32,1.9726238942909922,2.627655670196824
A8ZP6CFIPWUYN,23,4.266710908882482,4.464367914402266
A90V9YZLFCK55,17,4.253993504451948,4.343443083163758
A911Q5PGTU5WE,22,4.448453054726838,4.6060927789963175
A913X3CZ55YAA,33,2.2451944720773334,2.874976330506523
A91ALRTTEOPMQ,30,4.966473079615707,4.967033475159549
A91BK8S5QH98K,51,4.1988417287996045,4.416623773432175
A91LE0MPYE8GJ,37,4.6999767020451175,4.709511858049625
A91OF9HPH3GDA,29,4.663014256880167,4.698622142082178
A922YN44TFAYV,21,4.949892123239708,4.9544817951364974
A928WN8NV03WZ,33,3.6951367077580937,3.856893339133495
A92QRB0H76H6A,22,3.098575357865467,3.327015510814191
A93VTYOYZEBJJ,18,4.472418248737096,4.524642471765157
A944UW68HGUY5,23,3.7676939453701808,3.8733923186384445
A94QJ3Z8G7936,58,4.286226684505709,4.363257157738898
A94Z0RZNQHAWS,38,4.287337691890204,4.337797740570718
A95KGQNI25IDN,69,3.823902197444746,3.859429686168982
A95NDPDWJV4NS,66,3.8375557657753303,4.011327569468132
A95SF04RX9G8,20,4.0185351778950515,4.111304450611196
A95U60PRQLMAN,16,4.967267910773722,4.967305793119404
A95Z1PU88SCX6,35,4.175110935171078,4.386208235897609
A96AUNSF6GESO,30,3.712260820476464,4.00740240087308
A96IDJQI36D69,22,4.335848398855469,4.450213866003984
A96JD9312DHWC,99,4.277215662554637,4.357161438165906
A96K1ZGW56S2I,370,3.183424656379932,3.365389968551093
A96TVYCTIM44J,22,4.548198602696243,4.603431960266046
A971AEJ4T7QMU,85,3.476064485180334,3.6702057336430944
A97FZZGV5XV3B,26,4.672441467559851,4.707637918219615
A97Q71MM5N4NW,19,4.780037701890011,4.790202870906217
A97TPJ9G1R72I,23,3.968245032817918,4.110625510063282
A97TX67TNHVZP,23,4.711059075392249,4.7348907165394145
A98M1UJWF8D92,57,3.3462363742283023,3.499969129065797
A98NK8N0GKFM2,56,3.642078765724152,3.8107349611944543
A98R40JVMHHMO,49,3.9679303450981993,4.246718639221733
A9998RE3AEA95,25,3.0479223807284024,3.2767598867476333
A9BD7JH7VJS5A,44,4.420341884454925,4.566244030312682
A9BDHABRA825H,24,3.0123924159350572,3.381970760555285
A9BJUYI09FUK9,17,4.993154351244113,4.993157335080093
A9BN9L8T4JS59,56,2.6462315623650574,2.902051732105493
A9C7RR8LR2W28,18,4.119041110580742,4.357531282473955
A9C939QUV83R3,23,3.9199343192797977,4.085818685985733
A9CZCNHUBMOKU,21,4.588999287418491,4.665602580578014
A9DGZEZOARNKY,30,4.895198941580768,4.8960828707165645
A9DIYBDBJDOJ,46,4.328434073676402,4.414355894762629
A9ETYHQDJLAHZ,19,4.45394090646174,4.562425823904187
A9FFO06F9Y299,21,4.89600766366997,4.901711861487524
A9FGRGLBRBXZE,22,4.9865746328244,4.986628148020603
A9FXMNZ20582W,42,3.7891336560587128,3.9165063969191327
A9GB5A8F5DAUH,36,4.814725630009955,4.826860347625679
A9GFQR1VQSTI7,41,4.700963634499856,4.733532779514349
A9H30CWSBMG9S,20,2.2548644759846193,2.793748205887618
A9HE3UFLNKX06,18,4.972956493477097,4.97301473848893
A9HNFACRZ88HA,19,3.089598890310442,3.391500933142327
A9I40WFF40R4,88,4.3563427660485825,4.412326327452916
A9IP685WQXGQ2,19,4.757109031685182,4.7669715610410925
A9J7798EZ7F8C,19,4.968981692702564,4.969111062001018
A9K1LXU2E0IHI,23,4.893414891629331,4.894807412316294
A9KAY47NCPQS,20,4.331434987601268,4.5067754183194255
A9L6L5H9BPEBO,50,3.7404027724859135,3.8976571111126947
A9LAPV8XNKZVZ,237,2.571453736584383,2.7632188453847135
A9LD90OZASZ0N,50,4.725789809409308,4.754003314964747
A9LNWA25IM2DX,29,3.584758222910052,3.7254081558566092
A9LUIFL4LXQNN,22,3.890582632711507,4.155304828381891
A9LX66EQWDRQ5,47,3.612633137465899,3.738113660524181
A9M20E74TACNZ,18,3.4845763914595134,3.6280445198609406
A9M9B3AF4MHM,20,3.4919020836270795,3.7313528132454943
A9MC77LM6IHLL,34,3.700170848078775,3.8291394646971373
A9N0IJ7IMC6SM,28,4.978287789764812,4.978322626025591
A9N2AJTO3Y272,26,3.887799892326986,4.149529035068769
A9N2BGGBAH8Q3,29,4.771204496733299,4.779250074180031
A9NCQGVV5W8N0,49,3.2748190893336098,3.609310283060768
A9NLS0O46SMTM,18,4.704300967699698,4.725134412417813
A9O7NZXIV0UJ5,19,4.881555915219778,4.89110214681789
A9ONCPQ96X346,38,3.3597921448891275,3.6623733616016665
A9PRJA8LIZL9S,56,2.848101117530961,2.9642302894168155
A9PST6E8G426R,19,4.105600380707977,4.2527896033940005
A9PW5SK3GQPA4,44,4.700685645508634,4.750304863951897
A9Q28YTLYREO7,286,2.9177225239174502,3.2853108598125527
A9QITT84KB8RV,21,4.830381062596338,4.834580242272197
A9RHP3LWHMD9F,21,3.947848282397202,4.177527645484266
A9RNMO9MUSMTJ,174,3.1640137905251096,3.2657818824901446
A9S7CVMXC725E,21,3.695157445563834,3.821032165837975
A9SII56CBCF99,25,4.623772431804446,4.669481237653889
A9SUM8XSSVPA1,19,3.9548256624723113,4.1051412115973065
A9TG2NFA614S9,101,3.922478814536076,4.028462908333038
A9TMCP7KS0U6P,30,4.840507895363218,4.8432244121088255
A9TQETN5DFK8X,21,4.018808089787756,4.138155014094327
A9TVKEWO5SLLO,22,4.750879127045305,4.757754424421802
A9U5CELFTZ4U8,23,3.28287792438527,3.4706645432486227
A9U998O8T54AY,31,4.917554922953878,4.930150619408831
A9UE8FE2SW51B,19,4.249217375276622,4.41713011648328
A9UH6I9GVQZU2,18,4.355946055786287,4.410935144781094
A9V8Z0OL8I16P,26,4.680261999107826,4.708965150916937
A9VGWFG3EJ8P2,33,4.493994314588928,4.579836112913734
A9VRXIMYA721W,18,4.829483743999937,4.830910153842601
A9W3P0VQT2IWE,24,4.494459216129472,4.549119248568792
A9WAKVZXYQ7D4,19,3.2872550416454103,3.502113241851193
A9WB5O25YGEHR,62,3.607947765614335,3.7586219408800483
A9WFV9DEWY4S0,52,3.9251428240642534,4.169551706188271
A9WHP5C59EMZZ,40,4.464621973117311,4.528956003738927
A9X92JN6E8B5C,30,4.724210060538225,4.7825862921453055
A9XLHC0SVF4YB,20,3.1826474724635907,3.2641345078245463
A9XXFVYDNTOPW,21,3.0735601687807432,3.280792835033107
A9Y41GQYE8Y4U,43,4.790544940658421,4.825724350636923
A9YA983MXKCEL,39,2.992160364685775,3.342701230944621
A9YFAQX37TFJ,21,4.746363262460103,4.824416743605019
A9YM4LZD51EX8,19,4.891780855496354,4.894058411346272
A9YUKHCH7K55C,33,3.9146247483976992,4.040379476325455
A9ZFNLMFF1U8M,38,3.6902855768458522,3.8550785277287383
A9ZT45HWV8N9D,149,4.070589914882771,4.151096025583063
A9ZWKIQ8Z074V,42,4.056124935369622,4.212627597180953
AA0YPCLUF78B4,18,4.152644733639187,4.27628144710444
AA0YVBMD1F9US,19,3.9745481861922856,4.2291239632034685
AA1JL2IMV66JV,26,4.51864052294625,4.662605190829244
AA28P572CT9Y3,21,2.157271980125266,2.5035411311899742
AA3EC3LKOBD80,22,4.493954866723457,4.526586623666566
AA3ORMFSVHSH0,21,4.54443435219208,4.690602040801637
AA3P8989ZLYP7,19,4.8622049850953015,4.8720559098452965
AA3Q5TMI1J0XU,35,3.022284908020827,3.3570358288457025
AA4GC72H2UZQ4,26,4.627825185837081,4.708348048954328
AA5HLEE8ND8TJ,22,4.805245015697698,4.82982143389139
AA5XZVANDXGJE,24,4.131216527750272,4.201012440988554
AA68BSG4MNKA6,24,4.404179378265346,4.440185114074095
AA6HH4CDWE22H,27,4.854220172311587,4.855121447275634
AA6J8FI0QKZC2,26,4.3148966273005405,4.525756460171989
AA6KE4ZQVBVSP,20,4.970761777424979,4.970856361231355
AA70OZ6NZU6SS,23,4.197775737925496,4.29233728576413
AA7IBJR18CFA4,28,3.8984708437972744,4.114137766392386
AA7JZ6KTMAR81,83,3.654839888707025,3.6717703327672626
AA7KS64MHSYO7,22,4.98148117967407,4.981533917937289
AA7N7Z4QH4FFL,18,4.273040719052766,4.296739403146307
AA7QWQOV6GL3B,22,3.979976826224028,4.093993965335605
AA7UD8IR96TSK,30,4.505760411056413,4.576117886542362
AA7W0CFRXF46L,22,4.3636425765395295,4.478625819312277
AA9F7L0MLJOEJ,16,4.5438537913352555,4.583890526514893
AA9GCA1SINOVS,17,4.133319098529682,4.219659562820819
AA9GGQTQPA0EZ,23,3.6580405316469573,3.8839812445175874
AAA1AB2WCC8TU,16,3.740628675801117,3.8223764883347267
AAA9VK0SBM22D,39,4.257811299088759,4.302929780309902
AAAFQCBE25S4X,20,4.715081171021099,4.7444661579878575
AAAG5DRUSR5ZF,17,2.7685417656261357,3.2830392562276596
AAAN1AJDWWK5A,13,4.994845290050282,4.994850626543932
AAB2UG7X51G0D,47,4.901309545888617,4.902013333443211
AABLAF3HL60DG,14,4.957210485541915,4.958014772718196
AABR7S20GQJ1U,25,3.836052330340282,4.116658085244106
AAC1G5QQYXTCT,122,3.7534408925364633,3.913256107023283
AACB5IH0RFJ9L,15,4.82172250297889,4.832988788900278
AACEZE2YPTJ5D,21,4.464715863962712,4.524108085021383
AACG64XLTN3KW,26,3.978492418080287,4.089471903218291
AACJUD2Y4DXWV,174,3.1759309475606887,3.473442691762062
AAD4JSCYZLMXZ,49,4.581420100897105,4.659866715642114
AAD9PJLHYQXHB,40,4.068989227825216,4.2067806440119915
AAE2BEDX24LQF,24,4.6533187310106205,4.66641866529422
AAEP8YFERQ8FC,66,3.8781535534137306,3.992155787123609
AAETQ2C544B66,16,4.425871516782426,4.47969154712255
AAFHJXWYSQX9X,21,4.536906319093586,4.567622009004072
AAGFBE5EM7YKB,19,3.2223758803475078,3.645277298626336
AAHNKVLKPEDDN,27,3.819524958223894,4.12564952836493
AAHTDQWF52Y7Y,26,4.637958314858553,4.662148320361691
AAI57M3OXP5NK,42,3.4559292705184768,3.647108683877469
AAIL33CYCT47J,19,4.355160373946258,4.459377346122614
AAJ2V98EQ4OR2,42,2.917320631716308,3.1939331094567276
AAJ5O017AYY2H,21,4.642644974302816,4.675313421211646
AAJ71WM4UQ11D,33,4.124823323397798,4.191368054750615
AAJ84EHIUBD99,29,3.4186570199330224,3.647773839133226
AAJXUXOBWS97B,16,4.181748664316503,4.259289552370129
AAKGTWGAFT1LQ,35,4.283301695204285,4.349512094110342
AAMNKQCRLACQN,29,3.811309403614093,3.9891457734463125
AAMOBOUQGEN6P,18,4.365895005459837,4.4856551215156175
AANA3LFFQU2WT,19,4.870594641907531,4.89112318275268
AANCPGZ2TA1PY,21,3.510785310159586,3.585585823228893
AAO3HB5GFT0IN,28,4.9862571323678955,4.986423402199972
AAOF195P95ZVC,31,3.284594646255745,3.4415040611037897
AAPA4KQWA7UXN,19,4.100352143425631,4.310208529248706
AAPAAN2ONO5UP,45,3.788734413972715,4.01838047865202
AAPCSYSZS18K7,20,3.33522145013998,3.556223665415161
AAPH4FS58HRL5,18,4.932357612355063,4.932786400023773
AAPSO8ZKYF427,21,4.549025286424909,4.574229790781233
AAPT0IT4F8ABH,52,4.381660004707355,4.455688704064364
AAQ5FKF9NYBL8,18,4.290802141140812,4.376647584203402
AAQ9CPQNDWIW,27,4.606993442011899,4.648481387029211
AAQIG0BNFE82L,20,3.8824573865485084,4.057448351013513
AAQQAYJKABTND,21,4.114286236800412,4.259573130197302
AARHFHP17QFNG,27,3.5169941485611567,3.6122774251591077
AATGQ3OAC6XOA,20,2.868002302808175,3.319938987066185
AATKF0HDBQL86,32,4.178291117179782,4.329552661923344
AATQ36MSUJZA5,28,4.694662496236988,4.712497643897242
AATS9Q7VJ4PFI,41,3.6025416444232445,3.7900367036073117
AAU24UCCQ27YJ,22,3.798747414995922,4.093517702550278
AAU7CAQIN5BAE,48,2.263844462139222,2.6667607066371244
AAUAOPPH3PBB2,59,4.182913487370656,4.417704123875235
AAUGPZOROHKLE,20,4.587200748363755,4.606326025956368
AAUYE66NH2N21,19,4.1600954085649775,4.282802195239848
AAV3HU72C3R3G,30,3.7111100831007304,3.9312719563785423
AAV4CCV3UURET,17,4.639431882698535,4.734459375404089
AAVLB0GGEKRCO,21,3.3712073816840045,3.6482265070468465
AAVVTDZULOATF,21,3.318071774724491,3.4022768038177467
AAW58LG72PG7I,51,3.694836121187759,3.7908765363078785
AAWB63FM59MCX,29,4.7179546554654905,4.754957398906027
AAWPYN60P23ID,34,4.293484321932898,4.476137986736064
AAWUC8S00IXJF,18,4.552219173441492,4.580036255972243
AAXDQ45SRDKUJ,72,4.826060573934257,4.844009529592486
AAXJ6T5LLQ0Y4,20,4.0572746344830275,4.164341434536499
AAXSLYWSUXQ3L,23,4.850261811688697,4.86950691411477
AAY1YLTKK4JC7,16,3.7015969996003504,3.855293283796368
AAY64O191S6ZL,46,4.118437338751838,4.207865566139998
AAYE34TCTNV2R,54,3.5277630397281343,3.702291547056607
AAYW1H4SMNOI,18,4.80108365023867,4.81096982841149
AAZBSLWI4GVV6,20,4.476898826315852,4.52864809541274
AAZRWLML88IZK,104,2.178824493995777,2.633133750970373
AB06EIGYWY1CX,26,4.21935591028132,4.257547724705619
AB094YABX21WQ,40,4.6125622437045255,4.677814252970082
AB0GGIQBNB36Q,51,3.4822557704077477,3.864644668134654
AB0J19NZ2SD70,22,4.966600667774255,4.966705653465797
AB0W9GTNGHSI3,64,3.4547003685162525,3.7091875888405563
AB1CKA6B849SP,41,4.033824219932912,4.226993242302388
AB1GI9IJN22X0,19,3.9858816294916948,4.325367882728732
AB1GXBDULF6Z,42,4.040557299341701,4.163878791308374
AB1UMC7SB9D7Z,57,3.786489694933937,3.8926971838515265
AB2AEK2TAYMQ7,24,4.019180545478054,4.2316263625946045
AB32HWB5OV6FT,21,4.97121176883501,4.971697326928593
AB34G6VKP28L,57,3.5292937137100084,3.6416274585708246
AB3I74FIW58XI,44,4.1022611411499215,4.2096100966526935
AB3OI5A03FBNE,40,4.1867853431854485,4.272346941074017
AB3WVEFM1E83,15,4.7919035372642895,4.795191217725481
AB4ELQX285UKL,41,4.46585033048105,4.596381050587134
AB4F6UHL20U95,20,4.967545845836901,4.9677003660831
AB4VB5AX58XXX,27,3.0303399631599923,3.225026730379899
AB5DVSNPX1JSK,17,3.5124507283607396,3.6842369395388412
AB5M1SO1RUMP8,98,2.565175818128127,2.833455659478399
AB5XEDIB4TFTS,20,4.131553961381223,4.315294934322385
AB6AU0BL4XDDI,41,4.8173937448740025,4.833117765029434
AB6HEXPVLXFSO,18,3.051865152219932,3.301516740947468
AB6QZWTQR54XU,97,4.010049204659559,4.16393299730543
AB6TIXAB6ZI7V,21,3.837523235949281,3.9131387929151815
AB7Z2QB30DPZX,17,3.754926380002169,3.8407318340476144
AB82TJ90A0O6Z,26,2.9571163228041595,3.4002058717252925
AB843S7PQ2KGQ,21,4.113223897898344,4.264803656344327
AB8GR4KH1WHPV,20,4.917872427335236,4.923361590199211
AB8S0KCQ4K2IU,24,3.958834140468998,4.05944742478467
AB96QI371US2H,20,4.126857503723727,4.235887706035013
AB9GDE3UDPH8A,19,4.868479777190395,4.869843338633946
AB9Q52OYE7E6N,31,2.9471171703735792,3.1743502806868915
AB9QXH5URDLER,34,3.7338221041458772,3.8171373808137297
AB9V4WTFTKRBC,20,3.716529006958261,3.9542138721726543
AB9Y3IRP9IHHX,23,4.0867269967199045,4.341911890242236
ABADI6H29R7KI,21,4.968700938691093,4.9689384957635525
ABASFI8861NYP,32,3.5567131273362973,3.8636371749918377
ABATJDOGPAVZI,31,4.204727078821948,4.249979027010486
ABAZWQ2BERIOT,19,4.682223810694804,4.7683733676904865
ABBAM25Q7HAVS,22,4.44161549462943,4.527867879266615
ABBYRILOMF5YN,24,4.776041843382301,4.801124423918814
ABBZA0BCHKZ2A,19,4.3287159577466525,4.40796382765328
ABC8FXLD7W528,24,4.9106919647875875,4.918489543225659
ABCPOCM2C65RM,20,4.70035086192272,4.763202263445151
ABCQUA65LGRKK,26,3.891211061303942,3.9760185872311666
ABD5XRVB041P8,25,4.701163606069818,4.72144354183757
ABDDZ6L6PO4IL,15,3.74635097313777,4.116257105386956
ABDNESGC1RORB,19,2.7634638503040647,2.9242405708077226
ABDXLYCU9R9J3,29,3.4425411830531183,3.6132299091630253
ABE14SVILZLNY,18,4.207441455763589,4.291400417449
ABEBU2XGPAMPS,28,4.08552153938649,4.255040250353088
ABEDG9YW8TCQA,21,4.865895509816143,4.876493647771598
ABEEBPEUAWSW6,42,3.164554720725952,3.3275509260197285
ABFGWBUZU0EKB,34,4.315034419568909,4.495536282887632
ABFJYHVD8RHLE,26,4.332679359606852,4.475820150218215
ABFOAYZA2UHD3,17,4.046925477766962,4.21733089249332
ABFW2X0CMQM24,21,4.79397543503332,4.79747053358834
ABGBOKXL6HRND,18,4.598614259332617,4.64982011152788
ABGD74APABNNH,38,3.9172836180316457,4.1170224297354645
ABGI1RV8A3ZRO,39,3.888483834036699,4.19825934266013
ABGJDCOIBQPDO,21,2.6463256374461017,3.0044577681417817
ABGP4N5RGOHAT,44,4.370297710123815,4.451973539689106
ABH4G7TVI6G2T,221,4.056719855110958,4.090463252135214
ABHW7QYH90ECT,153,4.0918756504650915,4.263191043924473
ABI7M9PHNDEOC,22,3.8985484750815047,4.002798195712494
ABINE9ZWBIGE2,37,4.83739496170069,4.849294115662597
ABITPLKOSQOMO,16,4.975951761168096,4.9760032485805965
ABJLL66NMY9ZG,49,4.604886264420007,4.669024989584592
ABKIRW9PVVCAQ,16,3.863728653060289,4.020092641445661
ABL0OVV8CVLMD,18,3.2962470704858395,3.4505205814478126
ABL1VF8M3JLWZ,19,4.869624251684449,4.874522008081535
ABLBRUT8DALNN,364,2.809233095790824,3.026748597971239
ABLOGBBBPP5MA,20,1.5890064170942826,1.9907364209391798
ABLOQZIL42W7I,53,3.8125002081883363,4.038150004017213
ABMQTSJL33EDH,40,3.6194777745945528,3.8614030259691794
ABN5K7K1TM1QA,175,3.661560305959125,3.7423572992525447
ABN9M6RE256QX,26,4.952686028284443,4.952926995944427
ABNDH8IDHZYO4,32,4.569138889715408,4.607014865394214
ABNPNMB2U63O0,21,3.8747818766776922,3.908964158949154
ABO2ZI2Y5DQ9T,1027,1.8231658237700572,2.0641062379155213
ABO5QNKTIZNN5,25,4.722930198536762,4.750476728780925
ABOMP50RTUGNX,20,3.864718827239141,3.976666818490475
ABORF7EUQZFPT,29,4.2331376366533355,4.3581533619436215
ABP2OUQB7CYR3,17,4.73413066986052,4.740697835267374
ABP69F7LFTI1R,24,3.7776860367412923,3.91733551009847
ABPTXUR9T2H6O,37,4.802142219618967,4.822208901471342
ABQAS01EZO10R,16,4.120540887781798,4.267598368189579
ABQBXH395AM83,17,4.38827180703583,4.45639467775971
ABQUJ3Z6EP5GN,143,3.477100103055414,3.593117758057157
ABQWMANK4AR63,23,4.452584766326868,4.536352579041315
ABR2TEULX7SL8,19,4.752917772324817,4.75690032116457
ABRKIJ6D4V42O,22,4.1731343499158875,4.233790915642103
ABROSPBV5Z0AV,17,4.423495542954613,4.552966637015377
ABRRATI739GFO,30,4.387646529811422,4.4250400531816085
ABS2A1OWX5Q8,30,4.073798517669982,4.241192050358035
ABS6VJX1KCAW4,29,4.380731787999355,4.4564770021084135
ABSRY4XH40D34,20,4.37617717200261,4.4496822740363875
ABSX5TGEGRH76,100,3.8364221516874046,3.9713304470618884
ABTKLCZQ5I1QX,37,4.539119882097409,4.629063589036143
ABTVQ2R4U7HG7,33,2.241289108659403,2.589469686950257
ABTZVIK6E5104,19,4.301556347920711,4.437602400850482
ABU4LUKJU2QOY,70,3.9217212533960613,4.119414235840542
ABUO6RM3FK842,17,3.2555885731689265,3.5267348513043824
ABUPJ0WEFPOYR,30,3.2121223013019584,3.4991341708706303
ABURBAEJ21T52,18,4.038722708800348,4.229255355174659
ABUZT5MJQZZP3,50,3.9612556387664255,4.216945103835833
ABV2IHYQBC7FD,25,3.274680552005975,3.726335221967889
ABVC2GMDZ6FOI,64,4.229347705294232,4.302097826231876
ABVMMGV446AKC,18,4.053779406915657,4.128160820805254
ABVQ4VI0UHIK2,119,3.5959129685019833,3.9343418080323485
ABVYGB2TKBO8F,34,3.7489296548876987,3.934329537582646
ABWE6WCGGQ46A,25,3.8159982538905375,4.072636986940927
ABWHLZFEM5SZY,44,3.727102171912706,3.873048997930344
ABWTM7CZLTPXV,40,4.837237776818977,4.876566583513757
ABWW952CMMITW,19,2.9795635395467075,3.1315658138896447
ABWZI3TXLIS4O,32,3.3482550876517143,3.583131668934985
ABX7XD8RVPWUO,17,4.173430825148063,4.369004964307188
ABXORSEQ40D0T,24,4.4722548916526375,4.582687255545194
ABY1ITLUNAWU2,23,4.24406099627778,4.343352365355378
ABY7R8UWVE91G,17,4.525551339725531,4.642777860490162
ABZCF02PK7DRA,20,3.941760427642335,4.0478892958257155
AC06F0LPHI1TW,32,3.659032949539886,3.844731775759181
AC0HPFQVBZVGY,41,4.765955226525121,4.7805166458901045
AC16NVPW23KGG,29,4.322574604652629,4.470863984756148
AC1K4OQOZ90RS,59,3.9157157305666996,3.985397148667743
AC1U7PPQJKA9D,40,4.215072079240178,4.2701659809617745
AC1UOIA4ERNS4,60,4.298459504551027,4.447831775287857
AC2UWL76NGUDD,40,3.329467999807425,3.74597919478387
AC2X7PFJ36QCM,18,4.0565667771826766,4.202685236210231
AC32305TO79HL,32,3.4116643485145164,3.554317680115241
AC3STF8DSRUPE,36,4.929191968454619,4.934447926444744
AC4040HT0ZCOQ,28,4.612205159612679,4.637550348490696
AC47HWNXWWNTI,19,4.563313591410646,4.652477794126248
AC4XV78EJG1QB,17,3.033457384771134,3.5060253257123346
AC55O7UXZ200W,191,3.6269286470124182,3.776990749821235
AC5OIB26P6LK2,91,3.895531354254214,3.986422244224678
AC5OU76YOTP4F,23,3.492487537362476,3.6132083436701947
AC656K7PC6P4W,23,3.069007148130371,3.398971207752617
AC6BPXXQSRSOL,23,4.959321481069405,4.959481533048108
AC8J9720ALDAT,53,4.308786888011933,4.3962127700324025
AC93F50L9T19N,32,4.631888873564632,4.661374534236869
AC95L79HY5MDF,54,4.322021558074893,4.350978124329701
AC9B7AFGCYDNK,26,4.3465219345252635,4.3925178299756364
AC9PKISLJ6WHB,19,4.489416372008945,4.619321617123542
AC9RN6DJ953QY,33,4.1876180516073145,4.223182647588494
ACAO2J1XCS4FL,21,3.421735277752294,3.657027149584134
ACAYM33O3NL3B,21,4.346673611800562,4.46390665542363
ACB8IQNV0LI3Q,29,4.697901315316368,4.809483607248509
ACBI3EFZ3S1K8,24,3.5326478884343158,3.905868139389495
ACBKO921PADWC,34,4.993362205223147,4.993364518171043
ACBMCM7S32FZX,39,2.9330499954795206,3.262600423800576
ACBTOEVL2CTAQ,51,4.227911782504705,4.285739811043059
ACBXWNU4CMHGL,19,4.449266585754731,4.625184883651839
ACC9POYKE0CRQ,21,4.191813922395787,4.310513925406585
ACCKS641IHEXZ,25,4.080172144310825,4.322877178257105
ACCSZ928M4MWW,20,3.888090155370152,3.9250259577845203
ACCZJHQKB7S9A,31,3.9829926476785187,4.108622696421322
ACDJL2NYQL0GT,20,3.8397974934482972,4.082400329454792
ACDNX5VOK1VGS,31,2.791488887479087,2.9032676207441943
ACE4OEUTNYP1M,15,4.590623885143036,4.716587195069327
ACEA95FQS1AVP,44,3.9434200245804205,4.0698903925612875
ACEE1Y6QT5QGW,21,3.168758487547376,3.5170896169025756
ACEEW8R0TDUWW,23,3.784091661067635,3.931636262351605
ACEOSDTGXZ7LR,21,3.976192336164597,4.13863334017887
ACETKTZWVRPHV,34,3.805616079520747,3.8996950236959576
ACEWX1FA6IOHM,21,3.853091574313773,4.127108510082152
ACF4XY6ZC3S2M,18,3.11293776466497,3.423720079427286
ACFKYPSBPKF3W,18,4.306598015907711,4.344124904378098
ACGZJB74QLDMA,99,4.498452732498482,4.601178857336704
ACH055GTTIGC9,26,4.043548332601379,4.1761665151972345
ACHTJT49MY6O9,19,4.455415990446811,4.484720162830823
ACI1M6Y8VEXMQ,20,4.672465277874283,4.718915540374629
ACI6PES94KAM6,25,3.7890659527606023,3.9346907157596496
ACIBQ6BQ6AWEV,235,3.511143864548672,3.62259778547119
ACJ7U0ALY14N1,23,4.062334188096597,4.1878662926164845
ACJCVEI3ZRKLS,37,4.091254875575589,4.190635479472911
ACJEMLL024MZM,22,4.702175762975624,4.752703239353655
ACJI9OBN1EZ03,21,4.519344936533511,4.616874491929546
ACJTUFZEUCCBL,41,3.8320309961350287,4.029093066592631
ACJVGDN8G386P,136,3.8856853743987547,4.017122192039709
ACK9Q4NLXTKS8,51,3.930742985307055,4.056643165199217
ACKDSX71VI5HY,46,4.402943792982149,4.472510920656495
ACL34V7IL9SQH,37,4.539815851150401,4.627175525673998
ACLNARTC3NVJC,19,2.9263720690617627,3.4042613629659657
ACM90BRKX73OG,24,3.473613425100442,3.62302995543255
ACMAUJEBY6GJF,70,3.001175461980765,3.305087963078278
ACMESPAHTA9UT,16,3.084263210022923,3.343598848351033
ACMFU7RUEFKIX,49,2.5950973951384753,2.8700152430203256
ACMOLKXVKQ06Z,34,3.6727253759573704,3.9140162266414076
ACNEQQM3EWISU,31,3.670657494589933,3.790137444872629
ACNH9SR5VW3O4,38,3.690045430965914,3.9477221142305803
ACNTD3LADI0OQ,18,4.656004917687259,4.677017398730344
ACO20QL72D1E6,73,4.366515017484206,4.410666704293532
ACOO1NZKALM44,43,4.094123475418345,4.267679346255786
ACOP5RUI1POF4,30,4.484844011911451,4.556706970627808
ACOPMVTZGQB0E,22,4.555957316242301,4.650239596355833
ACOQ68WF9TFSA,30,4.041954529806368,4.055621025432406
ACP4PO8I4YLB4,23,4.922607858213055,4.92311481952152
ACPI5VDVZ05M3,21,4.524575827734654,4.670689956492162
ACPV29SBTSTBS,20,4.694861680491116,4.715277596932404
ACQQPN21HI4OP,18,4.659800152842437,4.673288378162732
ACQT14ZN20YQY,30,4.3226125692769095,4.3332445246164495
ACR4PJCEL2UMD,32,4.088936754130542,4.201819690046398
ACRIUHXH5F6V8,20,4.852303144790042,4.859677256860686
ACRURWIIK5TX1,35,4.056513028028112,4.245963236858398
ACRVV2QJ3OU9F,21,4.228089335329702,4.271798508370634
ACSIX6TRQYU6I,20,4.458689278572545,4.529124858259692
ACSMP209L1GT3,27,4.4235040798212815,4.450404063599801
ACSTXBT4ZZL84,18,4.87158958351417,4.892833103197147
ACT1EPHFS9E7V,48,4.296633457998927,4.404195187030737
ACTEAPEPGDV8G,69,3.857356951427661,4.135445241081465
ACTVXNBEPLW2S,18,4.318589530545078,4.443619031113168
ACU22OOTCPJDF,29,4.416765754753335,4.451242435717436
ACUL2NEZAYUNG,20,3.85719967692273,4.106841090616924
ACUTSSGA9RG8,21,4.059455001599803,4.128490103743056
ACUUA90VVOCAS,18,4.04421802044472,4.209674666061123
ACVFTS9X2MKJ8,142,3.1968844644849628,3.454648500717141
ACVNA57PI4DLV,31,3.827470778657979,4.036838044687838
ACW6JGQNXORRN,26,4.349518455201077,4.446756538146608
ACWCPKCEUQUS0,22,4.142345159415883,4.257134823391619
ACWI476GB6NT3,26,4.170038625067712,4.428527128614262
ACWNOIUIARKUE,20,4.862159598843004,4.864055733751363
ACWV7LVTO8MZ9,41,4.634928755083284,4.700784288957016
ACXC4XHOC7FF6,19,4.766297315439026,4.848454410187852
ACXO4D0SKQ1J6,25,3.8212029593400514,4.1104983112093985
ACXUNPUQKAPQX,30,3.8608441590679514,4.085749618983224
ACY9QYNDFLVBI,36,3.4897328623266386,3.720149693976278
ACYCXQQAPNEAD,23,4.274748998143346,4.390315207337898
ACYE8A0ULH8EX,28,3.987578310314768,4.038375272755182
ACYQM89M6C9NO,32,4.324158941280352,4.414778890253434
ACZ9DOXNXGMJP,23,4.00333775391407,4.1571010009823315
ACZA9VXF7M84,18,2.9990762816803485,3.21353913037379
ACZM4BESS9U0C,25,4.037133638407572,4.120603867950395
ACZQD32A17GYA,30,3.748455469263368,3.8786372846210924
AD0J5KK4WQXNS,180,3.3814073666879034,3.6870822169074606
AD0PJCYBU92LL,47,4.4843070079852945,4.530376362431309
AD25UEK7DNTQJ,19,4.854353265923893,4.875161405657988
AD2BIAIH78QI5,122,3.4932696314359486,3.6550814308626167
AD2DDHLD6FRFM,23,4.05384691801283,4.1764845235242865
AD2FJHFQ8EIG5,30,2.760004076178627,3.3522842619111364
AD2T18PGVUCPN,23,4.19915765808914,4.492868478706788
AD2Y4TX27XSUM,30,4.301484221609507,4.4414152583403395
AD342OQX4EFN7,38,4.217747845618521,4.298640524543809
AD38IB5NODZX1,25,3.875155243434967,4.151654509379697
AD39QGHGWAOPQ,47,4.417474300960765,4.468925818437748
AD3VJNKDVFDYG,30,4.420888793919553,4.489885245383016
AD50CYPEWH6NN,35,4.705955925348314,4.739687838507549
AD51P5ZG3D4H8,24,3.676663452625766,3.9369853967074513
AD5JI9UN98JPH,73,4.888436248639549,4.889591914010757
AD5TMJ31A1T3S,18,3.8191331829412696,3.8662337829447204
AD605PSY8L3LC,22,4.75599764470213,4.783576471429499
AD60ZBAO4M2UO,21,4.814277640106556,4.822820397649422
AD6E1LY97KGC2,23,3.855431048551085,3.964302901352395
AD6TAXGA0NZ57,42,3.965933262623702,4.167310607211322
AD715R3H0H7GJ,110,2.836914004845979,3.376495014870774
AD71YN0O07VQC,56,4.162513006519555,4.259874513507206
AD7C27RP0ZKHY,20,2.7848870963091636,3.1495142002639693
AD80IM5IQGWUI,19,4.6378340355778604,4.671286698696866
AD81H63G30R01,65,4.341244226542727,4.482652739330666
AD82KTVHTQ0E2,26,4.414525133819766,4.563159283524204
AD85LBI1F3AMW,24,4.130847690908103,4.38841250963983
AD8G6JC492GZX,19,4.726183318417474,4.7539360899287395
AD8OH4QNTDTJY,19,3.7386005851347597,3.88304162373802
AD8VUECIN6BMC,86,3.8176775337312714,3.9762934919806487
AD95VU3LHAAPI,19,3.4077785623321915,3.5882636631615648
AD9DXR2K7TSPD,28,4.233802716518662,4.286786784242928
AD9WTAOAFUZA4,53,4.228712565194266,4.276397578108214
ADA9KB0H3RU1M,19,4.891378219257192,4.91171371365763
ADB1BZ8YBIIWO,20,4.4885696694136765,4.515371334944293
ADB8XCKNSDY5Z,46,4.04409624992197,4.160414295358984
ADBAJLF1ZJ0TB,16,4.479557796536379,4.593749226335392
ADBWMU6AB5I8H,19,2.382026819243896,2.843977878278742
ADC5DE2UH4U8P,24,4.866862428937519,4.874872826824574
ADCC3WHSZNW1R,65,3.1967955571890174,3.275227542169871
ADD68RRL8H3B5,52,4.261880567788112,4.373821772826701
ADDB0Y73L2CHU,23,3.4365806990631884,3.625793512970551
ADDBSMV0PUH74,20,3.9928801433427035,4.0913502533973585
ADDBX5P9ME978,46,3.807859177264975,4.043506929734648
ADDDIVFAOI4Q1,24,4.810888248556902,4.831329560594852
ADDFB6TA56G6K,16,4.971709345646047,4.97178675005264
ADE3FENV9TFDS,23,2.6867295602058783,2.948691971950839
ADE852UR9121C,22,3.6770379020607296,3.877816410568449
ADEJNRAT95LWV,21,4.591154030278554,4.636969170498064
ADEXNCG6OZEQ3,22,4.137545729857634,4.256264451496659
ADEZOPMPKK146,42,4.492000772499949,4.529199170603463
ADF79Q857UD9U,23,4.8831827194603985,4.900250995498229
ADFBGM9V33AGW,25,3.907288999976478,4.066315140833002
ADFDWNGYTD21T,17,4.003637047011161,4.340421397205959
ADFHXRAKLKOQV,22,4.253673339034372,4.328282325024696
ADFJMD98M5HLM,25,4.042951589910204,4.120655730426577
ADFL2CSMYH3GA,45,4.14152202851594,4.211822058945155
ADFNARI7KV1AO,19,4.239764461285275,4.408586170797999
ADFUGKYCWFDQJ,19,2.8097229777679296,3.114462653213292
ADFVJBSSP2S8H,35,3.9237117866160403,4.184428350919997
ADFW24FWYAECI,31,4.95612337773871,4.959218461559097
ADGHSVTS66908,21,4.9532933718983365,4.953490433555738
ADGTWXUG0IM37,27,4.0546883759963395,4.172333484551468
ADGYC6CF7NM2,22,4.820706358854067,4.842385454728687
ADH3MOP6P2061,24,4.01180589373968,4.157682542523115
ADHILVPL4OTZO,22,3.9030882551325745,4.072851068808649
ADHVUM7H14T9A,18,4.989575473360296,4.989618061329496
ADIRWDDV7RCOU,30,4.055479892352493,4.172984095754093
ADIY3IXY2FDJQ,44,4.501305347747284,4.536441745557366
ADJ4M8X3UWSZF,20,3.9927356106492446,4.164714977008165
ADJBUPS8SJHTC,52,4.621638207200872,4.652145815506062
ADJKSIDQDCYXC,18,4.479025206794422,4.615838923392522
ADKA2MJQQCMTO,52,2.460884952089413,2.6460220562447
ADKHI1TUGAX4,19,4.103777509215124,4.200775837782835
ADKKDZGDVEVWZ,69,4.178571309294146,4.307866486424018
ADKP6XUGUO79Q,37,4.684584502117795,4.71657380990697
ADKZOXAOV8EXD,23,3.192762628913521,3.5278560292784835
ADL4ORKK5LQH8,18,3.8536774314243036,4.105081830703969
ADLK6NNNB33TY,46,3.4638879372922635,3.601373297098329
ADLN37B0153N,21,3.615321316764492,3.718043074252406
ADLO6KBZX2SHU,38,4.589244192985267,4.631029411632311
ADLVFFE4VBT8,27,3.742709858013897,3.8753634078110792
ADM6HFTQY2711,19,4.075927483921717,4.382082992746216
ADM7GX12MWKFB,17,4.53589524152615,4.67393685807971
ADMRUFWI3JVQB,39,3.4062572339179646,3.5353890609478835
ADMVOQARIUNO9,21,3.209501739492645,3.2653477503487887
ADNBUKNODH7OX,74,4.086274816135458,4.265801103933216
ADNPIJY4C1OYU,23,4.0990610706230335,4.200374990208906
ADOLBUXJDEIZB,48,4.106941512508931,4.267192710621993
ADOSOJ9HJAHDU,22,4.381288517365482,4.487313575722741
ADQ6T9J8OPN4D,94,4.573868503849377,4.5989859468600915
ADQJW3IT0AW44,40,3.5395246599736203,3.6114804297128393
ADQQE8RSV6KFP,32,2.0860686654191154,2.455818461569604
ADQVZKAIZ1EJO,16,4.486549055414875,4.555409750577855
ADR78WV3WOUTM,25,4.677009760053755,4.715020093386051
ADRFT7SYU1V69,41,3.5205272810864088,3.6666657204710473
ADRLYZ64HNP6K,28,3.1617815704174723,3.472592601457045
ADS4S2JI2P0DI,20,4.227574101664411,4.2914945784002105
ADS5APY1NKTL4,124,4.550659238475508,4.599051375578941
ADTQSXF8ID22F,21,3.5770058391735815,3.952793790690267
ADTUS88NFTW23,35,3.4658523626131137,3.6676291294895824
ADUGOXKRC2A2D,23,4.781954932486963,4.791996146811298
ADUHS5F1LBDYP,34,4.378676777449842,4.465381422891481
ADUYUK36ON2DP,22,4.331785669280194,4.379369830898926
ADV70X05NFJIR,23,4.672831103695912,4.700595509836386
ADVIJDOBFQKP3,31,4.925320044955737,4.931349070841552
ADVTJ03JD4RQ2,21,4.332978474217001,4.548600957804454
ADVX0P3EIKWBK,20,4.2066076748368975,4.3242875701754055
ADWFG8EXVA82J,23,4.834592021197224,4.835260360299269
ADWJ7SSGJTF2C,28,3.954942190557325,4.049365997516645
ADWQPR0LJD4J,148,3.3280787346733907,3.431971500507659
ADWSD45P3NZGU,73,3.1686730669489584,3.326837104885011
ADWSQ2NI6ESIX,36,4.564612480113851,4.5954231284805065
ADWUJZ8865J2A,21,4.412743275950789,4.535589478989007
ADY68NOGVXJ9D,24,4.327781113321636,4.391790891066901
ADYAK0FRP91KN,34,4.358195417682486,4.445218758949304
ADYFW9CE11ESR,19,3.384791472826768,3.729396081876143
ADYY6PI1PLEFC,42,3.52588482655948,3.7418663217691126
ADZIJQN6MNRAB,30,2.935012135135158,3.41024489338545
AE0E6UII0VSZA,24,3.9267002922206395,4.030958491045546
AE0MBLS6C1K2U,23,2.818594743496768,3.33799678044193
AE11ZJOT3SNQ,16,4.540383433321436,4.570231037945821
AE147S8W6KHEL,19,4.020812527767064,4.036186714655135
AE1JPFDKRWO6K,32,3.270226847996887,3.534648515797357
AE29LRE6751PB,17,3.739860288907746,3.8778324159891917
AE2EVUZQVDSQM,15,4.95756724869815,4.957696791162803
AE2G6FAHRHXJE,25,4.495578710663714,4.603244559163852
AE2PHZIFBGV52,28,3.713967551620209,3.8222020440739195
AE2SDFQQCDLED,30,4.23138715796648,4.461025804607664
AE396RURUVF60,21,4.647448600844159,4.690729029154941
AE3GLZEZCME24,20,4.100276897126362,4.19628031082247
AE42JLYPXUI45,44,4.683052549867626,4.706195533992357
AE45DLBXKY798,21,4.2552800571751686,4.3245295455330135
AE48173ASWFYI,82,4.8890780668921625,4.909510997643291
AE4FX7DNAUQXS,47,4.817752225679915,4.828061604919801
AE4JNORCLW8F6,42,3.761210164924305,3.88734644235984
AE4M6LWIWJIXV,19,4.943845563112592,4.944301454283095
AE5GAOK1C4A2T,41,4.094989381016699,4.230310993419306
AE5QRDR9NUQ7,38,4.024382838742262,4.200657046696777
AE6APIV5K93KF,18,4.267056398099995,4.418585039566214
AE76A1QC65VI,27,4.041198513186043,4.202432008821148
AE7MHEYF1PGVO,19,4.562508906065005,4.592694580375506
AE8043AJ67AQX,28,4.804068420425028,4.825946988165921
AE8LL9S715YTE,18,3.5756041436589476,4.031886456653255
AE8RQHFMSLN0D,14,3.221457839616078,3.3319599496649963
AE8W6OW6A1M5M,23,3.5455245874332455,3.680911132314935
AE9GUE3HHOX3U,102,3.2603942764919727,3.6064515328441407
AE9NP2WIYTMI9,54,4.392493167950979,4.485104155249996
AE9V37MS6QY8D,77,3.442514186970931,3.5818304545325637
AEB3SYN01SLVR,22,4.493486299536702,4.548988221081018
AECGF0VC40FD8,33,4.955361570277202,4.955641475567865
AECMQ80JCHN8T,24,2.5290725446242415,3.1207942820795016
AECRL7A311XZH,20,3.389117604070873,3.6252613083853915
AECVYXIL9791R,27,3.2274859035954875,3.407687591147334
AED954F4YR4JS,21,4.1083310131147766,4.276257970252717
AEE2XPONV9KR4,20,3.991967778994119,4.090950233703451
AEE3T3U2ZLOT4,27,4.819193078155144,4.8288729418142164
AEEGEZ5XVY8J,33,4.41938543558336,4.497796317443976
AEF8X4ECM4Q3S,21,2.3996890632489243,2.562891263252807
AEFRJ6ZBKGZV2,32,2.879843424224146,3.1551531896493916
AEFTIUQHSVUFX,24,3.4865338953202643,3.6832462101863634
AEFZPM03G9KH5,26,4.637154112417267,4.67963553274322
AEGHI86I3X9H0,50,3.3324997193749595,3.5686491874501103
AEGR40GALMDJ4,73,3.550641432838094,3.656204650782762
AEGSWM7CNOJM4,17,3.4090776414499055,3.7078500299959214
AEGYKCHYY809X,58,3.3673799424323887,3.5837332714102934
AEHWBYGPK32YK,17,4.839019709988687,4.849235235925904
AEI46VYKHI8SO,25,3.5876773806007156,3.7532069932728542
AEI82KMLXAQ0D,47,4.499780587850798,4.568097799850203
AEIHMKD96OIZV,16,2.8669742801999103,3.055320212277239
AEILI8S0HM2SF,19,4.964222994943168,4.964294395092729
AEIZTTNHRON6B,28,4.204356799329994,4.34919683148343
AEKVNXC6R8O9G,25,3.444087745388038,3.5601629231390106
AEL6AD2AL2UX8,102,3.9097028491731383,4.040112363131372
AELBITXGN5HXL,16,4.698024666431214,4.795351149724107
AELXRFUOBKUYM,23,4.149265988854587,4.210408756048457
AEM0D3OFOR9RQ,22,4.391802304858104,4.4781864264003195
AEM48WHZF7T0G,31,4.053397422367231,4.125205519504797
AEMB9Q7O6135K,34,4.4663625057476315,4.581158888289661
AEMI5B5N64P7Z,28,4.5245544908040705,4.575003806667647
AEMZRE6QYVQBS,25,4.4859814544187016,4.517261321544733
AENAFU04UQLP5,17,4.26718875834722,4.358371008744276
AENO5JT4XFICG,22,4.96698344135444,4.967129505089608
AENRETGDGJPLN,22,3.808415449936615,4.1032185070319
AENRHAKDM5GMP,31,3.277911976081879,3.541067843319468
AENS008HCBVC5,32,3.8739971331311263,3.9197902664202084
AEODDGA58UV3X,26,4.148198464641832,4.221388833701638
AEOGZ8VIL6ZZQ,29,3.3980102306223796,3.7899714565424327
AEPJYN0NAX9N4,27,4.020533124445251,4.139521681921629
AEPW6G2LRS1X2,119,4.144641473513018,4.2855608982635
AEQFYOI6YJ83Z,230,2.799020564167984,3.012964751245523
AEQSPI1IHEG4O,53,4.982630916955958,4.982660695063837
AEQXY38JE5JF8,23,4.896189415536627,4.900349359828816
AEQZYT45D9V5R,23,4.434038582312819,4.497632500528148
AER15RIMV8E6D,441,3.212917283571039,3.3850692578427695
AER2CRRW2U50Q,51,4.669249132763419,4.7198414317092166
AERF40KNXDQDI,19,4.762273856916122,4.789912996763686
AERLH695G6963,50,3.60976342992885,3.6932019222492842
AERNX3TYZO7KM,21,4.61902559197908,4.662252823799074
AERTMN5KXZ574,21,4.125721300162051,4.174421817681023
AESHI0Y30RG8X,27,3.475466849062894,3.7045074878971427
AESWJXEYLTTR,42,4.112473233998121,4.194865993340423
AESY8NCX6VS6O,37,3.223344142489016,3.4043309548512304
AETU6WZAUMX53,60,1.7836241878478003,2.2176303569818616
AEU4YQN8YDHK4,19,3.9231392937326572,3.925196605525992
AEUR5WPP9BKNJ,30,3.74814756369173,4.024126854996754
AEV640MKB3I9J,22,4.161772161619279,4.285840665726214
AEV6JGV6WP67N,18,2.950541684719465,3.2928458120207473
AEVBL9KK5I2DO,37,4.834101053643581,4.862339275103269
AEVIYGYO0FEOM,21,4.447280279708825,4.473032135115797
AEVNUEDRGTC4P,32,3.0702063863598474,3.578880274048407
AEVVFIS4AWK0C,28,4.6429607436869205,4.69550829354864
AEWSM75KWAZG,19,4.568996325913041,4.618795380550737
AEWUTG13NTNW,19,4.163529529453321,4.2668985724531145
AEY8NWA47TZ0E,17,4.384723723423714,4.504304526634048
AEYCKG5AOFHVH,41,4.317206056600022,4.351027066861298
AEYFNY8MVXBFS,41,4.755748431721186,4.8069049073601615
AEYGX6L1KJQX,66,3.962970092898394,4.152760013926735
AEYT0S4O55M6E,36,3.6355783635081442,3.9482448000650257
AEYTJU8ZMBKW4,23,3.769689730207083,3.891019918492516
AEZ8WH06SEW6K,165,4.191517384703516,4.228380017163372
AEZD6FM4V0BZL,29,4.785488617359265,4.795642623621639
AF0E9G6Q48G3S,19,4.455035046956727,4.50446464482823
AF27YM78JY8TK,19,4.515688539369133,4.578514241022643
AF2RSNAFVC88Q,27,4.118899850938673,4.27457694215901
AF2UOFC8BTHLC,20,3.493892135568051,3.703996370957352
AF3ABGFRV40W1,23,4.833766759388793,4.837055635210917
AF3VMEZC7HQL3,16,3.0855408628203973,3.1749863953362225
AF3WO0DT3852Q,28,4.357521054006949,4.424090203023397
AF3X7J0XC391L,48,4.275044834197705,4.364458364834217
AF4KWSUBXGIHS,37,4.0584711994533045,4.155376781110872
AF61MRUO1WLFN,18,4.190376696251266,4.2751929248035285
AF6FT0ZA1UK1C,24,3.8856871776000212,3.9848663835194404
AF6JZSTIURXN,77,4.259991835528679,4.317098196270032
AF7CSSGV93RXN,19,3.6566818501585465,3.8512272967688728
AF7JCEOIGIS4N,33,4.089480805236522,4.243407335241332
AF7ONOQKGBF5X,23,4.4248548418169635,4.4974413174553955
AF82S1QAMDS4G,56,4.343817269299073,4.404366105858001
AF877STLKQCEH,41,3.9108462711438565,3.98113259169706
AF8C86SGYLH81,115,3.694145315061354,4.005458152049024
AF8TYZ2XLVNQN,76,4.716892844739937,4.724810101163508
AF918PUAFXMHK,21,4.7165815569721,4.735092504527517
AFA8HPE2OF5XV,19,3.829731186798987,3.919851133012075
AFAG10T0UX45R,17,4.963535539680911,4.96389979007323
AFAGKNAQJB8BU,30,3.9838046905344693,4.192924448198313
AFB75WNH5X6G2,27,3.2857802325280385,3.728290520685032
AFBPC9OMKKP7C,20,3.0702301543567985,3.336926490172145
AFBYQWNOOZRXQ,33,3.922781970526266,4.079506092452127
AFC5Z7XINV9GJ,18,4.8498133897473,4.855876191441317
AFCAZIM440BI4,27,4.5605369460900596,4.61081684465972
AFDAOEYSGRUAQ,36,3.4997278056017556,3.7987055223057
AFDQ7QHDYES5E,21,4.492869463391531,4.612400647565771
AFDVPIK8PJEZ3,27,4.321486904075609,4.382410748925274
AFEAOSDCSEHYK,17,3.775684064338506,3.8645818707247077
AFECZOFS1COF7,13,4.123521335524594,4.249750031405258
AFEKSP864VWTD,21,4.456269901017267,4.494190571562885
AFEN54UGJQOK9,46,4.885982596330868,4.894671077243226
AFEOC3D8WKN1D,15,3.442006037044379,3.5089272455348928
AFEWKJ76O5785,30,4.241736404024964,4.4540187753929965
AFEZZWNH0IWKV,30,4.683650456860553,4.715536190799786
AFFNJGMZ3YFD,29,3.403785554484649,3.5080885064730465
AFFVUZEGP1FDQ,59,3.618302023050287,3.7477702215505353
AFGDTREI8HFAC,20,3.961988325800469,4.139697856399069
AFGM2K7GKO6CS,21,4.434695550195626,4.539707378026984
AFGQ0YR8TCK91,23,3.94947727808749,4.14376931433829
AFGW6I6A4WTNG,41,4.259704846384703,4.346647112284052
AFH5NKKWX6KA8,28,4.739331940085473,4.766472595702898
AFHB1EVQYUL7Z,23,4.890561636090087,4.895225803561752
AFHEGYXMK6HCL,22,3.781269962403857,4.006913681715311
AFI5AHEQXCL31,29,4.2217358111331595,4.294493868285239
AFIIKJK6FEM9Y,45,4.383154840463784,4.434133958653209
AFIIR0Y14UC5U,37,3.7137235069828116,3.976037693458126
AFITDZEWKJKAM,19,4.152628024774404,4.184731552086748
AFJ194AGGS810,31,4.283308934371432,4.362062632605232
AFJCOP0GKZH6C,23,3.861143342928495,3.9270457127361356
AFJFXN42RZ3G2,55,4.297310532665101,4.347161379032091
AFJGMZEW7XSWL,23,4.239192791028367,4.281495583581262
AFL13IYO3HYTV,17,4.891818803090736,4.897482675745358
AFLQGO7CJVK50,211,4.268131107489496,4.362194430687062
AFM3THBJ7SBK6,17,3.5684027911119998,3.7005340176128834
AFNEAHTMMMQM,54,4.732061158767504,4.770521402542249
AFNG8O2DXRCUV,30,4.014230681923366,4.081262253330895
AFNTWDR56HYGZ,21,3.216269952736183,3.5981572260703594
AFOHUSVNZZ49W,38,4.15226469850694,4.276948543541446
AFOI8LFZOXMFX,26,3.2478134769899123,3.504320969281523
AFOJNNKQ9W7NI,28,4.469436727437662,4.510302708756042
AFOK05KDCHSHL,61,3.241572421660081,3.407486352625863
AFP5WULVPXUVW,19,4.801426578968219,4.8288712933361255
AFPQVUEI3D46K,23,3.966796371716203,4.029113712535178
AFPTIKM8ELHPR,21,4.026543197967219,4.102592826207609
AFPZ4W2EPXF3E,25,4.330922497881382,4.4658100657405475
AFQ060X8A1RY7,25,4.642777389835692,4.666384906775358
AFQ46KY9UZ165,25,4.9414484894859525,4.9422139987855
AFQFVCKF7RCK3,36,3.847552011935994,4.116330436014435
AFRH23DKGGXMR,19,3.1973547369212105,3.2958826688403002
AFRJDHCYX1N4U,22,4.6803546135605325,4.732355189897993
AFRQQQ918CILK,18,4.9412755133376765,4.94182116425802
AFRZL05D54MPM,24,3.598266634173141,3.6648851533297475
AFS380RQDENLX,30,1.6182242618800358,1.9117009172852681
AFSBFI2JHHD87,31,4.2083788899376815,4.246001658100089
AFSS1NXU8PB3G,32,4.447343507242602,4.483952789040488
AFTEDMW813PAW,27,4.010987500959969,4.091308299836578
AFTM7D7WTQ973,25,2.475829512160151,2.9620371418344935
AFTVY8HD8513Q,42,3.269295632254393,3.4727907649720273
AFU8Q0K8UR1Z4,48,3.7060471848304766,3.9185857449541777
AFUHVCBFHXB89,47,3.882187835402755,4.00496775317399
AFULKR42VHHK8,20,4.475484032593597,4.513399010564517
AFUQJLITBUIAI,24,2.313419418988255,2.719880118681358
AFUUNXXMQLL1F,24,3.871207262368909,4.234230735205671
AFV7N9MP24UNM,25,4.745437121822529,4.808224798041147
AFVHO52P7IMPG,25,4.197802791893791,4.292088093049481
AFVI6OICZFKYF,31,3.9439776957699104,4.018727388046034
AFVI95TA0JM5X,54,3.69582502187861,4.002721701942273
AFVKYDDJNSI7H,16,4.102555060346529,4.313131862957376
AFVQDZ4F03GAZ,24,3.6446639686640947,3.822197727085779
AFVROUVTT63XM,53,4.036577133652588,4.113828063279898
AFVS9J0UBNH5D,22,4.777499913502799,4.8005322461192295
AFXTKAO0CB354,34,3.9711650483844094,4.137965286961378
AFYDH2EIEZAGP,29,4.961656704672568,4.961920571117594
AFZNJHDGE0DUJ,29,4.361782976333661,4.422203940261408
AG08NMPVXXISL,23,4.639411557725618,4.66246737973027
AG0BKXOCYB9WQ,31,4.651515790969798,4.7131061609003995
AG0R008VC9JLQ,70,3.506378221119585,3.7533812351920623
AG0TA24LI0XV7,67,3.496696184731652,3.664090467148606
AG0YGPDVFX3NO,19,4.680921362734657,4.727718650968789
AG1MDK0TA0GUM,70,4.403324567211044,4.448880560224123
AG2F6294SBK3H,18,2.951881728845095,3.3782365045851916
AG2QGAPAPKPVD,37,4.373436317698705,4.4147500766809955
AG2SP2XUMC90W,32,4.301425308503758,4.366757952194468
AG2Z8SMS9DPE0,44,3.2544823445746967,3.4128048106885807
AG3JLV1XDL6N,17,4.736378851582927,4.755865748882595
AG42CYU5P8NVQ,26,3.5265148166646045,3.7721407838608516
AG46WMU8EIWWJ,23,4.131351015001563,4.389453051159152
AG59IF3K0SM9T,21,4.07670952831027,4.325644481404985
AG5CL3UGUZPWS,45,4.269797105915667,4.327106025139602
AG5Q7ZGP26RAG,23,3.8320602176069856,4.070164582370751
AG5T3D47BEZ75,19,3.5661236431193006,3.7438849181518252
AG5XM49AZVIYH,21,3.2586744079320096,3.4747264828223794
AG6TX1ZJHLMO7,34,3.9927053829235737,4.101885845183817
AG6VV6RXR53MR,18,1.9716266840225078,2.373122538879014
AG7RTXB2YXWTL,27,4.775575537065365,4.813729391978904
AG8K92N37MT27,89,3.5820279719457075,3.7728548645533677
AG8M7ICZ9MFU3,72,4.857979386006681,4.863012043864413
AG8OC1AEP44WU,27,4.332010077020627,4.483192411031264
AG8PNE305U45L,38,4.890359540908983,4.891309555003978
AG8U6F6226GBZ,37,2.8304680188762794,3.2634118936068908
AG9P22KX9CH65,18,4.099020181436697,4.1764793908634665
AG9Y776I779XO,31,3.5337467554670314,3.713256231534646
AGATLN8L4U6R5,20,4.388961079064628,4.483518352195537
AGAXRU2VUPRJ9,19,4.202939868571944,4.325377365922675
AGAZ2V4T96J7J,19,4.06908506002303,4.191962020013727
AGB0X8XSFRHDL,17,4.024859603404043,4.28741917130608
AGB3M4QPM0MIU,26,4.728766433815716,4.778502207805201
AGB50Q5KQKK4H,29,4.970272580431525,4.970370022292387
AGBMF0IVD38U2,18,4.545008183362068,4.572339014239827
AGBVPAM4PJAJX,27,4.659779171896223,4.683045084099318
AGCDVYOWZ7K0K,21,3.609479673660688,3.7900626292396686
AGCJDJH2CTDD9,22,3.796246826574222,3.9455833311922373
AGCON551CSLHQ,20,4.947426296487075,4.948154994066236
AGCVPCMDY4Q2W,20,4.238129292518034,4.312792024967501
AGDVHB8T4SVJZ,32,4.218496906806317,4.289047225026567
AGE5RMV0OS0UJ,19,4.170460055864519,4.302144774951484
AGEIT17HENDIS,185,3.4579225485613354,3.5142398776420114
AGENS6MY9PZGW,21,4.672571503759999,4.693448761454843
AGEV96D4NDZT9,42,4.696885053998247,4.726542261647495
AGFBHBB911A0V,18,3.5048990764154038,3.865920325708482
AGFNGL3TFIM2Y,19,3.147123826617227,3.281251013828903
AGFO6RNCAAT09,35,3.302118926953132,3.3942308913867887
AGFZT0RLT324B,20,3.941578193272972,4.182647663814208
AGG9C66TOLJZB,20,4.283960638467442,4.376648413969649
AGGC3BHIG6A5K,27,4.927424142497718,4.930936667301635
AGGDI4VWPPZ6J,17,3.8646171205899447,4.02643255076126
AGGGB72VA3VGG,51,4.8594020411018475,4.8670299431144235
AGGJYJORJXK97,23,4.966451939586392,4.966584292221664
AGGNI1ADS1C3Y,103,3.44516546194479,3.6384404300824733
AGGPXI0SS9GUK,63,4.682432378547734,4.707579675638652
AGH4A7HQLEVB1,18,4.438161181673985,4.624256586255015
AGHJF2TEKY063,45,3.852328655052688,3.9637668054825967
AGI3VJ0I04QO7,40,2.958144138226823,3.187802214502302
AGIA2RDS7FOR4,32,4.270208745051149,4.341096878110239
AGIR4MLM5NFRZ,26,4.534497965820457,4.572922428751092
AGITP40WOIGIM,19,4.168180131264662,4.354983693072853
AGJFUCQKJHCGR,29,4.020861279346793,4.312918529139736
AGK9D4O9X7IJN,19,3.661227232864039,3.9253010807785067
AGKPTMTR3UX1R,130,3.7088886664446146,3.8737283955542923
AGLBU39CGNSNG,19,3.103748223267664,3.317957236200003
AGLF6F55U9T04,29,3.5588730887223607,3.6941015476852224
AGLHCU1KX96DZ,71,3.7487091516845723,3.81140287579509
AGLMZJVUGSOD5,25,3.884584301076298,4.064109803142669
AGLN46V03L0YX,21,4.948692414789912,4.948791246931173
AGLN54GTQYW7E,26,3.9026329585349804,4.158189225352029
AGM907X0URUZZ,29,3.586791135538511,3.7964381884971594
AGMI5HF2KOSWD,35,4.334472296890064,4.36335236792564
AGMLLSL26JB5C,38,4.352218030663558,4.408766704381333
AGMONAK82UL7R,23,3.7461146240213874,3.848097730728303
AGMW3I34INNYG,20,3.695615591792047,3.8129618385305717
AGMWHAKINRBZ0,24,3.749478554642869,3.8249749056364606
AGMY4F04891DN,19,4.9658526353547146,4.966299740294176
AGNEQB0L6NJ1K,64,4.674011797714148,4.69308932715553
AGNLZRSMX0PEC,21,3.211448331755953,3.4379073959926405
AGNOPNCN6FHB6,117,2.7811259378895827,2.956571105959503
AGNUO5Q3CX7O8,27,3.5777228827816296,3.7852731133531763
AGNVDHKP426F4,22,4.081000478599937,4.220639189227302
AGNYH0MD38HOZ,22,3.5366480253389336,3.9094649820559892
AGO54JOJEAPFA,22,4.311015008029458,4.422996968015043
AGO5CHRDLIQ42,17,4.148725442078776,4.22221654241152
AGO87E0MA1G04,21,3.5539010093089614,3.669024051436291
AGOIS4LC6AY9I,31,3.369918210303598,3.786556166833773
AGOLQZJ1QM86,26,4.735861086182624,4.74942394970775
AGP02JJH0ECSH,21,4.589959362299538,4.642268297851278
AGP2XG2M6S2MS,21,3.1491605747050975,3.6339579580655608
AGP6GPKL969UO,28,3.699584348893736,3.865092009790181
AGPLASRRNYZPP,23,4.590324222341391,4.635351838015042
AGPWSTMYLDDS8,35,3.9716617063442525,4.083982995101707
AGQB56DFPXQO5,39,4.624071221034987,4.671250588992835
AGQNHTWFLBTIS,33,4.08523831729321,4.305104539380844
AGQY11NLQJ2JL,63,3.8856451462053623,4.0038475312332125
AGR3QUIEI9LDD,21,4.7836644725119175,4.789295268750255
AGR4WB1N3T55K,18,4.882564940600276,4.903882351039632
AGRR05FH945HR,47,4.632962204523845,4.661465504528972
AGRYRJQW1HKKH,29,4.16717345995746,4.36122003008582
AGSVIWQUZULOY,28,3.6481926438858436,3.7658713252881353
AGSWTH7SP2256,28,4.408180390928759,4.518285146242155
AGTMCBOTLCBJB,22,3.8683568773333508,4.1985378809153655
AGTNNUS56ATEY,27,2.9615495922567363,3.1744228795780627
AGTOYPUYZCCWN,25,3.177927929586572,3.292513764996393
AGU2ZGUBFCJTJ,71,2.860919635876556,2.955134711216796
AGUCGFABEIOUW,30,4.250626415074589,4.323891854340479
AGUN5F2W85777,31,2.9551425379573364,3.211829973818406
AGUVT6FZGYOTF,21,4.280142174181944,4.315051042492742
AGV1VCYT6GBTW,22,4.318674811215972,4.352240905429682
AGVFRDMWG7JL0,19,4.641177365972954,4.697595526094983
AGVR19CUIGRCA,21,3.965132501411551,4.022799213392892
AGVWTYW0ULXHT,107,3.567778222869062,3.678296843616214
AGW4PTW7LGE8F,41,2.8937962334858924,3.2922638414181615
AGX2K0FMS0IVL,40,3.7215297686161555,3.9104690580531734
AGXRWDI868C6D,19,4.818184077092648,4.831829729731534
AGYCMCOQOK8KN,27,3.5888941919735413,3.6202515277165697
AGYK0K5525PGO,25,4.942074737873979,4.943231924780056
AGYSLOWDC9IN9,35,3.870140050606021,4.088927671232948
AGZQFPVEEWWGM,20,4.928819172893647,4.934092389230481
AGZQYRC4TAN22,34,3.6434281456899,3.874197867947294
AGZVS6M8XJGN6,184,3.21602906798242,3.290773876856557
AH06UFDUCQLUI,29,4.858003385249744,4.888191104491925
AH0FYWRY8DCCN,32,4.619481771417384,4.743199181182019
AH0IB44B6M9E8,19,3.783278145722396,3.873532389539169
AH0K6KAO3N1RH,37,3.9774961915988447,4.170296845602917
AH0PI2S3O1YDP,23,4.050857576436378,4.084719649933737
AH12NZFPSIAZJ,20,4.696121558223529,4.709830109998055
AH1FE0H8VVV6E,21,4.6111840113756655,4.6876792783949215
AH1M9A3JTV7C3,44,4.122153140701476,4.223968668798768
AH1OH4PWR7NV6,27,3.913746503874655,4.158517892203939
AH1QY9ZVQWWF5,21,3.1608671032780826,3.681795751873291
AH2GKAZ1I12P3,31,3.6401174222697166,3.7466621288141333
AH32OLRWN5EKO,23,4.891869310392421,4.89362891767651
AH32YKTRYR9OT,20,3.3358649726184035,3.6597186671848414
AH4DUPRDBDEDR,19,4.690198466434167,4.727569130803585
AH4KRJKMDJEQC,24,4.837105245847639,4.845209263162385
AH4SL0YL5AQVU,22,3.9724341816665945,4.126640993811051
AH4USMNP4MV4I,29,4.805872522383223,4.860267983836474
AH64XXZBL1T6Z,18,4.394419942039869,4.504244304518686
AH67MG5IY0IN6,42,4.850654434103747,4.852125686859139
AH7PR5JCLBPEZ,29,2.637806564807019,3.0658735748092347
AH7RWHQ2B0HWY,17,4.717924608468818,4.726840124528764
AH86MZPURQLCR,33,2.878576295139006,3.101736754355817
AH8GKUCAF4X02,25,2.349343630337617,2.9847026756071147
AH8QR6I4QPNXO,25,4.933239363706141,4.93403045890469
AH8VVEC9MBQYI,19,3.11625830568414,3.4769691160508915
AH91ZJ8W8NCLR,25,4.27094671417969,4.512757194059414
AH9TAY1A9V2OJ,38,3.036913260959277,3.217614350360216
AHABFECTNE15I,225,2.7311571597462065,2.8737076680045703
AHAC9G3YMIHB3,16,3.0507863758422022,3.182657267049184
AHBNPMHDWZ7SB,45,3.720793928736842,3.792310757161239
AHBPBSMOYZRGW,27,3.0631749303322042,3.305676485716646
AHBTJ9ZKDBF6O,15,4.723331507682035,4.758600261036743
AHCGHCE06A7ZY,31,2.8580224361828073,3.0462167524382124
AHCIGEN9EYLDO,17,3.8511109620440087,3.9339605164272142
AHCVWPLA1O4X8,37,3.529600308452799,3.7908737970709074
AHD101501WCN1,20,4.4858333795835525,4.585013742609724
AHD66U9MG0MKI,22,2.707231098604026,2.9042717782991394
AHD9937ANPOLZ,36,3.7647926600909045,4.039630493846306
AHE4RU04NVDHR,18,3.7890707766975575,3.9139991613964313
AHEQWM03DFWA2,19,4.408592630416459,4.52560979192012
AHF8RI9OH29EA,22,4.919711473237097,4.924032230965477
AHF97M45JFCB,108,3.346003491659111,3.422048216392985
AHFNHKU7190YN,27,4.047876588095653,4.303774523224867
AHG4AGN08XBDT,28,4.951317029176947,4.954769526020329
AHIK7BUXFRMT8,212,3.610213463253417,3.7560559187428515
AHJ2O9PFPVIS,28,4.758007655777539,4.78445523950577
AHJAE899CPR41,20,3.9677458862580957,4.013321088704695
AHJPY970836ZV,15,4.913107946993908,4.919332245753628
AHKMIR7PQABFG,27,4.982930661907402,4.982984162018798
AHKP7P4T2QDU5,22,4.294756472064914,4.330800026078142
AHKSY5RWZO7OW,21,4.7939060577492505,4.8197365760165445
AHL1SUFL1GPZW,18,3.5692531418485416,3.6746936527377008
AHL35XZ3OND2Z,45,3.2094052525958645,3.47900185785406
AHL98CA2CJHQF,136,3.450162690628011,3.642807381981926
AHLSW05G26H3G,15,3.678031546302778,3.8975890775871966
AHMRHGIWPMQPI,20,3.0516687614721785,3.4069856806473315
AHMRSU0FM3QIA,17,4.231385961825242,4.289191651282336
AHMXKO8DK85KH,40,3.535181395691997,3.8162105730161198
AHO0FCJB59HW0,19,4.405424737402264,4.4678974847628
AHOCKNNERLSH9,28,4.722826127566081,4.750234102151913
AHOGZJI7M3JRS,18,3.6592368232321864,3.894467592919165
AHP97PF7U1K5U,30,3.016984658163887,3.4322160719591857
AHPCWHAKOVZXS,47,4.493970602642093,4.555661378711782
AHPDS911424A5,17,4.684347632678819,4.728302531322326
AHPGN1O168F5U,22,3.8410224456567192,4.026691312954317
AHPPV26BQSA5R,27,4.679131737946402,4.697938389608635
AHPV4F8IVSC39,27,1.4942179960265447,1.7709392075473096
AHPYJFMH580DB,21,2.5848496751818,3.0079233307808755
AHQBXGFFMBBC9,38,2.9565997103675987,3.207584524018358
AHQTCQF3Z47RD,46,4.183340681690195,4.314686662731261
AHQZNGAXDD7LG,18,3.62910876064068,3.986420968812546
AHR485R743ADE,38,4.07740523193124,4.19037607872484
AHRASE2UFPFKK,16,4.5713326807562,4.63703497808634
AHRIPNBA1TPTE,29,4.974613978320561,4.974853374968412
AHRQOLXJE4CBV,45,3.7797814142597796,3.965566989064463
AHRYWML74VG0J,27,4.565029098846349,4.5967492372102265
AHS35QSOE9XSR,18,3.438162597481555,3.5688206942264
AHSF06670DDN8,68,3.456883299292634,3.7296186855839104
AHT03U4ZYXESN,24,4.731852890300786,4.758199572359789
AHT5EF22M6M6D,33,4.402815387914337,4.430412884940754
AHT5JOGQWGOCS,21,2.915826308119641,3.096357584963004
AHTEDRC5XLKK0,16,4.289131842567863,4.359735382836451
AHU6BN3TIXWHW,18,4.541609580421808,4.5691783538549195
AHUCI72EX3UMN,20,4.513568423517832,4.628021906814051
AHUGIW3I35770,18,4.965982157831439,4.966332644530021
AHURYWAWCZE71,19,3.040722321713601,3.2240309231774877
AHUT55E980RDR,132,3.4254150993501122,3.643846534863139
AHVP3MJIM0YVU,30,2.756909311079188,3.1007680509138087
AHVQMPMXO0BRM,40,3.2705780400746747,3.5612379982976043
AHW3MK9WWAG08,19,2.7611683987527353,3.1600543826951037
AHWMZQKU3FTI1,17,2.5732922956746305,2.9399064979642153
AHXV3DA6QJRPY,34,3.550299107656769,3.8138727741904757
AHXY8V6Q1J6X2,20,4.91867548676553,4.92150519991193
AHYJRHQEHZK36,34,4.747687341890197,4.763596328399333
AHYPN1OVHFVA3,23,4.522569413502012,4.632815249996287
AHYQW0BEAYVU3,19,4.121826798557424,4.175428090341686
AHYRKL1KXTU5H,23,4.540617959168528,4.591611745297177
AHZFHJ80AP04Z,50,3.351565028924349,3.575523186552417
AHZFJ1Z2A3FKQ,20,2.5017595314059404,2.813267211362094
AHZIZI7R0DW3K,26,4.398511986689815,4.4734648063400355
AI0HNW758VI50,21,4.9926607197493995,4.992663904314606
AI0NMYA3LKXW1,30,1.8139692292577652,2.272089773351955
AI0YQ0XD0WNRA,23,4.523962019893794,4.575478060976032
AI19O0F1DS93E,19,3.7858010724609197,3.835175437644705
AI1IMWOZBQK0E,56,3.6690745746276967,3.7579420884225985
AI1RB7QWYPMG1,20,4.793702353352531,4.872349250964012
AI1Y40T5QZLNU,44,4.8165133669291125,4.819564381893785
AI28ZJA6G7947,19,3.692405995516086,4.042953507764629
AI29RLGXHK499,37,3.348586050655014,3.5610280429429735
AI2DVCXEEZEYE,32,2.9553416241870423,3.3990644628419604
AI2G6ZZS0G00Y,17,3.7649681122427743,4.068628114923545
AI2IH09SG6CYR,22,3.284463844539866,3.784382934675046
AI362ECY8OD9C,33,4.668259017804538,4.711577112624944
AI37YX1U4KB1L,31,3.7821568345158054,3.9839017723667687
AI3C180SJPX1P,34,3.9777463513703926,3.995199808360571
AI3SOEG08FAUW,19,3.7299221675992973,3.9346489129301756
AI46E73DWKD2B,27,3.313404138624757,3.7118840758530545
AI4E5IFOT4QER,22,3.7736397410849434,3.9215943773448734
AI4N6M3QZGM3C,21,4.516804451471789,4.596986415871119
AI4Z7VK5SFV1C,43,4.5598692007826225,4.610763224290309
AI556JQZ45WAR,20,4.488817529222517,4.570407882706367
AI5CDVSM9A2IG,22,4.342292079588881,4.456680735107151
AI5IP9Y660LJ7,28,3.264798789240526,3.5456370039038343
AI5SG3N6F0RMN,19,3.7555983096420196,4.099048309122358
AI5XCMIUMTGKI,22,4.802043199528993,4.817424263847672
AI6FSRPE4H54Z,57,4.302069619253048,4.358138673136457
AI6JZG96ADNS3,19,4.298892647109098,4.430990343144361
AI6OLZDAT657G,20,4.639062952198776,4.7234162107833155
AI73VAVMSIG2U,32,3.403979759678909,3.5936641406123813
AI7KU2NR9KH1Y,22,4.411870720466368,4.440712932377997
AI8GR15EYHS8G,25,4.969355178973215,4.969522763220596
AIAU1UOFGCV1M,20,3.0655196528323443,3.5051796987399504
AIAVB29PSCX3O,35,4.376451496742687,4.511368761489605
AIB7Q9898RUS2,34,3.3576175747903045,3.5597935937878384
AIBDCIWC061A,17,3.7649888978212487,3.8921193705554065
AIBRTGBN07D6A,39,3.110420723573486,3.4227445201077384
AIBSC3DOO3UHR,40,2.6434104119494837,2.852619858812819
AIC7J32QZY2KF,16,4.349859594654992,4.44907796559708
AICKFEFRN5470,16,4.5363419095844835,4.64262283138293
AICZPVJNU6QBI,20,3.9900922084582,4.220777389747968
AID044O9WIQI8,21,4.147528511137124,4.189572364768458
AID8OJP77VK6Y,32,4.2143139972386265,4.312437404541371
AIDPTF31JF093,35,3.5427699567184003,3.681295313431048
AIEQ0JB215E9S,24,4.766465254584975,4.792787597731194
AIET0YH707KSW,21,4.100609327210471,4.152750388480219
AIFAU0PJNK7CN,19,4.623670812760724,4.648451616044564
AIFNOZKR9WTYI,48,2.3466139771832704,2.934810224966756
AIFUZVA292B1U,18,4.684476594796474,4.77421330414422
AIFXFHO2N9WJB,171,2.8851424994050627,3.0860473742912093
AIFXIF41VDI2X,23,4.153793390812358,4.329629774863299
AIFZM4KEQNCUZ,20,4.970822029564205,4.970857358352169
AIG7C2NQD8S4,22,4.8237078451777755,4.845055101674873
AIG9BO57K9359,41,3.435042578289179,3.7344484121951806
AIGD21LMIKPGS,20,4.988031634834788,4.988042339715803
AIGJOO6C5FTW2,32,4.303926179963358,4.433199671449401
AIGNHBYSQ6YGI,25,3.77367699319657,3.8752494803772914
AIGV58PWNNZSJ,27,4.620592518198457,4.655174594852533
AIH35QDMJEJK0,24,3.9489199539457487,4.179971595971375
AIH5LH0J6QXWG,38,4.967128266912278,4.967450025735069
AIH7MWKWNI7F5,22,4.646695488511069,4.67963260774838
AIHBP1TQ3JA86,32,4.725687384850912,4.775413639947559
AIHIEGASZZGLN,20,4.188256428784818,4.370148920908577
AII1IQT6OBJJ,22,3.4420068276054137,3.793449375589068
AIID7ZZ3HU4XN,20,4.332634222183948,4.370526315827919
AIIR8E34EDKCQ,62,3.6841506884986637,3.9339958269176507
AIJ0DEHA822CS,20,2.542163211703575,2.8306071939033397
AIJ8Q8B5SZPAF,51,3.4480036905823317,3.5620583203791893
AIJQT0PTK109N,72,3.5294730696239585,3.793961705313457
AIK7I9BYWV9Q1,61,2.5245159059293996,2.8107378568921146
AIKDYQA4NKI7A,18,4.225659951714314,4.38152425335399
AILBDL6ATVDCJ,64,3.981139988234016,4.111316973885236
AILKGRMLEMGXC,29,3.9990882775525765,4.203856740463063
AILV4CXK8LEBV,32,3.570753514095863,3.685157230448163
AILZG79CSWO1N,30,4.854390312036825,4.883930943056555
AIM1A1HIA6TAD,23,2.078325035772929,2.630562330638299
AIMGHPI1AGVRF,31,3.9119450493474286,4.012701458648322
AIMI98OFC4LWP,30,4.347615570753744,4.456683928442984
AIMR915K4YCN,344,3.529242287176567,3.6578051723485876
AIO247KHD2O40,375,3.2135402535302418,3.4221117676861668
AIOEOKJPFQ2NX,23,4.0970183887173715,4.292062595235031
AIOHU94GJFRU0,24,3.778452822004388,3.9591284474549924
AIP7X9PXRM3KY,19,3.206705773411136,3.398078951699958
AIPA9PJ4D7QH3,20,4.398049662644373,4.4541975996808425
AIPSUF99BQ17T,21,3.728249263299106,4.019722584923069
AIPXXAZSQ0ULL,31,4.52626989599284,4.582351202015041
AIPYDAUL9YUWB,49,4.2154183055231735,4.331210784854742
AIQ0PEH0MJSYX,17,3.105851212164859,3.4753672720753075
AIQWQDZDTPQIO,22,3.3772093242192516,3.7009620954581144
AIR64T7C5ZP6W,21,3.0805499342905334,3.344362583427658
AIRHRV3D8X4J1,63,4.53809459654511,4.618286201559071
AIRQGUFVZYVDW,21,4.8855675461016475,4.894548424629604
AIRSZ0NG0X9LA,45,4.476066098973792,4.5092596807784595
AIRU18ESX1R7J,19,4.88533699098953,4.892463794774173
AIRUD8MTVJAD1,19,4.05663096752733,4.1519966081719
AISKBK50F6D9G,62,3.835500097493747,4.0768264635761335
AISYM33PLBYLX,21,3.96070684914029,4.111455886952124
AIU0XBHUBFWL5,27,3.932230765911666,4.100227608654073
AIU56H7A3WOY6,27,2.8843408089968845,3.17250181935005
AIV9MT2BIGX6Q,62,4.4574324115606885,4.494365895792655
AIVTZDMB297BG,48,4.301422410475447,4.328192366062648
AIW5CK1ZNCMI9,22,4.887620565106004,4.895921064666513
AIW6JQOY1DH09,32,4.5236408921494435,4.58071099589844
AIWB6MEWCAYNX,23,4.984973843256762,4.984996487928048
AIWDJ3S85O10Q,29,3.600298071480466,3.90728587235971
AIWPVV1HQKIX5,19,4.8203137203705335,4.829881126581369
AIXRIFT1NK6H4,64,3.7644962693100674,3.9466058420088284
AIXYLCK9HK2B0,25,4.649786827808272,4.6976902325623975
AIY4H4KWR2KWZ,115,3.5049442442520355,3.660895305027177
AIYEG9VA07EZS,43,3.549757162088501,3.7861666195541575
AIYF0LFBRKFS3,20,2.9404144391737863,3.2932005561707185
AIYSLCRQYOSLI,52,4.634264881412421,4.701462147546776
AIYTOK86QCYSV,35,4.796762164054353,4.815011879550695
AIZWM3J1HG027,99,4.6955699418345525,4.734072602983289
AJ0FCUO24JKKJ,41,4.981997737532373,4.982007815220816
AJ0I8H7U2R8YQ,24,3.7212463933186437,3.8489889469988965
AJ0LVMSVJ0CN1,29,4.666811325285415,4.681322220779881
AJ10FJE5GG1JZ,63,4.011912237892112,4.2627116869124855
AJ1EAFVK9A6M4,53,3.049884940230322,3.259940503098664
AJ23UUX3UK1IL,18,4.918857023618205,4.924397258722195
AJ2K0TOX7XW01,20,4.438604343588356,4.597389441654711
AJ2LH4FFW4QYX,35,3.7382216375710153,3.9423077159374906
AJ32DH3NMIES9,37,4.469164270926751,4.589959429068806
AJ33JM8L0QKWC,70,4.666495826791371,4.686149345390229
AJ3HNVSDVBMHK,27,4.230180506500319,4.342355970686369
AJ3LYAOVG1RID,26,4.866789152676214,4.8711846603832285
AJ4SLTSSBZS5G,26,4.793590697471386,4.8291670864664
AJ571UKWCC3CC,24,4.411212452792662,4.475832575171363
AJ5I39GJSGSZW,29,3.724494882921771,3.960562336812408
AJ5MA39IHK4LW,23,4.73712098186684,4.742358006753215
AJ639H9WFM2FT,34,4.660132508918989,4.706433715580492
AJ67XK98LBPHF,48,4.163975582928049,4.186657276670798
AJ6I35OWXX94P,30,3.636048479262089,3.8306248862574988
AJ752KXW3F6G4,24,4.352439107089604,4.400733639167648
AJ7JE7FSQJGAL,45,4.052858525410381,4.264327292864019
AJ7SBFCIXPJM1,16,4.646261099154305,4.683457264277325
AJ88Z1U0SS1IY,39,2.9804064058683633,3.323362931404182
AJ8CBMFSPRKQU,35,3.8540676887797645,4.066124404561814
AJ8L4QUWOCD1B,32,3.3150731233777724,3.6884311819164495
AJ8M6GVFGIRLS,44,4.543859974969853,4.5799630945939755
AJ9FC1GZOTA1O,21,2.55583851198138,3.2067925700707836
AJ9H58HUJ8QCL,24,4.184225180941351,4.281009456185709
AJ9W09EUQPAKE,35,3.458649459645486,3.596345211409316
AJARRDXPZ3D2Y,19,4.64346999333123,4.6872199098710245
AJATJ7GKM3472,19,4.87076060832822,4.890708562826157
AJBG1PH8KCB9F,36,4.096149148362809,4.13499123070623
AJBRTZEER34O8,23,4.985035191707085,4.985172610152399
AJC05Q1I8IG0U,30,4.957687863023758,4.957898476981853
AJC7PEKZT4KFB,57,4.32662185774894,4.357668355673441
AJCABHGL8NSOJ,20,4.992642210724571,4.99265174734055
AJCHGM7BF7ZY1,20,3.4705067958487037,3.5958274822803773
AJCNH5XSFG0CU,50,4.95419080190417,4.954464488337391
AJCPW7QHN6WKM,23,4.246588426195016,4.486863899895387
AJD6DSOP6JG97,17,3.1663852952587868,3.4371263504811687
AJD9EA658HCFW,40,3.6652893292356596,3.8672038091629353
AJDYDG7YZY9QL,23,3.977683677452083,4.146787304387044
AJEJWJUBPGXR7,55,4.935408513542344,4.937947600910279
AJF43EXI62XYH,18,2.8786439090240084,3.3557505557220146
AJF6NFPAW3G3K,21,4.83884822323315,4.851851418565172
AJFC3G0SBR8A1,20,3.16102634155563,3.2647626375659753
AJGP5XYKKBGBG,23,4.888776600985014,4.9057349345294705
AJGRTITJL7LTU,21,3.9418993745472672,4.101087684349563
AJHHPWL2PE9CJ,31,4.2590530668053095,4.39432637010954
AJI52T0U3U19X,42,3.272357278089669,3.4477082486530826
AJIDIVBILJKO0,13,3.6339722925835662,3.795870375104708
AJIWFF326979T,30,3.7565187354981275,3.9361678993238725
AJK1CQJ7OBG1A,39,2.744938936270041,3.0146275343846294
AJK8VL222XZZZ,20,4.988319733704153,4.988338855269789
AJKWF4W7QD4NS,587,2.45602290299332,2.7777296058469627
AJL9O252WPN76,22,3.8409253696586747,3.8909321203173413
AJLCBYZ56172H,22,4.398782157904649,4.453312930587521
AJLPNPDPR5HAB,42,4.205875954423818,4.320587809498558
AJLVKHU8NAQ6O,17,3.3365125750306595,3.587358979488043
AJLYAY1G5Z8GE,69,3.8558583107787094,4.00818947165147
AJM37F8PBJXUX,44,4.586552782467266,4.637209302092828
AJM59MC5SLL00,16,4.5578640215788075,4.612588624834798
AJMJX7BNL6K7C,23,4.711241583513862,4.725134447338935
AJMNBM1LZAQAI,33,3.9853006560724,4.054812592541182
AJMO63REZRSVK,48,3.724919242992565,3.8098707109412944
AJMSC49U0AWZU,18,4.989510222755997,4.9895173423551
AJMU8VVFKMZI4,145,3.4126823316333024,3.5756537586972357
AJN05SYGMQMYK,20,3.723951030873445,3.969197616655203
AJNIACIPB2I5P,113,3.9673200109989217,4.124123171653626
AJNW2SVETWAW1,18,3.0826877662837244,3.238164923787128
AJOF6MLUKKLFZ,19,3.644570978698303,3.743872530974368
AJPDE59V7L6BN,19,3.793137292135669,3.9666906492406624
AJQ1V64GV3ZDB,40,4.717720308166207,4.742593551722226
AJQDIT55SZ3ZX,31,4.680082116617615,4.724217701767346
AJQKRIAJV3WI8,18,4.2362321680892325,4.36078943736009
AJQRO4S7CZ188,19,3.765068383247348,3.9372249240583
AJQTFDN0HDRMV,49,4.7398885755047715,4.760222667933232
AJR0OYOP007DB,19,4.532241331163426,4.632572701064322
AJRCP1OH9GFVG,21,3.361599511067833,3.4517214740081545
AJRFZ0VZ0LD26,193,3.2431726280124797,3.389004104577168
AJRZ98VIOES0U,27,4.063767412387729,4.141418300833996
AJRZQKR1NOPYK,21,4.672004768533327,4.7542863612878925
AJS9MAOHDF6Z2,27,3.9439060054048594,4.1014232248315485
AJT9NDFFCC5M9,35,2.5879397569517306,2.95114364079899
AJTQS6KM9ZV5L,46,4.643096486201002,4.727235414374879
AJTU9AI672V17,29,4.65805149290942,4.68440381439457
AJUDX6WDWHV5D,19,4.299679367371298,4.321544869463614
AJUEE2C2EJ0V3,50,3.1666128849790542,3.3047613639805857
AJUFIGATSP9AQ,58,4.803333835399533,4.806288019847695
AJUT5IQDSDU6J,49,4.649724016169433,4.700387859951666
AJVFPC26GHXGF,46,4.040856519211951,4.133214499196011
AJWMVSLEVJ1UP,22,4.317212115490597,4.47402013925003
AJX8Q5CKA59DJ,24,3.237342025276535,3.352889828788863
AJXE21VNAHISA,29,3.083201053200248,3.221788469051377
AJXPU0XOW4B2S,95,3.058227625695187,3.236861003829561
AJXUZA0Q91HON,19,3.81297665209959,3.9430651993318797
AJY9RQA2EONCE,60,3.665273313958489,3.9554036118562927
AJZ05YTL63CQK,48,4.677129741201311,4.706787548892375
AJZIS9MKUF7IB,21,4.404371413966181,4.528220594141463
AJZNROJ3BYNT4,20,4.532317264199387,4.5916910914843045
AJZR37LXKSI7P,28,3.920906334810094,4.197674794991066
AK04CISOKO4K3,22,4.4905020192548815,4.577991162738146
AK0CENM3LUM28,57,3.3297039138070756,3.5154903978325205
AK0D7CDKE1SZ1,31,3.9571040182514032,4.109510280868859
AK0DGZWVCOXUY,41,2.666503610938401,2.9231389444284486
AK0RFWK5II2BJ,24,3.728697347936885,3.890278550660007
AK1OBVI54SY73,43,3.207974463428619,3.4030561499072505
AK2AQIULQDFS5,85,3.830812436653312,3.927778689570645
AK2FCEHKV9MKF,29,2.5619285285550104,2.9254556296173586
AK2HCQE5DN3FY,25,4.707849992479826,4.768389598169707
AK3BBHG6O22TS,20,4.089993559135134,4.1799245486661905
AK4EWRBDAOPC6,35,4.431307234794554,4.482507900536242
AK56618O6QFQS,28,4.024720181761629,4.211425890777547
AK5F2XJRERICI,20,3.4355863602282364,3.810041956384663
AK5F8RUC1DYZS,18,4.255583897305054,4.505698045169302
AK5K8T15BYFD7,18,4.272625065041795,4.4360983883593175
AK5PXHJI808E6,21,2.4017224090644698,2.7084924641776644
AK5YJZWPQU4CC,24,4.471176013353899,4.511973106922249
AK5YUL13JKBM,27,4.445308772591239,4.480515481282176
AK5Z0KECW0E5A,21,3.6155122199764067,3.965904597226996
AK5ZAQHCFCDNF,22,3.6550989762365016,3.951443454772449
AK6026Y9PD8NP,25,4.574134867663767,4.661618643607657
AK61LQI92GTCH,88,3.627172276005608,3.7751749924299323
AK6HCIJ3355KI,20,3.8369722039031835,3.9805353962542727
AK6O6N4OPBSNC,47,4.911461560852403,4.912487736937127
AK6UVFSU07NXH,27,4.374949922930555,4.412434300793922
AK7CAW3N1XZV6,78,4.248110903271558,4.312746770548826
AK7D1BHZOSOL1,117,3.7910794817381865,3.901623791680269
AK81WLVD5KGUX,29,4.212211793223157,4.26117293930684
AK832PBOHNHG2,24,4.174782217272168,4.254135436984431
AK87TPO4PARMU,23,4.585893028750572,4.620031836474341
AK884KK342T8L,46,4.1238544908888075,4.21431990483564
AK8PHDPK0RYU1,21,3.2263064340895617,3.607293628221632
AK8SQYSTBC2WT,20,4.739679810682571,4.752490868063012
AK93M1DBKTECE,21,4.124785472138894,4.241821427172237
AK94A7TC015YO,20,2.781286165229306,3.1235538191764514
AK954V08WJ3GM,20,4.284331109724059,4.389211882801061
AK9HW21HJ488W,27,3.8830980818392686,3.941177689683124
AK9JFECB4DI3Y,25,4.392526374016998,4.4822497290858685
AK9S9CMT7NDLL,20,4.260355359138793,4.549000459528806
AK9UPC78LIPIR,19,4.390375104727019,4.439692089893202
AKAPA9VF3VJSQ,32,4.827787163566511,4.830173032018762
AKBRU20R5P51O,54,3.9434822167323387,4.098253984713495
AKBYBYD19ZE1O,15,4.579305334083371,4.619473417349875
AKCDHGUSKVJ72,20,4.795505072028099,4.822631682249175
AKCF45Z2DV6TN,20,3.671699830811361,3.8938819621914202
AKCZIJ6ZHE41D,21,3.5955507349594558,3.7775593785133275
AKD3NT9SO1VT6,47,4.864725301330117,4.867377837118074
AKDK9IZEP61EA,22,4.483363009992501,4.521519682123892
AKDNTUCRDP0Z1,20,4.994377608906987,4.994378964136653
AKDO92SFNX2IL,27,3.457566932722461,3.5125308213643662
AKDXXW89ZLCJS,33,3.9534972710046405,4.115408304981906
AKDZPNKL0R80H,23,4.1408118291386655,4.230833760300804
AKE0VQRJGA1MR,23,4.635616853941761,4.691709343672983
AKEKH0KGH6QWO,27,3.4786626074098006,3.7191551232174542
AKF278ZC318PS,29,4.383587620588412,4.49548682116084
AKFOEZGRDU7C9,20,4.490603445224897,4.629899239393642
AKFU63H23ORLB,21,4.05650054403681,4.1961898646916005
AKG02HTYGM88L,36,4.296461969077759,4.407951032271396
AKGU16GIP1SES,17,2.7769042900100445,3.252021933415557
AKHGJNOTY28QQ,18,3.595662881453662,3.758917527482435
AKHM9DWR9FOT9,50,2.9218434388208596,2.9638429238174924
AKHVEQDDBEAJA,32,3.8597139673114844,4.090741063372979
AKHZW9I3P81RA,18,3.657533119183879,3.878897006869299
AKI13A3WS8WBF,29,3.9464354286163403,4.07425251388079
AKIAUZ4728VST,21,4.823200817761811,4.826168998223984
AKIJ5DWV83VBE,38,4.751564965468487,4.765736275265057
AKJ9MEE93DG5O,75,2.69478297793938,2.9185465245069144
AKJLJ29QHCEN2,27,4.994155002905459,4.9941561080821115
AKJUCE0HYWXDW,23,3.417821342458475,3.5727738289229323
AKLVXL8W4FKD8,19,3.4381029852954046,3.572727658697358
AKM5IRR7HDGMZ,21,4.972213133621862,4.972269952837994
AKMEY1BSHSDG7,124,4.558083276716369,4.635419530394491
AKMPMWKXF5GZV,19,3.390684340167644,3.678515656481046
AKMXCZXE0KD5H,24,4.405156879378865,4.490855692330336
AKN1NMLK8U9TV,23,2.827123307940956,3.104036182351526
AKN8N7AFE53CA,19,4.710021758201878,4.713493719480001
AKN9X08DTF849,50,2.5456734427118577,2.7264489361384205
AKNT0X3NEZIT5,23,4.495841196001511,4.551577250199179
AKOEK1HPLYB7U,23,4.872820121493868,4.890034011978671
AKOJXI7735NT0,23,4.728904800596009,4.755165961146078
AKOKX7EWCX9MS,30,4.914146365084005,4.9149274626434964
AKP40TIE5SVSQ,27,4.260705404164872,4.331979978000356
AKPW2IRLY7CMY,13,3.2988225443415975,3.5760012553651523
AKQBU72Q8SCB4,24,4.922675970109723,4.923140096767342
AKQCLDNF04AFR,55,4.339961283204232,4.442026158786765
AKR0YKOP8M8TA,18,4.5495458197640595,4.607223446731748
AKR6UK8O6DM6X,45,2.8673353848884386,3.3038465488327837
AKR9Q21Q94BB8,17,4.954989650445862,4.955358741141124
AKRYJH06IZYMK,59,4.456885428235306,4.510448798905867
AKS9SJTHTU0OM,188,4.242164172820878,4.274239422366667
AKSO1B19JLSYE,24,4.861614132693222,4.862452358973573
AKSQNMIKOU01H,25,3.7524544113063145,3.9869861595036444
AKT39LK1YS658,16,2.7907357344486736,3.0743008757629577
AKT4XASOM2JKJ,19,4.988754423881331,4.9887718698600745
AKTYKLTL32BMH,45,3.245796183362337,3.7031393993190513
AKV2BGUT50B1X,59,4.294359485321263,4.367561048560149
AKV4SVIIEKX7X,31,4.769904976510752,4.784831299459694
AKVU4HUG6AN1U,22,4.584531481131641,4.600462905389932
AKW8QX3EJSQL3,21,4.922753342827285,4.9273076821520725
AKWS79G5WUYUE,22,4.856133145003339,4.874031893490669
AKXA1DAZSTMD9,27,4.709864755604731,4.763711716267823
AKXKBDWEGOA1O,35,4.693132302143578,4.792563292932985
AKY0T6H89GVIY,28,4.959154537724715,4.9592361252194355
AKYDGCKCY7H9F,20,3.233437109955331,3.514584633532349
AKYG83AVQT57Q,24,3.815098043904664,4.035054484988922
AKYN5CRC1COWN,20,3.8704023252292155,4.0072658854851015
AKYNIMNI8LOBP,34,3.2087303005442585,3.362796334924278
AKYYUFFALAB7F,22,4.093113207580842,4.395330366574894
AL0FT3LR33YRJ,27,3.961130218444082,3.971061397142941
AL0JWMAW4H0F7,30,4.547328652622307,4.63737316680588
AL0URJ8F78NQ2,17,3.519724064154911,3.6042813801029028
AL1LQMAP39A7O,18,4.745013655380299,4.754766599872987
AL1SFJ3J3X28G,20,3.5507877888253105,3.9128676862682403
AL1WBEKIEPUPE,54,4.540661168617784,4.624754150290205
AL22B55R91RWK,28,4.083366674372927,4.360292974544914
AL277B4AQCWBG,78,3.1915750864097507,3.357814385287869
AL2AWYLFC4CJ,36,4.028157454758218,4.145745899450279
AL2CYXYFQF7YC,31,4.397786482521202,4.4564185924355195
AL2F997ZSO97B,19,4.180650136175168,4.286090759814039
AL2R5TDRGREGJ,23,3.8628059382806255,4.001284588319319
AL3905465GX0L,22,3.7144667085539194,3.7885927081873403
AL4A04FHWPLLU,19,3.2357916122792147,3.563582313888686
AL4CJITRALYBU,20,4.843348982654932,4.849857642551507
AL4MKKO24563R,45,3.311552154686469,3.6981725309512483
AL4TVLL3K71J9,25,4.687561922954039,4.716886406465738
AL51TV7OIZJ4G,45,4.114699257182408,4.19498210435746
AL5OEDM8TPTKV,62,4.507272909610867,4.557386771568363
AL5P6IG4WZ57J,95,4.172886502402707,4.235233911527573
AL5TQX7VV6BJ5,61,3.767527003548115,3.892440253587444
AL608GG9VMTID,17,3.044076767824079,3.4288632521956934
AL60C9VL5FDQ6,35,4.906240086225054,4.908566201397092
AL6JIT43D8D4Z,31,3.852369509265534,3.9734523528449675
AL6Q4IIX5MFQZ,19,4.388926217728636,4.450114727001885
AL72BIEILE0Y7,24,3.998341301528138,4.1649222383695355
AL76ZXAYKV9YA,55,4.3435091557166166,4.44268280587341
AL7DQ7XE95XSD,25,4.001176648966,4.11046111240972
AL7HW45VDAWUZ,24,4.913493352539821,4.914302862361273
AL7LEBKKW8XCC,22,4.13540471685071,4.350439631443918
AL7QLCUI6ENYU,23,4.667956447545713,4.746202123107615
AL8IDHJPCE00K,22,3.573543984852597,3.866081556781996
AL8PR28ZI6RA0,33,3.5801214632580844,3.6761360776881755
AL8XS3UFKN639,17,4.565247945682096,4.704370526007203
AL90IJRE9SD5K,19,3.273061031593413,3.3836375918315973
AL9WKVMRI6GFB,41,4.090214296391471,4.1538964673268195
ALA7ITRHEN2MO,16,2.143139146240699,2.4218111931048627
ALADBFMAAKXQJ,16,4.063140821869366,4.284946926096534
ALAHHG0WJPZSL,24,4.143310196546611,4.212846302694588
ALALGY2GIMTT9,22,3.810102440741463,3.9224853713416787
ALB1MF6JAU4RP,24,2.9589487234954563,3.1881472623879312
ALBRLA1C8XI59,23,4.080022409700787,4.285848107334127
ALD1CRUBY1365,60,4.098202299473887,4.189584299871583
ALDAF4VVLFRHP,17,4.684402584931658,4.705366382537898
ALDK7EYWK4I7U,33,3.9294597552944492,4.1433029489844735
ALDOED9AP54DV,54,3.261219728929034,3.520596505355094
ALDUGAKW8DL2E,25,3.3062074866854605,3.412959025652319
ALE6Q77QHL1MU,28,4.23122886995562,4.351631066150584
ALENYHN1G4KOH,20,4.440511292653983,4.6316050396405295
ALESF2WTCYO3Q,19,4.153984828098136,4.281794241130682
ALF06F901TFZJ,21,3.923418092561022,4.144810264268289
ALFDYM8F62474,23,4.780550647498177,4.789903088704288
ALFE6ESBYYFQ3,24,3.912263099248007,4.12012189853927
ALFRMOGTO1K4M,17,4.907761922827807,4.91416950695312
ALG3BXK0FP8M5,17,4.661004205678244,4.67938377935329
ALG7QH2L5JL2L,28,4.408811313832343,4.463774154230677
ALGAE0IGE4DBP,26,4.689447379234103,4.720243945074553
ALH5ICRHO43PV,20,4.272726625387447,4.343744306934857
ALH5NL8EKK58Q,56,3.9840396344522033,4.173200718537278
ALHAA16OECLSX,26,4.591572193811135,4.64208231104364
ALHIJE6I3JP9C,40,4.89897744543324,4.90584761693984
ALHORMFNOM9RH,29,4.694667309430581,4.742514572755248
ALI3DS4S6IIPD,30,4.456565385634723,4.489852315584425
ALIBRR4PLLLX2,78,3.836811214025887,4.014280446366271
ALIR34V220I9R,17,3.901093662093044,4.014879804297236
ALJ0ANSP3D93H,35,4.91711356011785,4.922456713173943
ALJGB7XHPFCR,43,3.925398990552425,4.043313758968536
ALJGJQ5QX1CK3,40,3.257854952152072,3.4855234410475693
ALJLONJXLA3OQ,68,3.0670657257746563,3.1874733581912937
ALK3753BZFYHL,26,4.818175921287744,4.830988766857306
ALL087C49769B,36,2.8787005249985653,2.997865133420923
ALLIGF5OZM1I6,90,3.378712461934223,3.5203878803230864
ALLJT7S5QOFFZ,30,2.832072010317474,3.1488101051343778
ALLR8RLF4U200,17,3.6354085133917806,3.7299958675128506
ALM9NXNJR9IP0,26,4.253540257123306,4.363295054706829
ALN0TTRTLHA4E,46,2.967573831944506,3.3304456737999324
ALN4JF7NBVGK7,18,4.543553812033181,4.571124989347086
ALNNI99BOPS1S,16,4.907337161519306,4.913563836205491
ALNT8PJPGL2ZX,21,4.634386163468461,4.6595269522224125
ALOMJ2OYX3NT2,27,3.829992156163127,4.024903574904379
ALPVOGRMYOCT7,55,3.3403175718047993,3.6909864232517178
ALQPYESUJ3KH0,20,3.2014778385458387,3.3669740501759353
ALR35EFI69S5R,75,4.209192832575978,4.249885085107535
ALRRY5D5A5N2E,32,3.904999971521867,3.908356384234944
ALS8UEKYBP624,15,3.9119453113162606,4.055915821351364
ALSQTSN8991P7,20,4.405985453539025,4.47854022324819
ALSUN0WB7CBPT,22,3.8490845091274832,4.152228886299996
ALTEMZ5MA4398,28,3.552857585472399,3.819714189454927
ALTHTGMZ7ON53,20,3.9249229102320817,4.104453323246527
ALTNI5BAFUAQY,63,2.069857756857748,2.5797450451868857
ALTV9AEY8TCQ3,21,4.51633515886636,4.530451372207513
ALU3Q5KIUGE4Z,27,3.178642672018899,3.355756988958827
ALUD6AX5RPWGX,27,4.612724612075409,4.685351272840039
ALVL08FZYKGTM,17,3.898178261185001,4.0056240482677135
ALVPCT8WK29AT,32,4.5853458768074855,4.611976643758709
ALVPWH16E3FL3,21,4.653923434895531,4.731682515699572
ALW5J11BELE1F,19,4.738458827476834,4.752933416742631
ALWB64XOXNMDP,126,4.380260502810967,4.448705522925464
ALWRLDJ6P5IHE,20,4.984315835382159,4.984385887812811
ALYO802XSAPL7,17,4.1308333045348204,4.244379665989018
ALYZJ7W14YS26,26,4.438311460534767,4.66256961087316
ALZWY9L4E5GXO,36,4.957244254981344,4.9600488754113465
AM09L0X6NO8L8,50,4.262272081509963,4.337716091561153
AM0Q2JUS910ZQ,52,3.6575964421620983,3.8804097546675442
AM2PV53UX1JEQ,101,3.9217491292051334,4.067007768403474
AM3DJWMYIFI6R,18,4.969329215092831,4.969797131949393
AM44WOBIJQP9M,42,4.115975219430491,4.246131037980249
AM4MMIYIOK7CN,55,4.817692854247078,4.820392583308089
AM4T0KZCFCGT4,21,4.951854899454726,4.952229056477402
AM5G0RHY51UJV,46,4.212478756473365,4.3458739638912025
AM5JAOO5ELAOT,31,4.7613499772616725,4.7684900598611675
AM63A7UC2AXVE,30,3.8260401424145454,3.9437131360576094
AM75BJM9J2JSN,23,4.989464452358599,4.989479107528286
AM789QQV6EUM5,19,4.930377864204506,4.930870900556198
AM7ANYKNPD1LJ,25,4.434414379167699,4.582088754228553
AM7Q5M3W8CZMM,68,3.449939751114885,3.5172095876004477
AM7TAFYY05AAU,30,3.6635683135440784,3.9882752171116262
AM8HTJUHX6GXM,25,2.562516024559704,2.9006984788018757
AM8M5BAQRIXY5,25,4.743267600195178,4.763014120370078
AM9COTSUFH2LU,52,3.4788303261659985,3.7949878282162075
AM9E1WTTY53OC,23,4.72222220904586,4.742875411606389
AM9JAZXCVWQWT,54,4.55696996862072,4.602574372778466
AM9YB0BKXFH7Z,15,3.597208622059559,3.8445046184658045
AMA6SPA2A43JH,19,4.154219231916532,4.331194161239535
AMAKF2TI1NG4L,19,4.968871931591082,4.968940873222861
AMAP96UDBR2Y1,18,3.8234117190702626,3.898707400189421
AMAWA346T2D3L,25,2.285411581151361,2.5776846616433096
AMB2Z4FMDBWQY,36,2.6204069417756823,2.8970717469105103
AMB8HJY1YFEC6,20,4.105235507943559,4.4021438087976446
AMBIFRHLCFVGS,22,4.260229392196629,4.398838966093528
AMCNC5VLHARW9,20,3.7071109588951656,4.0771341112252975
AMDAU1WCBC0S,22,4.741612157820675,4.756312788068938
AMDUGSBVEGK4X,28,3.6180577530592606,3.781329297738353
AMEQ7N2EZ0YHU,25,4.717619314925101,4.78577074238958
AMFIPCYDYWGVT,17,4.030650981953135,4.097579179657573
AMFMVWHYF2Q6T,19,4.411354444429866,4.474686512322352
AMG1S5RP9U9ZA,13,4.821730443287707,4.851303179027342
AMG2LF8MLUDN1,47,4.1335850903184514,4.298374611378167
AMG6M89YE0ZSG,25,3.6237769807832665,3.864789974824606
AMG88KV31ZIIO,79,2.145998407532247,2.768625180863621
AMGFZD2GQG0MR,39,3.9884162716980742,4.135274222152657
AMGGZCWY3VNZC,43,2.8695344640544262,3.177610710482368
AMH3MVGRC2YG,27,3.9794004569397936,4.215345862417657
AMHLRPLTM9ICP,52,4.246253894571778,4.290612311145339
AMI8149RXQ0M5,27,2.506941125465107,2.8586012342017426
AMICVV9N2U2R4,25,3.3789655869136435,3.6100161081297446
AMIGVTZZIWS6I,44,3.34884337310494,3.5190631839924147
AMIOLJHCQHGBE,45,4.060576212793824,4.218241910154554
AMK5M14G3J6KR,42,4.021991696768126,4.256387172816031
AMKKT0EKJA5ZA,25,3.4149741978031214,3.490085991041107
AMKQP0R290TLS,24,4.429059619713129,4.530817225531348
AMKZHBOK7VMQR,63,4.17411084742691,4.22481503406832
AMM20XSJM32PA,127,3.679036696616729,3.9095733896188465
AMMEMPM9MPS55,49,3.587914744349381,3.6870678366735037
AMMNGUJK4HQJ5,74,4.050692691200569,4.172274197198188
AMMRGJ5V3WP3H,50,3.8192991694730494,3.9931910813599703
AMN3VCMA1OUO9,28,4.191690292638338,4.336552292265422
AMNNPDX9MFEUD,84,3.1013179103696262,3.3574943828915065
AMNQ4QPC6GZLI,18,4.203360282559788,4.244585305431908
AMONGV0LAI1O7,27,4.059984826539988,4.207386192747062
AMOPNZBLUBU2C,23,4.265282441475834,4.357566606386629
AMOQW6FNT1Y8R,19,4.034233490358894,4.292059665736391
AMOZDGEZJTZVA,21,4.829708934398449,4.84748496594549
AMP6LJ9WW3YC,20,2.7922240188381067,3.04336729958039
AMP7TQRWAIE84,53,3.4646418257366847,3.6121411992252015
AMPEE8FTPDYY2,18,4.9659965487773725,4.966282433169004
AMPGRXQMO89X9,27,4.3916611261364515,4.4471118612192315
AMPHEG5NOGT8X,23,4.5477025633361725,4.592712065692871
AMPOTVVOT2X9Z,43,4.507204488911676,4.580135757785193
AMQDC2C0A9F18,20,3.305135910252023,3.5687479724753843
AMQHUUTD8TJTE,16,4.595226204147403,4.631281439794938
AMQQMZE9M1IZN,39,4.778046503736413,4.837287126945829
AMQSAU1R5F8GF,28,4.647323054882442,4.6586503491434
AMRRLOM3XFSXX,19,3.532911533409375,3.717625324043018
AMRS3ZCARKWG,26,3.9737106909692903,4.054058268627712
AMRTBFZZQZQML,15,4.186527528857752,4.205893190992378
AMRWLVDSK7AV8,27,4.535325292555606,4.561773523979362
AMS0KR29YZXCE,22,4.5134658321686665,4.6082986456489925
AMSVPKADRJUF1,15,4.245500812609246,4.3300615137339795
AMTE7I4H2A3I9,32,4.895924312387206,4.901835738655602
AMTFJ87KTCFC5,23,4.741850313166543,4.76835246990655
AMTFOMD0F4KZQ,17,4.688933491815496,4.74755685986107
AMUIUNTKTUA36,18,4.184527698994361,4.2096686703701165
AMUQ066OXNH0P,71,4.453660455361288,4.510587214557088
AMV124L0EXUO,24,4.4123666174085585,4.522345242044131
AMW1OYXWOGZGJ,97,4.524089783206776,4.555716789841506
AMWAP277BFGRJ,18,3.390296587101968,3.7507510406598326
AMWL7XIWIPXEZ,45,3.6280365822961906,3.8537069534008697
AMWQC7VLYI1U4,26,4.986290432736691,4.986305635909077
AMX1UI8JZXYQF,25,4.424948282441152,4.532188576706816
AMXC3MTF98Y9,27,2.9859433856357036,3.233344074784943
AMXJDVI60YD39,27,4.640031582798719,4.657991411036155
AMXLEH2N7P15,19,3.963771290787014,4.157107135951065
AMXNXXHAFS3FT,21,4.419239914145926,4.492277887986512
AMXQSW27742DW,19,4.2709822631392,4.340791969970982
AMXUSQHMT3SYB,29,4.0148238687574,4.220424670422759
AMY5FH3WYKZQT,30,3.0792580370524214,3.4217728624483366
AMYHZ2IQW0L6Y,21,3.8567147032619493,4.051812813804101
AMYMJ96STIRW,57,3.469434326388158,3.849026794812478
AMYQVXWY2MIFK,22,3.8180296088444923,3.9994332508883508
AMYT1CKHY6L9Y,18,4.6003499993097305,4.690756880533876
AMYW43AHO16SS,98,3.4265597784361823,3.5622816128522747
AMYWL00JMEZXA,30,4.061734883826655,4.15002384859096
AMZ9KMZFGBWBR,19,4.272610657048067,4.383290432265381
AMZH6J7YUP4IA,25,4.615646730125599,4.693773347799895
AMZYAGVDQWTS,18,3.4247995705409564,3.855272142100253
AN08FJ6EQ4QDS,20,4.513741335475872,4.616278740550631
AN08HFRHB54FB,56,4.087228190209481,4.182542976886851
AN0ILVRWZUV4E,23,4.384938005306427,4.545185489593535
AN0N05A9LIJEQ,18,4.501943434749485,4.550620101615037
AN175XHIN3P8C,19,3.889866716787536,3.955802420916152
AN2HRLE3K65YU,23,3.29727756545391,3.5331438037122376
AN2N97XEH04S2,41,4.574953813225728,4.604132934289378
AN2W5U5RDCTL7,48,4.326334115158054,4.393354235720843
AN2WDDRGJTSML,53,4.241465064215189,4.311479270189737
AN5M6KVZMF618,20,4.378179673185723,4.4506669928830345
AN6CQ59YADYIY,20,3.233064061200159,3.2778885634663446
AN6FNWSORMBHE,18,2.4585247394267644,2.8811789330559248
AN7UG8SKKSGVG,16,4.112220799759,4.316391935429317
AN81JUYW2SL24,18,4.077887936455017,4.2193380777184055
AN8GALY0O06SZ,52,4.8441455889938485,4.869777560078762
AN8M401S8Y6DA,49,4.018540031182992,4.09456909151719
AN98Y8F7Y1NH0,22,3.5882468663892086,3.7932656878576885
AN9AKHOX9GQXS,17,4.995583806432281,4.9955840297877305
AN9J46667D80O,71,3.928231923401936,4.008789452449418
ANA2PVMARGY8H,24,4.5044952721815905,4.540983384644467
ANADE9ADNNBJP,44,4.201722251715631,4.414357212086144
ANASR77T283KA,26,4.279723045504505,4.3283489585369965
ANAYSRE3LX8GZ,198,2.51187587379032,2.7908038037108636
ANB3L606S9ZLY,19,3.823302394177195,3.9500748728691484
ANB8ACFIJUE6L,29,4.914742296078648,4.922221874405437
ANBEJO2TLASQX,52,4.844861939505356,4.848546919813318
ANBERA2YJE9XZ,21,4.242037165335795,4.385690858757127
ANBGAU35RQL4X,30,4.309680769679759,4.387691392255666
ANBPOVUZRKVMU,29,4.268769923990934,4.309216779703751
ANBQIWHO9JRFS,97,3.422128885666043,3.6108462048830385
ANBSW3BALFRR2,24,2.2921281340192423,2.630583262919726
ANBYFS0SVUZO2,24,3.451714706782704,3.511490556328604
ANC8SQX3EDMOE,19,3.237516237600705,3.5518350701166144
ANC96OOJ46FYS,22,4.099958702854084,4.261930091827739
ANCBNKSES2EHJ,24,2.60553691384893,3.060115420999619
ANCJ0F675T25Z,43,3.3680482106725873,3.724013328411115
ANCOMAI0I7LVG,1048,2.1233668290419687,2.399390361383507
AND8CYA7L0LH5,22,3.5569780027962876,3.6797843897806906
ANDGSI95Z077J,44,4.330429068339154,4.461019625276937
ANDQ728IF31X3,48,3.668514296916586,3.7237281119823384
ANDY2Y21N7FBF,21,4.232062921470216,4.4091851220790215
ANDZLSFNII2EW,17,4.69891059892155,4.72969623453324
ANEDXRFDZDL18,106,3.3990824152959656,3.672967286016194
ANEGFIH3AC6LP,21,4.101595754764028,4.234684970224019
ANEUPVXP9GKJQ,35,3.354919605727457,3.757955680106058
ANEZJYKUDNJYQ,18,3.9294823266972827,4.167651468487994
ANFQPAT5AOMCS,23,4.181616060631212,4.254871909055155
ANFRLQIRQYKR0,23,2.6031810450773394,3.051823445165988
ANFTO5TLC2OWD,19,3.583588985192957,3.6623435405430222
ANGC73MKDGD0T,23,4.286078601698831,4.310874462303955
ANGDV2K0LCCH9,21,4.624740332976683,4.715633358963159
ANGFDOSY7R38L,52,4.159756835415561,4.316805967178017
ANGGNFE8DXGYC,33,3.741172286367764,3.8237906816928553
ANGH6401L9Y0T,296,3.309307635025347,3.4200320499200196
ANGRKHOW1XIBN,23,3.8977777785727694,4.162787200826454
ANGRZ1TV8B1FQ,26,4.880884560245566,4.884443815270837
ANGS3A242MPLP,40,2.7082343355493568,2.9202932716807894
ANH2KPOAK6WLS,39,4.201182422793851,4.333513974816759
ANH9TJFSO2YFJ,17,2.959746122562802,3.3948389051141588
ANHBN9DXMJC0T,32,4.686980112008598,4.7085497550910365
ANHG5LZJN610L,19,4.908384587788883,4.90941703649379
ANHTCXAG77MBM,86,4.425180167762008,4.485743340667463
ANIEU8QC4MT9K,18,4.160128796595094,4.229676282548636
ANIMV3SPDD8SH,70,2.9967872250794283,3.1757700633914183
ANIQWW6NR8RLE,71,4.947079202357619,4.94743162976975
ANJ1O3BY9XXW6,36,4.88462807707791,4.889343857368912
ANJ8X1J5DVNMW,33,4.452159743645842,4.638086344963977
ANJXYGLLNNDLV,36,3.979683527718873,4.14485028252807
ANKE519V7DVBZ,23,4.199207834201891,4.311395792727242
ANKXVBU3SLXRA,17,4.341116630314767,4.430637277241712
ANM1L0OK53O9V,28,4.541372694359056,4.623920470949585
ANMFFCVZ3KM81,28,2.6467469037236193,2.8474538220938705
ANMM9KIAWYERY,18,3.9521822951994974,4.008662564467435
ANO4PGAI917Y5,19,3.703742619268773,3.9825744142894814
ANO91XX9GNSCQ,61,3.6076610574880346,3.711991233437267
ANOAF9M5MTJHN,71,3.755846770341366,3.916949561704226
ANOI41S8Z4XS7,27,4.776589028178329,4.791785873837277
ANP0AC5FJISWH,44,3.976507806852688,3.985069684949372
ANP1RB2XCME0X,21,4.957740184309911,4.9582857279118295
ANP3R2R4V4GAN,34,3.658336232419167,3.808208083826961
ANPFHMG8XTFRN,22,4.885213539234794,4.88658785732831
ANPJLHNEURXHP,24,4.405189955676563,4.482605240711853
ANPNXS31ELWXH,18,3.414958458417656,3.5443102813249903
ANPXMT8E4XKSL,33,4.119259139906322,4.214777020929444
ANPYWAMDON1CF,57,4.721929045965161,4.736949506087546
ANQSZQPXXGWR4,22,4.653316693401881,4.68699298807096
ANQUC4ZM40ZU9,18,3.210791980410929,3.386470781986296
ANR4USEITQAH6,23,4.942524477064286,4.942767039134961
ANREISZFU1VU2,19,3.2752014785540817,3.6467147778962103
ANS42XKPWVV0N,19,4.985931420631127,4.985958080418295
ANSIJUQ6IQB9G,52,4.915063615589122,4.9156359356859065
ANSX333SYE382,20,4.655957592148452,4.679679878758151
ANVJFY1PS6Z5C,18,3.286265111418264,3.6783111088519314
ANW7ZQSOJQ2A7,24,4.618758958257641,4.666733201584531
ANXOAMFXPM715,22,4.884554228390081,4.887102262755991
ANYDQIA5YVBMM,42,4.394275991507755,4.507608542845809
ANYHE19CO4LM5,17,4.041727306739208,4.34415256129891
ANYKKMEHB0ABA,69,4.469771377238287,4.509799721414946
ANYPGS25K4N81,24,1.7382033826248608,2.123912749263093
ANZ7C7H704IZT,118,3.8952393829334953,4.053859390884402
ANZ8RAKCHCIZ4,23,2.497557271545935,2.766144045020052
ANZTN7BD7K6KW,23,3.6266485723426105,3.7844907269868564
AO0CUI1CANUUV,25,4.307477544698209,4.503672574597986
AO0MMQEHXGPCD,25,4.772867301527753,4.797442033027549
AO0W2BY9NHLGA,20,4.223760783048518,4.330195406659394
AO1BZIVAMN6MO,21,3.8519115435313878,4.082975243309753
AO1L1NEZJK9FT,19,4.682766413607723,4.692677434840738
AO1VDV1EA72AN,19,4.468332578808153,4.519071763961628
AO1Z0TQWCRGL4,202,4.811546272006182,4.818994401879199
AO2DZ7WIPM74U,34,4.492606573061813,4.5788365284401635
AO3ZVS2A1SZ3Y,35,4.07290117831155,4.26765073245035
AO461REE0KA4J,18,4.594076372366503,4.611435164734068
AO4J90YPX5RU6,85,3.0975532538383255,3.3907532001639145
AO4ZG16RR30OM,72,4.727501701535662,4.735607103767754
AO5CB7P96U58X,30,4.408509540016708,4.5479226981858565
AO5M4IL1MKZE,18,3.6979790998749515,3.8697925503675132
AO5QBNCXTVSUQ,23,4.367613059200598,4.4230936629893405
AO6EW7LZGP3V4,20,4.575675299657478,4.687956550068177
AO706Z80OA9K,29,4.300176489138258,4.3879562893353015
AO75G9C6VEQLE,19,3.400285661895715,3.4824242460107824
AO7BZ61KGYRTQ,35,4.35070441206647,4.530184862200966
AO7E0YTFBUNXO,19,4.745939524970763,4.762628979760246
AO7SW2MD2X03V,21,3.0789956293628595,3.418855842962179
AO809VKTYYQPL,25,3.9501394434921635,4.0859695227162804
AO80ZID761BZH,16,2.8845335610246803,2.9768666391451273
AO93RILPBNA3Y,31,4.371757583575911,4.569737779679828
AO9J89WUKF46J,34,3.7222081494843895,3.829283071716507
AOAAX92CVVC1M,17,4.066473652964995,4.224128688387473
AOAW5ARGQWSCY,30,3.316760064233441,3.466835595928113
AOB8P8Q9XG1PU,41,4.794903611980149,4.816856312450126
AOBITD0FCYYWO,25,4.900131527555238,4.900986361827609
AOBJJ7EFHWSCA,35,3.764970645944246,3.9637459628156506
AOCJJXO0D36PA,23,4.3769086764457485,4.422136220916045
AODDKGNNV7AG2,22,3.835196878600331,3.9580066326341874
AODJH64L019QA,22,2.9109892406148505,3.1998832734636755
AODKUG6FAKD2Z,28,3.590210501243439,3.7340297016529447
AODNTUYXZGE5P,22,3.7233383360989207,3.821919056241254
AODPHDP20E7NX,35,4.203915615149605,4.304613572214165
AODVOF78YUAVS,19,4.141803832160086,4.391290287648032
AODZ0Y5ZC9UP5,20,4.766905377322908,4.791014903841853
AOELPGWE9F8EP,19,4.591613223936863,4.626714087024418
AOF1Z36106AEF,30,4.3417815913174485,4.373786701673181
AOF3C7VFLDNLC,16,3.038338947223564,3.2651350774886954
AOFEI1XEW48BO,21,4.060619172569172,4.3162888552434415
AOFH8HKTDBDDU,25,4.97991654187205,4.980095936887273
AOFKZLRO6BONC,21,2.8383671479949104,3.144181478956822
AOG7BUZM5IGCL,24,3.7427004773719488,4.02181690745019
AOG975LXYLX3D,196,3.6180285426539514,3.7497322068500147
AOGSJZXPKF0BD,26,4.561014280787176,4.586525255727796
AOH4D3S38593T,20,2.7855302254675354,3.1120657854622458
AOHOLVJEMQIU8,31,2.9325358207421868,3.0610123692941302
AOHRJXBY67A5H,25,4.539267970670466,4.574844507670054
AOHYZBTBQ5PN4,28,4.4197008321621984,4.486924166660861
AOI6Y6GO2G5E8,25,3.7893224377505437,3.9896784679863573
AOIK5Y70IZXY9,98,3.1165900761038787,3.3208911202846747
AOIODJ887EIQ6,32,4.928026100095093,4.931232200230467
AOJ4NM48SC8B7,20,3.7836520925276993,4.023714556818019
AOJ7KWJZ9AC40,15,3.6491063885115564,3.938463335459712
AOJPKS1ZFISJR,23,4.616347822758226,4.692036427802447
AOK0LO4DK3ZJP,67,4.699196168833153,4.743004903648619
AOKBEXBIG445T,19,4.516011755031126,4.606624252586057
AOKQRKSXVGQGR,27,4.8456313796512465,4.848638764510697
AOM00QJSNC3F1,21,4.77260174024714,4.846859519972736
AOMDGKZTVIE9P,49,4.2179729214822705,4.321032578013603
AOMKA3BI86OHF,25,4.504649206797405,4.6351007300251155
AOMPYFMZU7S1O,55,2.3713829230599046,2.8956053709477985
AOMTN6W195D71,21,3.556193663810358,3.652908099655647
AON2YU0JMNLZY,56,4.8682000261357965,4.869753707942637
AONH8BCN25B7P,22,4.347996896807442,4.504509384950255
AONJH0HAQ1S48,50,4.280480363725578,4.418027007163624
AONUKUMMHOXOO,17,4.475406446517525,4.514171211963304
AOPQ0KA1B7BFD,45,4.507212137572233,4.551328210597402
AOPR5AEMM55SD,22,4.912168002861831,4.9129947617259
AOQ7VV0O68LO1,18,3.3146534197483195,3.500633226171212
AORDFWTTR8N75,24,4.289549177657472,4.370318736775783
AORW1FRF4D4KS,19,3.970973083325274,4.137762351955836
AORYTMIR2LKZ5,20,3.142187827429206,3.4647728171111023
AOS5ZBTQX7QIT,31,3.0663060926633467,3.40100214942416
AOSSCWQ3KZ8Z6,28,4.75386163414925,4.764223970429591
AOSZBEM2J2B3K,40,4.584117894129359,4.641979186000996
AOTBTH8KJ2G34,27,4.703607382855578,4.772445926680421
AOTJ1TVF87U4L,41,4.618953450152711,4.679251851187076
AOTMP0OKJOUWI,23,4.094871674322474,4.214191294549451
AOUJM47OAY7M5,25,4.510489024642172,4.569502184947908
AOUQ59VG42AAL,25,4.514890372376951,4.541779818451652
AOVJYIUATQKR5,100,3.174899406381454,3.312693681412013
AOVP4CF97CS1R,20,4.957009687108908,4.957132240951186
AOVU5A9GVXHFT,54,4.086346064051702,4.239807436708825
AOWZQAE1TO0IA,58,1.9330350495371358,2.5752687643705094
AOXL514GEE4AA,59,3.1343511935837203,3.248058337636041
AOXNRZSOXR4MB,25,3.668711984356694,3.8438543552585784
AOY2SMN0LR7RI,23,4.51500743894131,4.567543283087894
AOY4AEMLKLD6M,26,3.983934581127507,4.12173665475924
AOYBZI9248RXA,25,4.978384409859234,4.978410411015329
AOYTQFRLD8VLP,101,4.273853654930935,4.335755887143888
AOZ2AHX1PMCN6,19,3.832173962115873,3.916598303372929
AOZ5ZLPFB3ZZ4,17,3.217169329605403,3.4364509373087126
AOZGOFPVAUMTB,134,3.4812733933284905,3.54880966219226
AP0DQSDFSLP4P,33,3.8923713737273835,3.924348939192469
AP0DXNA7P1TSL,17,4.937879224539213,4.938128604084624
AP1WE2DB14IL1,100,3.483338250027816,3.6287300865265975
AP2XEOK2G8SF0,25,4.9035784219280245,4.907926022083251
AP38PUPMRNMCW,20,4.471026718568416,4.550477567147429
AP3VHIZBRGO9X,30,3.95915811727096,4.143009507501538
AP3VZ336XWH9Z,20,3.860940514166269,4.045728238000094
AP3YO81YVPQSP,22,4.090955743009398,4.38206078977821
AP40TY8769CBM,18,4.828191945267837,4.836724036968537
AP49NELK5ZPRA,25,4.794193724079305,4.80506547213762
AP4D6FL6MPNDQ,18,4.519175670088036,4.565689464751113
AP50P603W4BA7,36,4.4657095654335395,4.509274172342869
AP57XCOMP5BNL,26,3.0230623167832715,3.343986023718506
AP5GV4FTGJUD2,24,3.8950548944098204,4.011681972775718
AP6EHTUS9ALW6,25,3.6388627319046036,3.90187524584231
AP6YITDVNZD0U,34,4.982670768443952,4.982697491659623
AP839YM0XJ664,50,4.025402141757667,4.08605118764388
AP982QTVZK60N,29,3.930218524746715,4.103551238448528
AP9DRM51DEGT5,28,4.225157909897152,4.308542268544974
AP9RVNCXHB3OB,46,4.86856229230513,4.874801961650581
APAJGIGTZB5L,19,3.238258904696424,3.568916762651087
APB6087F4J09J,15,4.103988913836973,4.324284303997731
APBB297H3ZA5E,67,2.813424790447854,3.1891282408446258
APBDZ88BBTN4F,21,4.1613554276888705,4.270334373649266
APBKPZ3J65RSO,32,4.332205738377114,4.370057955528528
APBY1XIK6J1S5,20,4.384614792015254,4.47913629593505
APBZQNNTMQLY7,29,4.753011167256924,4.7649253032869945
APBZTFB6Y3TUX,31,4.615218167339891,4.672990272773319
APC8ZBGJ0UVFV,84,4.2489797471038955,4.318707543392205
APCLB1PKZWTTO,20,3.971466687283146,4.007421891789554
APCUHWVKWROT4,24,3.4694551627693744,3.7544729062257454
APCWOH0YTHK4O,20,4.156338488360193,4.213682177263978
APCZ3R6AZA6XY,20,4.359168997615184,4.4430976330546255
APDPA11IZPYLN,34,4.319783837215304,4.349014435320519
APDTAXWCCVZ9Y,30,4.97120767542288,4.97125216618427
APDUCWHP5J905,23,3.102347391416395,3.3187230296143886
APDUJFLYHYG7H,28,4.502806546860468,4.5692684467013445
APE3RHJQYC3RL,20,4.569407668122931,4.660719357941542
APF42S0MLC69D,45,3.533461897666194,3.6989827437827807
APFC2ZBLZE98I,21,4.609326506580418,4.619235876601888
APFNVI3XU0VQ7,17,3.5857705593935316,3.647673576287276
APFOCDQF9YXJT,23,3.8288703004809355,3.958003396923148
APFT03Z2TSF9V,30,4.153145307310426,4.232949772855208
APGZ3OPE6U7P8,18,4.879786565523074,4.901190590730441
APH4EG6DRPMCT,24,4.537929615000203,4.562742180897783
APH5QM5WM85LD,16,4.5459720266389,4.628575688893423
APH8C0RM4GMQB,18,3.1647216926389223,3.4184034672010273
APHL6689NEDRX,32,4.164132993233943,4.402740507788702
APIGH8OMRWJW4,25,3.957905379102913,4.257779847668319
APIK4R3ERFR3G,25,4.805685023360229,4.819395141533236
APIKBZAJFGVGX,29,3.4125284208873676,3.7362977472472676
APIYJK0VXDJ90,30,3.8426902967608947,4.047541157723705
APJ0A7CF70XNO,17,4.696425361254098,4.7305927725185395
APJYFAB5WIWVP,21,4.362613196659677,4.575493742212814
APKA4AD7LRFNY,22,4.586405985777355,4.606300228683541
APKRBCPLYKKXR,18,4.035317182225633,4.14971658520342
APKUPA6QRR0E3,17,3.7650992770499783,4.038064951423005
APL8860V2DVOB,22,4.137289820757129,4.355286076995867
APL9O0WGP6XTD,31,4.873180695844672,4.877158531904796
APLAYRDGF11H2,21,3.5309172507384794,3.6290323457839935
APLG1LLN73NS2,35,4.987870658528922,4.987882608374915
APLGSMC2SQDOW,17,4.024133158230306,4.130300454153456
APLLDBMLYWJ8A,23,4.731984812624029,4.750977024014041
APLOVEJPJNYH4,19,4.439837548165195,4.508887921508052
APM0MJX0D6GAB,26,4.605062480937845,4.708810029279773
APN2A9RHVXGTT,28,4.590525303633107,4.62597784239232
APN812S5I6Q1K,22,3.1100615801091576,3.2404799909611945
APNAMI2WCWFE3,26,4.481722278513517,4.552602598362068
APNI1PZ6PGL2Y,24,4.5754847553708675,4.601082483485192
APNJDRLDWZZQJ,36,4.178929091991596,4.287929732387747
APNO6CZMHWOXZ,57,3.8081254435806042,3.830034638194902
APNTA0OD249AT,23,3.3759650443080775,3.772976750835392
APNWI1W2D3HGH,24,4.864803227570149,4.866155513642683
APOGXH3A74CM3,202,3.4628276937849596,3.6300138389511405
APOQVC90Z153K,18,4.835390480920449,4.857076132453441
APOUYO1BEPK22,43,3.707972423558646,3.8171567521061993
APP5MBH2BSX6I,39,4.121927453820274,4.231640982838841
APQ19QZH53EP1,29,4.824376856793385,4.830467145098044
APQ8N1UKS1RDC,40,4.237662879608507,4.362360736201294
APRCA8YNALMJV,30,3.861643569949807,3.999242145149736
APRHZYE8U0IGM,18,4.473849780104216,4.523381742526062
APRLOJ257FGCI,21,4.40998063418388,4.565597196942559
APRMX3QK8NCQG,19,4.742165319916343,4.777138855864417
APRU373UYVK2Y,32,3.968990923599486,4.08556843646002
APRVKZZLIZUSJ,34,2.8422443936011286,3.29367365425467
APSOSLICIDIFX,22,4.955218501305811,4.955437614353674
APSWQV6DHA3DW,38,4.495294871638063,4.558089910046176
APT6JPBTK7ZB,25,4.476408544023824,4.539652835837791
APTB2VKQ2RX15,25,4.933053502761686,4.934838352633049
APTP3ZOCEI9XG,30,3.7526442480365207,3.82515207775802
APUHDIL2CEI3C,22,4.859553363033392,4.8674634737890745
APVIT6GCYVL6K,20,4.175230668002173,4.276159938693478
APVLSKQ1HVOQ9,24,4.1996309258188464,4.272101421023107
APVW0ZQJZ5O4U,28,4.966303657053781,4.966601808386577
APVZSZKE3W1QP,22,3.035881142033139,3.183422452787262
APW72P4COWTBK,23,3.762895821042791,4.014657794064889
APWDWABVDKN0P,40,4.903395125536093,4.9042868012272685
APYCNRS112N2B,24,3.2263433425544616,3.5829337878987686
APZ7XE0OAWEBY,23,4.93475718763077,4.934931431225931
APZ9MBMUKD2W,63,4.218306777814216,4.330864183366546
APZC5PRJVM0PY,27,2.5127493313081932,2.8259974761190145
APZGKRVG0HDUF,39,4.922650695700445,4.923940113196378
APZSWNPMVSZ84,24,4.340689900200407,4.4077691525941605
AQ01Q3070LT29,446,3.1141806408688666,3.372232292220931
AQ07WF9O4HG65,34,3.0559375632649064,3.378451306712962
AQ0EO10KTRJ4V,104,2.518608695647008,2.77286100075205
AQ1LNZML4WPP,21,4.588463143515166,4.674671486310878
AQ1YLYOK4UNK4,20,4.94832621537583,4.948994570700908
AQ23YNA8MJIFB,22,4.791060975556415,4.830401267764699
AQ38OU6SRFGU5,18,4.261292091941123,4.332138990872371
AQ3LLSBMKGKXI,19,3.5354587087158476,3.8678250945281474
AQ3WOC26QU7U8,21,4.872840206966005,4.87849591384923
AQ3ZW6NMEQUR5,21,3.402492806154057,3.766083624349974
AQ4NJ2T9PVI3L,26,3.98134640079065,4.128991106377807
AQ5EWB589NN4V,21,3.8011093240010663,3.919520202923159
AQ601H57WZ1KP,27,4.382728448077826,4.410126509007166
AQ6SV7LDSMGBE,60,3.6814910496554614,3.8757784055578632
AQ6WXOXDZIYCS,31,3.661468798687649,4.008237057233626
AQ7AA5G9G224E,45,3.3628082391630176,3.507388924980082
AQ83WRYKACFMF,20,3.8205293120139245,4.046602883424399
AQ8B84Q9ULLLM,22,4.172874282644131,4.290859678106828
AQ8DU6XVA3USJ,105,4.4340469019532485,4.528321474393341
AQ8OO59DJFJNZ,147,3.6608344977831795,3.8660881754890664
AQ8SX9HLM8KFW,19,4.0195292241904985,4.078741256972639
AQ990HW13DP08,78,3.823058891917016,3.925358182646338
AQA2CF6VZMH6G,26,4.036444967187957,4.192107001604491
AQAK5PPEEW584,20,3.324485603543856,3.642509253582204
AQB2RQVBPJ14P,41,3.521904282885912,3.663170454538812
AQBFFJL0OJ1HU,18,4.816002156946863,4.825772598641371
AQBRMBQ99ESI7,105,3.7918636125959844,3.8596780967549362
AQC6ULHGZFWZK,87,4.285787556027079,4.442718409109652
AQCD1307TM93R,24,4.388341889443537,4.470337318777336
AQCEGI83UVDNB,23,4.96673738673727,4.966796593785106
AQCGH0C4ZHME7,24,4.978492391987328,4.978526075198674
AQDEZ9JJUWWQ8,21,4.473855562749857,4.529251841821413
AQE41QO3NEUMW,21,4.595001371264222,4.641044207058392
AQF3D0KX5SFCM,32,4.0467854138928026,4.1201797462541565
AQFA5M3EZLT4E,27,2.921856874081067,3.424496147831478
AQFIZ3GR3G1Z4,19,3.4680181221788344,3.6371305570384154
AQFPMDTII9VLK,18,4.3689989989387366,4.458606801407789
AQFS5PUUINYTA,39,4.619974320407995,4.646540386838347
AQG2VWKE14XV6,19,4.760165939897989,4.780466747908228
AQGM89HZ7981H,45,4.42043372770343,4.573706814903852
AQGNOEJ6YECG6,32,4.4064865717157184,4.536379370747763
AQHB11KUWP2LR,18,4.939832425631448,4.94515216579151
AQHJZM2IOK130,24,4.4109152904084,4.53481277940779
AQI2CW6UKF1ES,37,4.022710790586489,4.191191276814827
AQI3TIJ3GPPB6,20,4.21175804850696,4.317586561163293
AQI3ZP58EJR0G,31,2.8387142165081594,3.1464850371518085
AQJDBWTIWQW08,19,3.459346766313685,3.743050098041842
AQJG2NIMJFQ2E,25,4.766794362192959,4.823086188582062
AQJUBIWM5GPEZ,27,3.972989729576801,4.052294615081486
AQK59F3UJ0Q4G,29,3.1546555265666667,3.458163248473268
AQKKQ6L7Q9YJS,20,4.166992052108592,4.293819668130023
AQKN0LR4CQY28,31,3.9146661332776627,4.230931265564272
AQMBGUNQHFETQ,21,4.758028924067704,4.833209120693208
AQN5HDB19A5G6,18,4.03984568123987,4.396860800872009
AQNS4AI6EEI8Z,18,4.854500749714068,4.855094734063762
AQO22WBCM2HKD,20,4.63877038618188,4.655253777213684
AQOQ4X38HJ69,30,3.651201220984375,3.7294291380522955
AQOTLVP2V5W65,27,4.659232685514567,4.70024798126419
AQOWV1V6CI2IR,24,4.936978879034681,4.937891280809976
AQP1VPK16SVWM,530,3.23793750836164,3.3778883344446804
AQQFI7YHMRL7S,18,4.1794129155822555,4.2502575794898965
AQQLWCMRNDFGI,23,4.659853901397115,4.736075995503765
AQR19AO0WYEG8,33,4.945568034287199,4.946007226046269
AQR22MPF45M3P,40,3.4045785603322862,3.696682336485205
AQR47DBVPHEH4,27,4.348827023781844,4.407461164138803
AQRODCIYD7PYX,32,3.459074277651148,3.6695741267836257
AQRTVVAQD6AAZ,17,4.975176364179637,4.975280343712097
AQRW9Y3RKF3HX,30,4.989788757662648,4.989795634861378
AQSCSYPGM7URJ,18,4.9291693686552325,4.9296977851236266
AQSMM1Z9BEOYT,18,3.3634100081077856,3.5485124822992096
AQSNJ8HQ3WHMS,20,4.8946436600444905,4.903747634824964
AQSQLWD3NLMAS,33,3.9414763135670383,3.991381802398125
AQSRGXTSUPEJT,26,4.667809360251176,4.7039022610165455
AQSRMOFBTBFP7,22,3.953101502339677,4.083254508029241
AQSVTRAXNKQXI,46,4.74392424183784,4.750574332068534
AQSZZF2R0WAEC,24,4.80763101695969,4.8241227759438345
AQTDK2O5LJC85,21,4.834763885446462,4.845333006633728
AQTMS6U0VL6C5,53,3.9638064978143634,4.04154775653473
AQUS54YC6IY6,17,4.871220896868472,4.894228707144533
AQUU8S55JGY2H,24,3.6963866900513818,3.929897820025549
AQUVTQFFXP4AC,66,2.581498685790741,3.0274553944935425
AQV43WHQO3PD8,26,4.80747488939634,4.8207632126106965
AQV86RF0W4W3U,18,4.682725353880332,4.704363635480363
AQVBOVE8P7K3J,35,3.173126538451231,3.3480358280704787
AQW7KVT81JVNE,18,4.545178762411168,4.656003558044071
AQWZYNDSUOVC5,21,4.087231079860347,4.248458943561069
AQX6OZYS42U6C,37,4.598628602366547,4.624736446470927
AQXG8FJANG281,92,4.013151679312822,4.270973464689795
AQXVDPXWOJLH3,24,3.4123240551245764,3.5901649844524113
AQYBG98TCY2AQ,19,4.789071339048316,4.79657935980337
AQZCE5275HBZJ,56,4.886344991120351,4.88807388426215
AQZH7YTWQPOBE,293,3.4814953612760147,3.668474348493423
AQZKKNNG6GWKV,19,3.6165990419994127,3.8073431414297376
AQZKM6V84AZZZ,20,3.5310866394409013,3.8598642041937183
AQZNYJJMU2Y8X,59,3.346590628357738,3.592203764009791
AR0BHE8D3J5LD,71,4.7146060438278035,4.733964016627745
AR0SS21QQ2JPK,21,4.844870360554476,4.86424720646777
AR17FPXX3083M,19,4.317163198299375,4.363668437745061
AR1BH7E7H37ZY,21,4.142547500436318,4.188710794298422
AR1PFG9019YL2,24,4.135390355474038,4.291782198033153
AR1QNZK3HCT32,18,4.984646132563568,4.984808143388805
AR1T36GLLAFFX,78,4.180942753193546,4.276893891243846
AR1Y1B32JG7RD,19,4.844215163440069,4.864308849153972
AR250GXL5AZ1K,21,4.218931973076788,4.439726302881784
AR2DE47VCY1C8,39,4.5448094879509995,4.581492149421911
AR2YF64A2Z2J8,40,3.5007437570288773,3.576151223381385
AR2ZNBYLIUYQ6,59,3.177665073102695,3.37675524390427
AR35V1GNLOGI8,20,3.3941996262161047,3.6363312686835223
AR37967IAR6ZT,76,3.5180623491780776,3.7165477653108088
AR45WZI8CLCME,31,3.96112610254151,4.0428844504332515
AR499INY4LM5T,22,3.7303981554897816,3.9606243691794827
AR4HOTHAVIG4L,23,4.97944181960331,4.979627653809105
AR5BEUDKUKX9I,19,4.834879804629587,4.838481095427216
AR6A32BKZ139C,24,4.863485825674393,4.8752128819913425
AR6MI6AVH9YML,24,4.436710164016876,4.56554139924245
AR7CVRJRHA5O7,44,4.791557347056989,4.831335673989211
AR7S8DVLFOJN0,21,4.454919794726822,4.537202082048174
AR80XDZDR4RE9,58,3.9871978355343063,4.154726573972838
AR8DE38X7U0HK,25,3.8841325227742107,3.983243070291984
AR8JRW08OOEM6,66,4.321663958475011,4.445159783472275
AR8O7SVSEUI9Z,24,4.691306928429032,4.730560330937938
AR9B4Q4VRCFSQ,19,3.6771528133491014,3.769697890291605
AR9HINSA5N0PW,22,4.588948251734352,4.6706140215438525
AR9QFAQDN16Q2,22,3.652896602257522,3.7921425822864423
AR9UOKFVNBHUV,14,4.791620729151996,4.817578377173432
AR9Z4LT28HV2Q,32,3.523649035118865,3.6103386807041864
ARA0SIFONTG3F,24,4.343857951631775,4.4253613655794375
ARA48345JZPZR,102,3.8039442267551316,3.921444313602022
ARA692SQHDZTO,28,3.9869240021738825,4.022647269308659
ARBBT2T3Q3DNH,44,3.7696939070177065,4.058248159506902
ARBRWSZH1CP70,41,4.6959080484475475,4.743372918083735
ARCMEPVMQ6UZS,23,4.135563490736324,4.439489367777607
ARCXJ94Z3PZYT,38,3.9563954896974534,4.086725611696254
ARDJX4RV93PCA,20,4.179438167320681,4.257602935542884
ARDNTJLKLIULD,37,3.8489081568159365,3.999751052667936
ARE649TYJTV0D,22,4.028852735802565,4.322630262743279
ARECZGN51DK5W,31,4.845344498125027,4.847526680412797
AREL5ZQW33CEM,32,4.933329202908137,4.933583064462295
ARF601E834COA,16,4.810165225613499,4.834929037281809
ARFCORBCTKX1J,133,3.386827936743565,3.6501517151527696
ARFMT6MS9DRFZ,21,4.980775875539758,4.980824834352475
ARFP7DXIYEF35,28,3.858819554759926,3.953751034390947
ARFPGL7OEATYH,72,3.189279628650383,3.413445934010527
ARG5MCH4OIMZO,29,4.244789801204731,4.364965002704941
ARGD5K60RVFJP,34,3.9320366380217386,4.005504445452765
ARGIK851WHJF4,21,4.531584608133736,4.634736925688229
ARHBKPDOREUTX,26,4.509519222261749,4.545287158529336
ARHBQ8UGA8UJE,47,4.823564342121446,4.82895841659513
ARHHOPPK9SECV,18,4.476751065371652,4.564667612793838
ARHLJY8CG4M8Z,18,4.093562300785807,4.159936022713006
ARI9AAQGT976R,25,4.442052845563452,4.566402114513495
ARIKEJ0WUBOG9,18,4.544113238163608,4.573903991212305
ARJTWEJJEV0J1,30,4.0882723517710415,4.364862946738469
ARK5SAGVLW3FY,31,3.2655730265486103,3.6072998053355647
ARKDQ3VDS7WA6,21,4.876670337106429,4.878266306490915
ARLFA201I5BZS,29,3.2053731473815126,3.408871738429728
ARLGLS7NUCS44,87,4.487832614903722,4.5034746451172465
ARLKYF9JL3QKB,34,3.658918340853824,3.842096165504518
ARLPB9TIHD50E,27,3.479364205369016,3.6097169205509125
ARMESRCOD7ZRV,33,4.962324961155161,4.962411479127898
ARMG4L2GLW25A,22,4.392947203518315,4.465885709707245
ARMT7L6NYJ0XR,19,4.734458461885698,4.820135555432035
ARMVAHWQQ9S8A,37,4.251751199667609,4.311272343061691
ARNEUO7BF3J55,49,3.66495387620669,3.773094311761915
ARNKJQJ74PVXZ,18,4.746921503858437,4.776194757645775
ARNS5LU079K3T,18,4.172098140060351,4.323951113535229
ARO4OBY802LCN,19,4.709984676000317,4.790984729963517
ARODYCYK4GZKI,21,3.8993764694699644,4.0643200360301215
ARPH5OTIMVE0K,22,3.583471481479719,3.712816259281795
ARPP0NYHJ0A9Q,58,3.6748781470713707,3.7493649514257474
ARPYGVMMCE4BL,26,4.966881385990314,4.9671334487225485
ARQDRE3L7PFKK,24,4.877814352241825,4.894515070861538
ARR1DJAGD5992,19,3.890171862240376,4.067138042244823
ARR5N86T3OL7N,21,3.0703129357429,3.463319788392573
ARR6PE1SRLF5X,18,3.9760153403798193,4.125890341129843
ARRJH3XD0DQVI,16,3.771150872623942,3.96902859232477
ARRKEMHZJY9VB,33,3.6510849243812507,3.774852601889314
ARRRFVU1KMROB,26,3.901240543750997,4.005430445259919
ARRX9X8B6XH05,21,4.38356516622037,4.483514280129374
ARSA69LA07CMM,27,4.2327951956223,4.426676614654919
ARSGS4RQUVL1O,22,4.962417049671116,4.962631739809191
ARSKIL69H2AT4,29,2.8358784179124177,3.106996546712232
ARSYLELHP7ZQS,26,3.655055635041123,3.9161950235976306
ART0A50PCAYLU,24,4.77241797639408,4.78742230042166
ARU7CE1C8N5RQ,20,4.969913066871926,4.97046763104734
ARUWE49F6B5WR,19,4.060408410981659,4.219590942523706
ARWCFLO1Q0XY9,19,4.30990313146554,4.3657679246235634
ARXRDVMZ3J7LD,33,4.81569931661125,4.831707851951673
ARXUTYSPF3GBW,27,3.9714867178761413,4.060361220379404
ARXYVR1TPTY6P,66,3.19090937268584,3.5600072440623607
ARZ2CXCZDCRGZ,22,3.714283343929264,3.7617805310662673
ARZ5YP3Y4QJDH,20,4.4608786094612825,4.515081307784914
ARZ97UKD2FK5I,18,4.517944127285603,4.556811811637663
ARZPH7T99S6I6,19,4.586017938059435,4.622665704871325
ARZQ0P65QPI65,38,3.909492681280951,4.011916727610519
AS06Q781EIJFB,26,3.463511622111088,3.589861013712612
AS0E6PGMNN680,21,4.619084026573156,4.706056421979795
AS0EAN9ZEYE5S,19,4.604321934432358,4.652111186393029
AS0RNYRU3YTWW,24,4.305453038142748,4.34295792470832
AS0Z0GZ3EKRFB,45,2.7175096090258846,2.887464355475614
AS20W6A6A14B9,20,4.678631707936216,4.732215723295779
AS225A4BJPC57,35,4.298663196223927,4.3754519728788965
AS28WVBBZ3G99,47,4.0289161696353375,4.172566666353007
AS2J1Q4Y0ZM5A,39,3.803283034228663,3.922067688642119
AS2RQSVNN6GRZ,23,4.687133668835653,4.691861862310584
AS2SJP1G389FE,61,4.928888391937945,4.929169544273644
AS2TQ1T1IW89Z,33,4.77507517594105,4.777634435267433
AS425CD00JTH7,26,3.750689720578262,4.171043555823023
AS48X0MFHNE2R,20,3.4684248317203688,3.6993906315610543
AS558SNWF1DXG,54,3.3785850041240177,3.556337257514309
AS5JFI2WIEVGT,23,4.51500496920877,4.542813328819821
AS5WT47O3WAJS,25,4.885799738969669,4.893105379114218
AS6SH2JM2YY3H,122,3.570373888303911,3.6870818274499984
AS7B4W4KOPQNV,33,3.7409517852072427,3.9432697619308503
AS7BAIZ5KOHA4,66,4.300403138463361,4.3848850486167645
AS7CWNEYCALMY,45,4.0578820953472965,4.177454996519523
AS7JA6N006377,20,4.93164438592241,4.936354640488285
AS80OLMJVYETW,18,4.055406438652714,4.430553416019141
AS82JWMD3WAUE,23,4.742792527000348,4.761333748370149
AS93SDTTD4ZEW,35,4.798514871337041,4.802877087288058
AS9K2E5I30D3G,17,4.984715172349145,4.984979655034435
ASA97YSSK8UIA,19,4.750135495188325,4.766648823679353
ASAWU68P2C2TJ,18,3.545806837512692,3.6267921797622207
ASBL8DXTSQ2IF,17,3.4990559212123173,3.7058576134513874
ASC6UZVVJBWAR,25,3.777298881787569,3.7878402708958774
ASCC3SPZ5M20X,19,4.585635873753831,4.635318769949933
ASCR6RUWOU1F9,101,4.1025114918467915,4.199916849786158
ASCWWM8JQE0IE,35,3.7575423194519724,3.9217754360494914
ASD28AVU69C9Y,36,3.4459392139524794,3.6155643552542376
ASD4YBL5C9CV8,24,3.1608205850410265,3.6007834847646314
ASE4Z475FIXGD,29,4.675640727163814,4.705738528748856
ASEBX8TBYWQWA,166,4.236932451386156,4.31184220411067
ASEFQK6UDDA83,32,3.798258179703402,3.9657426261307336
ASEMV95I6RNXD,29,3.7640234659524734,3.842551428978235
ASEMVJPIW4GP8,25,3.9657478726131457,4.068140042605426
ASESEWH65K2EP,16,4.098623123162581,4.351602194648852
ASF2Z8OJR0TP3,165,2.6914530764438966,2.8843626670932334
ASFCEIBZOZFHF,38,4.756505492298423,4.780910675536794
ASFRHGMI9A5IA,32,3.421148280529149,3.6029784241152116
ASG2T5OVK54I3,22,4.742692982952055,4.760207619904572
ASGIVOW34XNQS,33,3.6970032883202175,3.8427801932303427
ASGJ99W6T21Y8,27,3.802891492740965,4.020769773619008
ASGMTDINNHZWQ,21,4.982815684834048,4.982828375307043
ASGPXFE7JWOD1,20,4.982631061535274,4.982707668993196
ASH07EY7KRVU0,31,3.8852447391557643,3.9807719866410944
ASHP8S5ECNIDP,34,4.8880520091046735,4.889594558057059
ASHPLM8ILF12F,18,3.810888586006678,4.115438180408466
ASHQFO3KQ81OJ,20,4.751312155661571,4.767492117568653
ASHT96DUVMF1S,23,4.196604670570515,4.272404934103755
ASIA7V7CBSKD3,86,3.850422950329991,3.965835792993779
ASIEGG17K1UID,27,3.5179489924809735,3.7373729871549455
ASIR5MR8RX5AY,23,4.232389200932182,4.336584108943707
ASJ0ULDCBVYNE,54,4.868778684326775,4.870503886748919
ASJ5O7A2VTVT8,20,3.578118040078182,3.7378257520828218
ASJ7QB66JU4RL,27,4.624238806152386,4.666952823845753
ASJ89T42CIUHU,71,3.583171545283051,3.769516255154724
ASJL7M1M9XFTX,56,4.582034244589523,4.6046927018803965
ASKECFIDZOQJ7,22,4.371778023419965,4.430631437596819
ASKQ5H7P9YCYW,25,2.2705859691851216,2.815424043871183
ASKVT8BDGBW2N,26,2.356383652928222,2.690441437627427
ASL61YP0GQGBB,27,4.365424376026591,4.445507216308812
ASM9067C52QZR,24,4.430284568162755,4.54834438545799
ASMBYX11IUPJR,20,4.381597986370498,4.415410974248621
ASMHI49DKWLDQ,23,4.977829087639256,4.97785626948379
ASN0V3QNMC296,35,4.157181665270226,4.4005404632979515
ASN34K1JNRF2J,30,2.4120666663666737,2.779947452938605
ASNR98OXZIRHF,27,4.974383860843737,4.974487650021823
ASO6NKANIEL17,24,4.641911010114577,4.721258190628855
ASP88RYAOHDIP,24,3.451224103817695,3.6384629864238294
ASQ8KNNP3A7FP,55,2.8830350342958413,3.1752843861882165
ASQCSPUW466W2,21,4.640964360477143,4.699105791880191
ASR3S306PVDN7,20,3.3655768609174124,3.665408494138093
ASRB35ZZQZGB,94,4.756988129892007,4.764877878975346
ASRNOFD0WNKDI,18,3.630640386977286,3.8963461034636033
ASSOCRBJ21S8W,18,3.6545576912490563,3.9919230363366247
AST2GHV7Q7N3I,17,4.74791538293688,4.8030605589481015
AST8PY5VL069N,76,2.141829460248803,2.530014936137315
ASTK6KKNE1HP7,27,4.003047017855651,4.068140797518654
ASTM6V9ZZER5V,22,4.795671262880912,4.839501950440058
ASTXL22YZVELI,25,4.233397628558726,4.308975365083449
ASU5IH3CM6XXE,27,2.4542115909746047,3.056736261877771
ASU7U6IVD97X1,15,4.249871559767924,4.348216869657666
ASUFCNTWKDQU8,22,3.9508344498046686,4.121226892328559
ASVND78RMD7CO,32,3.2624775935719192,3.4386899563718787
ASWNLW9ZLXJN6,32,4.6141032383367175,4.636521516979966
ASWWOJSPQH5H9,22,4.536628839398394,4.572359025543851
ASXC0H0K5GIYL,22,3.4014158820874623,3.6926865063926444
ASXL207Z7R6SC,29,4.192242314256188,4.281351056611047
ASXW7UQXGMNJL,65,3.549969182896619,3.7049134835803876
ASYJUJD3PC9QN,20,2.8521149064386107,3.072776078346728
ASYKUKD5MW46V,53,3.7664256517543886,3.941257869451625
ASZB90AC46R3Q,14,4.130380799478293,4.247960769877205
ASZGADJQT6ET4,21,4.325534283880567,4.460819825713942
AT07UZQQR7ZEH,62,4.486768142427572,4.511955960607322
AT0IUFVPFJOUW,18,4.231909174129298,4.395978525495671
AT14CC9QK5BEO,49,3.6374143408278075,3.9353870956191015
AT1KQRMR7YFH4,26,4.718930613605123,4.733448992197983
AT1M1DIZTZGUR,25,4.260615061355865,4.376327558230536
AT1PIN6WA88V9,33,4.466687988119949,4.613609655966806
AT1VVANPVIDOD,30,4.851440037640829,4.864702643200725
AT1ZKU981AOPC,33,3.9911894672461705,4.113568649215772
AT22X5VD3GFKJ,22,4.256577451689661,4.376198194954541
AT27JJJR1PA6R,21,4.844619339890107,4.886320459668448
AT2BYFEVLVITT,41,4.0361695561679,4.1200323695798255
AT2ONGBAQ8HFD,19,4.32562640884945,4.4395218612420795
AT393OR1JTYNR,20,2.1922436968214365,2.439239311821126
AT3LXU3A66BOQ,34,3.635632606748765,3.7677279050610446
AT3NIL6Q0G44I,65,3.586973404352267,3.7700132417712147
AT3PEYCCPDMMM,22,4.975810581925294,4.975857740837958
AT54Q2ERA4PBR,24,4.238844297857109,4.445023026373904
AT57B36BHDQ00,25,4.072416195416258,4.257605422871183
AT6CZDCP4TRGA,105,3.3739863449569687,3.566830848678594
AT8S2OOTQS8NK,18,4.744827973778069,4.774458361915501
AT8T1Y5D2SLSV,17,3.7307736272715166,3.8610423043854407
AT91TDFMJ3FXE,20,4.819738418621655,4.821409630861215
AT94ICL01YHU0,37,2.8897077947340875,3.512221135625962
AT9LC9H9XNT9P,21,3.657796824435221,3.665151621433327
AT9UTWR7NNNRP,21,3.324853800888365,3.7662639491484753
ATA5X1D6NI5HQ,18,4.803121244749406,4.807273213823765
ATA9L747CJ622,25,3.612224198795943,3.728525714052587
ATAA4EJC53SM6,31,4.515334837024401,4.602817086965371
ATAIWJS7UAV4R,46,4.633155757133168,4.684511355472369
ATB5SB7O7U3OK,18,4.264228895873959,4.362468901737271
ATB8MP2M9L5PM,27,4.285763885614081,4.454018382478024
ATBUR4A7YCN09,18,4.872033053031035,4.873489505345127
ATC534GKNX15B,27,3.452923794841834,3.800690039813321
ATCNPH85QAOTR,80,4.258341096742033,4.410532746927778
ATD6WEHLDS2W1,44,3.953665943776966,4.14666250235928
ATDBWYU6MJNQ3,29,3.4591626049758544,3.8408936372407942
ATDE9JYCPI0L1,24,4.277789419220631,4.372150693485143
ATDTY1RCILGFM,27,4.6709127379324125,4.685036063715422
ATE1K7DYGEA8N,18,4.43769667107476,4.5313399532717895
ATE5SA1VTJNP8,50,4.040057724610334,4.213351232123981
ATECU14VUIOJ0,37,4.001179838557704,4.10965530754969
ATFK55IXDHS8M,18,4.368091867463481,4.50690669710395
ATFNT456Z3N64,21,4.661366459112019,4.676957931617214
ATFWU4WSZ38BF,25,3.4324715097916947,3.7276904718108312
ATGKWYPPXL26C,19,4.797026186225241,4.803584099010728
ATGXXP77KFG9B,19,4.387945774607465,4.589825145716315
ATHB5NLYRRU9A,31,4.64603498421129,4.732051220337781
ATHRZT1VW0KWP,25,4.650996684118674,4.749030379217267
ATHTCOG6BB6WK,55,4.203214014623944,4.254285963328194
ATHY6FL49VVSO,17,4.969834141258996,4.969885523455997
ATI1Y31W5IDA1,29,4.136421345421016,4.249049056750376
ATISNKWYBTL0Z,90,3.4074140213252013,3.500781887133088
ATJ1AKNV47FWM,22,4.978777986641695,4.978983203827127
ATJ22NADXNLD9,63,3.7600435981421847,4.040077239221824
ATJK1XQBTXGC5,35,3.309910357597233,3.4929900927063744
ATJLR5VAS2QE5,16,4.347523627223331,4.472632520392102
ATK1PI2HWROER,57,4.075072303554645,4.2379276462068685
ATK4Q037EM13F,19,3.5867712553745896,3.856054867118532
ATK8L9Y8JVVO5,26,3.8420483849894254,3.9116546456682446
ATKVDKXO3Q6ZM,22,4.458023738753467,4.493854737290293
ATL59M13CDV4J,24,4.360611656176592,4.4519388815223
ATLPIKQ2QZZ73,56,4.187090231398252,4.260688529481996
ATLTFTG0GNX1W,26,3.941211464145194,4.064533750709638
ATMIH8039GOP,22,4.1442024141224945,4.214345046416405
ATN5AJK5DJUU1,21,4.979628278280314,4.9797177113166455
ATN5QUGOZLOU9,36,3.342273036933473,3.4944773583793474
ATNIPTZ88MQQN,19,4.713938247395074,4.73350211886886
ATNPD96ED2IYQ,21,4.104408946803954,4.319389985247302
ATO06M2U1Q15L,19,4.5047569882351715,4.635705404263559
ATO37N3ISK12B,39,3.1616254017388385,3.4266175914610897
ATOHBACMBJQQP,46,4.892588912176838,4.894041354579613
ATOM3R33LV089,24,2.5492645741180646,3.1287167370121316
ATOS750XCC9MQ,38,3.900223642031615,3.9985057312925685
ATOSQVSOA3D8Q,49,3.8748336905548775,4.13040189364949
ATOXHSD1DJUQI,57,4.580759205610283,4.677240248700667
ATOYU6QSA7E1T,20,4.971022235080607,4.971054375746216
ATOZM6AZ0GMW4,30,4.323339735568213,4.439879380265551
ATP9LYGM6D3RO,40,4.256465655426681,4.325667229462824
ATR3ZQJJEBRIM,45,3.8932224265793884,4.067556313312701
ATRFUX9QKGBJY,24,3.793169719759815,4.081734653596193
ATRYT5ZKNLN9C,28,4.41275325990554,4.461286203015725
ATS1HA5M3EPZ4,73,3.3124472231300843,3.426985032404335
ATS7LYGLUX34L,39,3.783070339565012,3.882885311913824
ATSFS4004URM7,42,4.201849474649544,4.321655453085365
ATT44BYJLR56A,52,4.232703606867207,4.387113720781763
ATU3G9OOTV3G8,27,4.977977331045076,4.978143470412807
ATU6AN7OFVO0M,35,2.8392024719636337,3.141369601707
ATUI37J1WNKRJ,20,1.8287266831476168,2.4387193883815828
ATVBRG0VSWU1A,60,3.292484444072169,3.55291587721669
ATVEIRVUK2JT3,21,3.914693978719674,4.107192313637347
ATW2KRVMDSKJR,24,3.922337126683679,3.991060953764379
ATX0JVASBMAVE,16,4.90912833435603,4.915225044543698
ATXL536YX71TR,97,3.739544136530488,3.9318140884310666
ATXNPJTH8WHWI,19,4.123896768898135,4.2653179932743654
ATXWVGLKWDPX4,23,4.704691115521922,4.725526956713042
ATXXOBIFOZKGC,33,3.914918997045381,4.012396793160383
ATXZA9T8CS1U6,59,3.984676439448304,4.039010987286994
ATYRLP78UDQUT,20,4.722998215648355,4.7358637689472705
ATYX6CY6YLY3E,18,4.188946650695775,4.289636907091277
ATZ1LTONGHOP6,66,3.6257616025825348,3.832632751650878
ATZ2QEHHG0XT5,21,3.7644770159532337,3.8912509790202163
ATZFZONPLXQJN,34,4.926437845941908,4.926940406751767
ATZHEUAKXQTMB,21,4.8824429310733635,4.886172664400233
ATZLNOZKAWKQC,31,4.9682986222652135,4.9685046973186475
ATZPI8XK3KP7,20,3.7369991584802946,3.9883854370461442
ATZTSAG7VCNGA,24,4.783411776286681,4.816134984473687
AU0NV5KSJ02QZ,34,3.8989642112718497,4.212009754687184
AU16PWQSVT5H8,16,4.8980905788920435,4.898583409529561
AU1K3JP4CIM9P,29,3.9446516096493807,4.010297879856036
AU1QTX68RWUWP,37,3.2211224077285943,3.3734278435001515
AU1S5W0I1UZL5,24,4.542470985021898,4.6276815060769865
AU1USQ9BJBD8,19,4.203272519951333,4.453011498590902
AU25GMX57XBVO,45,3.4024231636545306,3.5826439517792665
AU27QWHJP2MNC,18,4.829274830799017,4.850349415269789
AU2IUU2WBJRTQ,25,3.930262956790721,4.130893184254326
AU32ZJ0LGMBSA,28,4.403702112669641,4.495887914739474
AU3PO882GSVB,102,4.235627476430167,4.332227356493059
AU4C8YKQXU96T,55,2.4184985219886146,2.73316930125582
AU54V57YOEXTV,21,3.803007007686697,3.9491624472558757
AU5I1NE1X9G2R,22,4.60607752829494,4.698994839181671
AU6FJZNUULV59,41,3.2288000041581806,3.4695441286519255
AU6NNPEF2A2UC,134,4.272239852003756,4.315047070791143
AU6RBNRJJNKW6,16,3.2680466689822385,3.4647188399064084
AU8A2TECE6TIT,19,2.766260313128671,3.1851031840638795
AU8SXST2BFKXC,40,3.7590314139978687,3.907479996951925
AU8X3ZST8SBKN,32,3.4047277058481806,3.512012514486057
AUA15GOQSMBH0,54,3.932283663712027,4.048155329735643
AUA4ER3SE91GD,27,4.875443312677121,4.892936804803646
AUAADN8NO2CQH,20,4.985672736385176,4.985689579894127
AUAIE76LILNQQ,43,4.959452218933611,4.95969787368211
AUBB7WK2JJJR5,43,4.918938884854361,4.919830375990739
AUBF1WVKUKBKC,25,4.662653451762184,4.692625342884465
AUCHCZI87D8ZH,20,4.9123520988666325,4.914665249106881
AUCISQA1YXX86,47,2.4935925470567093,2.8325620303065615
AUDIJM3VUULS7,23,3.216531771101071,3.5266330296713613
AUDKWO6JQLIBJ,20,3.9699327110746623,4.093538526224713
AUDL258CYYJTO,24,4.9702025536615695,4.970259863158431
AUDNNSTI2IB5J,27,4.929384932413965,4.933903104163889
AUDQVSWXHR0TJ,28,4.316538527497407,4.3535864469528995
AUDSM2CTLLW1Q,54,3.7273722287388047,3.8906515238916066
AUDT5438BKBB4,31,4.454440016240098,4.517642786107547
AUDXDMFM49NGY,52,4.696172616639476,4.732608300639153
AUEHG0DB54B7K,65,4.184834812370919,4.257865034227783
AUFFI151JVH33,22,4.841773913992841,4.853808909330113
AUFOVTSV3PQRI,38,4.400047454938971,4.474534993453632
AUG3M45LQXEXZ,17,4.988903769315077,4.988932715413433
AUGABW5AS2OXM,81,4.591640426537844,4.605087773555577
AUGCVUFDZWT5H,18,3.473444940933084,3.9866393083650857
AUGT1TMTG6DGY,22,2.999658111553116,3.1740009918482732
AUHG8KSHI529U,140,3.757607316206857,3.859608043445828
AUHU3TSITEO89,19,4.1093159240445125,4.223091583972775
AUHZE4JS1N85Q,20,3.9780784618470895,4.002540754454598
AUID6PYS1RSXH,23,3.6975173995210735,3.7300413140340054
AUJWYS83B516A,22,3.240193918039832,3.6047345067415026
AUK79PXTAOJP9,53,4.285984970593882,4.37019891691983
AUKUMMF49WOT4,25,4.818858790386103,4.823497653438346
AUM3YMZ0YRJE0,330,3.2881086212483144,3.474345164731996
AUM9GADLET2KT,20,3.915851647202138,4.116598962697081
AUN3NJUBVU6FK,24,4.6086416107636285,4.6577526789634005
AUNS4XB3O2U3G,27,3.861648274231909,4.035700786302159
AUOFDVOZV0JKA,43,4.400037597306848,4.537928741195718
AUPCERMZ6ASML,33,4.850800620929301,4.862769009205564
AUPGZM45MUVG1,15,4.27069442007186,4.308145033599839
AUPINQG7XI5G,32,4.498993964930609,4.529031416850407
AUPNJTQRXTV64,32,4.694754091693666,4.764933350498012
AUPY9X6KN5MWO,34,4.376656863353574,4.426673477489001
AUQZOGI9U3Q39,20,4.014767225126624,4.122106775878161
AURZ4YQ270W3T,35,3.288605381194754,3.466346601513699
AUS2EQT4NU3BF,30,3.9376000319763755,4.111516882869249
AUSATFDSU2INS,32,3.9105400223485605,3.9816423654180855
AUSLDE6RFBM2O,93,4.660371700101341,4.726903324463778
AUSZNRZ3DVX1Q,24,4.03536950017465,4.118323189433499
AUT50T5WRQ07E,24,4.457779785226034,4.5771908300753585
AUT5OQ94NP5F1,17,4.972780877497208,4.972839649140712
AUTBHG6070SL4,394,3.1011821398083135,3.2745394919002035
AUTT87XWQIWSU,22,4.734031685425861,4.778925392759692
AUTUYKL8525WP,125,3.9018185379756587,3.993925032208095
AUUH6Z8MSGGF,114,3.5009696495152127,3.7292459276357977
AUV0BR1PZ7F42,20,4.430698944605794,4.5015943545320605
AUV0EFKWA46TX,19,3.9144034740723463,4.055105326574673
AUVMKKI9NZHPS,35,4.1844623754392405,4.223422337682103
AUW3MQW07NB2B,21,4.890447684118551,4.908729778062935
AUWI7L2L37WQ5,21,4.474280100918271,4.56872978666575
AUWR7AJ8R2BAA,21,3.279107594670222,3.4733893613833646
AUWUHBDBD7B6D,176,2.931529106429731,3.3618826580894683
AUX3C65GIYY1P,22,4.996126918453227,4.9961282659977595
AUX3T7EQ5K9LO,21,3.8747353981093475,4.030815402382046
AUXUABCSVKL4E,48,4.568085503839562,4.610475326338524
AUYOSNKVHJAD6,24,4.184705770098184,4.286448564625708
AUYUR3F65SDOE,18,3.0818831005248724,3.259530297313267
AUYZK6TK43PJU,28,4.79249104495963,4.797192410947647
AUZORX1PM8TRU,23,4.956078564761901,4.956279552095073
AUZVIRAWZYKXN,30,4.256192043690281,4.296235899060512
AV0BQJ80TM1R1,33,3.74561308598476,4.09691303873056
AV0K5U21ZWOK7,89,3.2419443859544272,3.493369741415951
AV0OBG2SS1I1R,23,4.053264137205603,4.245340380345997
AV1EKDVLTRMIB,19,4.139573385555535,4.328414351748527
AV1KYJXHOWPMD,59,3.019791774435353,3.4931688988367626
AV1Y0ADD9CSXJ,24,4.35463193850516,4.43827562414532
AV24Y4VN0PEJH,25,4.4215848295170765,4.459544608417718
AV2D77Q9XKE0H,18,3.928369250012357,4.206247449458023
AV2ZCMQ3NPMHW,38,4.4735842653039,4.542356766526693
AV30RYVPJJJ34,21,4.161234768560716,4.445365319726791
AV3AUFSA1DXVZ,18,4.2551964104574145,4.38180530639721
AV3B8A3F5TQKC,18,3.917201336721807,4.233910472569699
AV3JZAYAP7GHC,24,3.4727879795518404,3.716096900548752
AV3PA7P5P3G4Q,46,3.7855365865552355,3.9233701927919653
AV5G37VFE5NVD,96,3.814078316720479,3.9156744942103967
AV5H2I9CHN8YI,72,3.2867805588183203,3.461139756858139
AV5MD2F1149RY,23,4.932733998593778,4.936895078763348
AV657BUYHHXZ2,21,3.7058431177435667,4.0510659568684275
AV663ODS3GJQV,23,4.086186167520628,4.1629824459414495
AV6QDP8Q0ONK4,860,2.282976205046427,2.5615618177568664
AV7N25NP7R935,19,4.295363558183286,4.3571366033761
AV8OL8TBMFD6Y,40,3.993150530745818,4.05945882048127
AV8VOEYXP9G8U,18,4.887691325674688,4.892805950287244
AVA0NWF6R3C8Y,35,3.800051462427723,3.952137694574744
AVA5K8SRYJKG0,18,3.980257998417651,4.192749772080937
AVADBZV4XCIMI,24,4.326817486712133,4.39540494268169
AVAI9G8NXYHBX,37,4.897752675805464,4.92164832434486
AVAYPIMDXYNRF,26,1.8581036584893789,1.993652950567918
AVB7IN1VP08RE,19,3.5127346675201667,3.75085402652736
AVBCVNBH2IULQ,39,3.4147016599656514,3.5161821775432154
AVBW3EOJ1KFMV,27,4.575690081195695,4.632956451135202
AVC8ZAFPYOHZL,34,4.150025940279019,4.255081736896736
AVC9WAW1GYV4Z,25,4.909192837139142,4.9166258243459575
AVCDIBN06A2RG,29,3.8701393340067174,4.144638179796163
AVCIAWHTON93E,30,4.603847203314192,4.669955465261361
AVCRD98TH48RN,108,3.365089564248328,3.529749730493033
AVCYSGGW13MWU,23,3.9265692256279463,4.008903538605417
AVD0FQGZ6C0YX,19,3.8220272065305547,3.9727758961413855
AVD1Z1FQ8O9G3,19,4.9062446077826625,4.911217698937943
AVDZ1607W1AYN,15,4.945478991528399,4.946201943336162
AVECJZDR0LYZN,24,4.89366084835084,4.910431980246298
AVF60NZ99H9D5,55,3.429458385139408,3.72795032783349
AVFG5LVO31P6L,27,4.5242477936177625,4.575694590679257
AVGGEAI1YGSAP,25,3.788627961100117,3.8947974114553046
AVHCWL9AHLEL9,22,3.294731824335372,3.4617462199081137
AVHU0E5PNQL0A,21,4.446104608938929,4.502301019273628
AVHV2705NHHWU,31,4.713501926234459,4.719352240151997
AVJ574KTHJXHI,28,4.802734393315093,4.809273515004193
AVJCSUZYIRR53,27,4.929866029414608,4.933649478191121
AVK8EK50NY2O7,26,4.167506572801083,4.288477261846534
AVKFW09X08QYZ,31,3.7598969509240496,3.8514928083184388
AVKGA5CJYUVSN,22,4.000428372306023,4.170490265553761
AVKHYC2D7MD56,51,4.27374819816141,4.373783740293841
AVKMODSZ3B3NX,22,3.4243955946206244,3.699554078112083
AVKNUQRS9D04M,19,3.961867871006137,4.107371716859685
AVM031MCTM4PX,22,4.913646453673962,4.918770173544334
AVM0FXTMG07IX,23,1.9665083899731344,2.361305995293726
AVMAHVWDGNOKK,31,4.465719962365561,4.551680606786654
AVMCZ9X7WE7BB,51,4.014966376740931,4.179049714847974
AVMJOWP2ZPD2E,18,3.671066110753127,4.048323787098963
AVMW1TXIYKU7F,18,3.483760297972166,3.6521552466775837
AVNFGFRFPAFK4,20,2.6731401298735387,2.992610575848872
AVNVBCEAEW0YT,46,2.1835115637104416,2.744294678008581
AVNVBVSY6DLJ1,18,3.98243161401785,4.223876142137447
AVO3ECDK1BHB1,24,4.230525916278461,4.309922409633143
AVOCNUFOXUCA6,87,3.1156773487852365,3.410403287399322
AVOHJSSA6B4AF,20,4.719683902566812,4.745546506502067
AVOU47WABQ6D3,20,3.5541676375462523,3.692997566799791
AVOXEIVB871LV,18,4.722035308843803,4.733195241003813
AVOYFP00SUIRQ,42,4.701701962483024,4.729189064477294
AVP1NL6GYMVR,18,3.3477382896542114,3.570364501323329
AVP1P8YEYW3CP,36,4.939654832155105,4.942453411110319
AVPH7U905TW2E,93,4.709931878620844,4.723383883910752
AVQ4CY0QZDVBR,22,3.786438329739676,3.8863377546985403
AVQ9T0BC4PCVS,21,4.518329837066687,4.608403587645357
AVQJD41PLPOOQ,33,3.909514217023805,4.033709322032942
AVQMDOXKQ4LSN,21,4.122679815006946,4.233798490999916
AVQPQIGOV1JD6,21,3.343801127022588,3.6446791822356865
AVR7IAWO7Z0VQ,23,4.69600116930928,4.7184922043872985
AVRONIYLZDKYN,33,4.001022748086739,4.075993247788186
AVSDWNXOLDI6J,20,3.6919728426422553,4.048080930843416
AVT9Q9PTUCDMR,149,3.1600627015154306,3.461891664011154
AVTH8P64PWU6T,23,4.460953070186706,4.583148932647972
AVTLF1QPVZO5K,47,4.016274616588,4.101432516623031
AVTUGMFJMPVTC,23,2.9822251545208425,3.044067385376817
AVTVARULU85KO,35,4.841552304122222,4.888014635005827
AVU3JRLDRUCS9,25,3.4802911620082453,3.5878000265430856
AVUGVOCYKH5PE,41,4.5588126137976275,4.626815214294992
AVULJ4WEAVROV,24,4.477124201257123,4.501430650734538
AVUXTPCBTK3IH,18,3.252834727731129,3.5346099727620213
AVUZRNQBB3S6G,32,3.373175117313865,3.5105486261443617
AVV5JGLBZERCM,20,3.816200513161211,3.9508951527591787
AVV6LQY8P4WWN,24,2.603318155674112,2.8898874051803793
AVVI70KEBG0GH,21,4.785635356815771,4.807780137372669
AVVR73SHTGF2O,26,3.6454869143340427,3.898133176102487
AVWL0QJC0HMTW,20,4.804854413465106,4.817462886484271
AVWMM4EQCZFRE,40,4.370717048930213,4.459248118818461
AVWU1O6TH3SXG,72,3.2088420789658656,3.4999664492998983
AVWUGXU3YUGY7,30,3.117154585779558,3.44267079325222
AVWWFK3FZDEL2,28,4.694775276435623,4.746323725072804
AVX30YHHRC3UC,58,3.475515581672534,3.726699012905073
AVY1QCZJ77NN8,21,4.3373208653429245,4.4700312899815895
AVZ42L4XJPFU6,33,4.884698286247401,4.886168702805274
AVZF4LV5V673T,20,2.3989386889889035,2.9124445946171194
AW003H7Z3OCHA,74,4.43787493975504,4.46129246351669
AW1493ZQTQ2ET,86,3.769257465947935,3.9271974739194957
AW1AELBVKBFTD,39,4.619064218803338,4.685881521172029
AW1Q0ZMGD7MB1,31,3.331851735349198,3.4866945397436058
AW21KFZWBGEXS,33,4.5571638515201,4.61263705379236
AW2ELB1KR9NRW,37,4.81850559785799,4.843748110047379
AW2NFHGN1ZVDN,20,4.342401243294661,4.491329672008072
AW36Z9MO0US2B,22,4.18875829157553,4.459594043666741
AW3FTPCBPVQNB,40,4.14298617196142,4.2346402065378115
AW3H09TT8YDQG,18,2.630707149712287,2.8697949786048365
AW3LX47IHPFRL,35,2.6099038859656027,2.8778455455001226
AW3Q3HX6ZHUNY,21,3.4267767819213035,3.5148458749209555
AW3VZ5O895LRK,378,3.979405072740255,4.070911506932889
AW49JMBA62NY6,41,3.6512875570608485,3.7784884910649255
AW4AW2PAXPSJC,37,4.0460431395032534,4.297274730611687
AW4EHPFTNGSM8,37,4.049678859686524,4.121184848936768
AW4GZC67BC8A,50,4.706570822198326,4.7181460859466755
AW4MT9WP95TVD,144,3.1887053858683085,3.405817926247068
AW4P4DDM25UCK,16,4.465797207854674,4.588881694548194
AW4S0OXBHOXZC,23,4.495454716369136,4.555000436585447
AW53QFIBH472H,25,3.5977831486488427,3.732632947429393
AW54VHNI1HKSY,19,4.51588923247313,4.635156778148508
AW5CPISAABDYE,22,2.5615248231201324,2.9109223112084677
AW5EOGQMIVUDF,20,3.2492473588711164,3.4203149972106117
AW5NMNDSD6FYG,47,3.4885832762862155,3.7534614069346803
AW7BIYHXUIZ62,17,4.482527134380107,4.593058488613228
AW7BNVEOPWTGF,17,4.927618847184972,4.933161147747473
AW7CV7F94ULDU,24,4.303155634092338,4.365876679820118
AW7PH7KIGCD8J,19,3.9232808551059937,4.187431355735954
AW7WA6ZNGWZL1,18,3.6583131868017897,3.7842318772713486
AW8G5VS3T7IB3,69,3.5479297552176066,3.693489415561898
AW8NGT6RJGHOZ,19,4.111035815956352,4.192102774532384
AW8YLK6QPRMF6,17,3.905382830906681,3.957115460579283
AW92F621BYYVN,16,3.8256231001370344,3.96096675856611
AW99SBGWEXP0J,138,2.7901145957167497,2.91562769310894
AW9PPRTP1IPSM,18,4.832901335827897,4.839132525425028
AWA0CA9AYL5YQ,25,3.2209857970620885,3.3497631351479535
AWAXS66YMHMNW,34,3.9586202981601235,4.066814546004248
AWAZ7J9JXGBR0,28,4.702175016081921,4.727146056684171
AWB68HSAHF4V9,21,3.43853419320211,3.580779013678736
AWBH12BXHPBZ7,43,4.178076799840349,4.324328060663312
AWC3OUU2ORIAH,23,4.973820655481301,4.973838993062663
AWC712I67S6LI,14,4.910394136947765,4.9108956791765825
AWCDE8JCT88QI,18,4.997982089115661,4.997982431043099
AWCGQRPV82JZF,29,3.1804776841000297,3.2996411260493397
AWCODMEOA89YZ,17,4.099004920036072,4.266766566864619
AWCXQ5BHCIUYN,17,4.675045578905339,4.694825608236779
AWD6SR6I52C5C,142,4.68861904185974,4.707776537798087
AWDDQ1F3671ZU,17,3.514031159078403,3.838066805234601
AWE89FGIPT3U6,29,4.40669524241715,4.50648315943909
AWEG9TTPIRTT4,18,2.758910930781713,3.264888074739832
AWELOK12WHKT,22,3.862111194603517,3.9521597142303597
AWELRM2HGJGZL,24,4.662295865329615,4.756502475342288
AWEONO2I206J,17,3.727238761397336,4.003479828705735
AWEOR1WZSMBEZ,61,3.676327112465987,3.7768573230483744
AWF2S3UNW9UA0,78,4.508019052017898,4.572825425617108
AWFDFLR1DA23A,24,4.310979476205863,4.36267500930846
AWFGKQT1NVZHF,21,4.63514974136667,4.727630344740918
AWFXNUX4HF375,31,3.994462846045018,4.022406056083577
AWG1LIHKVGMN4,128,4.400780925689778,4.48962894300181
AWG2O9C42XW5G,906,2.53225149188923,2.78142996994033
AWGDPLHGKNJCY,25,4.67279534592373,4.711073807587904
AWH5ZZ8UXY1QJ,22,2.113261009231022,2.4791268106948374
AWHAWL374VB5P,19,4.2842685132807805,4.366025812566426
AWHDIU2NK5OHT,25,4.58752298084686,4.647571109389394
AWHP142GQ1GWP,19,4.801574504021594,4.805286903179913
AWI1H64QAV6RC,20,3.8087349293519743,4.024791396478204
AWIELVHK8H0AN,27,4.479387696206544,4.496372525534438
AWIWOA1ZG2141,29,4.622091456234617,4.694623869701171
AWJKHJNY4AW13,29,4.315069711039532,4.3812351468335455
AWJOVW1BZZ34H,18,2.771006539896742,2.9469751936713435
AWKHZU94UWED7,20,3.8651453744293987,4.160745758384646
AWKRTLXGSNRES,54,2.498580608633875,2.880641364803823
AWKUQGPXB6DU1,20,3.9517263109065355,3.97962484404244
AWL114AQ4UN1F,43,3.8040508396239527,3.945619848616037
AWLG6Y5O04KZK,18,3.821017500900277,4.10581947161388
AWLRWN4N8NPAB,24,4.717795790385184,4.731051016046729
AWMRV0HXL6QWT,21,4.854344177091269,4.8962213480068915
AWMSWVK9TTVIH,21,3.0445240479010303,3.4496611070736383
AWMUGLMTV1JBL,40,4.284303666262743,4.334774557222613
AWNW42SBS1DJJ,29,3.780377931256865,3.996784261020248
AWOY8WPL84PIB,20,4.429048662241871,4.6206513223941945
AWP374BL7EGZL,23,4.557865889235084,4.707025305549115
AWPODHOB4GFWL,61,4.128722971230316,4.228690297161553
AWPT31A3YL590,21,4.603251534629828,4.628639047979706
AWPXTMYGKYM2W,30,3.1194589909390515,3.4845905604573555
AWRGM17GTMND8,35,3.808937434573588,3.9343140697542642
AWSYTZ2I2MW0V,50,4.082636870996265,4.205531914367259
AWTQ63F05WTSR,25,3.40910472757008,3.5957896181553557
AWTRJRGVV9QK,27,4.44626687817496,4.5599964052364035
AWU110TP1HTPF,20,3.9558906382647145,4.220340464487578
AWU6S35EXAWWC,59,4.129557384718007,4.296681971739003
AWUUMER0F3WF4,85,4.512443037046664,4.54689052399866
AWUVD5BZFVBFO,31,3.4875103195680306,3.6657544859085123
AWV17360QOG47,28,3.7521180410901858,3.884935530571014
AWVFU6NCFSRV4,46,3.866140682952494,4.008805073602199
AWVXQ653QRE26,20,4.519209533564341,4.675969120311943
AWWTBOXKPLNSM,20,3.9356482868636276,4.042450889972559
AWX8TIXJV5T2G,14,4.935011999325107,4.93537017816812
AWXA7S43T3G60,25,3.8061965245806575,4.106953926726764
AWXM0FB209SBW,20,4.5471457444943955,4.638731460256578
AWY8SGPOU9F6M,25,4.574558859103524,4.596723512452732
AWYE20HZJE2O8,23,3.7708795476886476,4.00500610475218
AWYITJ9IUMYKH,47,4.4358479296509215,4.471614638009014
AWYSXQ7ILD99V,20,4.445757933777884,4.517862441072477
AWZ993BPH8BOI,44,4.732086721936693,4.771450634656236
AWZI6GYNMLV3Q,21,3.8196388685107046,3.8970951043768727
AX0DIZ1KPG57J,31,4.454504914033144,4.532519493831654
AX0SLCUO9TGUP,25,4.4485309754239095,4.503060347507885
AX0XUNPH0ANTR,20,4.087454115185066,4.2540703110769185
AX19A39YU2Y71,18,4.034004903717907,4.136209197428796
AX1FPJM2BNZ0D,22,4.7840369544825885,4.823330876720373
AX2FQXYKBGTUB,25,4.276797636386193,4.355596016918474
AX2QKKU8IAL94,53,4.029129180127272,4.317657250389094
AX2SYEP3NT2RZ,55,4.490587001763829,4.6068363998231465
AX312A558N5YL,27,4.59753280554418,4.669880127212526
AX3JXSRYITI5J,28,3.482918923225376,3.6248221127108295
AX3KM1LNWP5GD,24,3.156677312127932,3.2564046466695586
AX3WJZLFQQRCT,23,3.17577994427052,3.5888469326578276
AX3Z95IPNLK0S,28,4.457342203434449,4.54129857632644
AX43BVHCTW2WQ,35,2.9623321207247804,3.084676149331084
AX4C8HLZ1K4FV,51,4.768526723759623,4.775822692963512
AX55JETP9RFX7,25,4.037771574876758,4.09907079102056
AX5ZFU92MGAZB,22,3.859999858174615,3.951004602368172
AX6MGQNIXK2VH,38,4.805263068349358,4.854510622674979
AX6YZZ47ZWUPW,43,4.759645250600888,4.770644704668957
AX7N9951T0ECS,33,3.442086363957643,3.6318243093383273
AX81Z5HBQUKD5,22,3.800634423837772,3.8425050213147314
AX8SWWB9837TA,21,4.0400141081054946,4.157652287462777
AX8X4TQGTOQ5O,21,4.583465055630531,4.640642585354604
AX95N9XSTMNHR,29,2.9944131882223544,3.2577559901911197
AX9C10JD538D9,24,3.529709772324898,3.622525481372418
AX9HWSU7662AX,41,3.8860792455753828,3.9801696299461238
AX9J0U8J6XTCY,47,3.970195640688206,4.031645720553622
AX9ZQBXF58C5R,20,4.917304890419464,4.917755701993506
AXA4KBW67OD6Y,94,3.482263302561259,3.6058623637784173
AXA7OH47LBXZ7,21,3.43504430681738,3.7614010623687575
AXAPUWQ88CFAA,29,4.769441680580674,4.784234047172787
AXB0RN8G9S2ZY,19,3.611995994110137,3.752127274979008
AXBA4QLWHQYKN,22,3.307967442825446,3.4181522205587003
AXBJT4CF0E8JU,15,4.241412775708356,4.3687694934860755
AXC5Y94IXBSRK,18,4.438122159781725,4.505509274162679
AXC7KN3POQCMG,22,4.963726372079664,4.9639716099568325
AXD0K2A3A2L58,31,4.126924532409816,4.252857092303828
AXDNQ878XL83L,28,3.6232640371962894,3.690635792094999
AXDP348Q2YC7B,35,3.132708211404257,3.3585900215431437
AXE6BZDFD9BIW,17,4.409533830768232,4.546007077556839
AXEQBNISV9JMM,20,4.014301962509731,4.167741365540394
AXFI7TAWD6H6X,68,3.8683982932271657,4.008401725340196
AXFNC11IE5NYW,18,4.557891743774274,4.6080435861959295
AXGBLDWTQMT28,31,4.863584689133264,4.866095211371395
AXGHCDIU3W0ZS,30,4.377411813620892,4.477910374095897
AXGISR4AFIQT7,19,3.4132604195498986,3.626939542162747
AXHK2FFT3OKZV,37,3.6574430479573024,3.9560182638970214
AXHMUN6GC0WEH,24,3.8381972099795014,4.019354059731684
AXIYAEV0TEFFA,19,3.8782862388175032,4.046320093949238
AXJ9WBBUE1AKN,20,4.458680411849,4.5158684160429114
AXJFIGX9XITY8,19,4.171132008910463,4.410450733069331
AXJTNYD3UK1BP,20,3.8460835993193037,3.9904976272791157
AXKBCGFND9422,26,4.860288529263353,4.865257619573798
AXKFTO689MLCB,21,4.301331633778632,4.442073778094404
AXKLJRDTPJCA7,20,3.605808494302083,3.913397717543174
AXKTWGTCBQDD9,23,4.478574746247447,4.524355450241903
AXL7BHUXQCUJ2,37,4.890371461800327,4.90096696981168
AXLDHLL8JPKS0,20,4.326603043232226,4.553954687262187
AXLL73XT2RMQR,34,4.678191624258491,4.699740560312763
AXLW246TETRY1,20,3.349357045372769,3.6230501848011065
AXN6E3BQA38FK,27,3.941656473123192,4.068491981251299
AXO4PQU0XG3TG,106,3.515396406510509,3.690252892337836
AXOGN8WMCV9GM,22,3.9644387580637575,4.174992773393794
AXOHWCOAKOW0U,24,4.597483743918496,4.67149691878717
AXOIYNI70LPN1,23,4.773288716084818,4.842253998176546
AXOO7BPM22BDO,22,3.3517928338073357,3.4806061534907355
AXOS8IWBXNZGT,33,4.053321966217305,4.142505516629607
AXOX48S8K994V,43,4.646211322382252,4.675190606047884
AXOXTCF82SHGW,18,3.317757095234201,3.4491247033901886
AXOZ5BWOEDL76,241,4.272711522905942,4.336828621386951
AXP8IYJTW5BDP,37,3.9190594693217564,4.090683867474549
AXP8P8OAD5NXA,28,4.884365261528303,4.885363814358435
AXP8ULN4FULTS,72,4.67042928231122,4.686280984208981
AXPAIEE0732A9,65,3.594105139434176,3.7200980212542754
AXPFGW8TWWLFX,20,3.1274050344236786,3.2576106259370268
AXPN8L8QI2Z4A,37,3.891996403044624,4.103116398130587
AXQ0OUKMBNBGO,27,4.527414950099548,4.567958958067401
AXQ8T2D9IT6UG,52,4.101446000833596,4.174986071771121
AXQLPJ00PEFTX,36,4.506822715667982,4.536700189726879
AXQTHJOJ33DNA,18,3.0024444127329186,3.3677100986058415
AXQXSKB50N0RJ,23,4.421132086842932,4.497245060233873
AXRGYVS0G2IB6,20,4.323233218281751,4.35883344885087
AXSH6O4OP5L4M,49,4.276027280284279,4.3437749448483425
AXT78KOYTYTGA,23,4.873681612801422,4.875252318312398
AXU5QTMVWFQK2,45,4.9481359473428865,4.948445509889041
AXU8RH1DEV21H,22,4.63377718113552,4.674616708395954
AXUTR60EFQQG2,20,4.8892441585947655,4.8983670758879425
AXV8KF153WCCF,32,4.688081109905207,4.706692067139256
AXV9GS0TMSVW,47,3.911240370869091,4.025004977901216
AXVIRD5FGUGVD,49,4.430195005628899,4.560254383278793
AXVKMYWNIHK7W,19,4.401209218041397,4.544922536657093
AXVLQKW9RVK9Q,22,4.540410340839019,4.5621879267561125
AXVQZS6NH63TA,19,4.1226529427452805,4.211603491467272
AXW6VKS3TSNZ3,44,3.7315388564988994,3.7920775741852313
AXWCDLKWEGLPE,19,4.797729670633442,4.812668079395892
AXWFMBNEPEDR5,29,4.0895005358566445,4.297415099794426
AXWZG069JC0JH,25,3.4451287356059686,3.641994332580206
AXY5RZY2TZBTM,34,4.436809275299783,4.514971788506667
AXYE77QP5MMFM,21,3.839530510226989,3.8992206175923165
AXYEW4EJR2BIA,92,3.8737091650292497,3.9869439479824855
AXYGT3CBHC1WA,23,4.035025564711285,4.186609564247821
AXYZ1BOCO7UXE,24,4.540893539474974,4.619155021743499
AXZG4SKQQYF2D,16,4.674560134850479,4.725254238096011
AXZGH2XP4CPCS,38,4.107768587284224,4.280811933241189
AY01LZPPQ1JTQ,58,4.814377061461833,4.816993637480499
AY0EWXAL3W5AG,26,4.131881552690495,4.167773456425095
AY0GCKR70J9F5,19,3.5580155266241493,3.7195607509001043
AY12DBB0U420B,135,3.866416528328038,3.982869502079583
AY18MTRVK3F5Z,68,4.4281445509630935,4.525249988311736
AY1PBW0ZWIE6V,19,4.142841762993231,4.259583347920768
AY24PALJV97FG,29,3.9639841398190403,4.064934559546593
AY261K5OTG0XM,16,3.0231492027032947,3.231226650558605
AY2UIGHCB4VPB,31,4.930092567156183,4.930815947234269
AY39CRKDV5L8S,24,4.479816262038727,4.550570461784194
AY3AVLL5IWW9,34,4.333622522277128,4.43994958420402
AY3EENC2BGTGK,54,4.311035708068875,4.364364744133292
AY3QHEQWZSLWA,20,2.429480569525948,2.7011938926564687
AY3QKK2Q72O86,52,4.5704617285486755,4.598880064569637
AY43C57I0BGAJ,21,4.852135004825503,4.874546241683314
AY46DEOJJYFTW,28,4.537840289271015,4.588203936171129
AY5AN4DHM6ME7,23,4.668355075444268,4.715590282587865
AY5JHX4T201VK,22,3.830162084337664,3.94184802055677
AY69ZK7G6CNYJ,166,4.577873157355102,4.606530285116362
AY6A8KPYCE6B0,26,4.395091137429606,4.463177816832882
AY6ESWHEX3NO6,19,4.862958039860356,4.864660225496499
AY6OR58T6HZCF,21,4.989996831782979,4.990005423847805
AY76QOIH330M6,32,3.0535907892089993,3.293572949800619
AY79RIJD1BKYH,23,4.783537026350499,4.810355514248989
AY7BZ6SDZB2PF,22,4.190623004181024,4.355105664089408
AY7H5V1GQT51F,22,3.462126054246301,3.753102928299982
AY7L5XGIGSLTD,31,3.5139924056181355,3.6743111518464007
AY7NI66HIU8C,27,3.568125276805099,3.7071521380506294
AY8FI73B2HWXB,70,3.6843914561561517,3.826304365390045
AY92D346R4880,28,2.1388846798469445,2.5939518321395383
AY9FJ60LPR7T2,26,4.606655018182159,4.665100267454002
AYB0IXBPBJ20A,151,2.5578190020752056,2.75924409489745
AYB3CG5IVMTSN,24,4.130840213659794,4.208827895293001
AYBL30P5NXNZ4,131,3.2680274034746333,3.396819935177329
AYBSZT99C59U4,16,4.290613812639085,4.427530838721305
AYBTGD7ZOU1ZJ,35,4.01934172836998,4.087439715568128
AYBU8FZNQLUUS,18,4.936986442217504,4.942240945320703
AYC3Y4QX7GATV,21,4.513565313949409,4.588798488812916
AYCNRNYCLXFIF,19,4.389701010514052,4.476957900918162
AYCPRBJ822RWT,25,4.323252131459858,4.572019975399264
AYCUP4X1531OP,18,3.047649369353015,3.3502821510355303
AYD66PXUK9O12,19,4.2806620827793775,4.339657231848786
AYDQUY8JFQVJT,30,4.142125366459559,4.347577007356608
AYDY5HOK5DUF2,57,2.8481710189771015,3.224722133996986
AYE2TEZ78R6G0,19,3.6042308900874427,3.809105704032564
AYE7362EA6DDV,17,4.966320430596748,4.966376319207848
AYEJISRXZY5G7,19,4.713449467001136,4.740756084766747
AYF76HQ10BL2J,22,4.169449834261594,4.291118242015467
AYF7ARTBMAJTV,22,4.0677423465456455,4.2506216117632585
AYFYP9PBOCMRE,19,4.034066294569549,4.101460438804331
AYG1U47VFZ165,25,4.21949449037609,4.323499115425663
AYGEKID3G7DPW,46,3.935259188778428,4.07008590010133
AYGI3FN2M078F,19,4.797276159492071,4.8054031828044215
AYHBWSCSIA8MM,21,4.695853520019013,4.724982570582573
AYIKMX6IBTS11,20,4.682508921282131,4.694370527013519
AYIS4MRCEDKXR,22,4.32889016279052,4.357025161419616
AYIZFDBCJWCX8,20,3.2853928570981394,3.454803146028091
AYL8R1RHDYC7B,18,4.990083090953862,4.990093795284733
AYLKR27PX1OGR,17,1.5736903297646276,1.9762749090646847
AYLPDW7CWJZKJ,17,3.7265193580304783,4.022478725568487
AYLRNUEHAWZTI,18,4.099073301995183,4.282414596970568
AYMM2KV2UJDZ,24,3.486719179756339,3.8349087306148526
AYMPVLWFKTAYE,30,3.422700430088423,3.5806120340130856
AYMVQD757T4ZS,32,2.1813198021282347,2.698537848027157
AYMZTWBG0V53W,100,3.352409873404866,3.558306861931651
AYNB8F1JZGXT,19,3.7713406963704346,4.116690649155362
AYNR7C32D0WQU,17,4.931867721147434,4.937456254138018
AYOZ6YGAB2B89,22,4.022646285033585,4.227124117235708
AYP5082JDMAHL,26,4.658090079366811,4.704790688531733
AYP6URT3F96C0,21,4.321024137077377,4.4128802897115245
AYPA5IWPKW0OL,18,1.853297521283328,2.490283117972928
AYPCGRSNA2IL,40,4.382359741004042,4.512927967392331
AYPCUQS6ARWFH,75,3.7286801361916857,3.9742096645548037
AYPQV9L9TM8X7,48,4.522850474244045,4.6475537720787194
AYPS4RCXEFSJP,30,3.7720730063665906,3.8622627677316688
AYPTQGZN2V9BF,29,4.381583655740732,4.474825100078934
AYQ8RLE0K6RU8,19,4.813482481549886,4.837425401935375
AYQE7GG145J0,45,2.570617617408134,2.739359502254056
AYQF4Z1EQDACU,62,3.780113367715728,3.9643097565149947
AYQN1EPLKBA3F,49,4.543591145197504,4.609134093435042
AYQP8XMHTG2YR,30,4.086185457348276,4.143727138830542
AYQPFHN4F0HD1,57,3.157056795704951,3.2987772507770052
AYRFLAT8VF732,22,4.332386402729593,4.401203799215846
AYS2Z6SZJ0DUV,22,4.199277122211002,4.31716772218206
AYSIGFYKISNHB,21,3.447385847622171,3.7692318509062264
AYSK041A5VV89,19,2.1768472950171995,2.6838699438579905
AYSQN20NWFRQF,27,4.858745896642561,4.86561364487958
AYSU67DNAOY46,23,4.123151326319066,4.209881137265976
AYSWJDTKN5N9J,22,4.344535298195154,4.6125458835912685
AYTQKUIXUJMD1,21,4.1580156966373965,4.285078579750755
AYTRIH0C5TT24,61,4.513361855668049,4.537022710545642
AYTVY9HUAJLYK,31,4.279751257382045,4.361391640419538
AYTYFQWAHU4MJ,22,4.0656013623069756,4.196694685630879
AYU137F25RWZY,22,4.542795629067832,4.570446569662374
AYU9LBROYQBG6,22,4.715902381639452,4.753863485317584
AYUFQY3XG4ZBR,25,4.277103767480339,4.375565322452709
AYUSXNGOZZXOT,24,4.339520333788822,4.499994702470105
AYVFNOQHY8P3,17,4.419681013269749,4.5009667596327185
AYVQMWDUSGL2C,42,3.9595882430563756,4.172237153904074
AYVW3O6W8S5S4,29,3.8776131015740543,3.964591548215796
AYW6DSYOKEO75,20,4.583303145110749,4.677488075452412
AYW70505WXK5M,19,4.478371034393947,4.529975190702613
AYWAY5MKLAITN,61,3.7525276936975898,4.026415159742845
AYWIO6OYAGFGQ,29,4.265296298457477,4.370609896450405
AYWSFRCIMOAYE,273,2.075071486496685,2.465281435686063
AYXC0BI77LVIT,26,4.623329875835387,4.664094301637203
AYY56CYWR2VM7,36,3.127584311359665,3.3125169920062905
AYYBNZ6K9HZG4,21,3.3187893879072186,3.6487287531401438
AYZ141IJXKU9W,107,4.425331825546716,4.541406640304516
AYZLXLVMJGTJV,61,4.051349363305958,4.112253258170681
AYZV1PJP6NXPT,53,2.6750847915383016,2.9118875053872975
AZ0O8WAEV9J0,15,4.655832928922105,4.688851687268928
AZ0W8PY7LUSGK,38,4.508049440138856,4.520302556622357
AZ1H3VLCDR298,32,3.916288751973717,4.083210073130251
AZ1S8432KCTI7,54,3.376294720431642,3.77608511047494
AZ1UFPNARPZD2,21,3.6800547604570344,3.8349901180292103
AZ1X4ZTV25ML7,22,4.260540735959562,4.374049210836643
AZ2TKV3HNK3N4,27,3.7732625674114106,3.9206456677672388
AZ2VPPWBGMX7H,22,3.7014657239236444,4.020070941240464
AZ4GJKGPWF453,19,4.4654481786057145,4.598628017654294
AZ4XN7YQG8SK4,28,2.818304296509033,2.906548330425326
AZ505YQE7561U,19,3.1423034792505504,3.277476306371457
AZ5250G2U795I,36,3.7732149011032337,3.8728796429895525
AZ63RPBK0S2FA,54,3.093153318902992,3.393348211439422
AZ6TN55CWXZMW,45,3.6352740863786677,3.8821213461861515
AZ741XAKITJXJ,16,4.59638145638219,4.705741892658821
AZ75Q8MKZUM8H,21,4.173685230184257,4.249360386000973
AZ77K7BCBK8V,24,4.8356101215919285,4.847264324015618
AZ78HT7H9DVJG,57,3.5538048393593966,3.703789923998387
AZ7U75NH8QPK2,18,3.374228237287353,3.618389809395403
AZ8XSDMIX04VJ,22,4.865807401992142,4.872390724160231
AZ9JWGE1UGKZA,24,4.212152898520412,4.291288509841083
AZ9YUH6ESLKTX,17,4.8386099292825495,4.842324320257676
AZAC7B4HD5ZVC,17,4.269993900822976,4.336720712907346
AZAEJB1ECT9HC,81,3.8505311168691128,3.983270727253042
AZASZEMUT78G0,32,4.765144117707276,4.769568542442247
AZB4CQ9JZSUQB,33,4.823766623190008,4.874501795767811
AZC37M0IILBH7,29,4.901963575948174,4.903084337193255
AZC562U18BK2S,47,3.6663689282473224,3.7904605883616678
AZC6QCRFOP9HV,31,1.7487761463322928,1.9596258543053746
AZCOTN09OQM1A,32,3.1467301234914555,3.414509822074321
AZCPYFQYVP97G,18,2.0400266933430014,2.4630001019895524
AZDH08P9ZMWKJ,40,3.8172514389822103,4.040167961411114
AZDH83IHW1HES,37,3.607079735098022,3.8438846038169
AZDVOFC2MTIM5,55,4.3177537605278715,4.3569893412079574
AZE3JOLIEED6J,28,2.798732434983378,3.0834807437380154
AZE4HR7KPHEX8,31,4.758719516112603,4.795034445235688
AZF07A2K6VPAJ,24,3.3777347046468336,3.6552715263563407
AZG9GGSD9Q907,25,4.898670488357534,4.914105546857681
AZGFIBEPXL8VT,27,4.305335373726049,4.398693236428491
AZGQYWRTUQWLK,21,3.2231636150914897,3.3928318791072316
AZH806C9BISM6,23,4.9012703249880385,4.9058040122132205
AZH92VWE4WV66,26,3.8384452760062113,4.0265769636545725
AZI0O32W4ZYGH,39,3.225155158325795,3.550679038496917
AZIV57ZFSUYI6,18,4.908591016220734,4.909096580204933
AZIXJNEHP065V,22,3.804031772543883,4.031868643111067
AZIXUQRB6SNUD,26,4.88978535253931,4.8910468889673755
AZJB0HAT6GLHZ,15,4.35698853649038,4.487136157589541
AZJH5FFPYC55R,22,4.082031234182079,4.248014261073606
AZKTCMGSO8LPZ,36,4.666140573658433,4.687881885831162
AZKU30RDZZEZ8,15,3.8761786783581864,4.027216670090489
AZLM9MVDJ8XIG,23,4.114461314523698,4.200066468816259
AZM074VX53QDS,24,3.3603789572688822,3.554422756869067
AZM09YYMD4KEV,19,4.98682132785305,4.98685441197934
AZMP1U4ZYC3F9,16,4.993384507704674,4.993393334967781
AZN07C0N8AU7J,28,3.885311997984156,4.008211709163167
AZN1M6C87366Z,25,3.1578507250535264,3.2820120067983174
AZN5LL0U991B3,22,2.4666614981959216,2.6421445504028815
AZN8TE7O4FTSY,24,4.910910813796643,4.915003987510889
AZNH6NRP6PVYR,30,4.3828131442556435,4.457391748328697
AZOD2QP5YIIFM,22,4.207921469970345,4.313940855448447
AZOW89D0NXMUT,22,3.7723772002216496,4.015510039745683
AZPZROZJIKBE8,16,4.64047884314423,4.686651706493518
AZQ25JQXMT958,20,3.8744206854081265,4.000015788772
AZQ7O73EAS3VI,21,4.271263430077479,4.385254198901
AZQ8EITRKV9GS,103,3.612068293145264,3.895079708861569
AZQHRCOHTUMLF,18,4.612325891609153,4.658061789114765
AZRCYG7VJUGLY,20,3.940405920241824,4.216126588840742
AZS0ZRC1ZR4MX,19,3.6520489973508163,3.9031320465839623
AZSG8FKPD604D,25,4.404069033221738,4.497186599975407
AZSN1TO0JI87B,124,3.2710634413263997,3.4430520114454843
AZSZ1ZL2TV5TY,27,4.765466660403944,4.784446922743628
AZSZQXY81ZSM3,24,3.0987918291433805,3.475549977467958
AZT3AX3A4O809,19,4.040892425519257,4.297660177058679
AZT60HLHFL0V0,24,4.883336496132685,4.890934321623694
AZTLKBI7LH24N,25,3.555234765419269,3.6350478909059163
AZU0LWSMZTIIS,21,4.7952110180720435,4.821360270342241
AZU695Y7QP429,18,4.738233085677321,4.769074773909918
AZUWIYYD03AXB,18,4.920612638083184,4.92580204325497
AZV2U6GU5QA6C,39,4.361031556651025,4.432517136495676
AZV5NGPANACNI,18,3.75342231553576,3.834372452311584
AZV76KEKPRUJ1,18,4.187358427925269,4.245036862502011
AZVEPWRYOFBX5,30,3.142410542780038,3.2271583701123254
AZVI6UY9N33Q2,22,4.051244842411258,4.182575203969149
AZVRFM578CX6M,29,4.693050127984022,4.733699455367019
AZW4NF0C1TWYW,26,4.246003875537153,4.44339334385696
AZWIQDC9S1KEM,24,3.9842922577024633,4.052377207847174
AZWP97BZPJI1D,27,3.893764318943656,3.986126196373973
AZWQOKJLSRFTB,38,4.908566786950769,4.91381550561324
AZX54QF93D080,18,4.9498579598024115,4.950241687332044
AZXFS8GCTSQ5R,19,3.7580393608264075,3.9024633358651286
AZXGPM8EKSHE9,28,3.117643677615167,3.4398750676521046
AZXHK8IO25FL6,17,3.0928694011350357,3.4000435130962896
AZXP46IB63PU8,28,4.609994167785497,4.6556317012070645
AZXWUZ9PPSOTL,25,3.219053540871839,3.2853195116191296
AZY3B95680TUC,19,4.847352585717168,4.853876506357053
AZY6XD8GHT1F7,31,4.420627621405241,4.638134888496076
AZY96LU53VWGO,17,4.7687235381798345,4.820730112245323
AZYSLPX9HUWPW,21,4.975356341852565,4.975405226636222
AZZ4GD20C58ND,37,3.531268387247195,3.655056976687519
AZZFRAVW4CR5I,19,4.503085208873563,4.524741401518667
AZZJLO4BYM8WK,31,3.3350032366120383,3.635828951723564
